Model,RMSE,MAE,QLIKE,DirAcc,composite_score,final_rank
HAR_Baseline,0.059297333333333334,0.04009733333333334,-2.5070333333333332,49.15,3.266666666666667,1
GARCH,0.058306000000000004,0.039106,-2.3169333333333335,49.723333333333336,3.3833333333333333,2
HAR_Augmented,0.05928733333333333,0.04108733333333333,-2.3971,49.449999999999996,3.6666666666666665,3
XGBoost_Augmented,0.058396,0.040196,-2.106033333333333,49.123333333333335,4.1499999999999995,4
HARNet_Baseline,0.05932166666666667,0.04012166666666667,-2.0067666666666666,51.85333333333333,4.366666666666666,5
HARNet_Augmented,0.05830833333333333,0.04010833333333333,-1.9069333333333336,49.25666666666667,4.5,6
XGBoost_Baseline,0.060271333333333336,0.041071333333333335,-2.1973,50.839999999999996,4.666666666666667,7
