,SPY,QQQ,AAPL
SPY,1.0,0.9139953614645946,0.6596971642031905
QQQ,0.9139953614645946,1.0,0.7400434435988997
AAPL,0.6596971642031905,0.7400434435988997,1.0
