date,rv_5min,bv_5min,rk_5min,jump_var,jump_ratio,cont_var,rv_5min_ann,bv_5min_ann,rk_5min_ann
2015-01-05,3.3280433453678316e-23,3.6542222604284924e-23,2.3454595093822503e-23,0.0,0.0,3.6542222604284924e-23,8.386669230326936e-21,9.2086400962798e-21,5.9105579636432704e-21
2015-01-06,0.0012398748838604856,0.0012235678476738652,0.0008939162363273296,1.630703618662045e-05,0.013152162678458775,0.0012235678476738652,0.3124484707328424,0.308339097613814,0.22526689155448706
2015-01-07,0.0003370568883026161,0.00032968765511002753,0.0002878598433402863,7.369233192588574e-06,0.021863470014915898,0.00032968765511002753,0.08493833585225925,0.08308128908772694,0.07254068052175214
2015-01-08,0.0070236456691663285,0.0065450195075664385,0.007258869271456622,0.00047862616159988994,0.06814497542677939,0.0065450195075664385,1.7699587086299147,1.6493449159067426,1.8292350564070687
2015-01-09,6.023610303210731e-05,5.70269076465385e-05,6.5781534846448e-05,3.209195385568811e-06,0.053276941414707554,5.70269076465385e-05,0.015179497964091043,0.014370780726927702,0.016576946781304894
2015-01-12,0.0003140170437520845,0.0002676611132140283,0.00040673178119042,4.635593053805621e-05,0.14762233870028957,0.0002676611132140283,0.0791322950255253,0.06745060052993514,0.10249640885998584
2015-01-13,3.3572776946332636e-06,2.765526615568081e-06,4.710564852110222e-06,5.917510790651827e-07,0.17625914703212428,2.765526615568081e-06,0.0008460339790475824,0.0006969127071231564,0.001187062342731776
2015-01-14,8.450724189313541e-05,9.392659362373193e-05,0.00011454203938356019,0.0,0.0,9.392659362373193e-05,0.021295824957070126,0.023669501593180445,0.028864593924657168
2015-01-15,0.000457296910015834,0.00041808018775659926,0.00044494654192043034,3.9216722259234746e-05,0.08575768021725574,0.00041808018775659926,0.11523882132399017,0.10535620731466301,0.11212652856394845
2015-01-16,0.000133935686717382,0.0001222284961580465,0.00018270012261644382,1.1707190559335498e-05,0.08740904503390363,0.0001222284961580465,0.03375179305278026,0.03080158103182772,0.04604043089934384
2015-01-20,6.241458858848054e-05,6.58051546543587e-05,5.995633976881888e-05,0.0,0.0,6.58051546543587e-05,0.015728476324297098,0.016582898972898392,0.015108997621742358
2015-01-21,5.0375864845807136e-05,5.3494509952626526e-05,2.9786300413300826e-05,0.0,0.0,5.3494509952626526e-05,0.012694717941143399,0.013480616508061885,0.007506147704151808
2015-01-22,4.139913415489224e-05,4.224214562323148e-05,5.687378806032909e-05,0.0,0.0,4.224214562323148e-05,0.010432581807032845,0.010645020697054332,0.014332194591202932
2015-01-23,5.582743176008855e-05,5.687708947290626e-05,5.123106558953548e-05,0.0,0.0,5.687708947290626e-05,0.014068512803542314,0.014333026547172377,0.012910228528562941
2015-01-26,1.0562307963354884e-06,9.886061357977113e-07,9.42152640243061e-07,6.762466053777707e-08,0.06402445066735864,9.886061357977113e-07,0.00026617016067654307,0.0002491287462210233,0.00023742246534125136
2015-01-27,0.000708637843028195,0.0006982749811980249,0.0007221822440199445,1.0362861830170143e-05,0.014623635919954945,0.0006982749811980249,0.17857673644310515,0.17596529526190227,0.181989925493026
2015-01-28,7.279656055997886e-06,6.606093685560852e-06,9.669934267116114e-06,6.735623704370337e-07,0.09252666234902775,6.606093685560852e-06,0.0018344733261114671,0.0016647356087613346,0.0024368234353132606
2015-01-29,8.904719687921407e-05,7.837246162689329e-05,7.303627666986685e-05,1.0674735252320778e-05,0.11987727302548326,7.837246162689329e-05,0.022439893613561943,0.01974986032997711,0.018405141720806446
2015-01-30,0.01028483376064234,0.010933619001435616,0.014284732234864006,0.0,0.0,0.010933619001435616,2.5917781076818693,2.755271988361775,3.5997525231857295
2015-02-02,3.8521795226240434e-05,3.192933968024399e-05,3.0002397114949535e-05,6.592455545996447e-06,0.17113572553259526,3.192933968024399e-05,0.00970749239701259,0.008046193599421485,0.007560604072967283
2015-02-03,0.14977622061282703,0.13808519277007747,0.22152203116954397,0.011691027842749557,0.07805663539136108,0.13808519277007747,37.74360759443241,34.79746857805952,55.82355185472508
2015-02-04,1.0631823862546773e-06,1.0874607559664644e-06,1.2221730045241735e-06,0.0,0.0,1.0874607559664644e-06,0.0002679219613361787,0.00027404011050354905,0.00030798759714009173
2015-02-05,3.596384214729968e-05,3.558189021872132e-05,3.689573847988828e-05,3.819519285783575e-07,0.01062044250982771,3.558189021872132e-05,0.009062888221119518,0.008966636335117772,0.009297726096931847
2015-02-06,2.0156676889413513e-05,1.9229416523379784e-05,1.773480854675945e-05,9.272603660337289e-07,0.04600263848641126,1.9229416523379784e-05,0.005079482576132205,0.004845812963891706,0.004469171753783381
2015-02-09,0.04219461221395639,0.03608450128985554,0.034348425696340515,0.006110110924100846,0.14480784638980623,0.03608450128985554,10.63304227791701,9.093294325043596,8.65580327547781
2015-02-10,0.0003869239302496393,0.0004110980293980466,0.00033234191649340644,0.0,0.0,0.0004110980293980466,0.09750483042290911,0.10359670340830775,0.08375016295633843
2015-02-11,0.0004947332224095531,0.00047624748198099576,0.00035239460721828495,1.8485740428557385e-05,0.0373650677857436,0.00047624748198099576,0.12467277204720739,0.12001436545921093,0.0888034410190078
2015-02-12,5.2727880777167134e-05,5.452024863983828e-05,6.0166004777937086e-05,0.0,0.0,5.452024863983828e-05,0.013287425955846118,0.013739102657239245,0.015161833204040145
2015-02-13,4.151222794258258e-05,4.040837194256846e-05,3.9143041939551917e-05,1.1038560000141228e-06,0.026591104070584005,4.040837194256846e-05,0.01046108144153081,0.010182909729527252,0.009864046568767083
2015-02-17,5.068531960230963e-07,4.6236374528308296e-07,4.912831746308324e-07,4.448945074001331e-08,0.08777563861380368,4.6236374528308296e-07,0.00012772700539782027,0.0001165156638113369,0.00012380336000696976
2015-02-18,4.857147915688062e-06,4.759719116337761e-06,3.6281477428509596e-06,9.742879935030072e-08,0.020058845434122126,4.759719116337761e-06,0.0012240012747533916,0.0011994492173171157,0.0009142932311984418
2015-02-19,1.8439690600728863e-05,1.7366485352571667e-05,1.3510933043699507e-05,1.0732052481571963e-06,0.05820082414582118,1.7366485352571667e-05,0.004646802031383674,0.00437635430884806,0.003404755127012276
2015-02-20,1.3605434755393813e-05,1.4455656048996322e-05,1.2753772376359302e-05,0.0,0.0,1.4455656048996322e-05,0.003428569558359241,0.003642825324347073,0.003213950638842544
2015-02-23,3.1163574893361404e-05,3.10868176071359e-05,3.378581313340574e-05,7.67572862255057e-08,0.0024630448857397283,3.10868176071359e-05,0.007853220873127073,0.007833878036998247,0.008514024909618246
2015-02-24,1.1532439327360473e-07,1.0327276499528267e-07,1.4900256650119192e-07,1.2051628278322064e-08,0.10450108112555986,1.0327276499528267e-07,2.9061747104948394e-05,2.6024736778811233e-05,3.7548646758300365e-05
2015-02-25,3.299873849776736e-06,3.122507837584299e-06,4.772679651258486e-06,1.7736601219243672e-07,0.053749314827632635,3.122507837584299e-06,0.0008315682101437375,0.0007868719750712433,0.0012027152721171383
2015-02-26,0.00015652749075154221,0.00013655292601956324,8.113115835331323e-05,1.9974564731978976e-05,0.1276105846229544,0.00013655292601956324,0.03944492766938864,0.03441133735692994,0.020445051905034935
2015-02-27,2.1936489491403473e-05,1.9852655990356035e-05,2.847773717357136e-05,2.083833501047438e-06,0.0949939326832638,1.9852655990356035e-05,0.005527995351833675,0.005002869309569721,0.007176389767739983
2015-03-02,7.223811386807448e-05,6.959841823932025e-05,4.516135458168787e-05,2.639695628754238e-06,0.03654159073191495,6.959841823932025e-05,0.01820400469475477,0.0175388013963087,0.011380661354585342
2015-03-03,7.470915590764405e-05,7.893680153823236e-05,4.960906465509163e-05,0.0,0.0,7.893680153823236e-05,0.0188267072887263,0.019892073987634554,0.012501484293083091
2015-03-04,1.2041850251129347e-05,1.1593113702788322e-05,1.1233599074765568e-05,4.4873654834102526e-07,0.03726474766900483,1.1593113702788322e-05,0.0030345462632845955,0.002921464653102657,0.0028308669668409233
2015-03-05,8.028910190334119e-07,7.000550778399892e-07,1.0561462534270657e-06,1.0283594119342265e-07,0.12808190734941555,7.000550778399892e-07,0.00020232853679641978,0.00017641387961567727,0.00026614885586362055
2015-03-06,0.00029496518895088245,0.0002960518393513104,0.0002631348620292434,0.0,0.0,0.0002960518393513104,0.07433122761562237,0.07460506351653022,0.06630998523136933
2015-03-09,1.1685701044789659e-05,1.1999460368072685e-05,7.305098451705234e-06,0.0,0.0,1.1999460368072685e-05,0.002944796663286994,0.0030238640127543165,0.001840884809829719
2015-03-10,8.297144593605435e-05,7.775797936452872e-05,8.464518242176793e-05,5.213466571525629e-06,0.0628344661211419,7.775797936452872e-05,0.020908804375885697,0.019595010799861236,0.021330585970285518
2015-03-11,9.816534361651972e-06,9.763793663915817e-06,1.0320957024987991e-05,5.2740697736154715e-08,0.005372638695133195,9.763793663915817e-06,0.002473766659136297,0.002460476003306786,0.0026008811702969738
2015-03-12,3.3752052512781183e-05,3.669478720547408e-05,4.421574525538017e-05,0.0,0.0,3.669478720547408e-05,0.008505517233220858,0.009247086375779468,0.011142367804355803
2015-03-13,1.3057960502117557e-05,1.0854606045165343e-05,1.4188978777649779e-05,2.203354456952214e-06,0.168736479778632,1.0854606045165343e-05,0.0032906060465336243,0.0027353607233816662,0.003575622651967744
2015-03-16,0.00011904364414125161,0.00011332566088647836,0.00017356806294260922,5.717983254773255e-06,0.04803266270945051,0.00011332566088647836,0.029998998323595406,0.028558066543392546,0.043739151861537526
2015-03-17,9.76749000422967e-07,1.0397029191404765e-06,1.1255803217650225e-06,0.0,0.0,1.0397029191404765e-06,0.0002461407481065877,0.0002620051356234001,0.0002836462410847857
2015-03-18,0.009529843519469677,0.009456740502031085,0.01002702552611052,7.310301743859195e-05,0.007670956745676877,0.009456740502031085,2.4015205669063584,2.3830986065118336,2.526810432579851
2015-03-19,4.348474213479558e-06,4.607687059278246e-06,3.7151821518506483e-06,0.0,0.0,4.607687059278246e-06,0.0010958155017968486,0.001161137138938118,0.0009362259022663634
2015-03-20,0.0015845524026919496,0.0017838039646682954,0.0012478839233923543,0.0,0.0,0.0017838039646682954,0.3993072054783713,0.44951859909641045,0.3144667486948733
2015-03-23,2.9874319229517177e-06,3.137718654255182e-06,3.338974004454129e-06,0.0,0.0,3.137718654255182e-06,0.0007528328445838328,0.0007907051008723059,0.0008414214491224405
2015-03-24,2.4489082030462207e-06,2.4157133499528355e-06,3.164593408597438e-06,3.3194853093385194e-08,0.013554954610850338,2.4157133499528355e-06,0.0006171248671676476,0.0006087597641881145,0.0007974775389665544
2015-03-25,0.00045051984491149686,0.00036459375672362904,0.000372663097125216,8.592608818786782e-05,0.19072653284345595,0.00036459375672362904,0.1135310009176972,0.09187762669435452,0.09391110047555443
2015-03-26,2.0492960572561396e-05,2.054108365228593e-05,2.494055725522922e-05,0.0,0.0,2.054108365228593e-05,0.005164226064285472,0.005176353080376055,0.006285020428317764
2015-03-27,0.000680279483331649,0.000780765071924925,0.00036530256870326663,0.0,0.0,0.000780765071924925,0.17143042979957554,0.1967527981250811,0.09205624731322319
2015-03-30,5.16454312211276e-05,5.107789545661395e-05,7.571995994212031e-05,5.67535764513649e-07,0.010989079577912337,5.107789545661395e-05,0.013014648667724154,0.012871629655066715,0.019081429905414317
2015-03-31,5.5658074495323526e-05,5.844838288919822e-05,6.007589037636093e-05,0.0,0.0,5.844838288919822e-05,0.014025834772821528,0.014728992488077951,0.015139124374842954
2015-04-01,9.779686489170179e-05,0.00010362359744316976,8.38628684101369e-05,0.0,0.0,0.00010362359744316976,0.024644809952708853,0.026113146555678778,0.021133442839354498
2015-04-02,1.3841594731816065e-06,1.2074974537627162e-06,1.3673093727221103e-06,1.766620194188903e-07,0.12763116910340472,1.2074974537627162e-06,0.00034880818724176483,0.0003042893583482045,0.00034456196192597183
2015-04-06,0.00019241097787357772,0.0001758494214875071,0.0001707271776737026,1.656155638607063e-05,0.08607386378379316,0.0001758494214875071,0.048487566424141586,0.04431405421485179,0.04302324877377305
2015-04-07,1.4151918655454196e-06,1.2512204144496831e-06,9.644819273684007e-07,1.6397145109573646e-07,0.11586509166900115,1.2512204144496831e-06,0.0003566283501174457,0.0003153075444413202,0.00024304944569683698
2015-04-08,0.003601052663315825,0.0036439880324240594,0.0031066479164966656,0.0,0.0,0.0036439880324240594,0.907465271155588,0.918284984170863,0.7828752749571597
2015-04-09,0.00015751951837952977,0.0001302273662422063,0.00015591643156271794,2.729215213732346e-05,0.1732620328250581,0.0001302273662422063,0.0396949186316415,0.03281729629303599,0.03929094075380492
2015-04-10,8.478203170912088e-06,8.787077946304124e-06,7.988848731408061e-06,0.0,0.0,8.787077946304124e-06,0.0021365071990698463,0.002214343642468639,0.0020131898803148313
2015-04-13,3.2694217688311805e-06,3.167222036579273e-06,4.488015809888766e-06,1.0219973225190753e-07,0.03125925873711462,3.167222036579273e-06,0.0008238942857454575,0.0007981399532179768,0.0011309799840919692
2015-04-14,9.17898934427388e-06,8.223674350419425e-06,7.478184232048596e-06,9.553149938544543e-07,0.10407626089839037,8.223674350419425e-06,0.0023131053147570175,0.0020723659363056954,0.0018845024264762462
2015-04-15,0.00027780335063506745,0.000268778701230727,0.00030004416797138313,9.02464940434047e-06,0.032485747026535436,0.000268778701230727,0.070006444360037,0.0677322327101432,0.07561113032878855
2015-04-16,1.190912599859337e-06,1.1498889348272525e-06,9.646830384770444e-07,4.102366503208443e-08,0.03444722189496357,1.1498889348272525e-06,0.0003001099751645529,0.00028977201157646764,0.0002431001256962152
2015-04-17,0.023345985886203558,0.021592557259853314,0.03609160133400835,0.0017534286263502438,0.07510621461102383,0.021592557259853314,5.883188443323297,5.441324429483036,9.095083536170105
2015-04-20,0.00010706529735657057,0.00010922573085086398,0.00012267375829288864,0.0,0.0,0.00010922573085086398,0.026980454933855782,0.027524884174417723,0.030913787089807937
2015-04-21,7.524194578799069e-06,7.967730699047193e-06,5.679410711183504e-06,0.0,0.0,7.967730699047193e-06,0.0018960970338573655,0.0020078681361598927,0.001431211499218243
2015-04-22,4.4499381281780124e-05,4.720647171539835e-05,4.7144521756970455e-05,0.0,0.0,4.720647171539835e-05,0.011213844083008592,0.011896030872280385,0.011880419482756555
2015-04-23,1.1434970623798086e-05,1.1051338520535918e-05,1.7090570087415616e-05,3.836321032621678e-07,0.03354902101057823,1.1051338520535918e-05,0.0028816125971971177,0.0027849373071750514,0.004306823662028735
2015-04-24,0.0003323976645736669,0.0002753831641521668,0.00043135074362087955,5.701450042150006e-05,0.1715249724245261,0.0002753831641521668,0.08376421147256405,0.06939655736634603,0.10870038739246164
2015-04-27,3.6564903541212496e-05,3.29838143028353e-05,3.2526210399714605e-05,3.5810892383771978e-06,0.0979378801424446,3.29838143028353e-05,0.009214355692385549,0.008311921204314496,0.00819660502072808
2015-04-28,1.84966926659103e-06,1.7045993297786168e-06,1.8556487020394634e-06,1.4506993681241312e-07,0.0784301610036578,1.7045993297786168e-06,0.00046611665518093954,0.0004295590311042114,0.0004676234729139448
2015-04-29,4.8397656424856594e-05,5.0491972530101727e-05,6.874259433262955e-05,0.0,0.0,5.0491972530101727e-05,0.012196209419063861,0.012723977077585635,0.01732313377182265
2015-04-30,0.0013328789573981814,0.001207135912215062,0.0012455306316516836,0.0001257430451831194,0.09433943299265078,0.001207135912215062,0.3358854972643417,0.3041982498781956,0.31387371917622425
2015-05-01,0.0019389249382686816,0.0015134408186292204,0.0019392186217048932,0.00042548411963946116,0.2194433167691082,0.0015134408186292204,0.48860908444370776,0.3813870862945635,0.4886830926696331
2015-05-04,1.5184317280282436e-05,1.648482979423863e-05,1.224075396585179e-05,0.0,0.0,1.648482979423863e-05,0.0038264479546311738,0.004154177108148135,0.0030846699993946508
2015-05-05,0.0002938821620868688,0.00025217253674488595,0.00031863708803167427,4.170962534198286e-05,0.14192635886395694,0.00025217253674488595,0.07405830484589093,0.06354747925971126,0.08029654618398191
2015-05-06,0.00021370374773452307,0.00021721093259087466,0.00013798731750961526,0.0,0.0,0.00021721093259087466,0.053853344429099816,0.05473715501290041,0.034772804012423046
2015-05-07,0.0002792801053000564,0.0002602153964961876,0.00022213874804834737,1.9064708803868795e-05,0.06826375518271185,0.0002602153964961876,0.07037858653561421,0.06557427991703928,0.055978964508183536
2015-05-08,4.5663631399530295e-05,4.083439644565876e-05,5.3972478688765856e-05,4.8292349538715346e-06,0.10575669740020964,4.083439644565876e-05,0.011507235112681634,0.010290267904306007,0.013601064629568995
2015-05-11,1.6406341427620597e-05,1.6879334381690474e-05,2.120323525111143e-05,0.0,0.0,1.6879334381690474e-05,0.00413439803976039,0.004253592264185999,0.005343215283280081
2015-05-12,6.169721265773538e-06,6.38892710663627e-06,7.363433542258609e-06,0.0,0.0,6.38892710663627e-06,0.0015547697589749316,0.00161000963087234,0.0018555852526491695
2015-05-13,2.034824952128852e-06,1.8698356854871105e-06,2.090694638569889e-06,1.6498926664174174e-07,0.081082741484169,1.8698356854871105e-06,0.0005127758879364708,0.00047119859274275184,0.000526855048919612
2015-05-14,0.00011611183449489535,0.00013369755024372358,0.00014566287666791785,0.0,0.0,0.00013369755024372358,0.029260182292713627,0.03369178266141834,0.0367070449203153
2015-05-15,0.0,0.0,0.0,0.0,0.0,0.0,0.0,0.0,0.0
2015-05-18,8.343417112384497e-05,8.746858823743349e-05,0.00010414221791413125,0.0,0.0,8.746858823743349e-05,0.021025411123208933,0.02204208423583324,0.026243838914361075
2015-05-19,3.8453152257126446e-07,3.996643590322951e-07,6.378661366111132e-07,0.0,0.0,3.996643590322951e-07,9.690194368795864e-05,0.00010071541847613836,0.00016074226642600055
2015-05-20,2.8624191976076473e-07,2.4998636679530245e-07,3.740565904469512e-07,3.625555296546228e-08,0.12666008646000343,2.4998636679530245e-07,7.213296377971271e-05,6.299656443241622e-05,9.42622607926317e-05
2015-05-21,0.0002002580058298824,0.00019331807444401272,0.00013431320410918948,6.9399313858696835e-06,0.03465495085929374,0.00019331807444401272,0.05046501746913037,0.0487161547598912,0.03384692743551575
2015-05-22,3.6179434492052836e-06,3.874229870148332e-06,3.821034801406546e-06,0.0,0.0,3.874229870148332e-06,0.0009117217491997314,0.0009763059272773796,0.0009629007699544496
2015-05-26,0.0005267773982346527,0.0006003252420572203,0.00026899888422430196,0.0,0.0,0.0006003252420572203,0.13274790435513248,0.1512819609984195,0.0677877188245241
2015-05-27,0.0002921462779224929,0.00027956809948854366,0.00020574159897633693,1.257817843394927e-05,0.04305438522215883,0.00027956809948854366,0.07362086203646821,0.070451161071113,0.05184688294203691
2015-05-28,4.625131423645354e-05,5.087340577441201e-05,7.598857863689421e-05,0.0,0.0,5.087340577441201e-05,0.011655331187586292,0.012820098255151825,0.01914912181649734
2015-05-29,3.467522179697762e-05,3.761137752023276e-05,2.9127281082951156e-05,0.0,0.0,3.761137752023276e-05,0.00873815589283836,0.009478067135098656,0.007340074832903692
2015-06-01,4.378687921827622e-06,3.951428376975388e-06,8.153855139705639e-06,4.272595448522345e-07,0.09757704931317672,3.951428376975388e-06,0.0011034293563005608,0.0009957599509977978,0.0020547714952058207
2015-06-02,1.4871830318693747e-05,1.2438062325031804e-05,1.391216801325295e-05,2.4337679936619433e-06,0.163649515752826,1.2438062325031804e-05,0.003747701240310824,0.0031343917059080146,0.003505866339339743
2015-06-03,5.7562084620909796e-05,5.7163337957368716e-05,6.55771720997016e-05,3.9874666354108005e-07,0.00692724489114468,5.7163337957368716e-05,0.014505645324469268,0.014405161165256917,0.016525447369124802
2015-06-04,0.00031584824755740196,0.00027859762658267816,0.0003610660489019014,3.72506209747238e-05,0.11793834901685044,0.00027859762658267816,0.0795937583844653,0.0702066018988349,0.09098864432327916
2015-06-05,3.1312461136737866e-05,3.0103629432515596e-05,1.7992532162844993e-05,1.20883170422227e-06,0.038605450409598674,3.0103629432515596e-05,0.007890740206457943,0.0075861146169939305,0.0045341181050369385
2015-06-08,0.0012898327989281752,0.0011786298484265229,0.0014716305448594744,0.00011120295050165234,0.08621501213788696,0.0011786298484265229,0.32503786532990014,0.29701472180348376,0.37085089730458753
2015-06-09,2.3103078419950508e-06,2.3022672104665134e-06,2.4499812595538534e-06,8.040631528537413e-09,0.0034803275572429454,2.3022672104665134e-06,0.0005821975761827528,0.0005801713370375614,0.0006173952774075711
2015-06-10,0.0001204184346518508,0.0001168372537019925,0.00010314915905238973,3.581180949858306e-06,0.029739474113515976,0.0001168372537019925,0.030345445532266403,0.02944298793290211,0.025993588081202213
2015-06-11,8.553010051746617e-06,8.309560037558291e-06,5.20278543772719e-06,2.434500141883255e-07,0.028463661828030777,8.309560037558291e-06,0.002155358533040147,0.0020940091294646894,0.0013111019303072519
2015-06-12,0.003691766613246261,0.00403848210982349,0.0038460317871361473,0.0,0.0,0.00403848210982349,0.9303251865380577,1.0176974916755195,0.9692000103583092
2015-06-15,5.102002876509749e-05,4.826203421156774e-05,5.154422463968111e-05,2.7579945535297494e-06,0.05405709416924875,4.826203421156774e-05,0.012857047248804567,0.01216203262131507,0.01298914460919964
2015-06-16,0.00024275926801188685,0.00026128990825885007,0.0001650500040008318,0.0,0.0,0.00026128990825885007,0.061175335538995484,0.06584505688123021,0.04159260100820961
2015-06-17,3.6137303735203804e-06,3.6070458271535152e-06,4.540240080564888e-06,6.684546366865141e-09,0.0018497629391731106,3.6070458271535152e-06,0.0009106600541271358,0.0009089755484426858,0.0011441405003023517
2015-06-18,0.00011133814112770201,0.00010251299532071533,0.00011792350170595318,8.82514580698668e-06,0.07926435306298235,0.00010251299532071533,0.028057211564180905,0.025833274820820262,0.0297167224299002
2015-06-19,2.110451058212136e-05,2.2915728603248725e-05,3.7977899501577754e-05,0.0,0.0,2.2915728603248725e-05,0.005318336666694582,0.005774763608018678,0.009570430674397595
2015-06-22,7.135399149762167e-05,6.108187991567153e-05,9.14502366881957e-05,1.027211158195014e-05,0.1439598713735959,6.108187991567153e-05,0.01798120585740066,0.015392633738749224,0.023045459645425315
2015-06-23,6.219209639550231e-06,6.7410009891118715e-06,6.136507153867223e-06,0.0,0.0,6.7410009891118715e-06,0.0015672408291666582,0.0016987322492561915,0.0015463998027745404
2015-06-24,2.887269415890438e-05,2.523881356607216e-05,1.9463891098970837e-05,3.6338805928322183e-06,0.125858724751282,2.523881356607216e-05,0.007275918928043904,0.006360181018650185,0.004904900556940651
2015-06-25,2.1408453388053032e-05,2.455845736200654e-05,2.428089287553303e-05,0.0,0.0,2.455845736200654e-05,0.005394930253789364,0.006188731255225648,0.006118785004634323
2015-06-26,0.0005380159295192702,0.0005863276359528319,0.0005458643505433527,0.0,0.0,0.0005863276359528319,0.1355800142388561,0.14775456426011366,0.13755781633692488
2015-06-29,0.0013058494343278838,0.0012614778181899494,0.0014291649677816787,4.437161613793437e-05,0.03397912112799832,0.0012614778181899494,0.32907405745062673,0.31789241018386727,0.360149571880983
2015-06-30,0.0003129209619313661,0.0003482378011058468,0.0002702886178670391,0.0,0.0,0.0003482378011058468,0.07885608240670426,0.0877559258786734,0.06811273170249385
2015-07-01,0.0010320978141771934,0.0009526761068014045,0.0006179410368462466,7.94217073757889e-05,0.07695172512515547,0.0009526761068014045,0.26008864917265273,0.24007437891395392,0.15572114128525416
2015-07-02,5.3265583841650177e-08,5.2310906898557724e-08,4.060729563918158e-08,9.546769430924526e-10,0.017922623796008712,5.2310906898557724e-08,1.3422927128095844e-05,1.3182348538436546e-05,1.0233038501073759e-05
2015-07-06,8.932723459833633e-06,8.75817662883309e-06,7.70112175462653e-06,1.7454683100054203e-07,0.01954015617356151,8.75817662883309e-06,0.0022510463118780755,0.002207060510465939,0.0019406826821658856
2015-07-07,3.5258983199244576e-06,3.6491755554242975e-06,3.3731156539310784e-06,0.0,0.0,3.6491755554242975e-06,0.0008885263766209633,0.000919592239966923,0.0008500251447906318
2015-07-08,0.0008351343982363418,0.000808403547993379,0.000619119416181236,2.6730850242962715e-05,0.032007842411240356,0.000808403547993379,0.21045386835555813,0.20371769409433152,0.15601809287767146
2015-07-09,9.059983746963798e-08,8.358501908317826e-08,1.0076004029147297e-07,7.014818386459724e-09,0.07742553581594121,8.358501908317826e-08,2.283115904234877e-05,2.106342480896092e-05,2.5391530153451187e-05
2015-07-10,0.000129196156081045,0.00012254753590808565,0.0001730779560076363,6.648620172959341e-06,0.05146143912615488,0.00012254753590808565,0.03255743133242334,0.030881979048837584,0.04361564491392435
2015-07-13,0.0001331886339193885,0.0001313967830297417,0.00016861205251426502,1.791850889646811e-06,0.013453481903552179,0.0001313967830297417,0.033563535747685905,0.033111989323494906,0.04249023723359478
2015-07-14,1.6002685584723006e-05,1.4692632743949856e-05,1.873423436837273e-05,1.31005284077315e-06,0.08186455654413644,1.4692632743949856e-05,0.004032676767350197,0.0037025434514753636,0.004721027060829928
2015-07-15,1.1286490946408055e-06,1.2387667178190173e-06,9.46579437765505e-07,0.0,0.0,1.2387667178190173e-06,0.00028441957184948297,0.0003121692128903924,0.00023853801831690726
2015-07-16,0.38863530102348903,0.402602654696309,0.26173231031455635,0.0,0.0,0.402602654696309,97.93609585791924,101.45586898346987,65.9565421992682
2015-07-17,0.0018629661889991522,0.0020189946060405087,0.0028754346661793544,0.0,0.0,0.0020189946060405087,0.46946747962778634,0.5087866407222081,0.7246095358771973
2015-07-20,0.0583920477760935,0.06360346912594768,0.0476154019040676,0.0,0.0,0.06360346912594768,14.714796039575562,16.028074219738816,11.999081279825035
2015-07-21,6.943104722407421e-06,6.645804219111358e-06,7.014022430580737e-06,2.973005032960629e-07,0.04281952705063784,6.645804219111358e-06,0.00174966239004667,0.0016747426632160623,0.0017675336525063458
2015-07-22,0.00033311915040447397,0.000275379684360421,0.0002174379961240368,5.773946604405297e-05,0.17332977044584744,0.000275379684360421,0.08394602590192744,0.06939568045882609,0.05479437502325728
2015-07-23,5.237423828253093e-05,5.272788333898359e-05,4.167335701698421e-05,0.0,0.0,5.272788333898359e-05,0.013198308047197795,0.013287426601423864,0.010501685968280022
2015-07-24,0.0001500574398722248,0.00015013144925998955,0.00011962160736490201,0.0,0.0,0.00015013144925998955,0.03781447484780065,0.037833125213517366,0.030144645055955308
2015-07-27,5.2610723706948955e-05,5.424573341243815e-05,3.76585194311047e-05,0.0,0.0,5.424573341243815e-05,0.013257902374151137,0.013669924819934414,0.009489946896638384
2015-07-28,5.4626567711278854e-05,4.344122734064398e-05,6.155672903106874e-05,1.1185340370634877e-05,0.20476007617746303,4.344122734064398e-05,0.013765895063242271,0.010947189289842282,0.015512295715829322
2015-07-29,0.00012183144336809073,0.00010306635823176603,9.117743392009378e-05,1.8765085136324694e-05,0.15402497469889243,0.00010306635823176603,0.030701523728758864,0.02597272227440504,0.022976713347863633
2015-07-30,0.00014402825741457106,0.00016583966355004982,0.00012662255509038995,0.0,0.0,0.00016583966355004982,0.036295120868471906,0.04179159521461256,0.031908883882778266
2015-07-31,2.132043405241841e-05,2.1035085318214032e-05,1.2728625904042363e-05,2.853487342043776e-07,0.013383813862279048,2.1035085318214032e-05,0.0053727493812094395,0.005300841500189936,0.0032076137278186753
2015-08-03,0.032825278767750446,0.02907918138729472,0.02346749592611667,0.0037460973804557263,0.11412233257321179,0.02907918138729472,8.271970249473112,7.327953709598269,5.913808973381401
2015-08-04,1.4848569202614827e-05,1.4924144416528156e-05,2.0356972783993345e-05,0.0,0.0,1.4924144416528156e-05,0.003741839439058936,0.0037608843929650953,0.005129957141566323
2015-08-05,4.010663636640704e-05,4.43869326230709e-05,2.5872848576411157e-05,0.0,0.0,4.43869326230709e-05,0.010106872364334574,0.011185507021013867,0.006519957841255612
2015-08-06,0.0002015221571754949,0.00020343489977593234,0.00014176209356784233,0.0,0.0,0.00020343489977593234,0.050783583608224714,0.05126559474353495,0.035724047579096266
2015-08-07,9.574183609811064e-07,8.82443146325226e-07,9.76771145896939e-07,7.497521465588048e-08,0.07830969135515532,8.82443146325226e-07,0.0002412694269672388,0.00022237567287395694,0.00024614632876602865
2015-08-10,0.00022547724924355873,0.00021279603436656893,0.000155287266640223,1.26812148769898e-05,0.05624166013773741,0.00021279603436656893,0.0568202668093768,0.053624600660375374,0.0391323911933362
2015-08-11,0.009814972073785625,0.007823853010876613,0.014348988592435908,0.0019911190629090126,0.20286548425584816,0.007823853010876613,2.4733729625939773,1.9716109587409063,3.6159451252938486
2015-08-12,4.424111177226457e-06,4.524983242461247e-06,4.73007317701396e-06,0.0,0.0,4.524983242461247e-06,0.0011148760166610672,0.0011402957771002344,0.001191978440607518
2015-08-13,0.006768200443620169,0.007003800204042514,0.003601379368095935,0.0,0.0,0.007003800204042514,1.7055865117922826,1.7649576514187135,0.9075476007601756
2015-08-14,3.852342646982741e-06,4.152117983109686e-06,2.5852380261798347e-06,0.0,0.0,4.152117983109686e-06,0.0009707903470396506,0.001046333731743641,0.0006514799825973183
2015-08-17,0.00021175535741360378,0.0001747647519869286,0.00027742100173921454,3.699060542667519e-05,0.1746855697244014,0.0001747647519869286,0.053362350068228155,0.044040717500706004,0.06991009243828207
2015-08-18,0.0003741332103983684,0.00038169259052737173,0.0003721680696991865,0.0,0.0,0.00038169259052737173,0.09428156902038884,0.09618653281289767,0.093786353564195
2015-08-19,3.812373631895451e-05,3.648188532350758e-05,3.225376871415889e-05,1.641850995446935e-06,0.04306637047964951,3.648188532350758e-05,0.009607181552376538,0.009193435101523909,0.008127949715968039
2015-08-20,0.0002755298356559013,0.0002889817900116584,0.0005068271515894821,0.0,0.0,0.0002889817900116584,0.06943351858528712,0.07282341108293792,0.12772044220054948
2015-08-21,0.007052284786562671,0.007236850933907869,0.005735628819286894,0.0,0.0,0.007236850933907869,1.777175766213793,1.823686435344783,1.4453784624602972
2015-08-24,0.001425210890283118,0.001425110397254215,0.0010004923938033202,1.0049302890291663e-07,7.051098859653164e-05,0.001425110397254215,0.3591531443513457,0.3591278201080622,0.2521240832384367
2015-08-25,0.00043372512027504566,0.0003999246899687952,0.00030338352217434516,3.380043030625044e-05,0.07793053399094212,0.0003999246899687952,0.1092987303093115,0.10078102187213639,0.07645264758793498
2015-08-26,0.012393865369807494,0.012389890421378313,0.011424822211752084,3.974948429181016e-06,0.00032071902592581067,0.012389890421378313,3.1232540731914886,3.122252386187335,2.879055197361525
2015-08-27,0.0012363743846437012,0.0013083357120493655,0.0013693541197916906,0.0,0.0,0.0013083357120493655,0.3115663449302127,0.3297005994364401,0.345077238187506
2015-08-28,4.105259007491957e-06,4.257353239870169e-06,2.7143108281168265e-06,0.0,0.0,4.257353239870169e-06,0.0010345252698879732,0.0010728530164472827,0.0006840063286854403
2015-08-31,1.4235962487346194,1.5915536666798649,0.9338089293255857,0.0,0.0,1.5915536666798649,358.74625468112407,401.0715240033259,235.3198501900476
2015-09-01,0.0013767805330549008,0.0013044677821190433,0.0016254439035970742,7.231275093585749e-05,0.052523077678097045,0.0013044677821190433,0.346948694329835,0.3287258810939989,0.4096118637064627
2015-09-02,0.0007320680395311708,0.0007934929869947188,0.00041527178731502425,0.0,0.0,0.0007934929869947188,0.18448114596185503,0.19996023272266913,0.10464849040338611
2015-09-03,1.1978559482710997e-05,1.2732798367616684e-05,9.794117155097574e-06,0.0,0.0,1.2732798367616684e-05,0.0030185969896431714,0.0032086651886394043,0.0024681175230845884
2015-09-04,0.00010202140166584725,9.283321752466119e-05,0.00013391741184213312,9.188184141186058e-06,0.090061339102348,9.283321752466119e-05,0.025709393219793507,0.02339397081621462,0.03374718778421755
2015-09-08,0.0018034399507245525,0.0017814410410479787,0.002321718907593486,2.199890967657372e-05,0.012198304498875665,0.0017814410410479787,0.4544668675825872,0.44892314234409064,0.5850731647135585
2015-09-09,0.0005197399606742494,0.0005365592109453218,0.0004875925053198299,0.0,0.0,0.0005365592109453218,0.13097447008991087,0.1352129211582211,0.12287331134059713
2015-09-10,1.7321397993768342e-05,1.3929067755121763e-05,2.0917354306431077e-05,3.3923302386465795e-06,0.19584620386996604,1.3929067755121763e-05,0.004364992294429622,0.003510125074290684,0.0052711732852206315
2015-09-11,8.32077746824926e-05,8.332678589203238e-05,7.553729867481473e-05,0.0,0.0,8.332678589203238e-05,0.020968359219988134,0.02099835004479216,0.019035399266053313
2015-09-14,5.972557117849626e-05,6.179434388425453e-05,3.687801974799755e-05,0.0,0.0,6.179434388425453e-05,0.015050843936981058,0.015572174658832141,0.009293260976495382
2015-09-15,0.006965902917176083,0.0071548143946992444,0.008322093764593997,0.0,0.0,0.0071548143946992444,1.7554075351283729,1.8030132274642097,2.097167628677687
2015-09-16,0.025700321700397318,0.022379649273894225,0.017941621423127437,0.0033206724265030935,0.1292074264705624,0.022379649273894225,6.476481068500124,5.639671617021345,4.521288598628114
2015-09-17,2.9920137802309605e-07,2.849158557623233e-07,3.145533103104394e-07,1.4285522260772764e-08,0.04774535000410336,2.849158557623233e-07,7.539874726182021e-05,7.179879565210547e-05,7.926743419823073e-05
2015-09-18,0.00029741395125222007,0.00027440853097561517,0.0002637508825905567,2.30054202766049e-05,0.07735151663999709,0.00027440853097561517,0.07494831571555946,0.06915094980585502,0.0664652224128203
2015-09-21,8.503127332123118e-06,8.102526877225328e-06,8.653043521197073e-06,4.006004548977899e-07,0.0471121261788325,8.102526877225328e-06,0.002142788087695026,0.002041836773060783,0.0021805669673416626
2015-09-22,0.00048185899614534584,0.00044961312331290423,0.0004279339234626932,3.2245872832441604e-05,0.06691972760387226,0.00044961312331290423,0.12142846702862715,0.11330250707485187,0.10783934871259869
2015-09-23,4.6810299573915364e-07,4.785212093571533e-07,8.82267006131042e-07,0.0,0.0,4.785212093571533e-07,0.00011796195492626671,0.00012058734475800263,0.0002223312855450226
2015-09-24,8.475655553933663e-06,6.5037346273365715e-06,6.703556309901679e-06,1.9719209265970918e-06,0.23265701176646872,6.5037346273365715e-06,0.002135865199591283,0.0016389411260888161,0.001689296190095223
2015-09-25,0.000304598191107849,0.0003168305253555345,0.00019300025928215727,0.0,0.0,0.0003168305253555345,0.07675874415917795,0.0798412923895947,0.04863606533910363
2015-09-28,0.0005203949063624802,0.0005053902773286583,0.0005036660983539481,1.5004629033821878e-05,0.028833158859816493,0.0005053902773286583,0.131139516403345,0.12735834988682188,0.1269238567851949
2015-09-29,0.0006710481673982096,0.0007579612624894422,0.0009200198205971922,0.0,0.0,0.0007579612624894422,0.16910413818434883,0.19100623814733944,0.23184499479049242
2015-09-30,0.0003483877089187848,0.0003068253987794762,0.00032764126486220654,4.1562310139308637e-05,0.11929901358746992,0.0003068253987794762,0.08779370264753378,0.077320000492428,0.08256559874527605
2015-10-01,1.1561409976143176e-05,1.0319283838759986e-05,1.1084088231433337e-05,1.2421261373831899e-06,0.10743724446318026,1.0319283838759986e-05,0.0029134753139880803,0.0026004595273675167,0.002793190234321201
2015-10-02,0.0008887030386468895,0.0009157792109653989,0.0009697123443654208,0.0,0.0,0.0009157792109653989,0.22395316573901616,0.23077636116328054,0.24436751078008603
2015-10-05,0.0005870572529858522,0.0005107629464672329,0.0005382730720582571,7.629430651861927e-05,0.12996058902366944,0.0005107629464672329,0.14793842775243476,0.1287122625097427,0.1356448141586808
2015-10-06,2.9200878907580607e-05,2.7755826829299768e-05,2.6296064405555806e-05,1.4450520782808397e-06,0.04948659365246392,2.7755826829299768e-05,0.007358621484710313,0.006994468360983541,0.006626608230200063
2015-10-07,3.2423100525575336e-05,3.1466491273680726e-05,3.398332087611519e-05,9.5660925189461e-07,0.02950394030441649,3.1466491273680726e-05,0.008170621332444984,0.007929555800967544,0.008563796860781028
2015-10-08,2.0041483463642265e-05,2.0076828225180044e-05,2.5212750939410398e-05,0.0,0.0,2.0076828225180044e-05,0.005050453832837851,0.005059360712745371,0.00635361323673142
2015-10-09,0.00013537989624311835,0.00012313718988304993,9.23394513644897e-05,1.2242706360068427e-05,0.0904322326237454,0.00012313718988304993,0.03411573385326583,0.03103057185052858,0.023269541743851405
2015-10-12,2.5245466346368228e-06,2.2607350274824644e-06,2.958787662931524e-06,2.638116071543584e-07,0.10449856581625164,2.2607350274824644e-06,0.0006361857519284794,0.000569705226925581,0.000745614491058744
2015-10-13,0.0001853101669554106,0.00018819894715949386,0.0001284464885612529,0.0,0.0,0.00018819894715949386,0.04669816207276347,0.047426134684192454,0.03236851511743573
2015-10-14,0.8669391218511913,0.7097207094776907,0.45421434464445015,0.15721841237350054,0.18134884954506122,0.7097207094776907,218.4686587065002,178.84961878837805,114.46201485040145
2015-10-15,5.261140826642596e-05,5.670009840338346e-05,4.64407765005953e-05,0.0,0.0,5.670009840338346e-05,0.013258074883139341,0.014288424797652632,0.011703075678150016
2015-10-16,6.508731184058413e-05,7.33469073398367e-05,5.608851981585456e-05,0.0,0.0,7.33469073398367e-05,0.0164020025838272,0.018483420649638847,0.01413430699359535
2015-10-19,2.1675642843494102e-05,2.215409230095933e-05,2.616162155005735e-05,0.0,0.0,2.215409230095933e-05,0.005462261996560514,0.005582831259841751,0.006592728630614452
2015-10-20,4.900688291486428e-05,4.840478176692667e-05,2.4351099667860473e-05,6.021011479376059e-07,0.01228605248567911,4.840478176692667e-05,0.012349734494545798,0.012198005005265522,0.006136477116300839
2015-10-21,2.0938342699457023e-05,1.5153792434121494e-05,1.6414838400854373e-05,5.784550265335529e-06,0.2762658951617809,1.5153792434121494e-05,0.00527646236026317,0.0038187556933986164,0.004136539277015302
2015-10-22,0.0009998075789029652,0.0011287108421969049,0.0011151089781321287,0.0,0.0,0.0011287108421969049,0.25195150988354725,0.28443513223362005,0.2810074624892964
2015-10-23,0.00036530810167099086,0.00032079423207853283,0.0004415977393638854,4.451386959245803e-05,0.12185294896825424,0.00032079423207853283,0.0920576416210897,0.08084014648379027,0.11128263031969912
2015-10-26,2.1759453254743403e-06,2.33548256714304e-06,2.5238014609568077e-06,0.0,0.0,2.33548256714304e-06,0.0005483382220195337,0.0005885416069200461,0.0006359979681611155
2015-10-27,2.4916245064166846e-05,2.5645831714400645e-05,1.4234244306785283e-05,0.0,0.0,2.5645831714400645e-05,0.006278893756170045,0.006462749592028963,0.003587029565309891
2015-10-28,0.00018996294232086138,0.00019347940374802436,0.00019055296335900363,0.0,0.0,0.00019347940374802436,0.047870661464857064,0.04875680974450214,0.048019346766468914
2015-10-29,5.248090417026604e-07,5.147453683127344e-07,7.673197789027029e-07,1.0063673389926067e-08,0.019175839999699934,5.147453683127344e-07,0.00013225187850907043,0.00012971583281480906,0.00019336458428348115
2015-10-30,7.731749180055887e-06,7.286976675581062e-06,3.836264077076847e-06,4.4477250447482524e-07,0.05752546242662102,7.286976675581062e-06,0.0019484007933740835,0.0018363181222464276,0.0009667385474233655
2015-11-02,0.00674076116939274,0.007384221744332923,0.005590708854854664,0.0,0.0,0.007384221744332923,1.6986718146869704,1.8608238795718968,1.4088586314233753
2015-11-03,1.2697917178879088e-05,1.3155757970821703e-05,1.9162540304141533e-05,0.0,0.0,1.3155757970821703e-05,0.0031998751290775304,0.003315251008647069,0.004828960156643666
2015-11-04,7.258420372321172e-08,7.773693618120119e-08,9.965443920830285e-08,0.0,0.0,7.773693618120119e-08,1.8291219338249354e-05,1.95897079176627e-05,2.5112918680492318e-05
2015-11-05,3.0208565981162527e-05,3.483736115055766e-05,2.4682941044388364e-05,0.0,0.0,3.483736115055766e-05,0.007612558627252957,0.00877901500994053,0.006220101143185868
2015-11-06,2.1613149755771123e-05,2.4605481095262832e-05,1.7281425685166068e-05,0.0,0.0,2.4605481095262832e-05,0.005446513738454323,0.006200581236006234,0.004354919272661849
2015-11-09,0.00045346988760508775,0.00045800927673750953,0.0002955572710708708,0.0,0.0,0.00045800927673750953,0.11427441167648211,0.1154183377378524,0.07448043230985943
2015-11-10,1.6908727296890408e-05,1.7032481065505233e-05,2.1799083365786753e-05,0.0,0.0,1.7032481065505233e-05,0.004260999278816383,0.0042921852285073185,0.005493369008178262
2015-11-11,4.744873009286914e-07,3.9799561378156435e-07,3.681029099253068e-07,7.649168714712703e-08,0.16120879481625536,3.9799561378156435e-07,0.00011957079983403023,0.00010029489467295422,9.276193330117732e-05
2015-11-12,5.341959139125966e-05,4.8306442595505535e-05,3.592134218359033e-05,5.113148795754123e-06,0.0957167317620851,4.8306442595505535e-05,0.013461737030597434,0.012173223534067395,0.009052178230264763
2015-11-13,0.009272682161958689,0.008300207784211568,0.0074657344622162366,0.000972474377747121,0.10487519799091527,0.008300207784211568,2.3367159048135897,2.091652361621315,1.8813650844784917
2015-11-16,0.007628294359018548,0.00843919555152526,0.004599396533427293,0.0,0.0,0.00843919555152526,1.922330178472674,2.1266772789843653,1.159047926423678
2015-11-17,5.47272076508841e-06,4.647533461671787e-06,3.6376562155250075e-06,8.251873034166228e-07,0.15078188492619124,4.647533461671787e-06,0.0013791256328022793,0.0011711784323412903,0.0009166893663123019
2015-11-18,0.000486288620440444,0.0004976514881397034,0.0004506794752467237,0.0,0.0,0.0004976514881397034,0.12254473235099189,0.12540817501120524,0.11357122776217438
2015-11-19,1.0104978240684236e-05,1.0467014376015965e-05,7.947149276797365e-06,0.0,0.0,1.0467014376015965e-05,0.0025464545166524275,0.002637687622756023,0.002002681617752936
2015-11-20,1.5045460248500606e-05,1.4730720187631636e-05,1.879704613069396e-05,3.1474006086897e-07,0.02091926965019675,1.4730720187631636e-05,0.0037914559826221525,0.003712141487283172,0.004736855624934878
2015-11-23,7.2138725598613755e-06,6.987662272236728e-06,6.136509944273289e-06,2.262102876246472e-07,0.0313576729266924,6.987662272236728e-06,0.0018178958850850666,0.0017608908926036555,0.001546400505956869
2015-11-24,4.936070039501985e-07,4.541478469461492e-07,3.193533523995565e-07,3.945915700404932e-08,0.07994026978547629,4.541478469461492e-07,0.00012438896499545002,0.0001144452574304296,8.047704480468823e-05
2015-11-25,3.4804330787637196e-07,3.759965951954315e-07,4.592391289603174e-07,0.0,0.0,3.759965951954315e-07,8.770691358484573e-05,9.475114198924873e-05,0.00011572826049799999
2015-11-27,2.467840207595345e-06,2.3958719596745735e-06,2.9834291867337663e-06,7.196824792077142e-08,0.029162430588837204,2.3958719596745735e-06,0.0006218957323140269,0.0006037597338379925,0.0007518241550569092
2015-11-30,7.043188368496376e-05,6.657348845308439e-05,7.876482711604467e-05,3.858395231879372e-06,0.05478193930401931,6.657348845308439e-05,0.017748834688610868,0.016776519090177265,0.01984873643324326
2015-12-01,5.011574287843465e-05,4.635330488668131e-05,2.7501434891668677e-05,3.762437991753335e-06,0.07507497046995551,4.635330488668131e-05,0.01262916720536553,0.01168103283144369,0.006930361592700506
2015-12-02,0.0004692445819593775,0.0004884771156213543,0.0004740910025473718,0.0,0.0,0.0004884771156213543,0.11824963465376313,0.12309623313658127,0.1194709326419377
2015-12-03,0.00013958273188764412,0.00012850603548214608,9.142247137711905e-05,1.1076696405498047e-05,0.0793557782996994,0.00012850603548214608,0.03517484843568632,0.032383520941500814,0.023038462787034003
2015-12-04,6.859531921006187e-05,6.612570416835962e-05,0.00011568172774048988,2.469615041702253e-06,0.03600267531574258,6.612570416835962e-05,0.017286020440935593,0.016663677450426625,0.02915179539060345
2015-12-07,0.00011021484008591145,9.841273144202533e-05,0.00011593275096569557,1.1802108643886117e-05,0.10708275335339351,9.841273144202533e-05,0.027774139701649686,0.024800008323390386,0.02921505324335528
2015-12-08,4.045678064054986e-08,3.805409411308647e-08,2.126567742468913e-08,2.4026865274633884e-09,0.05938750196928087,3.805409411308647e-08,1.0195108721418565e-05,9.589631716497791e-06,5.358950711021661e-06
2015-12-09,0.00010006956245816005,0.0001122259795833015,9.805805431425962e-05,0.0,0.0,0.0001122259795833015,0.025217529739456332,0.028280946854991978,0.024710629687193425
2015-12-10,9.77895985439762e-05,9.577942298202272e-05,8.144507058605979e-05,2.0101755619534868e-06,0.02055612837487392,9.577942298202272e-05,0.024642978833082002,0.024136414591469726,0.020524157787687066
2015-12-11,0.0016892784569084815,0.001770866266279805,0.001480825739627461,0.0,0.0,0.001770866266279805,0.42569817114093733,0.44625829910251086,0.37316808638612015
2015-12-14,5.8720435650036005e-05,5.2834879313948934e-05,3.39510450794434e-05,5.885556336087071e-06,0.10023011870916429,5.2834879313948934e-05,0.014797549783809073,0.013314389587115132,0.008555663360019736
2015-12-15,4.140592321544387e-05,3.889809257773419e-05,3.887988222700587e-05,2.507830637709685e-06,0.060566952319694785,3.889809257773419e-05,0.010434292650291856,0.009802319329589016,0.00979773032120548
2015-12-16,0.00012496858478353647,0.00012678635719702105,0.00017583242005925152,0.0,0.0,0.00012678635719702105,0.03149208336545119,0.03195016201364931,0.04430976985493138
2015-12-17,0.0008400252360185899,0.0009111917218565972,0.00047895997607641527,0.0,0.0,0.0009111917218565972,0.21168635947668465,0.2296203139078625,0.12069791397125665
2015-12-18,0.0007402788802180663,0.0008463018584548591,0.0009613412119966414,0.0,0.0,0.0008463018584548591,0.1865502778149527,0.2132680683306245,0.24225798542315363
2015-12-21,0.0012681753914404366,0.0013416685312862542,0.0012896404071567366,0.0,0.0,0.0013416685312862542,0.31958019864299003,0.33810046988413606,0.32498938260349763
2015-12-22,8.39009113129116e-05,8.05454938116843e-05,8.042606690890515e-05,3.3554175012272995e-06,0.03999262235329628,8.05454938116843e-05,0.021143029650853722,0.020297464440544442,0.020267368861044098
2015-12-23,0.3514643454080942,0.32305486366193953,0.21367140029758053,0.028409481746154652,0.08083176036842898,0.32305486366193953,88.56901504283974,81.40982564280876,53.845192874990296
2015-12-24,2.885495730182769e-08,2.7833241850263586e-08,1.351526536443867e-08,1.0217154515641029e-09,0.0354074356597204,2.7833241850263586e-08,7.2714492400605775e-06,7.013976946266424e-06,3.405846871838545e-06
2015-12-28,4.3463825647100155e-06,3.7324278868637633e-06,4.6280854256405015e-06,6.139546778462522e-07,0.1412564419834434,3.7324278868637633e-06,0.001095288406306924,0.0009405718274896683,0.0011662775272614065
2015-12-29,0.0003379981536742855,0.00034766585029228275,0.00043107295915392676,0.0,0.0,0.00034766585029228275,0.08517553472591995,0.08761179427365526,0.10863038570678954
2015-12-30,0.00016083120411173037,0.0001370795589632818,0.00015146943741842607,2.3751645148448576e-05,0.14768057686285552,0.0001370795589632818,0.04052946343615605,0.03454404885874701,0.03817029822944337
2015-12-31,3.685895352755985e-05,3.430218177480798e-05,3.249582553496834e-05,2.5567717527518678e-06,0.06936636661357666,3.430218177480798e-05,0.009288456288945082,0.008644149807251611,0.008188948034812021
2016-01-04,0.0017241361464371094,0.001646469303092993,0.0014536188378113364,7.766684334411644e-05,0.04504681573990923,0.001646469303092993,0.43448230890215156,0.41491026437943423,0.36631194712845677
2016-01-05,2.2344034355018923e-05,2.2641499631302933e-05,1.6232436881171664e-05,0.0,0.0,2.2641499631302933e-05,0.0056306966574647685,0.005705657907088339,0.00409057409405526
2016-01-06,0.000308808219592859,0.00029944110563654417,0.00038038486871266517,9.36711395631485e-06,0.030333110751817396,0.00029944110563654417,0.07781967133740048,0.07545915862040913,0.09585698691559162
2016-01-07,0.008396439995227661,0.009202277494271958,0.010333531538992404,0.0,0.0,0.009202277494271958,2.1159028787973706,2.3189739285565336,2.604049947826086
2016-01-08,3.328312322561064e-05,3.698476047328473e-05,4.635081878670912e-05,0.0,0.0,3.698476047328473e-05,0.00838734705285388,0.009320159639267751,0.011680406334250697
2016-01-11,2.2952661568939415e-06,2.0333642567411663e-06,3.3219671560670706e-06,2.619019001527752e-07,0.11410519222833851,2.0333642567411663e-06,0.0005784070715372733,0.0005124077926987739,0.0008371357233289018
2016-01-12,0.0005052749910073341,0.0005522345183201076,0.00023744570109166725,0.0,0.0,0.0005522345183201076,0.1273292977338482,0.13916309861666712,0.05983631667510015
2016-01-13,0.0006328705157680086,0.0005359588841390199,0.00068276711951348,9.691163162898868e-05,0.1531302676634462,0.0005359588841390199,0.15948336997353818,0.135061638803033,0.17205731411739694
2016-01-14,0.0024649369948979427,0.0026747641390397125,0.0017768959717309831,0.0,0.0,0.0026747641390397125,0.6211641227142816,0.6740405630380075,0.44777778487620773
2016-01-15,0.04949819153675855,0.03965259153001488,0.024810701583068,0.009845600006743671,0.19890827726975,0.03965259153001488,12.473544267263154,9.99245306556375,6.252296798933136
2016-01-19,0.0002539527488897826,0.00028966823938620913,0.00017016976184832392,0.0,0.0,0.00028966823938620913,0.06399609272022522,0.0729963963253247,0.04288277998577763
2016-01-20,7.055665631017596e-06,6.3200348492729235e-06,6.915907852200557e-06,7.356307817446724e-07,0.10426098910494823,6.3200348492729235e-06,0.0017780277390164342,0.0015926487820167767,0.0017428087787545404
2016-01-21,5.291999455560001e-06,5.35071572692184e-06,2.466278031132981e-06,0.0,0.0,5.35071572692184e-06,0.0013335838628011202,0.0013483803631843037,0.0006215020638455111
2016-01-22,0.005531914200320245,0.00504480605875751,0.0034525977318635805,0.0004871081415627355,0.08805417507134913,0.00504480605875751,1.394042378480702,1.2712911268068925,0.8700546284296223
2016-01-25,0.0012882115011355472,0.0012235990427505988,0.0011478564825202185,6.46124583849484e-05,0.05015671594131583,0.0012235990427505988,0.3246292982861579,0.3083469587731509,0.28925983359509505
2016-01-26,4.8862579670523124e-05,4.1279033662419304e-05,5.248627161369093e-05,7.58354600810382e-06,0.15520150397374888,4.1279033662419304e-05,0.012313370076971827,0.010402316482929665,0.013226540446650115
2016-01-27,0.00021019952148242408,0.00019572788767334884,0.00026254850094966915,1.4471633809075242e-05,0.06884712980394755,0.00019572788767334884,0.05297027941357087,0.049323427693683905,0.06616222223931663
2016-01-28,0.0008270737672228908,0.0007536244303956901,0.0011420156676388647,7.344933682720074e-05,0.08880627055192329,0.0007536244303956901,0.20842258934016847,0.18991335645971388,0.2877879482449939
2016-01-29,0.000944532318873556,0.0009336871826802251,0.0007466439962847224,1.0845136193330914e-05,0.01148201704181255,0.0009336871826802251,0.2380221443561361,0.23528917003541672,0.18815428706375006
2016-02-01,7.093292389136183e-06,6.515431103497118e-06,5.767442256862798e-06,5.778612856390653e-07,0.08146586556311,6.515431103497118e-06,0.0017875096820623181,0.0016418886380812738,0.001453395448729425
2016-02-02,0.0022711919530509083,0.0020363616146005536,0.00249081572049353,0.00023483033845035466,0.10339519653171991,0.0020363616146005536,0.5723403721688288,0.5131631268793395,0.6276855615643695
2016-02-03,0.0015505854163709726,0.0015342878697211868,0.0013691767604890705,1.6297546649785737e-05,0.010510576500466728,0.0015342878697211868,0.3907475249254851,0.38664054316973906,0.34503254364324576
2016-02-04,1.0950566035199548e-08,9.59378393650911e-09,6.061781378008404e-09,1.3567820986904376e-09,0.12388932270778348,9.59378393650911e-09,2.7595426408702862e-06,2.4176335520002957e-06,1.5275689072581178e-06
2016-02-05,0.02462807337065374,0.019903120734339638,0.018388161648378316,0.004724952636314103,0.19185230468544887,0.019903120734339638,6.206274489404743,5.015586425053589,4.633816735391336
2016-02-08,0.0024595654231991783,0.0022818057855716637,0.002989933576777749,0.00017775963762751458,0.07227278277640944,0.0022818057855716637,0.619810486646193,0.5750150579640593,0.7534632613479928
2016-02-09,2.071231650969633e-06,2.1284645705115567e-06,2.7325954472316745e-06,0.0,0.0,2.1284645705115567e-06,0.0005219503760443475,0.0005363730717689122,0.000688614052702382
2016-02-10,7.860292654423601e-06,7.108225611021156e-06,5.592690199431844e-06,7.520670434024448e-07,0.09567925531372456,7.108225611021156e-06,0.0019807937489147473,0.0017912728539773313,0.0014093579302568247
2016-02-11,1.5816456943303422e-06,1.6351558763062603e-06,1.1834328104450855e-06,0.0,0.0,1.6351558763062603e-06,0.0003985747149712462,0.0004120592808291776,0.00029822506823216156
2016-02-12,0.0006483328938143097,0.000617939409961051,0.0005853582479124291,3.039348385325876e-05,0.046879441250569,0.000617939409961051,0.16337988924120606,0.15572073131018485,0.14751027847393214
2016-02-16,0.011772358973379846,0.009396475746129009,0.011967669400902124,0.0023758832272508367,0.20181878860655414,0.009396475746129009,2.9666344612917213,2.3679118880245102,3.0158526890273354
2016-02-17,0.0005275728510713521,0.0005439254634998679,0.00044157398366867094,0.0,0.0,0.0005439254634998679,0.13294835846998074,0.1370692168019667,0.11127664388450507
2016-02-18,0.00042665607040639315,0.00038758488295461606,0.0005250077492489877,3.907118745177709e-05,0.09157536964840583,0.00038758488295461606,0.10751732974241107,0.09767139050456325,0.1323019528107449
2016-02-19,7.380569713149274e-05,8.051683972466377e-05,8.457649048908171e-05,0.0,0.0,8.051683972466377e-05,0.01859903567713617,0.02029024361061527,0.02131327560324859
2016-02-22,0.002227076652163173,0.0020211848098368353,0.0018661883597250455,0.00020589184232633773,0.0924493739512308,0.0020211848098368353,0.5612233163451196,0.5093385720788824,0.47027946665071146
2016-02-23,3.1760265063952166e-05,2.8530725156808512e-05,4.6046408247089555e-05,3.2295399071436536e-06,0.10168491349035562,2.8530725156808512e-05,0.008003586796115946,0.007189742739515745,0.011603694878266568
2016-02-24,0.0004359360719536838,0.00046192736763555497,0.00048356141307510654,0.0,0.0,0.00046192736763555497,0.10985589013232831,0.11640569664415985,0.12185747609492685
2016-02-25,0.0003250962849900005,0.0003621767619596882,0.0003499418093239697,0.0,0.0,0.0003621767619596882,0.08192426381748012,0.09126854401384142,0.08818533594964037
2016-02-26,4.006780331106453e-07,3.578466531828582e-07,4.208597912543241e-07,4.28313799277871e-08,0.10689698334167502,3.578466531828582e-07,0.00010097086434388262,9.017735660208026e-05,0.00010605666739608968
2016-02-29,1.431590428783489e-05,1.537729360141584e-05,1.5902298031806158e-05,0.0,0.0,1.537729360141584e-05,0.003607607880534392,0.0038750779875567913,0.004007379104015152
2016-03-01,0.06437157606736253,0.05017744947726751,0.09334912570667048,0.014194126590095023,0.22050301479368592,0.05017744947726751,16.22163716897536,12.644717268271412,23.52397967808096
2016-03-02,1.396028589761339e-07,1.320820987338625e-07,9.953745700024654e-08,7.520760242271389e-09,0.05387215151091996,1.320820987338625e-07,3.517992046198574e-05,3.328468888093335e-05,2.5083439164062128e-05
2016-03-03,1.451074795131383e-05,1.482949914271041e-05,1.2449789213485378e-05,0.0,0.0,1.482949914271041e-05,0.003656708483731085,0.0037370337839630233,0.0031373468817983154
2016-03-04,7.221097661490957e-07,7.572848581375392e-07,5.372184862572506e-07,0.0,0.0,7.572848581375392e-07,0.0001819716610695721,0.00019083578425065987,0.00013537905853682717
2016-03-07,0.0002001741818361614,0.0001653098363835914,0.00015203007618773192,3.486434545256999e-05,0.17417004010505074,0.0001653098363835914,0.05044389382271267,0.041658078768665036,0.03831157919930844
2016-03-08,0.002443328671004963,0.002227430861127676,0.0020500630254331313,0.0002158978098772868,0.08836216443206717,0.002227430861127676,0.6157188250932506,0.5613125770041744,0.5166158824091491
2016-03-09,0.005491487932285854,0.005593926753953248,0.002430360581568162,0.0,0.0,0.005593926753953248,1.3838549589360352,1.4096695419962184,0.6124508665551768
2016-03-10,2.5043724492744624e-06,1.9285125472374065e-06,2.6406025379736567e-06,5.758599020370559e-07,0.2299417054608558,1.9285125472374065e-06,0.0006311018572171646,0.0004859851619038264,0.0006654318395693615
2016-03-11,0.015495013425049399,0.01634062527226536,0.01529201110765576,0.0,0.0,0.01634062527226536,3.9047433831124483,4.117837568610871,3.8535867991292516
2016-03-14,3.906440417248019e-05,3.586995891681996e-05,3.4989382854710154e-05,3.194445255660233e-06,0.08177381023865257,3.586995891681996e-05,0.009844229851465007,0.009039229647038629,0.008817324479386959
2016-03-15,9.860169842582753e-08,1.0205252766985049e-07,1.0118235772474097e-07,0.0,0.0,1.0205252766985049e-07,2.4847628003308537e-05,2.5717236972802324e-05,2.5497954146634725e-05
2016-03-16,0.004036083127971204,0.003392503968021675,0.003410401336539058,0.0006435791599495293,0.15945636880714528,0.003392503968021675,1.0170929482487434,0.854910999941462,0.8594211368078426
2016-03-17,5.544446085687483e-07,6.551409410004915e-07,3.0509917117040874e-07,0.0,0.0,6.551409410004915e-07,0.00013972004135932457,0.00016509551713212386,7.6884991134943e-05
2016-03-18,3.5119539741113695e-05,3.926484508532951e-05,1.710832802534645e-05,0.0,0.0,3.926484508532951e-05,0.00885012401476065,0.009894740961503036,0.0043112986623873055
2016-03-21,4.83936060314484e-06,4.841318463641888e-06,6.980485802244905e-06,0.0,0.0,4.841318463641888e-06,0.0012195188719924996,0.0012200122528377556,0.001759082422165716
2016-03-22,1.0160599885712164e-05,1.0911718489270096e-05,6.428883621675936e-06,0.0,0.0,1.0911718489270096e-05,0.0025604711711994656,0.0027497530592960643,0.0016200786726623358
2016-03-23,1.751761855946132e-05,1.6158944161179696e-05,2.0252313505884314e-05,1.358674398281624e-06,0.07756044670737239,1.6158944161179696e-05,0.004414439876984253,0.004072053928617284,0.005103583003482847
2016-03-24,1.0822663167537396e-07,9.906382724330712e-08,1.626195918584177e-07,9.162804432066839e-09,0.08466233890759468,9.906382724330712e-08,2.7273111182194237e-05,2.4964084465313392e-05,4.0980137148321255e-05
2016-03-28,7.391981431076839e-06,6.775134830179071e-06,7.64607958619157e-06,6.168466008977679e-07,0.0834480610105979,6.775134830179071e-06,0.0018627793206313634,0.001707333977205126,0.0019268120557202758
2016-03-29,0.0493729989908624,0.04695212337534144,0.03000208937744266,0.0024208756155209635,0.049032379335919404,0.04695212337534144,12.441995745697325,11.831935090586041,7.56052652311555
2016-03-30,8.187300789362169e-05,8.209115902411386e-05,0.00011242826867812116,0.0,0.0,8.209115902411386e-05,0.020631997989192664,0.020686972074076694,0.028331923706886534
2016-03-31,3.067286743055905e-06,2.720364266642712e-06,3.2453955044227305e-06,3.4692247641319307e-07,0.1131039881076035,2.720364266642712e-06,0.0007729562592500881,0.0006855317951939635,0.0008178396671145281
2016-04-01,0.003869414878281354,0.003665259689906281,0.0031624379067270733,0.00020415518837507305,0.05276125583436783,0.003665259689906281,0.9750925493269013,0.9236454418563829,0.7969343524952225
2016-04-04,2.5068219847774413e-05,2.3055606255477026e-05,4.110586252675359e-05,2.0126135922973875e-06,0.0802854580115154,2.3055606255477026e-05,0.006317191401639152,0.005810012776380211,0.010358677356741905
2016-04-05,0.0011364870996354941,0.0011635886872368721,0.0008297057763479952,0.0,0.0,0.0011635886872368721,0.2863947491081445,0.2932243491836918,0.2090858556396948
2016-04-06,0.0007710077564413081,0.0007926846694679384,0.0007406458622669621,0.0,0.0,0.0007926846694679384,0.19429395462320964,0.19975653670592047,0.18664275729127444
2016-04-07,0.0005488418378261494,0.0005261515066548753,0.00040701996497784085,2.269033117127412e-05,0.04134220383016662,0.0005261515066548753,0.13830814313218964,0.13259017967702857,0.10256903117441589
2016-04-08,2.8072610184260915e-07,2.9373185927538094e-07,3.4238495415095816e-07,0.0,0.0,2.9373185927538094e-07,7.07429776643375e-05,7.4020428537396e-05,8.628100844604146e-05
2016-04-11,2.826986454660057e-05,2.618256314513312e-05,3.4162601923255064e-05,2.0873014014674493e-06,0.07383485422053752,2.618256314513312e-05,0.007124005865743343,0.006598005912573546,0.008608975684660276
2016-04-12,0.005276919496176147,0.0058725491742884295,0.0058603607725655725,0.0,0.0,0.0058725491742884295,1.329783713036389,1.4798823919206843,1.4768109146865243
2016-04-13,0.02715714093248619,0.02281533025368393,0.031860986319999264,0.004341810678802259,0.1598773114385019,0.02281533025368393,6.843599514986519,5.74946322392835,8.028968552639814
2016-04-14,3.725305123630356e-09,2.942874652923207e-09,2.1460476762068434e-09,7.824304707071492e-10,0.20997487987373012,2.942874652923207e-09,9.387768911548498e-07,7.416044125366481e-07,5.408040144041245e-07
2016-04-15,2.0860896280370848e-05,1.8355701837930935e-05,2.9701412283207258e-05,2.5051944424399126e-06,0.12009044523684925,1.8355701837930935e-05,0.005256945862653454,0.004625636863158596,0.007484755895368229
2016-04-18,6.947184894188789e-06,7.154836557032842e-06,9.068506853834736e-06,0.0,0.0,7.154836557032842e-06,0.0017506905933355747,0.0018030188123722762,0.0022852637271663537
2016-04-19,0.002171047486471421,0.0021915909186741318,0.0009857917022319277,0.0,0.0,0.0021915909186741318,0.5471039665907981,0.5522809115058812,0.2484195089624458
2016-04-20,3.788260240439635e-06,4.1277136106573555e-06,3.546526730293784e-06,0.0,0.0,4.1277136106573555e-06,0.000954641580590788,0.0010401838298856535,0.0008937247360340336
2016-04-21,9.17020748787246e-09,8.794243904163495e-09,8.484760045548355e-09,3.759635837089652e-10,0.040993902297611344,8.794243904163495e-09,2.31089228694386e-06,2.2161494638492007e-06,2.1381595314781856e-06
2016-04-22,4.5683531242542825e-05,3.949632057884067e-05,4.04824314247794e-05,6.187210663702154e-06,0.1354363456584977,3.949632057884067e-05,0.011512249873120791,0.009953072785867849,0.01020157271904441
2016-04-25,0.0,0.0,0.0,0.0,0.0,0.0,0.0,0.0,0.0
2016-04-26,0.00021635501239691292,0.0001889811266827063,0.00017106370629791005,2.737388571420662e-05,0.12652300163707325,0.0001889811266827063,0.054521463124022056,0.04762324392404199,0.04310805398707333
2016-04-27,0.00013952039483460332,0.0001361977976424631,0.00028744118999061253,3.3225971921402146e-06,0.023814419191291864,0.0001361977976424631,0.03515913949832004,0.0343218450059007,0.07243517987763436
2016-04-28,0.0017319848374423939,0.0015071584807447773,0.002153208385271205,0.00022482635669761656,0.129808501614718,0.0015071584807447773,0.43646017903548323,0.3798039371476839,0.5426085130883437
2016-04-29,6.812492346074705e-06,5.99074194623968e-06,9.812283975438755e-06,8.217503998350251e-07,0.12062402971865065,5.99074194623968e-06,0.0017167480712108258,0.0015096669704523994,0.0024726955618105664
2016-05-02,5.883744082421545e-05,6.473496114527e-05,4.001244371135701e-05,0.0,0.0,6.473496114527e-05,0.014827035087702292,0.016313210208608042,0.010083135815261967
2016-05-03,0.0001134670249336174,0.00011133351817137369,0.00014625722520791813,2.133506762243715e-06,0.018802879027532624,0.00011133351817137369,0.028593690283271585,0.02805604657918617,0.03685682075239537
2016-05-04,0.00392394913269943,0.0040313994296723625,0.004086018106471426,0.0,0.0,0.0040313994296723625,0.9888351814402564,1.0159126562774354,1.0296765628307993
2016-05-05,1.5742122088274338e-08,1.713346084029592e-08,1.363413212093475e-08,0.0,0.0,1.713346084029592e-08,3.967014766245133e-06,4.317632131754572e-06,3.4358012944755574e-06
2016-05-06,0.000128612591749522,0.00010778070754979622,0.00011362224188527871,2.0831884199725784e-05,0.16197390748740043,0.00010778070754979622,0.03241037312087954,0.027160738302548646,0.028632804955090234
2016-05-09,6.900697698960121e-05,6.580895757348716e-05,5.700802846891288e-05,3.1980194161140537e-06,0.046343420756607676,6.580895757348716e-05,0.017389758201379505,0.016583857308518763,0.014366023174166047
2016-05-10,0.00031479716116938693,0.0002884132226272692,0.0002935054799967507,2.6383938542117716e-05,0.0838125044085403,0.0002884132226272692,0.07932888461468551,0.07268013210207185,0.07396338095918117
2016-05-11,0.0001297024983887601,0.00010278199694463461,0.0001104974741599141,2.6920501444125487e-05,0.2075557646999237,0.00010278199694463461,0.032685029593967546,0.025901063230047924,0.027845363488298355
2016-05-12,6.683208202813905e-06,7.52524059937799e-06,5.618631139573795e-06,0.0,0.0,7.52524059937799e-06,0.0016841684671091042,0.0018963606310432536,0.0014158950471725963
2016-05-13,2.71921564999189e-06,3.0770829291192313e-06,3.2323366528920637e-06,0.0,0.0,3.0770829291192313e-06,0.0006852423437979563,0.0007754248981380463,0.0008145488365288
2016-05-16,0.0006155093520096063,0.0006509942866554385,0.0007971553215116215,0.0,0.0,0.0006509942866554385,0.15510835670642079,0.16405056023717052,0.2008831410209286
2016-05-17,0.00015206183358186415,0.0001535506651356929,0.0002418295187062303,0.0,0.0,0.0001535506651356929,0.03831958206262977,0.03869476761419461,0.06094103871397004
2016-05-18,3.529426275770189e-06,3.772115809800451e-06,6.288026655577917e-06,0.0,0.0,3.772115809800451e-06,0.0008894154214940876,0.0009505731840697137,0.001584582717205635
2016-05-19,0.00013191949171022536,0.00014275543688615486,0.00016459967558918982,0.0,0.0,0.00014275543688615486,0.03324371191097679,0.03597437009531102,0.04147911824847583
2016-05-20,0.0002592008312349977,0.0002436327218869073,0.00024594949046723933,1.556810934809038e-05,0.06006195741677234,0.0002436327218869073,0.06531860947121941,0.06139544591550064,0.061979271597744315
2016-05-23,1.3354970832573532e-06,1.1815872282210575e-06,1.2746896110522617e-06,1.5390985503629577e-07,0.11524528336341837,1.1815872282210575e-06,0.000336545264980853,0.00029775998151170647,0.00032122178198516993
2016-05-24,0.0005057593142275812,0.0004967656388629411,0.0005466538288937869,8.99367536464008e-06,0.017782520447681947,0.0004967656388629411,0.12745134718535045,0.12518494099346117,0.13775676488123428
2016-05-25,4.892028028372872e-05,5.816762920137189e-05,8.035212887276387e-05,0.0,0.0,5.816762920137189e-05,0.012327910631499638,0.014658242558745717,0.020248736475936495
2016-05-26,2.5358836808153258e-05,2.1289442006635248e-05,3.0252285373409976e-05,4.06939480151801e-06,0.16047244878902286,2.1289442006635248e-05,0.006390426875654621,0.005364939385672083,0.007623575914099314
2016-05-27,1.747292466146497e-05,1.7709230420318008e-05,1.761274997873211e-05,0.0,0.0,1.7709230420318008e-05,0.004403177014689173,0.004462726065920138,0.004438412994640492
2016-05-31,7.865857663746487e-05,7.651931918433008e-05,6.121414823813718e-05,2.139257453134794e-06,0.027196747225643594,7.651931918433008e-05,0.019821961312641148,0.01928286843445118,0.01542596535601057
2016-06-01,1.290383336831364e-08,1.0069764878706323e-08,1.131549789825757e-08,2.834068489607317e-09,0.21961294723619232,1.0069764878706323e-08,3.2517660088150374e-06,2.5375807494339934e-06,2.8515054703609075e-06
2016-06-02,6.677032619529458e-06,8.002269400993742e-06,5.461024637031157e-06,0.0,0.0,8.002269400993742e-06,0.0016826122201214235,0.002016571889050423,0.0013761782085318515
2016-06-03,5.3149278120699296e-06,6.160833375947511e-06,6.236524884579384e-06,0.0,0.0,6.160833375947511e-06,0.0013393618086416223,0.0015525300107387728,0.0015716042709140047
2016-06-06,4.1552182508801566e-06,3.845481286945514e-06,4.953123312602134e-06,3.0973696393464253e-07,0.07454166560983135,3.845481286945514e-06,0.0010471149992217995,0.0009690612843102696,0.0012481870747757377
2016-06-07,9.984143993707848e-06,9.550443094695792e-06,1.2278828012572834e-05,4.337008990120564e-07,0.04343896240342873,9.550443094695792e-06,0.0025160042864143775,0.0024067116598633395,0.0030942646591683542
2016-06-08,8.821841816223987e-06,9.464761080364283e-06,1.0215248842938712e-05,0.0,0.0,9.464761080364283e-06,0.002223104137688445,0.0023851197922517995,0.0025742427084205553
2016-06-09,4.547511764628846e-07,4.47382029341971e-07,5.821018523047008e-07,7.369147120913604e-09,0.016204753934839167,4.47382029341971e-07,0.00011459729646864691,0.0001127402713941767,0.0001466896667807846
2016-06-10,0.2775191372407407,0.2767327303289998,0.1734322924126089,0.0007864069117408667,0.002833703360268973,0.2767327303289998,69.93482258466665,69.73664804290796,43.70493768797744
2016-06-13,8.36834403593666e-05,7.148909098116033e-05,8.230256757387683e-05,1.2194349378206269e-05,0.14571997972501366,7.148909098116033e-05,0.021088226970560384,0.018015250927252403,0.02074024702861696
2016-06-14,0.0,0.0,0.0,0.0,0.0,0.0,0.0,0.0,0.0
2016-06-15,0.0003007379949731937,0.0003533726455870176,0.00025597013696786473,0.0,0.0,0.0003533726455870176,0.07578597473324482,0.08904990668792843,0.06450447451590191
2016-06-16,9.473643313944086e-06,8.323775602047964e-06,6.998505514621779e-06,1.149867711896122e-06,0.12137543629368189,8.323775602047964e-06,0.0023873581151139097,0.002097591451716087,0.0017636233896846884
2016-06-17,0.000223664405117771,0.0002229046627302323,0.0005305199316674561,7.597423875387022e-07,0.003396796122931863,0.0002229046627302323,0.05636343008967829,0.056171975008018536,0.13369102278019893
2016-06-20,0.0016627770869672167,0.0017227198169908957,0.0020080289476095796,0.0,0.0,0.0017227198169908957,0.4190198259157386,0.43412539388170573,0.5060232947976141
2016-06-21,3.299634737240347e-06,3.4327183306359536e-06,2.65144495054197e-06,0.0,0.0,3.4327183306359536e-06,0.0008315079537845675,0.0008650450193202603,0.0006681641275365765
2016-06-22,2.9158114035600002e-06,2.3991501080930615e-06,1.767942365912525e-06,5.166612954669387e-07,0.17719291365800213,2.3991501080930615e-06,0.0007347844736971201,0.0006045858272394515,0.0004455214762099563
2016-06-23,0.0006666934144831291,0.0007094532217117197,0.00045980207496445927,0.0,0.0,0.0007094532217117197,0.16800674044974853,0.17878221187135337,0.11587012289104373
2016-06-24,0.0915701411243121,0.09224443905112671,0.03449312899331313,0.0,0.0,0.09224443905112671,23.075675563326648,23.24559864088393,8.692268506314909
2016-06-27,0.00034604905315980405,0.000313452534462858,0.0005137266316338519,3.259651869694604e-05,0.09419623693551002,0.000313452534462858,0.08720436139627062,0.07899003868464022,0.1294591111717307
2016-06-28,0.0012232793513082616,0.001312947982072453,0.0010825282952686573,0.0,0.0,0.001312947982072453,0.3082663965296819,0.3308628914822581,0.27279713040770165
2016-06-29,0.004310196535148094,0.004033035240797491,0.005290283488474399,0.00027716129435060265,0.06430363256667042,0.004033035240797491,1.0861695268573197,1.0163248806809677,1.3331514390955486
2016-06-30,0.00020164611514885184,0.00020065899821652294,0.00021433469610481406,9.871169323289006e-07,0.004895293552791402,0.00020065899821652294,0.05081482101751066,0.05056606755056378,0.05401234341841314
2016-07-01,4.986233678682122e-05,4.5936028101044734e-05,2.8357748384197173e-05,3.926308685776487e-06,0.07874297235245603,4.5936028101044734e-05,0.012565308870278947,0.011575879081463273,0.0071461525928176875
2016-07-05,0.0001875008856433075,0.00016281738498559825,0.00012197963885969936,2.4683500657709254e-05,0.13164471432428976,0.00016281738498559825,0.04725022318211349,0.04102998101637076,0.03073886899264424
2016-07-06,0.00019521115664527183,0.00017951840484451334,0.0001717036361662525,1.5692751800758486e-05,0.08038860068272628,0.00017951840484451334,0.0491932114746085,0.04523863802081736,0.043269316313895634
2016-07-07,0.00015838941665153545,0.0001389609903465881,0.00013520336612681964,1.942842630494736e-05,0.12266240127033524,0.0001389609903465881,0.03991413299618693,0.0350181695673402,0.03407124826395855
2016-07-08,0.0073828907007346765,0.007117945562627167,0.010023373320528313,0.00026494513810750974,0.03588636874243018,0.007117945562627167,1.8604884565851385,1.793722281782046,2.525890076773135
2016-07-11,9.715546208654135e-05,9.597587691651738e-05,9.002100848416386e-05,1.1795851700239785e-06,0.012141212985349693,9.597587691651738e-05,0.02448317644580842,0.024185920982962378,0.022685294138009293
2016-07-12,1.0576930719437772e-05,1.0440483230832051e-05,1.2370482547878458e-05,1.3644748860572043e-07,0.01290047929069674,1.0440483230832051e-05,0.0026653865412983183,0.0026310017741696767,0.0031173616020653714
2016-07-13,3.672477879398252e-05,3.9457140763053264e-05,2.6916644337064076e-05,0.0,0.0,3.9457140763053264e-05,0.009254644256083595,0.009943199472289423,0.006782994372940147
2016-07-14,9.585063919365466e-05,9.636851501970872e-05,8.040007465309302e-05,0.0,0.0,9.636851501970872e-05,0.024154361076800974,0.024284865784966598,0.02026081881257944
2016-07-15,4.374427453386306e-06,4.733381408362115e-06,3.4745838847747935e-06,0.0,0.0,4.733381408362115e-06,0.0011023557182533491,0.001192812114907253,0.000875595138963248
2016-07-18,2.621021769645178e-05,2.7205878228644374e-05,2.215610710976134e-05,0.0,0.0,2.7205878228644374e-05,0.006604974859505848,0.006855881313618382,0.005583338991659858
2016-07-19,1.0129533700774783e-05,9.006624269861763e-06,1.0676677419853884e-05,1.1229094309130198e-06,0.11085498634277163,9.006624269861763e-06,0.0025526424925952453,0.002269669316005164,0.002690522709803179
2016-07-20,7.540036029736184e-05,7.390921177066792e-05,5.264163224603729e-05,1.4911485266939174e-06,0.01977641089560788,7.390921177066792e-05,0.019000890794935183,0.018625121366208315,0.013265691326001397
2016-07-21,1.8459521683230394e-06,1.6275616273147027e-06,2.3494027942423676e-06,2.183905410083367e-07,0.1183077364886424,1.6275616273147027e-06,0.00046517994641740595,0.0004101455300833051,0.0005920495041490766
2016-07-22,0.00010937575835290942,9.808288356595006e-05,0.00013555980446956144,1.1292874786959355e-05,0.10324842409113719,9.808288356595006e-05,0.027562691104933174,0.024716886658619416,0.034161070726329484
2016-07-25,1.0663981434240498e-07,1.028952547920583e-07,5.21223699666769e-08,3.744559550346674e-09,0.0351137561489689,1.028952547920583e-07,2.6873233214286053e-05,2.5929604207598693e-05,1.3134837231602578e-05
2016-07-26,4.730960007548427e-06,4.00447873247067e-06,4.550348783078737e-06,7.264812750777573e-07,0.15355892257801934,4.00447873247067e-06,0.0011922019219022036,0.0010091286405826089,0.0011466878933358417
2016-07-27,0.0035602995178450436,0.003720068510921001,0.006515820290171745,0.0,0.0,0.003720068510921001,0.897195478496951,0.9374572647520922,1.64198671312328
2016-07-28,1.0688831968598865e-05,1.0139927212153167e-05,8.081045418728468e-06,5.489047564456976e-07,0.051353104502450675,1.0139927212153167e-05,0.002693585656086914,0.0025552616574625983,0.002036423445519574
2016-07-29,2.7503554935515863e-06,2.6246420918081733e-06,3.663416667561808e-06,1.25713401743413e-07,0.045708038953552875,2.6246420918081733e-06,0.0006930895843749998,0.0006614098071356597,0.0009231810002255757
2016-08-01,1.276022020331461e-05,1.3024146725535641e-05,1.0845263209178752e-05,0.0,0.0,1.3024146725535641e-05,0.0032155754912352816,0.0032820849748349816,0.0027330063287130456
2016-08-02,1.3407333437774729,1.3421020696358967,1.0560056276794643,0.0,0.0,1.3421020696358967,337.86480263192317,338.20972154824597,266.113418175225
2016-08-03,4.886034056229483e-06,4.747050251613345e-06,5.76826107345693e-06,1.3898380461613767e-07,0.028445109995463364,4.747050251613345e-06,0.0012312805821698297,0.001196256663406563,0.0014536017905111465
2016-08-04,0.00017316058704699947,0.00017894222115583239,0.00011035439697348061,0.0,0.0,0.00017894222115583239,0.043636467935843866,0.04509343973126976,0.027809308037317113
2016-08-05,0.0007471744300048473,0.0007492201163804389,0.0006770402168258433,0.0,0.0,0.0007492201163804389,0.18828795636122153,0.1888034693278706,0.1706141346401125
2016-08-08,7.027542810385598e-05,6.413566560713582e-05,5.140405344306846e-05,6.139762496720159e-06,0.08736712923725531,6.413566560713582e-05,0.017709407882171707,0.016162187732998226,0.01295382146765325
2016-08-09,3.51400410323732e-05,3.746033150256959e-05,2.290799553766352e-05,0.0,0.0,3.746033150256959e-05,0.008855290340158046,0.009440003538647535,0.005772814875491207
2016-08-10,3.840471313449747e-06,4.078519568439714e-06,2.580271281848047e-06,0.0,0.0,4.078519568439714e-06,0.0009677987709893363,0.001027786931246808,0.0006502283630257078
2016-08-11,1.1485897134265425e-05,1.0854332159820851e-05,7.180849542406689e-06,6.315649744445739e-07,0.054986120115452806,1.0854332159820851e-05,0.002894446077834887,0.0027352917042748545,0.0018095740846864855
2016-08-12,1.9033442517538692e-06,1.9503326693778343e-06,2.18516198332233e-06,0.0,0.0,1.9503326693778343e-06,0.00047964275144197506,0.0004914838326832143,0.0005506608197972272
2016-08-15,0.0001281831356843348,0.00013346898483813062,5.689129876209079e-05,0.0,0.0,0.00013346898483813062,0.032302150192452375,0.033634184179208916,0.01433660728804688
2016-08-16,0.00019067334744867786,0.00020319166991473518,0.00012697380824236386,0.0,0.0,0.00020319166991473518,0.04804968355706682,0.051204300818513265,0.03199739967707569
2016-08-17,7.870634806464634e-07,8.375174001117143e-07,9.424856292679694e-07,0.0,0.0,8.375174001117143e-07,0.00019833999712290878,0.000211054384828152,0.00023750637857552828
2016-08-18,1.8300941881532136e-07,1.7310031596710629e-07,1.4123703417273072e-07,9.909102848215073e-09,0.05414502033468653,1.7310031596710629e-07,4.611837354146098e-05,4.3621279623710784e-05,3.559173261152814e-05
2016-08-19,1.7064292810844127e-08,1.5187706312965746e-08,1.4669618308105529e-08,1.8765864978783807e-09,0.10996509223011429,1.5187706312965746e-08,4.30020178833272e-06,3.827301990867368e-06,3.696743813642593e-06
2016-08-22,7.081089860635434e-07,5.931055760584459e-07,6.661492486217536e-07,1.1500341000509749e-07,0.1624089650880555,5.931055760584459e-07,0.00017844346448801294,0.00014946260516672836,0.00016786961065268192
2016-08-23,4.439268170829605e-06,4.722071653137989e-06,4.384767720940471e-06,0.0,0.0,4.722071653137989e-06,0.0011186955790490605,0.0011899620565907732,0.0011049614656769987
2016-08-24,9.492991928255909e-05,8.203524794011387e-05,0.00011734404345243174,1.289467134244522e-05,0.1358335844385438,8.203524794011387e-05,0.02392233965920489,0.020672882480908695,0.029570698950012797
2016-08-25,3.303639759393953e-06,3.780340889815801e-06,1.9378536891105324e-06,0.0,0.0,3.780340889815801e-06,0.0008325172193672761,0.0009526459042335819,0.0004883391296558542
2016-08-26,2.6873148391990195e-05,2.681443423573276e-05,3.084018508281323e-05,5.871415625743456e-08,0.002184863240291995,2.681443423573276e-05,0.006772033394781529,0.006757237427404656,0.007771726640868933
2016-08-29,8.872618161601311e-06,8.342602430687067e-06,6.563695540274691e-06,5.300157309142434e-07,0.059736107372672057,8.342602430687067e-06,0.0022358997767235305,0.002102335812533141,0.0016540512761492221
2016-08-30,0.0003672574039266897,0.00038073745945716564,0.00025919687631329586,0.0,0.0,0.00038073745945716564,0.0925488657895258,0.09594583978320574,0.06531761283095056
2016-08-31,1.407082529762658e-06,1.0609716012696016e-06,2.367525199723419e-06,3.461109284930564e-07,0.2459775281083968,1.0609716012696016e-06,0.0003545847975001898,0.0002673648435199396,0.0005966163503303016
2016-09-01,9.735789886282144e-05,0.00011175824042011842,7.388465086652195e-05,0.0,0.0,0.00011175824042011842,0.024534190513431003,0.02816307658586984,0.01861893201836353
2016-09-02,0.00026706466684689554,0.00024222116412996863,0.00026728030776324274,2.4843502716926903e-05,0.0930242960149612,0.00024222116412996863,0.06730029604541768,0.061039733360752094,0.06735463755633717
2016-09-06,0.0031480489431084772,0.0033834661030305475,0.004172316857236763,0.0,0.0,0.0033834661030305475,0.7933083336633363,0.8526334579636979,1.0514238480236644
2016-09-07,8.168429124646908e-07,8.028926991322742e-07,4.635389106318972e-07,1.3950213332416619e-08,0.01707818730058741,8.028926991322742e-07,0.0002058444139411021,0.0002023289601813331,0.0001168118054792381
2016-09-08,0.021197654207597498,0.019401835081295397,0.023589613390090303,0.0017958191263021013,0.08471782342660067,0.019401835081295397,5.341808860314569,4.88926244048644,5.944582574302756
2016-09-09,0.009819062652561099,0.008722786937151323,0.00728451876544323,0.0010962757154097755,0.11164769531358343,0.008722786937151323,2.474403788445397,2.1981423081621334,1.835698728891694
2016-09-12,0.0001877392094691015,0.0001896119293669173,0.00024039690500530142,0.0,0.0,0.0001896119293669173,0.04731028078621358,0.04778220620046316,0.060580020061335955
2016-09-13,3.1691618138257884e-05,3.5957812238921705e-05,3.443457711697984e-05,0.0,0.0,3.5957812238921705e-05,0.007986287770840986,0.00906136868420827,0.008677513433478919
2016-09-14,0.002376474718874557,0.0025946507155110614,0.0015838433126778096,0.0,0.0,0.0025946507155110614,0.5988716291563884,0.6538519803087874,0.399128514794808
2016-09-15,0.0013523226866996108,0.001457932711514423,0.0010670666800585626,0.0,0.0,0.001457932711514423,0.3407853170483019,0.3673990433016346,0.2689008033747578
2016-09-16,4.676228592881119e-07,4.497136661261994e-07,3.0356250447317873e-07,1.7909193161912482e-08,0.038298287835818685,4.497136661261994e-07,0.00011784096054060419,0.00011332784386380225,7.649775112724104e-05
2016-09-19,6.7682272765004365e-06,6.1051545918731585e-06,8.269087816942704e-06,6.630726846272779e-07,0.09796842800493198,6.1051545918731585e-06,0.00170559327367811,0.001538498957152036,0.0020838101298695615
2016-09-20,1.1673466458620099e-05,8.570393408000659e-06,1.3491855342635594e-05,3.1030730506194397e-06,0.26582273532856954,8.570393408000659e-06,0.0029417135475722648,0.002159739138816166,0.0033999475463441695
2016-09-21,0.0014863433617280592,0.0013618877614157865,0.0016355933585725415,0.00012445560031227264,0.08373273863439251,0.0013618877614157865,0.3745585271554709,0.3431957158767782,0.4121695263602805
2016-09-22,0.0005286227815575042,0.0005404852701011298,0.0004887678590935233,0.0,0.0,0.0005404852701011298,0.13321294095249106,0.1362022880654847,0.12316950049156787
2016-09-23,9.901162297976074e-06,8.95217032322849e-06,1.081975411919475e-05,9.48991974747585e-07,0.09584651279729638,8.95217032322849e-06,0.002495092899089971,0.0022559469214535792,0.002726578038037077
2016-09-26,0.0016295187979815436,0.001530239993925315,0.0014279806293181977,9.927880405622867e-05,0.06092522781466428,0.001530239993925315,0.410638737091349,0.38562047846917935,0.3598511185881858
2016-09-27,0.00012418939679437882,0.00012293570057116538,0.00013989474869341954,1.2536962232134361e-06,0.01009503424188584,0.00012293570057116538,0.03129572799218346,0.030979796543933676,0.035253476670741725
2016-09-28,1.4458296989789125e-05,1.358634627530505e-05,2.498496434203162e-05,8.719507144840743e-07,0.06030797782006371,1.358634627530505e-05,0.0036434908414268593,0.0034237592613768726,0.006296211014191968
2016-09-29,0.667226431629847,0.6086478894847549,0.3868894176507049,0.05857854214509206,0.0877940971281868,0.6086478894847549,168.14106077072142,153.37926815015823,97.49613324797764
2016-09-30,0.0001771020327393629,0.00017392813863086447,0.00012869702809503332,3.173894108498426e-06,0.017921274202697044,0.00017392813863086447,0.04462971225031945,0.04382989093497785,0.032431651079948394
2016-10-03,1.0376634409183034e-05,9.880884561862656e-06,8.908215565184843e-06,4.957498473203778e-07,0.04777558695775829,9.880884561862656e-06,0.0026149118711141246,0.0024899829095893894,0.0022448703224265806
2016-10-04,4.479197592615008e-06,4.581438278882317e-06,4.407583844461306e-06,0.0,0.0,4.581438278882317e-06,0.001128757793338982,0.001154522446278344,0.001110711128804249
2016-10-05,9.516548071612566e-06,1.0331371795052863e-05,8.83254607484225e-06,0.0,0.0,1.0331371795052863e-05,0.0023981701140463664,0.0026035056923533213,0.0022258016108602473
2016-10-06,2.835297866859223e-07,2.8330961295791515e-07,2.5445195745943375e-07,2.2017372800716634e-10,0.0007765425779002301,2.8330961295791515e-07,7.144950624485242e-05,7.139402246539462e-05,6.41218932797773e-05
2016-10-07,1.7468991996052125e-05,1.5162641243488699e-05,2.468633253913876e-05,2.3063507525634257e-06,0.13202539797712698,1.5162641243488699e-05,0.004402185983005135,0.003820985593359152,0.006220955799862968
2016-10-10,0.002868014493539003,0.0030351385604661884,0.00308026332673036,0.0,0.0,0.0030351385604661884,0.7227396523718288,0.7648549172374794,0.7762263583360507
2016-10-11,0.00010763286747184212,0.00010490412074903097,0.00012791939211510842,2.728746722811153e-06,0.025352355294005955,0.00010490412074903097,0.027123482602904214,0.026435838428755805,0.03223568681300732
2016-10-12,9.111410947469568e-07,8.291458981966397e-07,1.6445079539642545e-06,8.199519655031705e-08,0.08999166762577118,8.291458981966397e-07,0.00022960755587623312,0.0002089447663455532,0.00041441600439899215
2016-10-13,2.7699679250893423e-05,2.1097359527723898e-05,1.8702741751120837e-05,6.602319723169525e-06,0.2383536439182028,2.1097359527723898e-05,0.006980319171225143,0.0053165346009864224,0.004713090921282451
2016-10-14,3.917790063304375e-06,4.1459513821024256e-06,2.092963891553021e-06,0.0,0.0,4.1459513821024256e-06,0.0009872830959527026,0.0010447797482898112,0.0005274269006713613
2016-10-17,0.016132985230369417,0.01690472857251043,0.006712260668336407,0.0,0.0,0.01690472857251043,4.0655122780530935,4.259991600272628,1.6914896884207746
2016-10-18,8.359196430171566e-05,8.20483540710183e-05,0.0001229093883440363,1.5436102306973622e-06,0.01846601195612374,8.20483540710183e-05,0.021065175004032346,0.02067618522589661,0.030973165862697147
2016-10-19,3.323524876905686e-09,2.9483987611278952e-09,2.9197980889537528e-09,3.751261157777908e-10,0.11283600805145451,2.9483987611278952e-09,8.375282689802329e-07,7.429964878042296e-07,7.357891184163457e-07
2016-10-20,5.787391100834845e-05,5.660241491803906e-05,5.701635889067029e-05,1.271496090309391e-06,0.021970107880835404,5.660241491803906e-05,0.014584225574103809,0.014263808559345843,0.014368122440448914
2016-10-21,7.894584010023608e-06,7.078856947330741e-06,7.139217288788247e-06,8.157270626928677e-07,0.10332741514052406,7.078856947330741e-06,0.001989435170525949,0.0017838719507273467,0.0017990827567746384
2016-10-24,4.744519118057738e-05,4.783733895006258e-05,3.3249900528505796e-05,0.0,0.0,4.783733895006258e-05,0.0119561881775055,0.01205500941541577,0.00837897493318346
2016-10-25,8.886981731408622e-05,8.559951888889526e-05,4.675622068053366e-05,3.270298425190959e-06,0.036798752233665855,8.559951888889526e-05,0.022395193963149727,0.021571078760001607,0.011782567611494483
2016-10-26,6.323875401211484e-05,6.026485097282715e-05,5.5125110161091104e-05,2.973903039287689e-06,0.047026590556976805,6.026485097282715e-05,0.015936166011052938,0.01518674244515244,0.013891527760594958
2016-10-27,1.5254967320031689e-05,1.535979190120753e-05,1.3186649877062782e-05,0.0,0.0,1.535979190120753e-05,0.0038442517646479855,0.003870667559104298,0.003323035769019821
2016-10-28,1.7003852113973894e-05,1.5198669321705017e-05,1.4459496914802663e-05,1.8051827922688774e-06,0.10616316079473567,1.5198669321705017e-05,0.004284970732721422,0.003830064669069664,0.003643793222530271
2016-10-31,3.120061845195388e-07,2.976866721531606e-07,2.1324766170340564e-07,1.4319512366378187e-08,0.04589481613517608,2.976866721531606e-07,7.862555849892379e-05,7.501704138259648e-05,5.373841074925822e-05
2016-11-01,0.001027812175650593,0.001085130906602135,0.0013002288790368364,0.0,0.0,0.001085130906602135,0.2590086682639494,0.27345298846373806,0.3276576775172828
2016-11-02,0.0003561904830099082,0.00031614067125086833,0.0003783578687631028,4.004981175903988e-05,0.11243930861983895,0.00031614067125086833,0.08976000171849687,0.07966744915521883,0.09534618292830191
2016-11-03,0.1401163047043452,0.15318274674844162,0.18318462079061792,0.0,0.0,0.15318274674844162,35.30930878549499,38.60205218060729,46.16252443923572
2016-11-04,5.219265422905964e-05,5.815390304309114e-05,3.42805499726004e-05,0.0,0.0,5.815390304309114e-05,0.013152548865723028,0.014654783566858967,0.0086386985930953
2016-11-07,0.05161023803591038,0.04802654537211198,0.031944792454887204,0.0035836926637984046,0.06943763098390353,0.04802654537211198,13.005779985049417,12.102689433772218,8.050087698631575
2016-11-08,0.0001380501864445554,0.00013646408979927198,7.893842836569552e-05,1.5860966452834184e-06,0.011489275564514801,0.00013646408979927198,0.03478864698402796,0.03438895062941654,0.019892483948155272
2016-11-09,0.002439161540971558,0.002378974707845894,0.001972316772052874,6.0186833125663777e-05,0.02467521403974546,0.002378974707845894,0.6146687083248326,0.5995016263771653,0.49702382655732424
2016-11-10,0.0006498261951628916,0.0006353100711315467,0.00033055354396385457,1.451612403134499e-05,0.02233847160526942,0.0006353100711315467,0.1637562011810487,0.16009813792514976,0.08329949307889135
2016-11-11,1.4306625247766148e-06,1.5803610429638933e-06,1.1676183950312519e-06,0.0,0.0,1.5803610429638933e-06,0.00036052695624370695,0.0003982509828269011,0.0002942398355478755
2016-11-14,0.0007058758151140837,0.0007573438633819631,0.0005843651232059006,0.0,0.0,0.0007573438633819631,0.1778807054087491,0.1908506535722547,0.14726001104788694
2016-11-15,0.0005527580551525843,0.0005051706544699902,0.0005480870641032999,4.758740068259407e-05,0.08609083151826187,0.0005051706544699902,0.13929502989845124,0.12730300492643754,0.13811794015403156
2016-11-16,0.0006680267598404779,0.000727841567381394,0.0008169714655326862,0.0,0.0,0.000727841567381394,0.16834274347980044,0.1834160749801113,0.2058768093142369
2016-11-17,4.2582230679590955e-05,4.5199246147427885e-05,2.2716777426142316e-05,0.0,0.0,4.5199246147427885e-05,0.01073072213125692,0.011390210029151826,0.005724627911387864
2016-11-18,2.1829239261913522e-05,1.9870990022660282e-05,1.4612865992811013e-05,1.9582492392532397e-06,0.0897076222423502,1.9870990022660282e-05,0.005500968294002207,0.005007489485710391,0.0036824422301883755
2016-11-21,0.00011973781054585599,0.00011685788664319687,0.00013872122622884953,2.8799239026591143e-06,0.024051916979927347,0.00011685788664319687,0.03017392825755571,0.029448187434085612,0.03495774900967008
2016-11-22,1.1047361837891192e-05,1.058098276019614e-05,1.6651909834979066e-05,4.663790776950512e-07,0.04221632660560621,1.058098276019614e-05,0.0027839351831485805,0.0026664076555694273,0.004196281278414725
2016-11-23,1.6732490764391082e-05,1.58797376256087e-05,2.206149114743249e-05,8.527531387823821e-07,0.05096390608105074,1.58797376256087e-05,0.0042165876726265525,0.004001693881653392,0.005559495769152987
2016-11-25,9.910905701847396e-05,9.651971781018133e-05,0.00011641918250941303,2.5893392082926243e-06,0.02612616101961105,9.651971781018133e-05,0.024975482368655436,0.024322968888165694,0.029337633992372082
2016-11-28,7.388422401512395e-06,6.777411543400357e-06,9.377207343507674e-06,6.110108581120387e-07,0.0826984087006933,6.777411543400357e-06,0.0018618824451811236,0.00170790770893689,0.002363056250563934
2016-11-29,7.71768872322636e-06,7.950072642863037e-06,4.680553653654657e-06,0.0,0.0,7.950072642863037e-06,0.0019448575582530429,0.0020034183060014853,0.0011794995207209736
2016-11-30,0.00041108089385328216,0.0003389640420132075,0.00035276578085872485,7.211685184007466e-05,0.17543226343762267,0.0003389640420132075,0.10359238525102711,0.0854189385873283,0.08889697677639866
2016-12-01,0.0006627340791831066,0.0006535358486942387,0.0005454502720887591,9.198230488867876e-06,0.01387921756841975,0.0006535358486942387,0.16700898795414285,0.16469103387094816,0.1374534685663673
2016-12-02,9.519171256368856e-07,9.950785604453273e-07,1.6661731491903922e-06,0.0,0.0,9.950785604453273e-07,0.00023988311566049516,0.0002507597972322225,0.00041987563359597885
2016-12-05,0.0008217194224803386,0.0006825221321390552,0.0011338382611914884,0.00013919729034128343,0.16939759042292374,0.0006825221321390552,0.20707329446504533,0.1719955772990419,0.2857272418202551
2016-12-06,4.016295646872646e-06,4.4913305882233695e-06,4.799791331223319e-06,0.0,0.0,4.4913305882233695e-06,0.001012106503011907,0.001131815308232289,0.0012095474154682764
2016-12-07,0.0004765103036339145,0.00041975216501389265,0.0004708359721111319,5.6758138620021834e-05,0.11911209068947008,0.00041975216501389265,0.12008059651574644,0.10577754558350094,0.11865066497200524
2016-12-08,8.834241378420295e-06,8.833574592955286e-06,7.917827607060519e-06,6.667854650091795e-10,7.547737954733494e-05,8.833574592955286e-06,0.0022262288273619145,0.002226060797424732,0.0019952925569792506
2016-12-09,0.09816736816479554,0.08404086129322576,0.06818598383694095,0.014126506871569786,0.14390226747967236,0.08404086129322576,24.738176777528476,21.17829704589289,17.182867926909122
2016-12-12,1.63190610781827e-05,1.569867904162872e-05,1.897232303228801e-05,6.203820365539804e-07,0.038015789975049015,1.569867904162872e-05,0.00411240339170204,0.003956067118490438,0.004781025404136578
2016-12-13,0.0004820059244238621,0.0004890770045690884,0.0004655286878079817,0.0,0.0,0.0004890770045690884,0.12146549295481325,0.12324740515141026,0.11731322932761139
2016-12-14,0.0022061953194923373,0.002085710911066142,0.001843367277205673,0.00012048440842619534,0.05461185023242089,0.002085710911066142,0.555961220512069,0.5255991495886678,0.4645285538558296
2016-12-15,0.00021045015368277985,0.00017893499274791128,0.0002692628190741346,3.1515160934868566e-05,0.1497511892180486,0.00017893499274791128,0.053033438728060524,0.04509161817247364,0.06785423040668193
2016-12-16,6.2077514325043565e-06,5.876508705157641e-06,8.356900800536677e-06,3.3124272734671514e-07,0.05335952600369468,5.876508705157641e-06,0.0015643533609910978,0.0014808801936997257,0.002105939001735243
2016-12-19,9.204318304216029e-05,9.009467352840149e-05,0.00010885268135184195,1.948509513758796e-06,0.021169514440811645,9.009467352840149e-05,0.02319488212662439,0.022703857729157177,0.027430875700664173
2016-12-20,0.00016592041212327605,0.0001565117641301407,0.00013035427316455535,9.408647993135362e-06,0.05670578933614935,0.0001565117641301407,0.041811943855065564,0.039440964560795454,0.032849276837467946
2016-12-21,4.3635764771581517e-07,4.610293824645439e-07,3.8727837013785226e-07,0.0,0.0,4.610293824645439e-07,0.00010996212722438542,0.00011617940438106506,9.759414927473877e-05
2016-12-22,1.2616320175848352e-05,1.139933977758342e-05,1.4627980798075903e-05,1.216980398264933e-06,0.09646079719297415,1.139933977758342e-05,0.003179312684313785,0.002872633623951022,0.0036862511611151275
2016-12-23,0.00041458993888626635,0.00039799057873901106,0.00022925721452500046,1.659936014725529e-05,0.040038019619600414,0.00039799057873901106,0.10447666459933912,0.10029362584223078,0.057772818060300116
2016-12-27,0.00020832915336847218,0.00017336010088002225,0.0003568054356660665,3.496905248844993e-05,0.16785481894963247,0.00017336010088002225,0.05249894664885499,0.04368674542176561,0.08991496978784876
2016-12-28,6.405198993666721e-05,5.97017509535667e-05,6.23668087290474e-05,4.350238983100511e-06,0.06791731091390905,5.97017509535667e-05,0.016141101464040138,0.015044841240298808,0.015716435799719944
2016-12-29,0.0010388036056747246,0.0009252524618447963,0.0011400819007981694,0.00011355114382992826,0.10930953945511662,0.0009252524618447963,0.2617785086300306,0.2331636203848887,0.28730063900113867
2016-12-30,0.00023585543529944846,0.0002091858914940562,0.00032399039453973765,2.6669543805392262e-05,0.11307580704449774,0.0002091858914940562,0.059435569695461016,0.05271484465650216,0.08164557942401389
2017-01-03,0.000442739735051252,0.0004493225899775311,0.0003110475398952613,0.0,0.0,0.0004493225899775311,0.1115704132329155,0.11322929267433784,0.07838398005360585
2017-01-04,8.062726694696077e-06,7.338701210473146e-06,1.1986331815264291e-05,7.240254842229305e-07,0.0897990744123999,7.338701210473146e-06,0.0020318071270634115,0.0018493527050392328,0.0030205556174466015
2017-01-05,9.709930939231325e-06,9.99658450953567e-06,1.0920267606232045e-05,0.0,0.0,9.99658450953567e-06,0.002446902596686294,0.0025191392964029886,0.0027519074367704753
2017-01-06,8.706961717201146e-05,8.097301535948788e-05,8.32198330181415e-05,6.0966018125235794e-06,0.07001985239534832,8.097301535948788e-05,0.021941543527346886,0.020405199870590945,0.02097139792057166
2017-01-09,0.00013682770731027934,0.0001407680034759775,7.794015678404923e-05,0.0,0.0,0.0001407680034759775,0.034480582242190395,0.03547353687594633,0.019640919509580405
2017-01-10,4.482385092032516e-06,4.194578554678397e-06,4.193996714808399e-06,2.878065373541194e-07,0.06420833267033785,4.194578554678397e-06,0.001129561043192194,0.001057033795778956,0.0010568871721317165
2017-01-11,5.174401798288714e-06,4.922482905780917e-06,4.635679983944557e-06,2.519188925077967e-07,0.04868559760966264,4.922482905780917e-06,0.001303949253168756,0.001240465692256791,0.0011681913559540285
2017-01-12,1.3035801987233523e-05,1.1321343002114647e-05,1.5812508629306225e-05,1.714458985118876e-06,0.1315192464014617,1.1321343002114647e-05,0.0032850221007828476,0.002852978436532891,0.003984752174585169
2017-01-13,0.00043824906039991834,0.0004371034418630962,0.0005964179550065756,1.1456185368221607e-06,0.0026140809820850747,0.0004371034418630962,0.11043876322077942,0.11015006734950024,0.15029732466165704
2017-01-17,5.896251254010628e-06,5.248704753019797e-06,6.557076368482234e-06,6.47546500990831e-07,0.10982340529111016,5.248704753019797e-06,0.0014858553160106782,0.0013226735977609888,0.0016523832448575228
2017-01-18,9.834710934797192e-06,1.0536428553214419e-05,1.408310703320827e-05,0.0,0.0,1.0536428553214419e-05,0.0024783471555688925,0.0026551799954100336,0.003548942972368484
2017-01-19,6.513120749591307e-08,7.36968292402488e-08,4.4561264675195144e-08,0.0,0.0,7.36968292402488e-08,1.6413064288970093e-05,1.8571600968542697e-05,1.1229438698149177e-05
2017-01-20,0.00022497310354532805,0.00022832948016272644,0.00014793742063549112,0.0,0.0,0.00022832948016272644,0.05669322209342267,0.05753902900100706,0.037280230000143764
2017-01-23,1.647972435122829e-05,1.6798166409738366e-05,1.226285073788309e-05,0.0,0.0,1.6798166409738366e-05,0.004152890536509529,0.004233137935254068,0.0030902383859465385
2017-01-24,0.0029838089038520016,0.0031207080928430373,0.004077662478876683,0.0,0.0,0.0031207080928430373,0.7519198437707044,0.7864184393964454,1.0275709446769241
2017-01-25,4.346218927881876e-05,4.706661216666705e-05,5.079895436881529e-05,0.0,0.0,4.706661216666705e-05,0.010952471698262327,0.011860786266000097,0.012801336500941453
2017-01-26,1.3986399281513051e-06,1.4597480744227923e-06,1.2343767797864264e-06,0.0,0.0,1.4597480744227923e-06,0.00035245726189412886,0.0003678565147545437,0.00031106294850617944
2017-01-27,3.754956802123158e-06,3.83678272641128e-06,3.6376633867278176e-06,0.0,0.0,3.83678272641128e-06,0.0009462491141350359,0.0009668692470556425,0.00091669117345541
2017-01-30,0.00012382177126550476,0.0001318528746553412,0.00014842950911925045,0.0,0.0,0.0001318528746553412,0.031203086358907197,0.03322692441314598,0.03740423629805111
2017-01-31,1.495423254058764e-06,1.4671962481549302e-06,1.968108944281311e-06,2.822700590383373e-08,0.018875583853359468,1.4671962481549302e-06,0.0003768466600228085,0.00036973345453504244,0.0004959634539588904
2017-02-01,0.0006633115127404201,0.0006779363534813372,0.0007418398882141731,0.0,0.0,0.0006779363534813372,0.16715450121058587,0.17083996107729696,0.18694365182997164
2017-02-02,2.969020338078848e-07,2.4006455069691513e-07,2.7515386424795493e-07,5.683748311096968e-08,0.19143449759340336,2.4006455069691513e-07,7.481931251958697e-05,6.0496266775622614e-05,6.933877379048464e-05
2017-02-03,8.041890925120726e-06,7.312830076378159e-06,1.0212721536575332e-05,7.290608487425673e-07,0.09065787696862422,7.312830076378159e-06,0.002026556513130423,0.001842833179247296,0.002573605827216984
2017-02-06,1.3946161457566598e-06,1.1581826179465976e-06,2.640904300586219e-06,2.3643352781006223e-07,0.169532927749704,1.1581826179465976e-06,0.0003514432687306783,0.0002918620197225426,0.0006655078837477272
2017-02-07,3.968650544990383e-06,3.8123427669129946e-06,3.539714083172387e-06,1.5630777807738846e-07,0.03938561405691948,3.8123427669129946e-06,0.0010000999373375764,0.0009607103772620746,0.0008920079489594415
2017-02-08,0.0016067646201957826,0.00161080146301911,0.0016136879462436355,0.0,0.0,0.00161080146301911,0.40490468428933724,0.40592196868081576,0.4066493624533961
2017-02-09,1.4238588084698556e-05,1.3523989168615057e-05,1.7390487229095446e-05,7.145989160834994e-07,0.05018748078427521,1.3523989168615057e-05,0.0035881241973440363,0.0034080452704909944,0.004382402781732052
2017-02-10,0.0012357747007860679,0.0012083067463276418,0.000855155064533128,2.7467954458426126e-05,0.02222731572245866,0.0012083067463276418,0.3114152245980891,0.3044933000745657,0.21549907626234827
2017-02-13,4.73504038468368e-06,4.142679857478253e-06,5.776596675159559e-06,5.923605272054268e-07,0.125101446657155,4.142679857478253e-06,0.0011932301769402873,0.0010439553240845197,0.0014557023621402088
2017-02-14,0.0003810438317880905,0.00038181836428732234,0.00032369945220603,0.0,0.0,0.00038181836428732234,0.09602304561059881,0.09621822780040523,0.08157226195591956
2017-02-15,0.016801222014292735,0.016661495415019663,0.01870108768375016,0.00013972659927307188,0.008316454549906581,0.016661495415019663,4.233907947601769,4.198696844584955,4.71267409630504
2017-02-16,2.0790497895797254e-07,2.2260521582994156e-07,2.82150357030575e-07,0.0,0.0,2.2260521582994156e-07,5.239205469740908e-05,5.609651438914527e-05,7.11018899717049e-05
2017-02-17,4.241156647158237e-05,4.054052875979001e-05,4.0862713166373974e-05,1.8710377117923575e-06,0.04411621223492944,4.054052875979001e-05,0.010687714750838757,0.010216213247467083,0.010297403717926241
2017-02-21,4.040501263604378e-05,4.1693686506699383e-05,5.054569797800181e-05,0.0,0.0,4.1693686506699383e-05,0.010182063184283031,0.010506808999688245,0.012737515890456456
2017-02-22,5.230579893082755e-06,5.512481570168463e-06,5.400028260976416e-06,0.0,0.0,5.512481570168463e-06,0.0013181061330568543,0.0013891453556824527,0.0013608071217660568
2017-02-23,0.0009118457199824648,0.0007866782996687493,0.0011476060227915829,0.0001251674203137155,0.13726819947003133,0.0007866782996687493,0.22978512143558114,0.19824293151652483,0.2891967177434789
2017-02-24,3.5364435584759613e-06,3.2178953992032346e-06,3.141184937577857e-06,3.185481592727267e-07,0.09007582446308893,3.2178953992032346e-06,0.0008911837767359422,0.0008109096405992151,0.0007915786042696199
2017-02-27,4.562321058500492e-06,4.478898001587684e-06,7.052326269312489e-06,8.342305691280814e-08,0.018285218764285783,4.478898001587684e-06,0.001149704906742124,0.0011286822964000963,0.0017771862198667472
2017-02-28,6.785727571036553e-05,6.986746211028184e-05,9.634246025467218e-05,0.0,0.0,6.986746211028184e-05,0.017100033479012115,0.017606600451791025,0.02427829998417739
2017-03-01,5.67739904377257e-05,4.78423022125894e-05,2.9294848677531294e-05,8.931688225136297e-06,0.15732006855521677,4.78423022125894e-05,0.014307045590306875,0.012056260157572529,0.007382301866737886
2017-03-02,5.086569350476244e-05,3.6565494953889214e-05,4.729690746616345e-05,1.4300198550873227e-05,0.28113640617910624,3.6565494953889214e-05,0.012818154763200135,0.009214504728380082,0.011918820681473189
2017-03-03,7.628807149996236e-06,6.34439740222017e-06,4.1080522591174354e-06,1.2844097477760658e-06,0.16836309453878448,6.34439740222017e-06,0.0019224594017990516,0.001598788145359483,0.0010352291692975937
2017-03-06,0.00040378345502329216,0.00039615173726863614,0.00019326124265331434,7.631717754656025e-06,0.018900521160073958,0.00039615173726863614,0.10175343066586963,0.09983023779169631,0.048701833148635215
2017-03-07,1.0573591607451244e-05,9.715332521124345e-06,8.95231238326859e-06,8.582590863268987e-07,0.08117005432213087,9.715332521124345e-06,0.0026645450850777135,0.002448263795323335,0.002255982720583685
2017-03-08,1.3065390660660564e-06,1.1201201052562375e-06,1.381130366712855e-06,1.8641896080981896e-07,0.1426813961940865,1.1201201052562375e-06,0.00032924784464864623,0.00028227026652457183,0.0003480448524116394
2017-03-09,1.1499460062121872e-07,9.41361823296009e-08,1.48382308756251e-07,2.085841829161782e-08,0.18138448931035953,9.41361823296009e-08,2.897863935654712e-05,2.372231794705943e-05,3.739234180657525e-05
2017-03-10,0.00013295456259905427,0.00013968076160287388,9.125056634466784e-05,0.0,0.0,0.00013968076160287388,0.03350454977496168,0.03519955192392422,0.022995142718856297
2017-03-13,1.931041950626587e-05,1.8546273476742996e-05,1.4133383983640931e-05,7.641460295228735e-07,0.03957169287302275,1.8546273476742996e-05,0.004866225715578999,0.004673660916139235,0.0035616127638775147
2017-03-14,0.00734535099851889,0.00702435754650655,0.003900202948505206,0.00032099345201233934,0.04370021964006403,0.00702435754650655,1.85102845162676,1.7701381017196507,0.9828511430233119
2017-03-15,0.0001423791424962328,0.00013621338326281346,0.00017271152072037373,6.1657592334193314e-06,0.0433052136851945,0.00013621338326281346,0.03587954390905066,0.03432577258222899,0.04352330322153418
2017-03-16,2.967889216161302e-07,3.0637230902199694e-07,3.133903721360656e-07,0.0,0.0,3.0637230902199694e-07,7.47908082472648e-05,7.720582187354322e-05,7.897437377828852e-05
2017-03-17,7.26782355246773e-08,7.064760463465324e-08,5.8131837721014514e-08,2.0306308900240595e-09,0.02793962918521047,7.064760463465324e-08,1.831491535221868e-05,1.7803196367932618e-05,1.4649223105695658e-05
2017-03-20,8.460595124534953e-06,7.607398528100939e-06,1.3080204937974152e-05,8.531965964340134e-07,0.10084355568750311,7.607398528100939e-06,0.002132069971382808,0.0019170644290814366,0.003296211644369486
2017-03-21,0.0013491044125521318,0.001458935203107898,0.001671077688790244,0.0,0.0,0.001458935203107898,0.3399743119631372,0.3676516711831903,0.4211115775751415
2017-03-22,5.42912818141752e-05,5.8662931381723904e-05,5.409351982007814e-05,0.0,0.0,5.8662931381723904e-05,0.01368140301717215,0.014783058708194423,0.013631566994659691
2017-03-23,2.2847477642718645e-06,2.284122120594023e-06,2.0786173269973113e-06,6.256436778415013e-10,0.00027383478114754127,2.284122120594023e-06,0.0005757564365965099,0.0005755987743896938,0.0005238115664033225
2017-03-24,1.898670454773362e-06,1.9021237814756153e-06,1.351655860739712e-06,0.0,0.0,1.9021237814756153e-06,0.0004784649546028872,0.00047933519293185507,0.00034061727690640745
2017-03-27,4.009110384921826e-06,3.97325070743217e-06,3.574036491298808e-06,3.585967748965545e-08,0.008944545074133598,3.97325070743217e-06,0.0010102958170003001,0.0010012591782729069,0.0009006571958072996
2017-03-28,1.8231946748031082e-05,1.8390927641602986e-05,3.0959981569348405e-05,0.0,0.0,1.8390927641602986e-05,0.004594450580503832,0.004634513765683953,0.007801915355475798
2017-03-29,0.00012357155618708434,0.0001215413069971773,0.0001118479639240334,2.0302491899070504e-06,0.01642974513004884,0.0001215413069971773,0.031140032159145254,0.03062840936328868,0.028185686908856415
2017-03-30,5.346012064503558e-07,5.932309225590887e-07,7.485510051338629e-07,0.0,0.0,5.932309225590887e-07,0.00013471950402548966,0.00014949419248489035,0.00018863485329373347
2017-03-31,2.0010324148312756e-06,1.694580310641582e-06,2.4302576436017564e-06,3.064521041896937e-07,0.15314691994562887,1.694580310641582e-06,0.0005042601685374815,0.00042703423828167864,0.0006124249261876426
2017-04-03,4.5771817813694e-06,4.334156488229428e-06,5.684633783812014e-06,2.430252931399724e-07,0.05309495048551768,4.334156488229428e-06,0.001153449808905089,0.0010922074350338158,0.0014325277135206276
2017-04-04,3.059902669153139e-06,2.88343439221558e-06,3.840465798285113e-06,1.7646827693755878e-07,0.057671187075767745,2.88343439221558e-06,0.000771095472626591,0.0007266254668383262,0.0009677973811678484
2017-04-05,2.0138199067042153e-05,2.0335183140363332e-05,1.5103752490999944e-05,0.0,0.0,2.0335183140363332e-05,0.005074826164894622,0.00512446615137156,0.0038061456277319857
2017-04-06,1.5645234506748957e-05,1.594633585653469e-05,1.7619341474769097e-05,0.0,0.0,1.594633585653469e-05,0.003942599095700737,0.0040184766358467424,0.004440074051641813
2017-04-07,0.0001437414124798481,0.0001365968372366069,0.00017860611110120003,7.1445752432411954e-06,0.04970436195302082,0.0001365968372366069,0.03622283594492172,0.034422402983624936,0.045008739997502406
2017-04-10,9.158025168148997e-07,9.408412034792327e-07,8.915787770770339e-07,0.0,0.0,9.408412034792327e-07,0.00023078223423735473,0.00023709198327676666,0.00022467785182341254
2017-04-11,7.604519042069859e-05,8.778018188493222e-05,7.222035462088176e-05,0.0,0.0,8.778018188493222e-05,0.019163387986016044,0.02212060583500292,0.018199529364462202
2017-04-12,0.0015859836667849578,0.0016424787450987919,0.002001187278870432,0.0,0.0,0.0016424787450987919,0.39966788402980935,0.41390464376489555,0.5042991942753489
2017-04-13,1.490742159875527e-05,1.3644819827258503e-05,1.2774047065770301e-05,1.2626017714967664e-06,0.08469618159226198,1.3644819827258503e-05,0.003756670242886328,0.0034384945964691426,0.0032190598605741157
2017-04-17,0.00014153729911518413,0.00011510140883762698,0.00018036054783761963,2.6435890277557147e-05,0.18677684437984488,0.00011510140883762698,0.0356673993770264,0.029005555027082,0.045450858055080146
2017-04-18,1.5060203204214367e-06,1.2680499036901576e-06,7.38766628070676e-07,2.3797041673127905e-07,0.15801264796482875,1.2680499036901576e-06,0.00037951712074620205,0.0003195485757299197,0.00018616919027381035
2017-04-19,0.00011864099443104593,0.0001439173739979113,7.09163804463736e-05,0.0,0.0,0.0001439173739979113,0.029897530596623575,0.03626717824747365,0.017870927872486148
2017-04-20,0.00012413397898232268,0.00011336636356512435,0.00016957188500563405,1.0767615417198336e-05,0.08674188500788986,0.00011336636356512435,0.03128176270354532,0.028568323618411336,0.042732115021419784
2017-04-21,1.0600117094140263e-07,9.984364387472364e-08,6.931143114996847e-08,6.157527066678989e-09,0.05808868829755226,9.984364387472364e-08,2.671229507723346e-05,2.5160598256430357e-05,1.7466480649792054e-05
2017-04-24,0.00020034406173072866,0.0001953579402896667,0.00024312039541506052,4.986121441061969e-06,0.02488779239624155,0.0001953579402896667,0.050486703556143625,0.049230200952996,0.06126633964459525
2017-04-25,3.0181479077598055e-05,3.346156858659093e-05,3.680037637641682e-05,0.0,0.0,3.346156858659093e-05,0.00760573272755471,0.008432315283820914,0.009273694846857038
2017-04-26,4.734938644119966e-07,4.870575771948174e-07,7.206279060131534e-07,0.0,0.0,4.870575771948174e-07,0.00011932045383182314,0.00012273850945309397,0.00018159823231531466
2017-04-27,3.671846986130725e-05,3.559582734636404e-05,3.717423687089098e-05,1.1226425149432075e-06,0.03057432645230911,3.559582734636404e-05,0.009253054405049426,0.008970148491283738,0.009367907691464526
2017-04-28,4.407374393349232e-05,4.184401137026748e-05,2.6805799687852892e-05,2.2297325632248386e-06,0.05059094857016405,4.184401137026748e-05,0.011106583471240064,0.010544690865307405,0.006755061521338929
2017-05-01,0.000602801601658446,0.0006107458127891902,0.0006130318634950467,0.0,0.0,0.0006107458127891902,0.1519060036179284,0.15390794482287593,0.15448402960075178
2017-05-02,3.3762739786259656e-05,3.8319691539591985e-05,2.8426706842085567e-05,0.0,0.0,3.8319691539591985e-05,0.008508210426137433,0.00965656226797718,0.007163530124205563
2017-05-03,9.000832485565487e-06,8.562248913544231e-06,1.1475623905420862e-05,4.385835720212559e-07,0.04872699541932493,8.562248913544231e-06,0.0022682097863625027,0.0021576867262131463,0.002891857224166057
2017-05-04,3.102444824605366e-07,3.3181402331268183e-07,3.6189602774303384e-07,0.0,0.0,3.3181402331268183e-07,7.818160958005522e-05,8.361713387479582e-05,9.119779899124453e-05
2017-05-05,2.7317315901814053e-06,2.4287282827421055e-06,4.343357618369649e-06,3.030033074392998e-07,0.11091982741223524,2.4287282827421055e-06,0.0006883963607257141,0.0006120395272510106,0.0010945261198291516
2017-05-08,3.4452433076637457e-06,3.139587760227929e-06,6.749980649849177e-06,3.0565554743581676e-07,0.08871810534768283,3.139587760227929e-06,0.000868201313531264,0.0007911761155774381,0.0017009951237619927
2017-05-09,1.5952480030744855e-05,1.6243074417847176e-05,9.652773465959612e-06,0.0,0.0,1.6243074417847176e-05,0.004020024967747704,0.004093254753297489,0.002432498913421822
2017-05-10,2.882642512509483e-07,2.6414879572519447e-07,3.250178748208139e-07,2.4115455525753837e-08,0.08365717137637313,2.6414879572519447e-07,7.264259131523897e-05,6.6565496522749e-05,8.19045044548451e-05
2017-05-11,1.4867013803104639e-06,1.4733409971956446e-06,1.6889628745755873e-06,1.3360383114819255e-08,0.008986588904249446,1.4733409971956446e-06,0.0003746487478382369,0.00037128193129330246,0.000425618644393048
2017-05-12,7.279822863421752e-06,8.403164070821606e-06,3.0547427361255025e-06,0.0,0.0,8.403164070821606e-06,0.0018345153615822816,0.0021175973458470447,0.0007697951695036266
2017-05-15,0.00010564322296699635,0.00011298363843248847,0.00013569729790430276,0.0,0.0,0.00011298363843248847,0.02662209218768308,0.028471876884987094,0.0341957190718843
2017-05-16,4.801038019030492e-05,5.15139229620013e-05,5.801138567937156e-05,0.0,0.0,5.15139229620013e-05,0.01209861580795684,0.012981508586424328,0.014618869191201634
2017-05-17,0.00022939946785940042,0.0002493294824669402,0.00015974030432659014,0.0,0.0,0.0002493294824669402,0.057808665900568906,0.06283102958166893,0.040254556690300716
2017-05-18,0.001301706174389171,0.0011699722952078133,0.001599035871058345,0.0001317338791813577,0.10120093280034814,0.0011699722952078133,0.3280299559460711,0.294833018392369,0.4029570395067029
2017-05-19,4.8935765910983776e-05,5.128812973241116e-05,5.1225782144649264e-05,0.0,0.0,5.128812973241116e-05,0.012331813009567911,0.012924608692567613,0.012908897100451615
2017-05-22,0.19167459614245666,0.162676728306262,0.24016788094783662,0.028997867836194652,0.1512869645724545,0.162676728306262,48.30199822789908,40.99453553317802,60.522305998854826
2017-05-23,2.6325090421237425e-05,2.3495979721563687e-05,4.860048047385748e-05,2.829110699673738e-06,0.1074682193654754,2.3495979721563687e-05,0.0066339227861518316,0.005920986889834049,0.012247321079412085
2017-05-24,0.00040904822846623895,0.0003972636980459931,0.00034425767569975325,1.1784530420245846e-05,0.02880963556699245,0.0003972636980459931,0.10308015357349222,0.10011045190759026,0.08675293427633782
2017-05-25,0.010062021424411866,0.009637125640223121,0.006544359311637501,0.000424895784188745,0.04222767635096273,0.009637125640223121,2.5356293989517904,2.4285556613362265,1.6491785465326503
2017-05-26,0.0001977445188095465,0.00019932425912311673,0.00015419024143692987,0.0,0.0,0.00019932425912311673,0.04983161874000572,0.05022971329902542,0.03885594084210633
2017-05-30,1.5808189757163335e-06,1.4792854671452874e-06,1.3715482405878334e-06,1.0153350857104611e-07,0.06422838155561462,1.4792854671452874e-06,0.000398366381880516,0.0003727799377206124,0.000345630156628134
2017-05-31,8.654843599522989e-08,8.467846624706485e-08,6.458647008356282e-08,1.8699697481650345e-09,0.02160579935226957,8.467846624706485e-08,2.181020587079793e-05,2.1338973494260343e-05,1.627579046105783e-05
2017-06-01,2.0603097387181147e-05,2.1575970905502564e-05,1.8717209736070522e-05,0.0,0.0,2.1575970905502564e-05,0.005191980541569649,0.005437144668186646,0.004716736853489772
2017-06-02,0.0002037355516315699,0.0001975166571053478,0.00015953067261971422,6.218894526222111e-06,0.030524346123664527,0.0001975166571053478,0.051341359011155614,0.049774197590547645,0.04020172950016798
2017-06-05,1.5301637235935823e-07,1.3556738079815373e-07,8.962779126901508e-08,1.7448991561204492e-08,0.11403274864912649,1.3556738079815373e-07,3.856012583455827e-05,3.4162979961134744e-05,2.25862033997918e-05
2017-06-06,2.2616364372286333e-05,2.5224743411674587e-05,1.2264032666525624e-05,0.0,0.0,2.5224743411674587e-05,0.005699323821816156,0.006356635339741996,0.0030905362319644573
2017-06-07,1.9206273526557512e-05,1.922433543765556e-05,1.5747204765295774e-05,0.0,0.0,1.922433543765556e-05,0.004839980928692493,0.004844532530289202,0.003968295600854535
2017-06-08,1.3200377089724811e-06,1.2320315627536628e-06,1.3137745032669994e-06,8.800614621881836e-08,0.06666936781522292,1.2320315627536628e-06,0.00033264950266106524,0.000310471953813923,0.00033107117482328384
2017-06-09,0.06092895765414733,0.061887685964190066,0.06626910784045309,0.0,0.0,0.061887685964190066,15.354097328845128,15.595696862975897,16.69981517579418
2017-06-12,9.345400255795704e-06,9.812549355565771e-06,1.2531433868987964e-05,0.0,0.0,9.812549355565771e-06,0.002355040864460517,0.0024727624376025743,0.003157921334984967
2017-06-13,2.2416556058860554e-05,2.4148467233149174e-05,2.62979400525297e-05,0.0,0.0,2.4148467233149174e-05,0.00564897212683286,0.006085413742753592,0.0066270808932374844
2017-06-14,8.554200958495826e-05,9.33346854498589e-05,0.00010213497073510292,0.0,0.0,9.33346854498589e-05,0.021556586415409484,0.023520340733364443,0.025738012625245936
2017-06-15,1.2859006003383944e-05,1.2841279117450462e-05,2.11483337942232e-05,1.7726885933481835e-08,0.0013785579188826068,1.2841279117450462e-05,0.003240469512852754,0.0032360023375975163,0.005329380116144246
2017-06-16,2.435975817615619e-05,2.2625406951320713e-05,3.208213515425362e-05,1.7343512248354777e-06,0.07119738796650726,2.2625406951320713e-05,0.00613865906039136,0.005701602551732819,0.008084698058871912
2017-06-19,0.0009851119783298532,0.0008993798197537261,0.0006883006581514294,8.57321585761271e-05,0.08702783071874581,0.0008993798197537261,0.24824821853912302,0.22664371457793897,0.1734517658541602
2017-06-20,0.0001967198428623118,0.00020274820838348271,0.0001781421433540692,0.0,0.0,0.00020274820838348271,0.04957340040130257,0.05109254851263764,0.04489182012522544
2017-06-21,0.0003035546909579975,0.000287094355869366,0.00037911941908430206,1.6460335088631527e-05,0.054225269859802146,0.000287094355869366,0.07649578212141538,0.07234777767908022,0.09553809360924412
2017-06-22,1.1056022093335566e-06,1.073960251902311e-06,1.5020441797964497e-06,3.164195743124553e-08,0.02861963239987237,1.073960251902311e-06,0.00027861175675205626,0.0002706379834793824,0.00037851513330870533
2017-06-23,2.0393721359567433e-05,2.0608229945318347e-05,2.268409243732598e-05,0.0,0.0,2.0608229945318347e-05,0.005139217782610993,0.005193273946220224,0.005716391294206147
2017-06-26,1.985382565589929e-05,1.7840433572032113e-05,1.0539093406529383e-05,2.0133920838671765e-06,0.10141078184889486,1.7840433572032113e-05,0.005003164065286621,0.004495789260152093,0.0026558515384454045
2017-06-27,0.000922779907554693,0.0009183839635954114,0.0012819132993443943,4.395943959281537e-06,0.004763805451905318,0.0009183839635954114,0.23254053670378264,0.23143275882604367,0.3230421514347874
2017-06-28,0.00015395975466865665,0.0001410628986815788,0.00010642984026534681,1.2896855987077857e-05,0.08376770884745836,0.0001410628986815788,0.03879785817650148,0.03554785046775785,0.026820319746867397
2017-06-29,0.001391229621870266,0.0013704567507879675,0.0009448187332837552,2.077287108229837e-05,0.014931303029216386,0.0013704567507879675,0.350589864711307,0.3453551011985678,0.2380943207875063
2017-06-30,1.5870205998689412e-05,1.586502960770429e-05,1.2220487198863997e-05,5.176390985121848e-09,0.00032617035086872674,1.586502960770429e-05,0.003999291911669732,0.0039979874611414815,0.003079562774113727
2017-07-03,0.0008513582635596612,0.0007370806374479893,0.0014980162360603009,0.00011427762611167182,0.1342297724340274,0.0007370806374479893,0.2145422824170346,0.1857443206368933,0.3775000914871958
2017-07-05,0.006742016900035521,0.006440708921304651,0.003619060081787938,0.0003013079787308696,0.044691074370429275,0.006440708921304651,1.6989882588089513,1.623058648168772,0.9120031406105603
2017-07-06,0.0001635710050128243,0.00018470758365840025,0.0001485389093351138,0.0,0.0,0.00018470758365840025,0.04121989326323172,0.04654631108191686,0.03743180515244868
2017-07-07,3.416656790035685e-05,3.2960178594669865e-05,3.154289391202551e-05,1.2063893056869866e-06,0.0353090563236037,3.2960178594669865e-05,0.008609975110889926,0.008305965005856807,0.007948809265830428
2017-07-10,2.264739684395344e-05,2.709292250992048e-05,1.2948950552689578e-05,0.0,0.0,2.709292250992048e-05,0.005707144004676266,0.006827416472499961,0.003263135539277774
2017-07-11,4.088652746161334e-05,3.650559141603078e-05,2.855005404830391e-05,4.380936045582559e-06,0.10714864309635964,3.650559141603078e-05,0.010303404920326562,0.009199409036839757,0.007194613620172586
2017-07-12,0.0004938399177548277,0.0004909745963569248,0.0004813017841478446,2.8653213979028735e-06,0.0058021259300534474,0.0004909745963569248,0.12444765927421658,0.12372559828194506,0.12128804960525684
2017-07-13,5.503825436802827e-05,5.2491300376360195e-05,3.974549888937211e-05,2.5469539916680778e-06,0.04627606697627271,5.2491300376360195e-05,0.013869640100743125,0.01322780769484277,0.010015865720121772
2017-07-14,0.005464025364993921,0.0058998343950634365,0.006673910520104549,0.0,0.0,0.0058998343950634365,1.3769343919784682,1.486758267555986,1.6818254510663462
2017-07-17,1.253327419174067e-05,1.3039407551581328e-05,1.4827453172807506e-05,0.0,0.0,1.3039407551581328e-05,0.0031583850963186485,0.0032859307029984948,0.0037365181995474917
2017-07-18,3.4703452089611416e-05,3.463302569665431e-05,4.507260499201651e-05,7.04263929571068e-08,0.0020293770990238765,3.463302569665431e-05,0.008745269926582077,0.008727522475556885,0.01135829645798816
2017-07-19,0.00128603387799285,0.0011767013313992902,0.0014648442941773952,0.00010933254659355987,0.08501529266023926,0.0011767013313992902,0.3240805372541982,0.29652873551262116,0.3691407621327036
2017-07-20,0.0003286069270353084,0.00027764568042675235,0.0002945899214723856,5.0961246608556034e-05,0.15508269077966705,0.00027764568042675235,0.08280894561289771,0.06996671146754159,0.07423666021104117
2017-07-21,9.87874640961345e-07,1.0222098906134471e-06,6.699359826922759e-07,0.0,0.0,1.0222098906134471e-06,0.0002489444095222589,0.00025759689243458865,0.00016882386763845353
2017-07-24,1.070902046097595e-05,1.232833332427447e-05,1.2973666705483775e-05,0.0,0.0,1.232833332427447e-05,0.0026986731561659395,0.0031067399977171666,0.0032693640097819113
2017-07-25,0.005673630071812007,0.006138208607384212,0.00533600116631714,0.0,0.0,0.006138208607384212,1.4297547780966258,1.5468285690608214,1.3446722939119191
2017-07-26,1.8192773585051724e-05,1.7890108978908793e-05,1.801946439575378e-05,3.026646061429311e-07,0.016636528129778432,1.7890108978908793e-05,0.0045845789434330346,0.004508307462685016,0.0045409050277299525
2017-07-27,0.0004173091107793813,0.00035723559272118297,0.0005181408825788678,6.007351805819834e-05,0.14395448448764617,0.00035723559272118297,0.1051618959164041,0.09002336936573811,0.1305715024098747
2017-07-28,0.00020813184935933242,0.00020132520271390556,0.0002542419218615617,6.806646645426864e-06,0.032703532081588785,0.00020132520271390556,0.05244922603855177,0.0507339510839042,0.06406896430911355
2017-07-31,1.952899225331618e-05,1.8853367599609204e-05,2.9027031872533684e-05,6.756246537069772e-07,0.03459597967715262,1.8853367599609204e-05,0.0049213060478356776,0.004751048635101519,0.007314812031878488
2017-08-01,2.807174613672164e-06,2.936031459848232e-06,4.13665647304154e-06,0.0,0.0,2.936031459848232e-06,0.0007074080026453853,0.0007398799278817545,0.0010424374312064681
2017-08-02,3.6863755675062982e-06,4.061119095651402e-06,3.930560918404358e-06,0.0,0.0,4.061119095651402e-06,0.0009289666430115872,0.0010234020121041533,0.0009905013514378983
2017-08-03,0.0002737600158869363,0.00025384909470483084,0.0002744981019059298,1.9910921182105467e-05,0.072731297318442,0.00025384909470483084,0.06898752400350795,0.06396997186561737,0.06917352168029431
2017-08-04,2.8771096768930708e-06,2.8314308146598707e-06,2.1661659371268624e-06,4.567886223320005e-08,0.01587664409299946,2.8314308146598707e-06,0.0007250316385770539,0.0007135205652942874,0.0005458738161559693
2017-08-07,2.3904037521988016e-05,2.2932668103887236e-05,2.4858341316662913e-05,9.713694181007795e-07,0.04063620535112801,2.2932668103887236e-05,0.00602381745554098,0.005779032362179584,0.006264302011799054
2017-08-08,1.853665975172283e-06,1.7496035080785248e-06,2.3762984745275073e-06,1.0406246709375818e-07,0.05613870694550537,1.7496035080785248e-06,0.00046712382574341533,0.00044090008403578824,0.0005988272155809318
2017-08-09,3.696204734415866e-05,3.6515047694697996e-05,1.370706242368031e-05,4.4699964946066397e-07,0.012093476132561416,3.6515047694697996e-05,0.009314435930727982,0.009201792019063895,0.0034541797307674382
2017-08-10,0.00675716680666273,0.005794148649657665,0.00403258450497267,0.0009630181570050647,0.14251803816845063,0.005794148649657665,1.702806035279008,1.4601254597137316,1.0162112952531128
2017-08-11,5.477811327415779e-05,4.5715468866589846e-05,4.710909488159117e-05,9.062644407567945e-06,0.16544279640972145,4.5715468866589846e-05,0.013804084545087763,0.011520298154380642,0.011871491910160974
2017-08-14,0.000448575923838405,0.0004500294875803758,0.00032992842624818465,0.0,0.0,0.0004500294875803758,0.11304113280727807,0.1134074308702547,0.08314196341454252
2017-08-15,1.502012494689702e-06,1.3801602465201142e-06,1.4311683002102261e-06,1.218522481695879e-07,0.08112593435437883,1.3801602465201142e-06,0.0003785071486618049,0.00034780038212306875,0.00036065441165297697
2017-08-16,1.4460327898797414e-06,1.3285650994060564e-06,1.0628991931396268e-06,1.1746769047368501e-07,0.08123440219433195,1.3285650994060564e-06,0.00036440026304969484,0.0003347984050503262,0.00026785059667118596
2017-08-17,0.00216852675669234,0.0023417607990648694,0.0010154480012506042,0.0,0.0,0.0023417607990648694,0.5464687426864696,0.5901237213643471,0.2558928963151523
2017-08-18,1.5062451161677359e-06,1.5658478648072411e-06,1.3406648311798907e-06,0.0,0.0,1.5658478648072411e-06,0.0003795737692742694,0.00039459366193142476,0.00033784753745733244
2017-08-21,0.00017361140396256923,0.0001679247032700694,0.00012866384968410362,5.686700692499844e-06,0.032755340547620714,0.0001679247032700694,0.04375007379856745,0.04231702522405749,0.03242329012039411
2017-08-22,0.0001041882609295291,9.437146397881817e-05,0.00010790668333817746,9.816796950710925e-06,0.0942217171964229,9.437146397881817e-05,0.026255441754241333,0.02378160892266218,0.02719248420122072
2017-08-23,0.0014240004673166347,0.0014723125339643197,0.001363867607097034,0.0,0.0,0.0014723125339643197,0.35884811776379194,0.37102275855900857,0.3436946369884526
2017-08-24,0.024206114174932136,0.022910083760942012,0.024814194307182996,0.0012960304139901235,0.053541448436145604,0.022910083760942012,6.099940772082898,5.773341107757387,6.253176965410115
2017-08-25,2.4408953700697224e-06,2.3576239212367456e-06,2.7204011418861303e-06,8.327144883297674e-08,0.03411511027426296,2.3576239212367456e-06,0.0006151056332575701,0.0005941212281516599,0.0006855410877553049
2017-08-28,3.0283704929059185e-05,3.0123693584503937e-05,2.8383195364098792e-05,1.600113445552477e-07,0.0052837438367048205,3.0123693584503937e-05,0.007631493642122914,0.007591170783294992,0.007152565231752896
2017-08-29,3.6089859413316546e-05,3.092819760747315e-05,4.527610078798002e-05,5.161661805843397e-06,0.1430224929309738,3.092819760747315e-05,0.00909464457215577,0.007793905797083234,0.011409577398570965
2017-08-30,0.00010497171201286262,9.746058077269703e-05,9.63236813492971e-05,7.511131240165589e-06,0.07155385984074794,9.746058077269703e-05,0.02645287142724138,0.02456006635471965,0.02427356770002287
2017-08-31,0.0002238893982463684,0.0002427511104403293,0.0003119472876011892,0.0,0.0,0.0002427511104403293,0.05642012835808484,0.06117327983096298,0.07861071647549968
2017-09-01,9.652737846727989e-05,9.377324027754997e-05,6.518799438403582e-05,2.754138189729917e-06,0.02853219682259678,9.377324027754997e-05,0.02432489937375453,0.023630856549942594,0.016427374584777027
2017-09-05,0.0002659383085670393,0.00029373870226381246,0.00033078230821371497,0.0,0.0,0.00029373870226381246,0.0670164537588939,0.07402215297048075,0.08335714166985617
2017-09-06,2.5740541402713006e-05,2.361807939596364e-05,1.3605685953521348e-05,2.1224620067493667e-06,0.08245599387702347,2.361807939596364e-05,0.0064866164334836775,0.005951756007782838,0.0034286328602873796
2017-09-07,0.00011476246440240112,0.00012161131395044452,0.00016107545249635478,0.0,0.0,0.00012161131395044452,0.028920141029405082,0.03064605111551202,0.040591014029081406
2017-09-08,0.00010041038015737568,9.662816870525221e-05,0.0001273341657561921,3.782211452123469e-06,0.03766753405900845,9.662816870525221e-05,0.025303415799658672,0.024350298513723556,0.032088209770560414
2017-09-11,0.004678602403882706,0.004158680180132386,0.003378356937930942,0.0005199222237503203,0.11112767847246785,0.004158680180132386,1.179007805778442,1.0479874053933613,0.8513459483585973
2017-09-12,7.585893779332276e-06,7.072107913473522e-06,7.430690126992899e-06,5.137858658587541e-07,0.06772910524129079,7.072107913473522e-06,0.0019116452323917335,0.0017821711941953275,0.0018725339120022105
2017-09-13,2.6049301707890567e-06,2.415545828613298e-06,2.061999066955836e-06,1.893843421757589e-07,0.07270224422797042,2.415545828613298e-06,0.0006564424030388423,0.0006087175488105511,0.0005196237648728708
2017-09-14,1.6766660029054898e-05,1.7587576188341484e-05,9.816415074893378e-06,0.0,0.0,1.7587576188341484e-05,0.004225198327321834,0.004432069199462054,0.0024737365988731315
2017-09-15,8.588672595415032e-06,8.587444331432976e-06,5.401508950446178e-06,1.2282639820557337e-09,0.00014300974049257488,8.587444331432976e-06,0.002164345494044588,0.00216403597152111,0.001361180255512437
2017-09-18,1.1754831892433972e-05,1.21795716813085e-05,1.5042608801241734e-05,0.0,0.0,1.21795716813085e-05,0.002962217636893361,0.003069252063689742,0.0037907374179129167
2017-09-19,8.356152841047057e-07,9.031597315515106e-07,1.3108082792657855e-06,0.0,0.0,9.031597315515106e-07,0.00021057505159438584,0.00022759625235098065,0.00033032368637497795
2017-09-20,3.086174755130263e-06,2.990967494065696e-06,3.4028572101263304e-06,9.520726106456671e-08,0.030849591409789347,2.990967494065696e-06,0.0007777160382928263,0.0007537238085045554,0.0008575200169518353
2017-09-21,0.0006481370655206154,0.0005952023253543925,0.0007583207929455733,5.293474016622294e-05,0.08167213834936446,0.0005952023253543925,0.16333054051119508,0.1499909859893069,0.19109683982228448
2017-09-22,2.259012152872184e-06,1.9938510678593007e-06,3.96128779706853e-06,2.6516108501288315e-07,0.11737916827786002,1.9938510678593007e-06,0.0005692710625237903,0.0005024504691005438,0.0009982445248612696
2017-09-25,0.2390095370336612,0.224879063087543,0.2399173625823736,0.014130473946118216,0.059120962792664676,0.224879063087543,60.230403332482624,56.66952389806083,60.459175370758146
2017-09-26,1.9433001474457908e-06,1.970204538605756e-06,1.587101721866136e-06,0.0,0.0,1.970204538605756e-06,0.0004897116371563393,0.0004964915437286505,0.0003999496339102663
2017-09-27,3.707595986986803e-05,3.399602048041095e-05,4.2058885630919996e-05,3.0799393894570797e-06,0.08307106052537061,3.399602048041095e-05,0.009343141887206743,0.00856699716106356,0.01059883917899184
2017-09-28,2.4119018071611273e-06,2.4824206014177853e-06,1.879208041582059e-06,0.0,0.0,2.4824206014177853e-06,0.0006077992554046041,0.0006255699915572819,0.00047356042647867886
2017-09-29,0.00011389227927124323,0.00012291454909827462,7.56506662297616e-05,0.0,0.0,0.00012291454909827462,0.028700854376353294,0.030974466372765203,0.019063967889899922
2017-10-02,0.0008190054643427093,0.0008075700931573912,0.0004281436573350887,1.143537118531812e-05,0.013962509005398442,0.0008075700931573912,0.20638937701436275,0.20350766347566257,0.10789220164844235
2017-10-03,1.6937668427764027e-05,1.707653264363997e-05,1.0291359501887344e-05,0.0,0.0,1.707653264363997e-05,0.004268292443796535,0.004303286226197273,0.002593422594475611
2017-10-04,7.49037917573394e-07,7.763336164330887e-07,6.155237504251279e-07,0.0,0.0,7.763336164330887e-07,0.0001887575552284953,0.00019563607134113835,0.00015511198510713222
2017-10-05,1.736690804406184e-05,1.6186588672403657e-05,2.460266078905088e-05,1.180319371658184e-06,0.06796369858698392,1.6186588672403657e-05,0.004376460827103584,0.0040790203454457215,0.0061998705188408216
2017-10-06,1.1739668680274138e-05,1.073949996831481e-05,1.3706631944851905e-05,1.000168711959329e-06,0.08519564342086103,1.073949996831481e-05,0.002958396507429083,0.0027063539920153317,0.0034540712501026803
2017-10-09,2.5307276892676983e-07,2.548844995040932e-07,3.3753196229953415e-07,0.0,0.0,2.548844995040932e-07,6.377433776954599e-05,6.423089387503149e-05,8.50580544994826e-05
2017-10-10,3.4015454573392346e-07,3.8779802621631734e-07,2.552582986230629e-07,0.0,0.0,3.8779802621631734e-07,8.571894552494871e-05,9.772510260651197e-05,6.432509125301185e-05
2017-10-11,1.3570666971903677e-05,1.2572318968478879e-05,1.76357173630195e-05,9.98348003424798e-07,0.07356660744273968,1.2572318968478879e-05,0.0034198080769197265,0.0031682243800566774,0.0044442007754809144
2017-10-12,2.100635198893974e-05,1.834075040469506e-05,1.3564567738255286e-05,2.6656015842446784e-06,0.1268950200755062,1.834075040469506e-05,0.005293600701212814,0.004621869101983155,0.003418271070040332
2017-10-13,4.916823032015592e-06,4.635559245483436e-06,4.321736151580224e-06,2.8126378653215595e-07,0.05720436295883774,4.635559245483436e-06,0.0012390394040679292,0.001168160929861826,0.0010890775101982165
2017-10-16,1.8374442051141247e-05,1.9987059180646017e-05,1.8243080197788536e-05,0.0,0.0,1.9987059180646017e-05,0.0046303593968875945,0.005036738913522796,0.004597256209842711
2017-10-17,3.6520416998314616e-06,3.113596308646271e-06,5.381288205761375e-06,5.384453911851904e-07,0.1474367731817701,3.113596308646271e-06,0.0009203145083575284,0.0007846262697788603,0.0013560846278518664
2017-10-18,3.043088601858619e-06,3.0622493208280745e-06,2.047988177291338e-06,0.0,0.0,3.0622493208280745e-06,0.000766858327668372,0.0007716868288486748,0.0005160930206774173
2017-10-19,8.716501863437399e-05,8.360684212617236e-05,6.58566422243785e-05,3.558176508201632e-06,0.04082115191537737,8.360684212617236e-05,0.021965584695862246,0.021068924215795433,0.016595873840543382
2017-10-20,0.00013183675776948686,0.000131641614273564,0.00011311956109551438,1.95143495922861e-07,0.001480190333441558,0.000131641614273564,0.03322286295791069,0.03317368679693813,0.028506129396069623
2017-10-23,0.00038931189451183015,0.00039332462404790874,0.00032785967794905394,0.0,0.0,0.00039332462404790874,0.0981065974169812,0.09911780526007301,0.08262063884316159
2017-10-24,0.0005024661843805938,0.0004985332340345449,0.0005536760843141719,3.932950346048928e-06,0.007827293578113936,0.0004985332340345449,0.12662147846390964,0.12563037497670532,0.13952637324717132
2017-10-25,8.136440494886882e-06,7.821400443177487e-06,1.1771866839460886e-05,3.1504005170939525e-07,0.03871963583925151,7.821400443177487e-06,0.0020503830047114945,0.0019709929116807265,0.002966510443544143
2017-10-26,0.000358413949805129,0.00035587889298257575,0.0004332577290171694,2.535056822553243e-06,0.007072985905985459,0.00035587889298257575,0.09032031535089251,0.08968148103160908,0.10918094771232668
2017-10-27,0.0032674659901185477,0.003593766171481526,0.003589137809781321,0.0,0.0,0.003593766171481526,0.823401429509874,0.9056290752133446,0.9044627280648929
2017-10-30,3.7568359063469573e-05,3.5731226687998255e-05,3.992084729311679e-05,1.8371323754713188e-06,0.048901053236489155,3.5731226687998255e-05,0.009467226483994333,0.00900426912537556,0.01006005351786543
2017-10-31,0.00010205562497263975,9.525246389317561e-05,5.5381378362774506e-05,6.8031610794641346e-06,0.06666130372163907,9.525246389317561e-05,0.025718017493105216,0.024003620901080255,0.013956107347419176
2017-11-01,3.112070013598284e-07,3.383001826654491e-07,2.5433094041828e-07,0.0,0.0,3.383001826654491e-07,7.842416434267676e-05,8.525164603169318e-05,6.409139698540656e-05
2017-11-02,0.00011051990403615182,9.938773892553349e-05,5.8646211210273935e-05,1.1132165110618335e-05,0.10072543137796695,9.938773892553349e-05,0.02785101581711026,0.025045710209234438,0.014778845224989031
2017-11-03,8.35919672860547e-05,7.996753340963012e-05,0.00010162872850608,3.6244338764245795e-06,0.04335863780622604,7.996753340963012e-05,0.021065175756085783,0.02015181841922679,0.02561043958353216
2017-11-06,3.530916508148099e-06,3.217612764319462e-06,3.853087359858021e-06,3.1330374382863725e-07,0.08873153878719735,3.217612764319462e-06,0.000889790960053321,0.0008108384166085045,0.0009709780146842212
2017-11-07,1.6532691856747353e-06,1.4931115210164425e-06,2.029273895906459e-06,1.6015766465829275e-07,0.09687325522835152,1.4931115210164425e-06,0.0004166238347900333,0.0003762641032961435,0.0005113770217684277
2017-11-08,2.5582689084015505e-05,2.3703758545576317e-05,1.7010522871136648e-05,1.8789305384391886e-06,0.073445385620849,2.3703758545576317e-05,0.006446837649171908,0.005973347153485232,0.0042866517635264355
2017-11-09,0.0006331860982454534,0.0006726738247707411,0.00041128206278754714,0.0,0.0,0.0006726738247707411,0.15956289675785426,0.16951380384222675,0.10364307982246188
2017-11-10,3.0851179532883775e-09,2.9147056906868244e-09,3.131705395295607e-09,1.704122626015531e-10,0.055218972567128315,2.9147056906868244e-09,7.774497242286712e-07,7.345058340530797e-07,7.89189759614493e-07
2017-11-13,1.660538753051007e-05,1.9217927939052948e-05,1.5032162398584602e-05,0.0,0.0,1.9217927939052948e-05,0.0041845576576885375,0.0048429178406413425,0.0037881049244433197
2017-11-14,6.4098992976552525e-06,6.7241975526232065e-06,5.638387602873621e-06,0.0,0.0,6.7241975526232065e-06,0.0016152946230091236,0.0016944977832610481,0.0014208736759241526
2017-11-15,0.0002580802514225802,0.00027742376083861233,0.00022447422953196565,0.0,0.0,0.00027742376083861233,0.0650362233584902,0.0699107877313303,0.056567505842055346
2017-11-16,0.0007780288364569768,0.0007623689239409913,0.0006384135984781065,1.5659912515985416e-05,0.020127676201785225,0.0007623689239409913,0.19606326678715813,0.19211696883312981,0.16088022681648284
2017-11-17,0.00010276278793046179,0.00010618388691239252,9.94343950601277e-05,0.0,0.0,0.00010618388691239252,0.025896222558476373,0.026758339501922915,0.02505746755515218
2017-11-20,5.3133473637277305e-06,5.7594559779403365e-06,2.918196804226924e-06,0.0,0.0,5.7594559779403365e-06,0.001338963535659388,0.0014513829064409648,0.0007353855946651849
2017-11-21,0.00034640766744045335,0.00032671378576799425,0.00045381177533035627,1.9693881672459097e-05,0.05685174858028418,0.00032671378576799425,0.08729473219499424,0.08233187401353455,0.11436056738324978
2017-11-22,1.1682525519217049e-06,1.1254307657107085e-06,6.214026710786187e-07,4.282178621099641e-08,0.0366545311508424,1.1254307657107085e-06,0.00029439964308426963,0.0002836085529590985,0.00015659347311181192
2017-11-24,2.0956061465661815e-05,2.1118456651642847e-05,1.9359916865926926e-05,0.0,0.0,2.1118456651642847e-05,0.005280927489346777,0.005321851076213998,0.004878699050213585
2017-11-27,7.910027746759826e-07,8.331125517893576e-07,7.516597994566814e-07,0.0,0.0,8.331125517893576e-07,0.00019933269921834762,0.00020994436305091813,0.00018941826946308372
2017-11-28,8.296941473295993e-07,7.592182500970943e-07,1.5803658969702645e-06,7.047589723250496e-08,0.08494191807597515,7.592182500970943e-07,0.00020908292512705903,0.00019132299902446776,0.00039825220603650663
2017-11-29,0.00019685520158537888,0.00019667475186058663,0.00014184113037923556,1.8044972479225232e-07,0.0009166622086809656,0.00019667475186058663,0.049607510799515475,0.04956203746886783,0.03574396485556736
2017-11-30,0.00015945158276788475,0.00015212957378301758,0.0001880375773568462,7.322008984867167e-06,0.04591995144761866,0.00015212957378301758,0.04018179885750696,0.03833665259332043,0.04738546949392524
2017-12-01,7.491842268590481e-06,8.70835651178771e-06,1.4057457475705168e-05,0.0,0.0,8.70835651178771e-06,0.0018879442516848012,0.002194505840970503,0.0035424792838777024
2017-12-04,0.001407132165986469,0.0013613400633276504,0.002171028364945579,4.579210265881874e-05,0.03254285825679591,0.0013613400633276504,0.3545973058285902,0.3430576959585679,0.5470991479662859
2017-12-05,1.6216496104286668e-07,1.3211100099653266e-07,1.3836241186527112e-07,3.0053960046334025e-08,0.18532841203580083,1.3211100099653266e-07,4.0865570182802404e-05,3.329197225112623e-05,3.486732779004832e-05
2017-12-06,2.08608719235977e-05,2.2370793876691084e-05,1.7511078615588058e-05,0.0,0.0,2.2370793876691084e-05,0.005256939724746621,0.0056374400569261535,0.004412791811128191
2017-12-07,2.419889966338754e-05,2.225169864944817e-05,1.9561291823799945e-05,1.9472010139393705e-06,0.08046650717837969,2.225169864944817e-05,0.00609812271517366,0.005607428059660939,0.004929445539597586
2017-12-08,5.818156785300439e-05,5.8917476843884974e-05,6.831644753456238e-05,0.0,0.0,5.8917476843884974e-05,0.014661755098957107,0.014847204164659013,0.01721574477870972
2017-12-11,2.0356072036544555e-05,2.1238686820337137e-05,2.0695974604507796e-05,0.0,0.0,2.1238686820337137e-05,0.005129730153209228,0.0053521490787249585,0.005215385600335964
2017-12-12,8.03826342611198e-06,8.598039475332091e-06,8.531106876376225e-06,0.0,0.0,8.598039475332091e-06,0.002025642383380219,0.0021667059477836867,0.0021498389328468087
2017-12-13,4.7969703938394e-06,5.563876633430353e-06,7.851064456975418e-06,0.0,0.0,5.563876633430353e-06,0.0012088365392475288,0.0014020969116244491,0.0019784682431578052
2017-12-14,6.63491824243304e-07,6.138194721847251e-07,6.280568192860305e-07,4.9672352058578896e-08,0.0748649423831055,6.138194721847251e-07,0.00016719993970931263,0.00015468250699055073,0.00015827031846007966
2017-12-15,8.262658004911996e-05,7.489778785110633e-05,8.593079100263321e-05,7.728792198013627e-06,0.09353881160130546,7.489778785110633e-05,0.02082189817237823,0.018874242538478796,0.02165455933266357
2017-12-18,0.0004788123057332986,0.0005075994315147166,0.00028770553083452035,0.0,0.0,0.0005075994315147166,0.12066070104479125,0.12791505674170858,0.07250179377029912
2017-12-19,0.0003690039026834513,0.00039966710202466094,0.0004995824791804685,0.0,0.0,0.00039966710202466094,0.09298898347622972,0.10071610971021455,0.12589478475347804
2017-12-20,5.6668876866909725e-06,5.6689403876947255e-06,5.329022153619465e-06,0.0,0.0,5.6689403876947255e-06,0.0014280556970461252,0.001428572977699071,0.0013429135827121052
2017-12-21,2.6048539363894526e-05,2.2052565406820757e-05,1.2681923345717467e-05,3.995973957073769e-06,0.15340490873003101,2.2052565406820757e-05,0.00656423191970142,0.0055572464825188305,0.003195844683120802
2017-12-22,7.167428754325628e-06,5.957094428054988e-06,7.2497125278845375e-06,1.21033432627064e-06,0.1688658790886913,5.957094428054988e-06,0.0018061920460900583,0.001501187795869857,0.0018269275570269034
2017-12-26,6.057330429380982e-05,5.7103585930322116e-05,7.169001795787337e-05,3.4697183634877036e-06,0.05728131140702809,5.7103585930322116e-05,0.015264472682040075,0.014390103654441173,0.01806588452538409
2017-12-27,7.563954626652204e-08,7.253037156273731e-08,6.049902898698479e-08,3.1091747037847345e-09,0.041104604041719256,7.253037156273731e-08,1.9061165659163554e-05,1.8277653633809802e-05,1.5245755304720166e-05
2017-12-28,2.1030737381454195e-06,2.2282538943547706e-06,1.640175151285727e-06,0.0,0.0,2.2282538943547706e-06,0.0005299745820126458,0.0005615199813774022,0.0004133241381240032
2017-12-29,5.4483346991502026e-05,5.006882512248488e-05,4.506057469429213e-05,4.414521869017146e-06,0.0810251578097898,5.006882512248488e-05,0.01372980344185851,0.01261734393086619,0.011355264822961618
2018-01-02,0.0006606770835870348,0.0006197404054614139,0.000675359555262259,4.093667812562086e-05,0.061961704258607496,0.0006197404054614139,0.16649062506393278,0.1561745821762763,0.17019060792608925
2018-01-03,0.005044135210301068,0.004646933020969512,0.005475897678533872,0.0003972021893315558,0.07874534933989263,0.004646933020969512,1.2711220729958692,1.171027121284317,1.3799262149905358
2018-01-04,1.3907774490270194e-06,1.404542632433336e-06,1.440777778318523e-06,0.0,0.0,1.404542632433336e-06,0.0003504759171548089,0.0003539447433732007,0.0003630760001362678
2018-01-05,5.1651192080372106e-05,4.962877463134894e-05,4.436533060367598e-05,2.022417449023166e-06,0.03915529009903358,4.962877463134894e-05,0.01301610040425377,0.012506451207099933,0.011180063312126346
2018-01-08,1.0077345476809988e-05,1.0328190312925744e-05,1.3427190153788119e-05,0.0,0.0,1.0328190312925744e-05,0.002539491060156117,0.0026027039588572875,0.003383651918754606
2018-01-09,2.4998206244858252e-08,2.3676273619147287e-08,2.724786794700015e-08,1.3219326257109657e-09,0.05287898394705456,2.3676273619147287e-08,6.29954797370428e-06,5.966420952025116e-06,6.866462722644038e-06
2018-01-10,9.988808698856942e-06,1.082106486497332e-05,1.1874742856765483e-05,0.0,0.0,1.082106486497332e-05,0.0025171797921119494,0.0027269083459732766,0.0029924351999049015
2018-01-11,9.336900989600197e-06,1.0044343081412007e-05,1.2877715041402418e-05,0.0,0.0,1.0044343081412007e-05,0.0023528990493792497,0.0025311744565158258,0.0032451841904334094
2018-01-12,0.0007902996136111962,0.0007751129376660382,0.00043160097533179593,1.518667594515796e-05,0.01921635246226123,0.0007751129376660382,0.19915550263002144,0.19532846029184164,0.10876344578361258
2018-01-16,3.320902552066324e-05,3.403440675134889e-05,2.1810248933940785e-05,0.0,0.0,3.403440675134889e-05,0.008368674431207137,0.00857667050133992,0.0054961827313530776
2018-01-17,9.953700387630624e-05,0.00010730490265642217,0.00010895973458673152,0.0,0.0,0.00010730490265642217,0.02508332497682917,0.027040835469418385,0.027457853115856343
2018-01-18,2.307941853151313e-08,2.053068985741064e-08,2.6052249691195644e-08,2.54872867410249e-09,0.1104281826875259,2.053068985741064e-08,5.816013469941309e-06,5.173733844067481e-06,6.565166922181303e-06
2018-01-19,2.28523182977167e-05,2.309817158234368e-05,2.592103989070387e-05,0.0,0.0,2.309817158234368e-05,0.005758784211024609,0.005820739238750607,0.006532102052457375
2018-01-22,0.001344658160813574,0.0009962020980863685,0.001016565638609524,0.0003484560627272054,0.2591410014997671,0.0009962020980863685,0.33885385652502065,0.25104292871776485,0.25617454092960007
2018-01-23,6.814410749279512e-05,6.702888204761912e-05,8.808348591827335e-05,1.1152254451760014e-06,0.01636569132449527,6.702888204761912e-05,0.01717231508818437,0.016891278276000017,0.022197038451404884
2018-01-24,0.008547241906271846,0.008978202362951224,0.006314028678239315,0.0,0.0,0.008978202362951224,2.153904960380505,2.2625069954637085,1.5911352269163073
2018-01-25,1.7085267983247938e-06,1.9032710209420196e-06,1.8971854083306489e-06,0.0,0.0,1.9032710209420196e-06,0.00043054875317784805,0.00047962429727738896,0.0004780907228993235
2018-01-26,8.427958419941311e-05,8.49931022822437e-05,7.42288128181059e-05,0.0,0.0,8.49931022822437e-05,0.021238455218252104,0.021418261775125413,0.018705660830162684
2018-01-29,2.4398758675801286e-05,2.4183812293248732e-05,2.1899558585206252e-05,2.1494638255255364e-07,0.008809725797895279,2.4183812293248732e-05,0.006148487186301924,0.00609432069789868,0.005518688763471976
2018-01-30,0.0035368698795305454,0.003909118424613033,0.0019594600173655917,0.0,0.0,0.003909118424613033,0.8912912096416974,0.9850978430024843,0.4937839243761291
2018-01-31,0.0006381111276936474,0.0005363886617983113,0.000455851679806494,0.00010172246589533614,0.15941183490026917,0.0005363886617983113,0.16080400417879917,0.13516994277317446,0.11487462331123649
2018-02-01,0.00011887573475779675,0.00011694147601398744,0.0001839978483481679,1.934258743809309e-06,0.016271266221647304,0.00011694147601398744,0.029956685158964783,0.029469251955524835,0.04636745778373831
2018-02-02,0.003394226290058933,0.003294015693574232,0.00277949912647376,0.00010021059648470092,0.029523840749414842,0.003294015693574232,0.8553450250948511,0.8300919547807064,0.7004337798713874
2018-02-05,0.009297167238599286,0.010433828313811984,0.003990569440755366,0.0,0.0,0.010433828313811984,2.34288614412702,2.62932473508062,1.005623499070352
2018-02-06,52.35739375665365,52.03799771724726,52.31350412544825,0.31939603940639216,0.00610030439809271,52.03799771724726,13194.06322667672,13113.575424746308,13183.003039612959
2018-02-07,0.00035967801924475124,0.0003066352104997915,0.00039221141810689004,5.3042808744959726e-05,0.14747303354501762,0.0003066352104997915,0.09063886084967732,0.07727207304594746,0.0988372773629363
2018-02-08,0.0007719114412899797,0.0007086714086574412,0.0007615828233671518,6.324003263253849e-05,0.08192653867771202,0.0007086714086574412,0.1945216832050749,0.1785851949816752,0.19191887148852227
2018-02-09,0.036311094388689666,0.03716257961807776,0.0576907133280959,0.0,0.0,0.03716257961807776,9.150395785949796,9.364970063755594,14.538059758680168
2018-02-12,0.0006012623012417135,0.000611782871904597,0.0006715331638658857,0.0,0.0,0.000611782871904597,0.15151809991291182,0.15416928371995844,0.16922635729420318
2018-02-13,1.2857247625100111e-05,1.261687040034171e-05,1.118888456022393e-05,2.4037722475840093e-07,0.01869585257059842,1.261687040034171e-05,0.003240026401525228,0.0031794513408861112,0.0028195989091764303
2018-02-14,0.002012723034763748,0.0018746652281849791,0.0013134068667525751,0.00013805780657876886,0.06859255055248148,0.0018746652281849791,0.5072062047604645,0.4724156375026147,0.33097853042164893
2018-02-15,0.0001710192324770893,0.0001677063416983676,0.00015442099889949494,3.3128907787216978e-06,0.019371451452362586,0.0001677063416983676,0.0430968465842265,0.042261998107988634,0.038914091722672725
2018-02-16,8.547497237603942e-06,7.659846274114812e-06,4.277663406957638e-06,8.876509634891303e-07,0.10384921281223441,7.659846274114812e-06,0.0021539693038761932,0.0019302812610769325,0.0010779711785533247
2018-02-20,4.3596903324203904e-05,4.765991358208473e-05,3.610867818120238e-05,0.0,0.0,4.765991358208473e-05,0.010986419637699384,0.012010298222685352,0.009099386901662999
2018-02-21,2.2327455070016456e-06,2.081755286637656e-06,1.579690666106216e-06,1.5099022036398955e-07,0.06762533045757813,2.081755286637656e-06,0.0005626518677644147,0.0005246023322326894,0.0003980820478587664
2018-02-22,1.6313974991693163e-08,1.6143215030306627e-08,1.175094852791574e-08,1.7075996138653562e-10,0.010466455601279116,1.6143215030306627e-08,4.111121697906677e-06,4.06809018763727e-06,2.9612390290347666e-06
2018-02-23,0.00015232900406190293,0.00015426183589446047,0.00014362361363562973,0.0,0.0,0.00015426183589446047,0.038386909023599536,0.03887398264540404,0.03619315063617869
2018-02-26,0.0002682349210940043,0.0002510866012834909,0.0001998352172161567,1.714831981051339e-05,0.06393022831122518,0.0002510866012834909,0.06759520011568908,0.06327382352343972,0.050358474738471486
2018-02-27,0.00021393482710933327,0.00023039313542478878,0.00024994180707321403,0.0,0.0,0.00023039313542478878,0.053911576431551984,0.05805907012704677,0.06298533538244994
2018-02-28,4.878149918976264e-05,4.6835945418332815e-05,3.909182512862258e-05,1.945553771429824e-06,0.03988302458640091,4.6835945418332815e-05,0.012292937795820184,0.011802658245419869,0.00985113993241289
2018-03-01,0.00022976032477727983,0.0002457004953808318,0.00024329295354447015,0.0,0.0,0.0002457004953808318,0.057899601843874514,0.061916524835969614,0.06130982429320648
2018-03-02,0.030346586004354116,0.02904064822004008,0.02711022033715672,0.0013059377843140374,0.04303409233854602,0.02904064822004008,7.647339673097237,7.3182433514501,6.8317755249634935
2018-03-05,0.010699093369155185,0.011204021855269933,0.008841150158693576,0.0,0.0,0.011204021855269933,2.6961715290271067,2.823413507528023,2.2279698399907812
2018-03-06,2.9361655379717214e-05,2.8644381090811244e-05,1.2494730323666503e-05,7.172742889059701e-07,0.02442894500330224,2.8644381090811244e-05,0.007399137155688738,0.0072183840348844334,0.003148672041563959
2018-03-07,2.8314800281080144e-05,3.0083681255520783e-05,3.245199700011798e-05,0.0,0.0,3.0083681255520783e-05,0.007135329670832196,0.0075810876763912375,0.00817790324402973
2018-03-08,0.0011085734478201205,0.0011036296181031753,0.0007492584512209142,4.943829716945198e-06,0.00445963208139887,0.0011036296181031753,0.2793605088506704,0.27811466376200017,0.18881312970767036
2018-03-09,0.0002956788976372167,0.0003197214353886957,0.00021201295370992066,0.0,0.0,0.0003197214353886957,0.07451108220457861,0.08056980171795132,0.053427264334900006
2018-03-12,0.00024278029691049424,0.0002304712764612823,0.00031940801553419305,1.2309020449211938e-05,0.050700244439727565,0.0002304712764612823,0.06118063482144455,0.05807876166824314,0.08049081991461665
2018-03-13,0.0022042431152704254,0.0023966916485677527,0.0011035943453014186,0.0,0.0,0.0023966916485677527,0.5554692650481472,0.6039662954390737,0.2781057750159575
2018-03-14,1.4845522709867663e-07,1.2659947894755751e-07,8.213092951646987e-08,2.1855748151119115e-08,0.14722015087041063,1.2659947894755751e-07,3.741071722886651e-05,3.1903068694784496e-05,2.0696994238150407e-05
2018-03-15,2.4468369109716007e-07,2.3108929927275868e-07,2.890039477494394e-07,1.359439182440139e-08,0.05555881638301308,2.3108929927275868e-07,6.166029015648433e-05,5.823450341673518e-05,7.282899483285873e-05
2018-03-16,2.045497090438074e-05,1.58375367364671e-05,2.2668741431112998e-05,4.61743416791364e-06,0.22573651968325348,1.58375367364671e-05,0.005154652667903947,0.00399105925758971,0.005712522840640476
2018-03-19,0.00026633706464596995,0.0002930335709170275,0.00016356293664625233,0.0,0.0,0.0002930335709170275,0.06711694029078442,0.07384445987109094,0.041217860034855586
2018-03-20,1.1034631864424991e-05,1.0123388600002223e-05,1.0106974410057407e-05,9.112432644227678e-07,0.08258029747057219,1.0123388600002223e-05,0.0027807272298350978,0.00255109392720056,0.0025469575513344667
2018-03-21,1.1347458419256702e-05,1.0025226579728947e-05,1.1614664321414657e-05,1.3222318395277547e-06,0.1165222796288586,1.0025226579728947e-05,0.0028595595216526887,0.002526357098091695,0.0029268954089964935
2018-03-22,0.0004392341120103728,0.000406000949606712,0.0003504669124017406,3.32331624036608e-05,0.07566161511429778,0.000406000949606712,0.11068699622661395,0.10231223930089142,0.08831766192523863
2018-03-23,0.009266598552980837,0.009221542101365937,0.007206040690677333,4.5056451614899906e-05,0.004862242747695604,0.009221542101365937,2.335182835351171,2.323828609544216,1.815922254050688
2018-03-26,0.00838125743581414,0.00756168373045788,0.006146183975150642,0.0008195737053562592,0.09778648508711042,0.00756168373045788,2.112076873825163,1.9055443000753858,1.5488383617379617
2018-03-27,0.0017392402401501278,0.001490515170905289,0.0021231380943019435,0.0002487250692448388,0.1430078854893338,0.001490515170905289,0.4382885405178322,0.37560982306813284,0.5350307997640897
2018-03-28,0.00012220610079366254,0.00012478053483770652,0.00013781833889727038,0.0,0.0,0.00012478053483770652,0.03079593740000296,0.03144469477910204,0.034730221402112134
2018-03-29,0.00015829352295574468,0.000170141857366708,0.00011305209199278533,0.0,0.0,0.000170141857366708,0.03988996778484766,0.042875748056410416,0.0284891271821819
2018-04-02,0.5329921560294938,0.33797596969524335,0.390728022908765,0.19501618633425044,0.36588941155654287,0.33797596969524335,134.31402331943244,85.16994436320132,98.46346177300879
2018-04-03,0.00019976961432667756,0.00019394340576405855,7.693891932303835e-05,5.826208562619006e-06,0.02916463824136405,0.00019394340576405855,0.05034194281032275,0.04887373825254276,0.019388607669405665
2018-04-04,0.00028922948429904835,0.0002685754634483501,0.0003235381347401056,2.0654020850698225e-05,0.07141049547331951,0.0002685754634483501,0.07288583004336019,0.06768101678898424,0.0815316099545066
2018-04-05,0.00013357232995328734,0.00010232322942703575,0.00012627716142637256,3.124910052625159e-05,0.23394890471126065,0.00010232322942703575,0.03366022714822841,0.025785453815613008,0.03182184467944588
2018-04-06,0.003649236338958898,0.0034661318180032575,0.003293008371825095,0.0001831045209556405,0.05017612012427314,0.0034661318180032575,0.9196075574176423,0.8734652181368209,0.829838109699924
2018-04-09,2.116506026762416e-05,2.0641225892455997e-05,2.3670339592815452e-05,5.238343751681647e-07,0.024749957892607914,2.0641225892455997e-05,0.005333595187441289,0.005201588924898911,0.005964925577389494
2018-04-10,0.0013675367357382138,0.0014108134554708849,0.0015439359139698488,0.0,0.0,0.0014108134554708849,0.3446192574060299,0.355524990778663,0.38907185032040187
2018-04-11,3.494609955370427e-06,3.2598285445084945e-06,5.201310957205522e-06,2.3478141086193265e-07,0.06718384789045737,3.2598285445084945e-06,0.0008806417087533476,0.0008214767932161406,0.0013107303612157914
2018-04-12,0.0040027392970158945,0.0034176413341851443,0.0022661726987993425,0.0005850979628307502,0.1461743869056812,0.0034176413341851443,1.0086903028480054,0.8612456162146563,0.5710755200974343
2018-04-13,5.120160771544012e-05,5.228309902818466e-05,6.652772394953221e-05,0.0,0.0,5.228309902818466e-05,0.012902805144290909,0.013175340955102534,0.016764986435282115
2018-04-16,0.00029220501259905496,0.00027729261454724697,0.0002655506674651932,1.4912398051807995e-05,0.051034025282912614,0.00027729261454724697,0.07363566317496185,0.06987773886590623,0.06691876820122869
2018-04-17,0.0003197131381760878,0.00023685504243650682,0.00039122078077182806,8.2858095739581e-05,0.25916387406882707,0.00023685504243650682,0.08056771082037413,0.05968747069399972,0.09858763675450068
2018-04-18,2.69028589433132e-06,2.7545947146010605e-06,3.5974122471785974e-06,0.0,0.0,2.7545947146010605e-06,0.0006779520453714927,0.0006941578680794672,0.0009065478862890065
2018-04-19,0.00019406080352893176,0.0002418797568014971,0.0001879872109049033,0.0,0.0,0.0002418797568014971,0.0489033224892908,0.06095369871397727,0.04737277714803563
2018-04-20,0.5483535758195718,0.6178212641352697,0.5226991785512514,0.0,0.0,0.6178212641352697,138.1851011065321,155.69095856208796,131.72019299491535
2018-04-23,8.253151135418607e-06,7.913684914334524e-06,8.075102682123288e-06,3.394662210840825e-07,0.04113170525807404,7.913684914334524e-06,0.002079794086125489,0.0019942485984123,0.0020349258758950686
2018-04-24,0.006440638200116125,0.005983333946987779,0.005845780833431281,0.00045730425312834593,0.07100294083420144,0.005983333946987779,1.6230408264292635,1.5078001546409203,1.4731367700246827
2018-04-25,2.5541265480548554e-05,2.467532357627784e-05,1.8614649903755305e-05,8.659419042707143e-07,0.033903640014491414,2.467532357627784e-05,0.006436398901098235,0.006218181541222016,0.004690891775746337
2018-04-26,0.0019702785320772267,0.0014073399612734346,0.0015888049822688805,0.0005629385708037921,0.2857152231794261,0.0014073399612734346,0.49651019008346114,0.35464967024090555,0.4003788555317579
2018-04-27,1.6001964470801565e-06,1.5459782922601356e-06,1.5218437830215276e-06,5.42181548200209e-08,0.033882165553351884,1.5459782922601356e-06,0.00040324950466419943,0.0003895865296495542,0.000383504633321425
2018-04-30,0.0012665204955986703,0.0011684427772803078,0.0007553820424791618,9.807771831836249e-05,0.07743871384770881,0.0011684427772803078,0.31916316489086494,0.2944475798746376,0.19035627470474875
2018-05-01,0.00037043142492955487,0.0003908997112214107,0.00025431428020519163,0.0,0.0,0.0003908997112214107,0.09334871908224783,0.0985067272277955,0.0640871986117083
2018-05-02,3.9104591330590414e-05,4.1218526334508865e-05,2.3812550762702936e-05,0.0,0.0,4.1218526334508865e-05,0.009854357015308785,0.010387068636296234,0.0060007627922011395
2018-05-03,9.89404727736921e-08,1.0273405917236882e-07,5.015938948666761e-08,0.0,0.0,1.0273405917236882e-07,2.493299913897041e-05,2.5888982911436945e-05,1.2640166150640237e-05
2018-05-04,0.00048177708517758674,0.000521816629463568,0.00036099763134102205,0.0,0.0,0.000521816629463568,0.12140782546475186,0.13149779062481914,0.09097140309793755
2018-05-07,0.00034043982437704514,0.00035988325341232896,0.00021277983279811147,0.0,0.0,0.00035988325341232896,0.08579083574301538,0.0906905798599069,0.05362051786512409
2018-05-08,1.3141720743914378e-05,1.016274916407665e-05,2.053544639256794e-05,2.9789715798377276e-06,0.22668046378452802,1.016274916407665e-05,0.0033117136274664234,0.002561012789347316,0.00517493249092712
2018-05-09,0.000160350559043047,0.00015888245818665157,0.00012326077542408514,1.46810085639544e-06,0.009155570495053588,0.00015888245818665157,0.04040834087884785,0.0400383794630362,0.031061715406869455
2018-05-10,0.0001845473908598743,0.00018893723365478605,0.00022166452840066995,0.0,0.0,0.00018893723365478605,0.046505942496688324,0.047612182881006083,0.055859461156968826
2018-05-11,2.53095392995246e-05,2.6922255670692246e-05,1.1864933392003303e-05,0.0,0.0,2.6922255670692246e-05,0.0063780039034802,0.006784408429014446,0.0029899632147848323
2018-05-14,2.9477979221115918e-06,2.8532079729495876e-06,2.166198730717889e-06,9.458994916200413e-08,0.03208833155222361,2.8532079729495876e-06,0.0007428450763721211,0.0007190084091832961,0.000545882080140908
2018-05-15,0.0010772511682002107,0.0010038306088905945,0.000893843187094209,7.342055930961624e-05,0.06815546959594043,0.0010038306088905945,0.2714672943864531,0.25296531344042983,0.22524848314774068
2018-05-16,2.6858631680470093e-05,2.666060902403098e-05,2.9020696978081298e-05,1.980226564391134e-07,0.007372775032703098,2.666060902403098e-05,0.006768375183478463,0.006718473474055807,0.0073132156384764875
2018-05-17,3.941049054277629e-05,4.082761044063345e-05,2.3079648674465007e-05,0.0,0.0,4.082761044063345e-05,0.009931443616779626,0.010288557831039628,0.005816071465965182
2018-05-18,7.378598536767218e-05,7.685535377521286e-05,4.224771986717099e-05,0.0,0.0,7.685535377521286e-05,0.01859406831265339,0.01936754915135364,0.010646425406527089
2018-05-21,8.658713697847292e-05,8.083394474392521e-05,8.259630914573094e-05,5.753192234547708e-06,0.06644395887040466,8.083394474392521e-05,0.021819958518575176,0.020370154075469153,0.020814269904724198
2018-05-22,1.599249102346695e-05,1.6954466112031558e-05,1.3504846592640988e-05,0.0,0.0,1.6954466112031558e-05,0.004030107737913672,0.0042725254602319525,0.003403221341345529
2018-05-23,7.921153798639828e-06,7.692791077686237e-06,1.2749215702110884e-05,2.2836272095359105e-07,0.028829473322854907,7.692791077686237e-06,0.0019961307572572366,0.0019385833515769319,0.003212802356931943
2018-05-24,1.1261373318169895e-07,1.2006110607402472e-07,1.237487029100189e-07,0.0,0.0,1.2006110607402472e-07,2.8378660761788135e-05,3.0255398730654228e-05,3.118467313332477e-05
2018-05-25,1.0086243752248039e-05,1.0217963049214459e-05,8.84596015618483e-06,0.0,0.0,1.0217963049214459e-05,0.0025417334255665057,0.0025749266884020437,0.002229181959358577
2018-05-29,0.0016128855797375408,0.0017968815744767801,0.0009161095123219503,0.0,0.0,0.0017968815744767801,0.4064471660938603,0.45281415676814857,0.2308595971051315
2018-05-30,3.868905203678555e-05,4.1272418466368085e-05,3.056149353501473e-05,0.0,0.0,4.1272418466368085e-05,0.009749641113269958,0.010400649453524757,0.007701496370823712
2018-05-31,8.847810179084775e-05,9.449664809286407e-05,5.832334768583996e-05,0.0,0.0,9.449664809286407e-05,0.022296481651293634,0.023813155319401744,0.01469748361683167
2018-06-01,0.0027377670507289843,0.0026549773191503435,0.002842602917765267,8.278973157864076e-05,0.03023987432617998,0.0026549773191503435,0.6899172967837041,0.6690542844258865,0.7163359352768472
2018-06-04,9.313405879057143e-05,8.8455116758839e-05,0.00011811044138574954,4.678942031732431e-06,0.0502387852763411,8.8455116758839e-05,0.023469782815224,0.022290689423227428,0.029763831229208886
2018-06-05,5.4353821978116424e-05,5.737666253788429e-05,5.424456318688521e-05,0.0,0.0,5.737666253788429e-05,0.01369716313848534,0.01445891895954684,0.013669629923095072
2018-06-06,3.4808200801473196e-05,3.76302038213005e-05,3.509275550123239e-05,0.0,0.0,3.76302038213005e-05,0.008771666601971246,0.009482811362967726,0.008843374386310563
2018-06-07,0.0004240210774925302,0.0004238737811271511,0.0004210223259952587,1.4729636537910706e-07,0.00034737981871743655,0.0004238737811271511,0.10685331152811761,0.10681619284404208,0.10609762615080519
2018-06-08,4.3728782648700445e-09,4.205910529448997e-09,3.7178428384739067e-09,1.6696773542104717e-10,0.03817384145372598,4.205910529448997e-09,1.1019653227472512e-06,1.0598894534211473e-06,9.368963952954245e-07
2018-06-11,2.3426820381270972e-05,1.9187280052648255e-05,1.6091284916033904e-05,4.239540328622717e-06,0.18096950754113403,1.9187280052648255e-05,0.005903558736080285,0.00483519457326736,0.004055003798840544
2018-06-12,0.00014886971804495757,0.0001409834334959004,0.00018855031508718586,7.886284549057167e-06,0.05297440338874803,0.0001409834334959004,0.03751516894732931,0.035527825240966905,0.047514679401970836
2018-06-13,5.623046185648887e-09,6.175498193441116e-09,5.790621727717343e-09,0.0,0.0,6.175498193441116e-09,1.4170076387835196e-06,1.5562255447471613e-06,1.4592366753847705e-06
2018-06-14,0.0005708953293411102,0.0006431049423495847,0.00028300779236804146,0.0,0.0,0.0006431049423495847,0.14386562299395977,0.16206244547209533,0.07131796367674645
2018-06-15,3.7001499184884225e-06,3.0582261429801526e-06,3.905563364966226e-06,6.419237755082699e-07,0.17348583602382012,3.0582261429801526e-06,0.0009324377794590825,0.0007706729880309984,0.0009842019679714889
2018-06-18,6.917903117475588e-06,6.974379720754178e-06,8.84995669764904e-06,0.0,0.0,6.974379720754178e-06,0.0017433115856038482,0.0017575436896300528,0.002230189087807558
2018-06-19,2.180073176019073e-05,2.1780825251874745e-05,1.8883530327449715e-05,1.990650831598385e-08,0.0009131118910064422,2.1780825251874745e-05,0.005493784403568064,0.005488767963472436,0.004758649642517329
2018-06-20,0.0002340163342480546,0.0002563876913737524,0.00013817016481255487,0.0,0.0,0.0002563876913737524,0.05897211623050976,0.0646096982261856,0.03481888153276383
2018-06-21,2.715091793564876e-05,2.490806907510597e-05,3.718558046703508e-05,2.2428488605427903e-06,0.08260673849966686,2.490806907510597e-05,0.006842031319783487,0.006276833406926704,0.00937076627769284
2018-06-22,1.7783507800342563e-06,1.813941169980397e-06,1.889400817619753e-06,0.0,0.0,1.813941169980397e-06,0.00044814439656863257,0.00045711317483506004,0.00047612900604017774
2018-06-25,0.00019794806616259475,0.00021754699278119224,0.00019188875648003796,0.0,0.0,0.00021754699278119224,0.04988291267297388,0.05482184218086044,0.048355966632969566
2018-06-26,1.5057617141977934e-05,1.3350159152973878e-05,1.7352586129300415e-05,1.7074579890040557e-06,0.11339495881117942,1.3350159152973878e-05,0.0037945195197784396,0.0033642401065494174,0.004372851704583704
2018-06-27,0.0004935020617456566,0.00043685001077671586,0.0003015507541079739,5.665205096894074e-05,0.11479597603655475,0.00043685001077671586,0.12436251955990546,0.1100862027157324,0.07599079003520942
2018-06-28,0.0020208345268963998,0.0020257851395537145,0.001032053949603586,0.0,0.0,0.0020257851395537145,0.5092503007778928,0.5104978551675361,0.2600775953001037
2018-06-29,4.375799359730503e-06,4.090658361954796e-06,3.383145366907627e-06,2.851409977757064e-07,0.0651631642978492,4.090658361954796e-06,0.0011027014386520866,0.0010308459072126087,0.000852552632460722
2018-07-02,0.0002520741574673436,0.00024208478377153926,0.0003302353887484096,9.989373695804351e-06,0.039628709886572855,0.00024208478377153926,0.06352268768177059,0.06100536551042789,0.08321931796459922
2018-07-03,0.0009036536008800108,0.0007663378389020715,0.0014182540511666235,0.00013731576197793935,0.151956193935663,0.0007663378389020715,0.22772070742176273,0.193117135403322,0.35740002089398915
2018-07-05,0.0006003859732683139,0.0006854262362752631,0.0004593919457651622,0.0,0.0,0.0006854262362752631,0.1512972652636151,0.17272741154136628,0.11576677033282089
2018-07-06,0.014195621392915983,0.01219476472295421,0.008891536059469537,0.0020008566699617723,0.14094886123261272,0.01219476472295421,3.5772965910148278,3.073080710184461,2.240667086986323
2018-07-09,0.0014778376159984518,0.0013539283117904258,0.001395517989535078,0.0001239093042080259,0.08384500623261353,0.0013539283117904258,0.3724150792316098,0.3411899345711873,0.35167053336283965
2018-07-10,4.53343297957419e-07,4.952972349483317e-07,6.093497587516397e-07,0.0,0.0,4.952972349483317e-07,0.0001142425110852696,0.0001248149032069796,0.0001535561392054132
2018-07-11,9.584448387673566e-05,9.11145331172532e-05,6.220934977451464e-05,4.729950759482457e-06,0.04935026533415652,9.11145331172532e-05,0.024152809936937386,0.022960862345547808,0.01567675614317769
2018-07-12,0.00018665009327288376,0.00019050192223871997,0.0002878353942885544,0.0,0.0,0.00019050192223871997,0.047035823504766705,0.04800648440415743,0.07253451936071571
2018-07-13,4.843471663553662e-07,4.800162602253932e-07,5.199443269503874e-07,4.330906129972961e-09,0.008941720916509832,4.800162602253932e-07,0.00012205548592155227,0.00012096409757679909,0.00013102597039149763
2018-07-16,0.00010592517898115586,0.00010298662870867623,9.298948575011064e-05,2.9385502724796326e-06,0.027741753877618163,0.00010298662870867623,0.026693145103251277,0.02595263043458641,0.02343335040902788
2018-07-17,5.324173048129431e-05,4.811439518548087e-05,5.0932153596625456e-05,5.1273352958134395e-06,0.0963029404408993,4.811439518548087e-05,0.013416916081286166,0.01212482758674118,0.012834902706349615
2018-07-18,0.0006091984132689495,0.0005611171966610978,0.0003993231819751247,4.808121660785172e-05,0.07892538043709481,0.0005611171966610978,0.15351800014377526,0.14140153355859664,0.10062944185773141
2018-07-19,1.752229810063526e-05,1.666003085170312e-05,2.3346825164575422e-05,8.622672489321411e-07,0.04920970952384211,1.666003085170312e-05,0.004415619121360086,0.004198327774629186,0.005883399941473006
2018-07-20,1.8668675579122472e-07,1.9047042043496645e-07,1.748402026117486e-07,0.0,0.0,1.9047042043496645e-07,4.704506245938863e-05,4.7998545949611545e-05,4.405973105816065e-05
2018-07-23,0.0006748814561523167,0.0007312304223294044,0.0005857209570499861,0.0,0.0,0.0007312304223294044,0.1700701269503838,0.1842700664270099,0.1476016811765965
2018-07-24,8.09441997953085e-06,9.036585126203255e-06,6.456749784967132e-06,0.0,0.0,9.036585126203255e-06,0.0020397938348417745,0.0022772194518032203,0.0016271009458117172
2018-07-25,0.0016000979567322704,0.0016776961311815149,0.0012709777678202824,0.0,0.0,0.0016776961311815149,0.40322468509653214,0.42277942505774174,0.32028639749071114
2018-07-26,0.0014433787481850384,0.0015281569989089787,0.0018522976233861157,0.0,0.0,0.0015281569989089787,0.3637314445426297,0.38509556372506265,0.46677900109330117
2018-07-27,0.0010593602427616084,0.0009499876237641775,0.0009955066999482202,0.00010937261899743094,0.10324402831001789,0.0009499876237641775,0.2669587811759253,0.23939688118857272,0.2508676883869515
2018-07-30,0.004218392353306039,0.004669114443752557,0.002749946919803901,0.0,0.0,0.004669114443752557,1.0630348730331218,1.1766168398256442,0.6929866237905831
2018-07-31,0.0003098562425644856,0.0003561503572179875,0.00039212153418069083,0.0,0.0,0.0003561503572179875,0.07808377312625037,0.08974989001893285,0.09881462661353409
2018-08-01,0.0002617761494139604,0.0002544646027235669,0.00018078399457754422,7.311546690393501e-06,0.027930530259656458,0.0002544646027235669,0.06596758965231803,0.06412507988633885,0.045557566633541144
2018-08-02,0.0013654257259365856,0.0013735818753089083,0.0013059965675346226,0.0,0.0,0.0013735818753089083,0.34408728293601953,0.3461426325778449,0.3291111350187249
2018-08-03,0.00025287067465410974,0.0002148341798419814,0.0003205051387803234,3.803649481212834e-05,0.15041876529865694,0.0002148341798419814,0.06372341001283566,0.05413821332017931,0.0807672949726415
2018-08-06,0.0001633830315400574,0.0001560374474303776,0.00013586971929169884,7.345584109679805e-06,0.0449592836874224,0.0001560374474303776,0.04117252394809447,0.039321436752455155,0.03423916926150811
2018-08-07,1.0934580665092304e-05,1.0315622725194781e-05,1.1433934010433842e-05,6.189579398975224e-07,0.0566055436646005,1.0315622725194781e-05,0.0027555143276032606,0.002599536926749085,0.0028813513706293283
2018-08-08,6.594397395192435e-07,5.811420632652511e-07,4.123074005389047e-07,7.829767625399246e-08,0.11873345330631882,5.811420632652511e-07,0.00016617881435884938,0.00014644779994284326,0.00010390146493580399
2018-08-09,4.5980424716727813e-07,3.580703908153227e-07,4.47514899497699e-07,1.0173385635195543e-07,0.2212542309569261,3.580703908153227e-07,0.00011587067028615408,9.023373848546131e-05,0.00011277375467342015
2018-08-10,0.00015081937989448998,0.00015673902010251888,0.00015337085515746798,0.0,0.0,0.00015673902010251888,0.03800648373341147,0.03949823306583476,0.038649455499681934
2018-08-13,3.070937237799878e-06,3.4414971756421404e-06,3.7478898372522486e-06,0.0,0.0,3.4414971756421404e-06,0.0007738761839255693,0.0008672572882618193,0.0009444682389875667
2018-08-14,5.508814775746051e-05,5.291296822243034e-05,3.687974526541045e-05,2.1751795350301653e-06,0.039485435326696905,5.291296822243034e-05,0.013882213234880049,0.013334067992052447,0.009293695806883433
2018-08-15,0.0006669092309440614,0.0006076097922834206,0.0005868326623164135,5.929943866064087e-05,0.08891680579646669,0.0006076097922834206,0.16806112619790348,0.15311766765542198,0.14788183090373622
2018-08-16,1.3652592534257866e-05,1.1068925269198577e-05,1.6967712609778937e-05,2.5836672650592894e-06,0.18924369634064064,1.1068925269198577e-05,0.0034404533186329824,0.0027893691678380415,0.004275863577664292
2018-08-17,3.0795319404853206e-08,3.2004881329557014e-08,2.3910276411183494e-08,0.0,0.0,3.2004881329557014e-08,7.760420490023008e-06,8.065230095048368e-06,6.02538965561824e-06
2018-08-20,4.015742998268171e-06,4.39046925304324e-06,2.645876456554675e-06,0.0,0.0,4.39046925304324e-06,0.0010119672355635792,0.0011063982517668966,0.0006667608670517781
2018-08-21,0.0012781162730267756,0.0012509617711717758,0.001942945263950235,2.7154501854999768e-05,0.021245721071564184,0.0012509617711717758,0.32208530080274744,0.3152423663352875,0.48962220651545924
2018-08-22,9.30568925666592e-06,9.939145848503855e-06,1.6522982238712175e-05,0.0,0.0,9.939145848503855e-06,0.002345033692679812,0.0025046647538229713,0.004163791524155468
2018-08-23,2.1883536321020105e-07,2.393415130167783e-07,3.774344787663154e-07,0.0,0.0,2.393415130167783e-07,5.514651152897067e-05,6.031406128022813e-05,9.511348864911149e-05
2018-08-24,8.613612744577819e-05,9.106765684375476e-05,9.923799271439118e-05,0.0,0.0,9.106765684375476e-05,0.021706304116336103,0.0229490495246262,0.02500797416402658
2018-08-27,0.00043604624181563836,0.00048475522858191237,0.000520540114645405,0.0,0.0,0.00048475522858191237,0.10988365293754086,0.12215831760264191,0.13117610889064207
2018-08-28,1.5418384291162148e-06,1.583642801785381e-06,2.015541416556148e-06,0.0,0.0,1.583642801785381e-06,0.0003885432841372861,0.000399077986049916,0.0005079164369721493
2018-08-29,6.947405815676579e-05,6.128603159857854e-05,5.555089215203356e-05,8.188026558187246e-06,0.11785732196403338,6.128603159857854e-05,0.017507462655504978,0.015444079962841792,0.013998824822312458
2018-08-30,0.0013900759747058145,0.001478788862947448,0.0010268185770783732,0.0,0.0,0.001478788862947448,0.3502991456258652,0.37265479346275693,0.25875828142375007
2018-08-31,3.469111755018222e-06,4.307155158919325e-06,4.0001336237495155e-06,0.0,0.0,4.307155158919325e-06,0.000874216162264592,0.0010854031000476698,0.0010080336731848778
2018-09-04,5.1420279516981545e-06,4.689530759810562e-06,6.513744202006334e-06,4.5249719188759226e-07,0.08799973631773408,4.689530759810562e-06,0.001295791043827935,0.0011817617514722617,0.0016414635389055963
2018-09-05,0.0008724114301307768,0.0006593387348512832,0.0006523374725004726,0.00021307269527949362,0.24423418547292447,0.0006593387348512832,0.21984768039295577,0.16615336118252336,0.1643890430701191
2018-09-06,0.09602201612644755,0.08515315616312669,0.05380000996773593,0.010868859963320862,0.1131913325887149,0.08515315616312669,24.197548063864783,21.458595353107924,13.557602511869455
2018-09-07,0.0011705845624747635,0.0011793314665261576,0.0009212458245281928,0.0,0.0,0.0011793314665261576,0.2949873097436404,0.2971915295645917,0.2321539477811046
2018-09-10,0.0001905146187240997,0.00017714410558831168,0.0001248042490825154,1.3370513135788027e-05,0.07018103468988887,0.00017714410558831168,0.04800968391847313,0.044640314608254544,0.031450670768793876
2018-09-11,6.135120646163968e-05,6.610667904874229e-05,5.607264489678029e-05,0.0,0.0,6.610667904874229e-05,0.0154605040283332,0.016658883120283057,0.014130306513988633
2018-09-12,0.0001921063821022104,0.00019631954218527105,0.00014917451660434092,0.0,0.0,0.00019631954218527105,0.048410808289757024,0.049472524630688304,0.03759197818429391
2018-09-13,4.7948353226562206e-05,5.029162908945402e-05,4.4756523400339464e-05,0.0,0.0,5.029162908945402e-05,0.012082985013093676,0.012673490530542413,0.011278643896885545
2018-09-14,0.00042567792264970887,0.00042294560902915305,0.0003288210245139656,2.732313620555822e-06,0.0064187346083849255,0.00042294560902915305,0.10727083650772663,0.10658229347534656,0.08286289817751932
2018-09-17,0.00037409422527323236,0.0003575604557775065,0.00038051933815362897,1.6533769495725872e-05,0.04419680480085751,0.0003575604557775065,0.09427174476885455,0.09010523485593164,0.0958908732147145
2018-09-18,6.816865185900235e-05,7.807598317911679e-05,5.902981995360783e-05,0.0,0.0,7.807598317911679e-05,0.017178500268468594,0.01967514776113743,0.014875514628309173
2018-09-19,1.2643702401079679e-06,1.2919080075966178e-06,1.1624009663717253e-06,0.0,0.0,1.2919080075966178e-06,0.0003186213005072079,0.0003255608179143477,0.00029292504352567474
2018-09-20,0.0002618455467730747,0.0002873069463422104,0.0003482293331521425,0.0,0.0,0.0002873069463422104,0.06598507778681482,0.07240135047823702,0.08775379195433991
2018-09-21,0.00020273926432954307,0.0001921189971872946,0.00029943419253158085,1.0620267142248484e-05,0.052383869128586134,0.0001921189971872946,0.051090294611044855,0.04841398729119824,0.07545741651795837
2018-09-24,3.3724650629659475e-06,3.0534477735973563e-06,2.4871813614029913e-06,3.190172893685912e-07,0.09459466260367004,3.0534477735973563e-06,0.0008498611958674188,0.0007694688389465338,0.0006267697030735538
2018-09-25,4.035864935412898,4.071050526475024,3.2464796768330935,0.0,0.0,4.071050526475024,1017.0379637240504,1025.9047326717061,818.1128785619395
2018-09-26,1.049533617840611e-07,9.993094793375926e-08,7.141895241036501e-08,5.022413850301839e-09,0.04785331228667971,9.993094793375926e-08,2.6448247169583396e-05,2.5182598879307335e-05,1.7997576007411985e-05
2018-09-27,8.991066866386904e-05,7.86817531696516e-05,9.850477314293477e-05,1.122891549421743e-05,0.12488968813375234,7.86817531696516e-05,0.022657488503294996,0.019827801798752206,0.024823202832019563
2018-09-28,1.9676884971421828e-07,2.0783426441617168e-07,1.0432422027416485e-07,0.0,0.0,2.0783426441617168e-07,4.9585750127983004e-05,5.237423463287526e-05,2.6289703509089544e-05
2018-10-01,5.856598865901563e-06,5.736539655303902e-06,8.278815874642725e-06,1.200592105976605e-07,0.020499814456622197,5.736539655303902e-06,0.0014758629142071938,0.0014456079931365834,0.002086261600409967
2018-10-02,8.379125699091712e-06,9.462891145168194e-06,5.372549975214417e-06,0.0,0.0,9.462891145168194e-06,0.0021115396761711112,0.002384648568582385,0.001353882593754033
2018-10-03,8.358468797795266e-06,7.649996676718695e-06,3.4435087718229318e-06,7.084721210765718e-07,0.08476098355508173,7.649996676718695e-06,0.002106334137044407,0.001927799162533111,0.0008677642104993788
2018-10-04,0.00014159250893496617,0.00013031118627168195,0.00011396910912691949,1.1281322663284223e-05,0.07967457225290918,0.00013031118627168195,0.035681312251611474,0.032838418940463854,0.02872021549998371
2018-10-05,0.1378083159075995,0.13675350758912083,0.1233163966889702,0.0010548083184786783,0.007654170298244361,0.13675350758912083,34.727695608715074,34.46188391245845,31.075731965620488
2018-10-08,0.0005060230396955184,0.00044902266226573437,0.000383158909311642,5.700037742978407e-05,0.11264383801859734,0.00044902266226573437,0.12751780600327065,0.11315371089096506,0.09655604514653379
2018-10-09,0.0001548178312934769,0.00014920347409155265,0.00024053937970466483,5.614357201924239e-06,0.03626427988787177,0.00014920347409155265,0.03901409348595618,0.03759927547107127,0.060615923685575536
2018-10-10,0.014324313450816218,0.012486043908461518,0.013574960328671512,0.0018382695423546994,0.12833212206213068,0.012486043908461518,3.609726989605687,3.1464830649323026,3.420890002825221
2018-10-11,6.803841114914071e-05,6.292265100150102e-05,9.636937549563487e-05,5.115760147639693e-06,0.07518929360705698,6.292265100150102e-05,0.017145679609583457,0.015856508052378256,0.024285082624899985
2018-10-12,0.6163455011867507,0.6136692992440353,0.46086098035116235,0.0026762019427153394,0.004342048311471518,0.6136692992440353,155.31906629906118,154.6446634094969,116.1369670484929
2018-10-15,0.5278131315478207,0.5890285861979676,0.5134967096668273,0.0,0.0,0.5890285861979676,133.0089091500508,148.43520372188783,129.40117083604048
2018-10-16,0.021747492190887525,0.02381102349233196,0.010827450838897598,0.0,0.0,0.02381102349233196,5.480368032103656,6.000377920067654,2.7285176114021947
2018-10-17,9.9076027118432e-07,9.908164956767492e-07,1.271845269466436e-06,0.0,0.0,9.908164956767492e-07,0.0002496715883384486,0.0002496857569105408,0.0003205050079055419
2018-10-18,0.009653109264900227,0.009223863452925645,0.011642559636607316,0.0004292458119745813,0.04446710382642196,0.009223863452925645,2.432583534754857,2.3244135901372625,2.9339250284250435
2018-10-19,4.308887760905945e-07,4.265433991361627e-07,4.5978676928163416e-07,4.345376954431766e-09,0.010084660151040929,4.265433991361627e-07,0.00010858397157482981,0.000107488936582313,0.0001158662658589718
2018-10-22,0.13232833787892176,0.1367771770833372,0.0990146890109277,0.0,0.0,0.1367771770833372,33.34674114548828,34.467848625000975,24.95170163075378
2018-10-23,1.8400528207753202e-05,1.7780246936479415e-05,1.1860276759667843e-05,6.202812712737866e-07,0.03370996911395496,1.7780246936479415e-05,0.004636933108353807,0.004480622227992812,0.0029887897434362964
2018-10-24,0.0012027250931696488,0.0012243715533960034,0.0016699964756828785,0.0,0.0,0.0012243715533960034,0.3030867234787515,0.3085416314557929,0.4208391118720854
2018-10-25,0.0009981144433330723,0.0009627007078947915,0.0011595268525324328,3.5413735438280785e-05,0.03548063615284498,0.0009627007078947915,0.2515248397199342,0.24260057838948748,0.2922007668381731
2018-10-26,0.24507891995892714,0.2615120612653251,0.18471746769171196,0.0,0.0,0.2615120612653251,61.75988782964964,65.90103943886193,46.548801858311414
2018-10-29,0.001333254960667192,0.0013197697541927162,0.0023009303700927707,1.3485206474475684e-05,0.010114499373482827,0.0013197697541927162,0.33598025008813237,0.3325819780565645,0.5798344532633782
2018-10-30,0.00018310299568313664,0.0001807461026270987,0.00016387455627581764,2.3568930560379365e-06,0.01287195239145423,0.0001807461026270987,0.04614195491215044,0.045548017862028875,0.04129638818150604
2018-10-31,0.003708817985879941,0.0036552795764522436,0.005383793595772305,5.3538409427697584e-05,0.014435437278694013,0.0036552795764522436,0.9346221324417452,0.9211304532659654,1.356715986134621
2018-11-01,0.00023158336389562183,0.0002130460828823978,0.00016561953852851224,1.8537281013224032e-05,0.08004582290087661,0.0002130460828823978,0.0583590077016967,0.05368761288636424,0.041736123709185086
2018-11-02,0.0006139867788844509,0.0006154856899464839,0.0010897871010311837,0.0,0.0,0.0006154856899464839,0.15472466827888162,0.15510239386651395,0.2746263494598583
2018-11-05,2.193464670730865e-05,2.1743164231675143e-05,1.2008638010945396e-05,1.914824756335068e-07,0.008729680922557267,2.1743164231675143e-05,0.005527530970241779,0.005479277386382136,0.00302617677875824
2018-11-06,3.8138628703035365e-05,3.899394873702697e-05,3.018472800772314e-05,0.0,0.0,3.899394873702697e-05,0.009610934433164912,0.009826475081730797,0.007606551457946232
2018-11-07,0.0011382189759243135,0.0013265843971082556,0.001676196369600345,0.0,0.0,0.0013265843971082556,0.286831181932927,0.3342992680712804,0.42240148513928694
2018-11-08,4.1134421681102555e-05,4.297570297780036e-05,3.721299407629496e-05,0.0,0.0,4.297570297780036e-05,0.010365874263637843,0.010829877150405691,0.009377674507226331
2018-11-09,0.08845707657202412,0.09670640089481754,0.04988126016567914,0.0,0.0,0.09670640089481754,22.291183296150077,24.370013025494018,12.570077561751143
2018-11-12,0.0001836532317772085,0.00017146133830629452,0.0002647522773083102,1.2191893470913973e-05,0.06638540082604523,0.00017146133830629452,0.04628061440785654,0.04320825725318622,0.06671757388169416
2018-11-13,1.6362046318810383e-07,1.5028116544030664e-07,2.3249013483517067e-07,1.3339297747797191e-08,0.08152535424073283,1.5028116544030664e-07,4.123235672340216e-05,3.787085369095727e-05,5.858751397846301e-05
2018-11-14,0.0008462194894064159,0.0007965464142517958,0.000875396339554296,4.967307515462013e-05,0.0586999894445394,0.0007965464142517958,0.21324731133041683,0.20072969639145255,0.2205998775676826
2018-11-15,0.0030917689074931305,0.003135240348373255,0.003262129902698471,0.0,0.0,0.003135240348373255,0.7791257646882689,0.7900805677900602,0.8220567354800147
2018-11-16,9.996187312372719e-06,8.624771451752964e-06,1.1902688079612648e-05,1.371415860619755e-06,0.1371938800835008,8.624771451752964e-06,0.002519039202717925,0.0021734424058417467,0.0029994773960623873
2018-11-19,0.12455107489675366,0.13858945416851048,0.16518213254837275,0.0,0.0,0.13858945416851048,31.38687087398192,34.92454245046464,41.625897402189935
2018-11-20,0.00023703248449277064,0.0002138753790519767,0.0002926477654149355,2.315710544079395e-05,0.09769591451843519,0.0002138753790519767,0.0597321860921782,0.05389659552109813,0.07374723688456375
2018-11-21,0.0008008769464394339,0.0007187884515237752,0.000608340866016376,8.208849491565871e-05,0.10249826165943755,0.0007187884515237752,0.20182099050273736,0.18113468978399136,0.15330189823612675
2018-11-23,1.4326814434374428e-05,1.3593782784136385e-05,1.820335042337738e-05,7.330316502380432e-07,0.05116500966985833,1.3593782784136385e-05,0.003610357237462356,0.003425633261602369,0.0045872443066910995
2018-11-26,0.0003170704026164014,0.0003116594328593904,0.0002672866468642212,5.410969757010985e-06,0.0170655150884322,0.0003116594328593904,0.07990174145933315,0.07853817708056639,0.06735623500978374
2018-11-27,0.00023770379135796746,0.000236869982261306,0.00023811614449057117,8.338090966614653e-07,0.0035077652249056236,0.000236869982261306,0.0599013554222078,0.05969123552984911,0.06000526841162394
2018-11-28,0.005734074614979426,0.005809363672039782,0.007377184841484957,0.0,0.0,0.005809363672039782,1.4449868029748154,1.4639596453540251,1.8590505800542092
2018-11-29,0.0002546565209104806,0.0002712777977361202,0.0002608431674124603,0.0,0.0,0.0002712777977361202,0.06417344326944112,0.06836200502950229,0.06573247818794
2018-11-30,0.0011591325953304457,0.0011998346684987263,0.001519943088605334,0.0,0.0,0.0011998346684987263,0.29210141402327233,0.30235833646167903,0.3830256583285442
2018-12-03,1.1639680638207937,1.155618956032723,1.00988584813265,0.008349107788070631,0.007172969815560935,1.155618956032723,293.31995208284,291.2159769202462,254.49123372942782
2018-12-04,0.08950772595674597,0.08021600236108485,0.09688003301676222,0.00929172359566112,0.10380917955671753,0.08021600236108485,22.555946941099986,20.214432594993383,24.41376832022408
2018-12-06,3.155572304256747e-05,3.287126511683852e-05,4.7868181297826174e-05,0.0,0.0,3.287126511683852e-05,0.007952042206727001,0.008283558809443307,0.012062781687052196
2018-12-07,0.004871746677725989,0.0046619271471329445,0.005987750348468789,0.0002098195305930443,0.04306864548382352,0.0046619271471329445,1.2276801627869491,1.174805641077502,1.508913087814135
2018-12-10,0.00015930309472054262,0.00014465156857139242,0.00015356175076700133,1.4651526149150201e-05,0.09197263921884251,0.00014465156857139242,0.04014437986957674,0.03645219527999089,0.03869756119328434
2018-12-11,7.363667753955176e-05,4.599498568437667e-05,9.298439542794473e-05,2.7641691855175094e-05,0.375379395206265,4.599498568437667e-05,0.018556442739967045,0.01159073639246292,0.023432067647842073
2018-12-12,0.00011784544841917906,0.00010668533800835245,0.0001490324075671326,1.1160110410826608e-05,0.09470124188783761,0.00010668533800835245,0.029697053001633125,0.026884705178104817,0.037556166706917415
2018-12-13,2.524600200830646e-05,2.629562873893445e-05,1.0407447410785783e-05,0.0,0.0,2.629562873893445e-05,0.0063619925060932276,0.006626498442211482,0.0026226767475180175
2018-12-14,0.007844979455401092,0.008241931462449555,0.00477167031469244,0.0,0.0,0.008241931462449555,1.9769348227610752,2.076966728537288,1.2024609193024949
2018-12-17,0.0028630988370975906,0.0029883824217483783,0.001824270031686687,0.0,0.0,0.0029883824217483783,0.7215009069485928,0.7530723702805914,0.4597160479850451
2018-12-18,8.347826822675535e-06,8.187626031291215e-06,1.758464732048627e-05,1.602007913843198e-07,0.019190715811023325,8.187626031291215e-06,0.0021036523593142347,0.002063281759885386,0.00443133112476254
2018-12-19,0.00014408719025409323,0.00012137050777808785,0.00023655599804537817,2.2716682476005387e-05,0.15765927754081369,0.00012137050777808785,0.036309971944031495,0.030585367960078137,0.0596121115074353
2018-12-20,0.0005631401265663066,0.0005838964858134941,0.0004943752883456217,0.0,0.0,0.0005838964858134941,0.14191131189470926,0.14714191442500052,0.12458257266309666
2018-12-21,0.7940257440337876,0.7652461728842761,0.6675634522714842,0.028779571149511463,0.03624513608749011,0.7652461728842761,200.09448749651446,192.84203556683758,168.225989972414
2018-12-24,0.04901723832635636,0.058455927510835747,0.04878644364232898,0.0,0.0,0.058455927510835747,12.352344058241803,14.730893732730609,12.294183797866904
2018-12-26,0.0011433691239363904,0.0011178234483820168,0.0009508927126491537,2.554567555437359e-05,0.022342457039667557,0.0011178234483820168,0.2881290192319704,0.28169150899226825,0.23962496358758673
2018-12-27,1.884379413683922e-05,1.970672173330344e-05,2.6056098070298372e-05,0.0,0.0,1.970672173330344e-05,0.004748636122483484,0.004966093876792466,0.00656613671371519
2018-12-28,8.904373334899605e-08,7.914392203107714e-08,1.337350974148121e-07,9.899811317918906e-09,0.11117795455816841,7.914392203107714e-08,2.2439020803947005e-05,1.994426835183144e-05,3.370124454853265e-05
2018-12-31,2.319274985425253e-05,2.0445625422863745e-05,2.7456142715340386e-05,2.747124431388786e-06,0.11844754633256815,2.0445625422863745e-05,0.005844572963271638,0.005152297606561664,0.006918947964265777
2019-01-02,1.2290945071432073e-05,1.3269195249253724e-05,1.9132441844220834e-05,0.0,0.0,1.3269195249253724e-05,0.0030973181580008823,0.0033438372028119384,0.00482137534474365
2019-01-03,0.08661077322926375,0.08483403070008182,0.10755132704653386,0.0017767425291819322,0.020514105381073983,0.08483403070008182,21.825914853774464,21.37817573642062,27.102934415726534
2019-01-04,0.03467284637997868,0.03620076375486651,0.03161871415146616,0.0,0.0,0.03620076375486651,8.737557287754628,9.122592466226362,7.967915966169472
2019-01-07,0.0001477314798612698,0.0001307467949237567,0.00010295106660554811,1.698468493751309e-05,0.1149699768694724,0.0001307467949237567,0.037228332925039985,0.03294819232078669,0.025943668784598126
2019-01-08,7.47339766711088e-05,7.246192869447997e-05,7.93816108496031e-05,2.2720479766288355e-06,0.030401807148921236,7.246192869447997e-05,0.01883296212111942,0.018260406031008952,0.02000416593409998
2019-01-09,1.9893126870700337e-05,2.0438871236385143e-05,2.516632742525731e-05,0.0,0.0,2.0438871236385143e-05,0.005013067971416485,0.005150595551569056,0.006341914511164842
2019-01-10,0.00013693208604715292,0.00014567290153815938,0.00012116312264861191,0.0,0.0,0.00014567290153815938,0.034506885683882535,0.03670957118761616,0.0305331069074502
2019-01-11,0.00012937931941542013,0.00012429229067449722,8.720940700065483e-05,5.087028740922918e-06,0.03931871588588603,0.00012429229067449722,0.032603588492685874,0.0313216572499733,0.021976770564165016
2019-01-14,0.00011680528030830783,9.497113193593768e-05,0.00014938265466781685,2.1834148372370157e-05,0.18692774956586825,9.497113193593768e-05,0.029434930637693573,0.023932725247856293,0.03764442897628985
2019-01-15,0.07802160586454254,0.07489972659794412,0.11090608416776541,0.003121879266598418,0.040013009626826516,0.07489972659794412,19.661444677864722,18.87473110268192,27.948333210276886
2019-01-16,7.852446102606512e-08,8.281399887602902e-08,8.148182972999986e-08,0.0,0.0,8.281399887602902e-08,1.9788164178568412e-05,2.0869127716759314e-05,2.0533421091959965e-05
2019-01-17,0.0006829039734561586,0.0006101593033953202,0.00044222164613826124,7.274467006083832e-05,0.1065225460413665,0.0006101593033953202,0.17209180131095195,0.1537601444556207,0.11143985482684184
2019-01-18,3.6518002022767104e-05,3.450539774463655e-05,6.397754643962727e-05,2.012604278130552e-06,0.0551126598263272,3.450539774463655e-05,0.00920253650973731,0.008695360231648411,0.01612234170278607
2019-01-22,0.6854851689336144,0.7406632543848969,0.8659631572484203,0.0,0.0,0.7406632543848969,172.74226257127083,186.647140104994,218.2227156266019
2019-01-23,8.180731574810221e-07,7.731768265790001e-07,6.407303771412114e-07,4.4896330902021916e-08,0.05488051479375014,7.731768265790001e-07,0.00020615443568521756,0.00019484056029790803,0.00016146405503958527
2019-01-24,7.15819111751081e-05,6.495459409475835e-05,6.494170719573303e-05,6.627317080349745e-06,0.09258368320949004,6.495459409475835e-05,0.01803864161612724,0.016368557711879103,0.016365310213324723
2019-01-25,0.00017361298516967283,0.00012458589941945103,0.0001713928521302764,4.90270857502218e-05,0.282392963982011,0.00012458589941945103,0.04375047226275755,0.03139564665370166,0.04319099873682965
2019-01-28,0.00013647983746283436,0.00014697793570147866,0.00010453766623855333,0.0,0.0,0.00014697793570147866,0.03439291904063426,0.03703843979677262,0.02634349189211544
2019-01-29,0.0007445453525953948,0.0007136352213042913,0.00039975828719024473,3.091013129110352e-05,0.04151544448143972,0.0007136352213042913,0.1876254288540395,0.1798360757686814,0.10073908837194168
2019-01-30,0.0021377899567500964,0.002305066835363922,0.001969623450024343,0.0,0.0,0.002305066835363922,0.5387230691010243,0.5808768425117083,0.49634510940613447
2019-01-31,0.000119061010325575,0.00012597163803377634,0.0001347948371730681,0.0,0.0,0.00012597163803377634,0.0300033746020449,0.03174485278451164,0.033968298967613164
2019-02-01,8.559462903981009e-05,9.146935692857939e-05,0.00010696534878828504,0.0,0.0,9.146935692857939e-05,0.02156984651803214,0.023050277946002007,0.02695526789464783
2019-02-04,0.004120913360990786,0.004424334890406755,0.004238659971819731,0.0,0.0,0.004424334890406755,1.038470166969678,1.114932392382502,1.0681423128985723
2019-02-05,0.00017522764761703692,0.00016288487872160928,0.0002143778901089035,1.2342768895427645e-05,0.07043847813311119,0.00016288487872160928,0.04415736719949331,0.04104698943784554,0.05402322830744368
2019-02-06,0.00032755538108507045,0.0003394116253470062,0.00040839784182628404,0.0,0.0,0.0003394116253470062,0.08254395603343775,0.08553172958744557,0.10291625614022358
2019-02-07,0.00031537771614657313,0.0003130454976886836,0.0003104032576609605,2.3322184578895453e-06,0.007395000759694246,0.0003130454976886836,0.07947518446893642,0.07888746541754826,0.07822162093056205
2019-02-08,1.0679698189307812e-06,9.237449650770679e-07,8.915514132628913e-07,1.4422485385371326e-07,0.13504568785700216,9.237449650770679e-07,0.00026912839437055687,0.0002327837311994211,0.0002246709561422486
2019-02-11,9.855501579636316e-07,9.115710994212837e-07,7.639963627428445e-07,7.397905854234789e-08,0.07506364123725968,9.115710994212837e-07,0.0002483586398068351,0.00022971591705416347,0.0001925270834111968
2019-02-12,0.00034728093034847924,0.00032162550260994213,0.000352328282622037,2.5655427738537106e-05,0.07387514090945912,0.00032162550260994213,0.08751479444781676,0.08104962665770542,0.08878672722075333
2019-02-13,5.708648406936687e-07,5.899933354241331e-07,4.152765879391604e-07,0.0,0.0,5.899933354241331e-07,0.0001438579398548045,0.00014867832052688155,0.00010464970016066842
2019-02-14,2.4461808056467314e-06,2.303713120436847e-06,2.5774470029700595e-06,1.424676852098845e-07,0.05824084084061704,2.303713120436847e-06,0.0006164375630229763,0.0005805357063500854,0.000649516644748455
2019-02-15,0.00037366439218906953,0.0003518459937642249,0.0004285568158072902,2.1818398424844603e-05,0.05839035996615489,0.0003518459937642249,0.09416342683164552,0.08866519042858469,0.10799631758343713
2019-02-19,8.029488396362262e-05,7.182547398935567e-05,7.146971123223758e-05,8.469409974266954e-06,0.10547882319158931,7.182547398935567e-05,0.0202343107588329,0.01810001944531763,0.01801036723052387
2019-02-20,2.1805511886836815e-08,2.1796726850945904e-08,1.4630668678941473e-08,8.785035890911401e-12,0.0004028629583906246,2.1796726850945904e-08,5.494988995482877e-06,5.492775166438368e-06,3.686928507093251e-06
2019-02-21,8.318507276594279e-05,8.522199330080037e-05,6.709025267269536e-05,0.0,0.0,8.522199330080037e-05,0.020962638337017583,0.021475942311801693,0.016906743673519232
2019-02-22,0.0018903674468190859,0.001959639680075455,0.0010338530988446611,0.0,0.0,0.001959639680075455,0.47637259659840964,0.4938291993790147,0.2605309809088546
2019-02-25,9.803635789792918e-05,9.062188756948912e-05,8.071299351206237e-05,7.4144703284400606e-06,0.07562980114510022,9.062188756948912e-05,0.024705162190278154,0.02283671566751126,0.020339674365039716
2019-02-26,6.962177680564023e-06,6.603244821308144e-06,5.894866396163109e-06,3.5893285925587843e-07,0.0515546750125638,6.603244821308144e-06,0.0017544687755021338,0.0016640176949696524,0.0014855063318331035
2019-02-27,1.0899152241243612e-05,1.0963750444589845e-05,2.1043572270466893e-05,0.0,0.0,1.0963750444589845e-05,0.0027465863647933905,0.002762865112036641,0.0053029802121576574
2019-02-28,3.941143828827964e-05,4.6291336280850084e-05,3.482231600639265e-05,0.0,0.0,4.6291336280850084e-05,0.009931682448646468,0.011665416742774222,0.008775223633610947
2019-03-01,0.00024720460342455663,0.000262347044635185,0.00016409178338079656,0.0,0.0,0.000262347044635185,0.062295560062988274,0.06611145524806662,0.04135112941196074
2019-03-04,1.992315902841026e-06,1.7722432824102768e-06,1.9057920316578607e-06,2.200726204307493e-07,0.11046065016912106,1.7722432824102768e-06,0.0005020636075159386,0.00044660530716738976,0.0004802595919777809
2019-03-05,2.378974344868707e-06,2.311818657239422e-06,2.0673730964293946e-06,6.715568762928476e-08,0.028228828757782275,2.311818657239422e-06,0.0005995015349069141,0.0005825783016243344,0.0005209780203002074
2019-03-06,0.003575057717704703,0.0035209732073704825,0.002877420758304394,5.4084510334220445e-05,0.01512829011158345,0.0035209732073704825,0.9009145448615852,0.8872852482573615,0.7251100310927073
2019-03-07,4.394985564453403e-05,4.4959537933385656e-05,5.597427697263579e-05,0.0,0.0,4.4959537933385656e-05,0.011075363622422575,0.011329803559213186,0.01410551779710422
2019-03-08,5.265052924268202e-06,5.5603058139934635e-06,5.91475844255498e-06,0.0,0.0,5.5603058139934635e-06,0.0013267933369155867,0.0014011970651263527,0.0014905191275238548
2019-03-11,0.01774305039105538,0.013277131562465848,0.023329612456507647,0.004465918828589531,0.2516996080104236,0.013277131562465848,4.471248698545955,3.345837153741394,5.879062339039927
2019-03-12,4.671019166807637e-05,5.359158392178608e-05,2.5919662024791988e-05,0.0,0.0,5.359158392178608e-05,0.011770968300355244,0.013505079148290093,0.006531754830247581
2019-03-13,3.6165870028082087e-05,3.752366904330152e-05,3.5963654320599264e-05,0.0,0.0,3.752366904330152e-05,0.009113799247076686,0.009455964598911983,0.009062840888791014
2019-03-14,1.1591479724399805e-06,1.1017675181314406e-06,1.8730702246330403e-06,5.738045430853991e-08,0.0495022259198966,1.1017675181314406e-06,0.00029210528905487506,0.00027764541456912304,0.0004720136966075262
2019-03-15,0.00013710820880929176,0.00013163162789797938,0.0001734322972599275,5.47658091131238e-06,0.03994349367503181,0.00013163162789797938,0.034551268619941525,0.0331711702302908,0.04370493890950173
2019-03-18,3.224489802614069e-05,3.3946815465077046e-05,1.812317154852326e-05,0.0,0.0,3.3946815465077046e-05,0.008125714302587454,0.008554597497199416,0.004567039230227861
2019-03-19,1.3559755029442229e-05,1.5195205585906501e-05,1.1217736519882422e-05,0.0,0.0,1.5195205585906501e-05,0.003417058267419442,0.003829191807648438,0.0028268696030103705
2019-03-20,4.760156119050162e-06,4.387673354980526e-06,3.8974382570024466e-06,3.724827640696354e-07,0.0782500986320301,4.387673354980526e-06,0.0011995593420006407,0.0011056936854550927,0.0009821544407646165
2019-03-21,0.00034051570962996926,0.0003447814012872201,0.00028959396800006573,0.0,0.0,0.0003447814012872201,0.08580995882675226,0.08688491312437946,0.07297767993601656
2019-03-22,0.0006510779855964923,0.0006361050340150237,0.0005399011327948043,1.4972951581468602e-05,0.022997170676495527,0.0006361050340150237,0.16407165237031607,0.16029846857178598,0.13605508546429068
2019-03-25,1.184087265706397e-06,1.3337300308879344e-06,8.265087927518368e-07,0.0,0.0,1.3337300308879344e-06,0.000298389990958012,0.00033609996778375946,0.00020828021577346288
2019-03-26,5.2335506639824996e-05,5.342446879478268e-05,7.041305847433664e-05,0.0,0.0,5.342446879478268e-05,0.0131885476732359,0.013462966136285235,0.017744090735532833
2019-03-27,1.4626499249403451e-05,1.5573734171407345e-05,2.20660477986997e-05,0.0,0.0,1.5573734171407345e-05,0.0036858778108496697,0.003924581011194651,0.005560644045272324
2019-03-28,8.424980028434934e-07,8.809406814401726e-07,1.26229978416518e-06,0.0,0.0,8.809406814401726e-07,0.00021230949671656034,0.0002219970517229235,0.0003180995456096253
2019-03-29,1.5246794397086586e-05,1.708040558960401e-05,1.501445920165699e-05,0.0,0.0,1.708040558960401e-05,0.0038421921880658198,0.00430426220858021,0.0037836437188175616
2019-04-01,0.00014405335879010914,0.0001318538655824074,0.00012867456129957947,1.219949320770174e-05,0.08468732159719729,0.0001318538655824074,0.036301446415107505,0.033227174126766665,0.03242598944749402
2019-04-02,0.00014465027537364082,0.00013444102830028026,0.00014525677403520024,1.020924707336056e-05,0.07057882867081035,0.00013444102830028026,0.03645186939415749,0.03387913913167063,0.03660470705687046
2019-04-03,0.0001868716935510719,0.00016596265222650468,0.00022844314366152614,2.090904132456722e-05,0.11188982566245631,0.00016596265222650468,0.04709166677487012,0.04182258836107918,0.05756767220270459
2019-04-04,2.8180592519654407e-08,2.5540791730460524e-08,3.0972855634120164e-08,2.639800789193883e-09,0.09367110064318875,2.5540791730460524e-08,7.101509314952911e-06,6.436279516076052e-06,7.80515961979828e-06
2019-04-05,9.145909010332582e-06,9.303420310192326e-06,7.620794333588153e-06,0.0,0.0,9.303420310192326e-06,0.0023047690706038105,0.002344461918168466,0.0019204401720642145
2019-04-08,7.678655338139634e-05,7.074835665305806e-05,6.076042617359963e-05,6.038196728338276e-06,0.07863612030755734,7.074835665305806e-05,0.01935021145211188,0.01782858587657063,0.015311627395747108
2019-04-09,2.9943087649516664e-06,2.5376962453289377e-06,3.3704388929449538e-06,4.5661251962272866e-07,0.1524934143311987,2.5376962453289377e-06,0.00075456580876782,0.0006394994538228923,0.0008493506010221284
2019-04-10,7.372251888047444e-06,6.475574486549565e-06,9.919500738881867e-06,8.966774014978791e-07,0.12162868191237074,6.475574486549565e-06,0.0018578074757879559,0.0016318447706104903,0.0024997141861982305
2019-04-11,8.897653575992371e-07,9.198300722927084e-07,1.466048475785897e-06,0.0,0.0,9.198300722927084e-07,0.00022422087011500776,0.00023179717821776252,0.00036944421589804605
2019-04-12,0.0004448431459819369,0.00041157888679897687,0.0003305344753158476,3.3264259182960005e-05,0.07477750170738433,0.00041157888679897687,0.1121004727874481,0.10371787947334217,0.0832946877795936
2019-04-15,7.57637514123173e-07,8.578213199315101e-07,4.675721720044576e-07,0.0,0.0,8.578213199315101e-07,0.0001909246535590396,0.00021617097262274055,0.00011782818734512331
2019-04-16,2.3414492357316592e-05,2.1671603474543838e-05,1.9434876341906767e-05,1.742888882772754e-06,0.07443632694397523,2.1671603474543838e-05,0.005900452074043781,0.005461244075585047,0.004897588838160505
2019-04-17,0.1380104084044962,0.13764145133061956,0.1486382174673924,0.0003689570738766301,0.002673400348128646,0.13764145133061956,34.77862291793304,34.68564573531613,37.456830801782885
2019-04-18,0.00041880830691440167,0.0005022089410258785,0.0003807786070296187,0.0,0.0,0.0005022089410258785,0.10553969334242921,0.12655665313852138,0.09595620897146391
2019-04-22,6.368415302543303e-05,5.2730326214686514e-05,6.589900887135736e-05,1.0953826810746518e-05,0.17200239177821183,5.2730326214686514e-05,0.016048406562409124,0.013288042206101002,0.016606550235582055
2019-04-23,0.0012858947283664415,0.0014017477901331083,0.0012133339243928184,0.0,0.0,0.0014017477901331083,0.32404547154834323,0.3532404431135433,0.3057601489469902
2019-04-24,0.0002344850442814908,0.00022099183686051673,0.0001294691770301105,1.3493207420974061e-05,0.057543999894645544,0.00022099183686051673,0.05909023115893568,0.055689942888850215,0.03262623261158784
2019-04-25,2.0961058116451584e-05,1.955626338954549e-05,2.927556143735182e-05,1.404794726906095e-06,0.06701926267664224,1.955626338954549e-05,0.005282186645345799,0.0049281783741654634,0.007377441482212659
2019-04-26,1.3903276367467897e-06,1.3109308228078272e-06,1.3652548787355525e-06,7.939681393896251e-08,0.0571065083754169,1.3109308228078272e-06,0.000350362564460191,0.00033035456734757245,0.00034404422944135925
2019-04-29,1.0285638362916852e-05,9.06667830522409e-06,8.984484543386406e-06,1.2189600576927628e-06,0.11851086886125124,9.06667830522409e-06,0.002591980867455047,0.0022848029329164705,0.0022640901049333743
2019-04-30,1.348498929114926e-05,1.3027307074178428e-05,1.5387683699443936e-05,4.5768221697083163e-07,0.03394012209791703,1.3027307074178428e-05,0.0033982173013696135,0.0032828813826929638,0.003877696292259872
2019-05-01,4.221638508014771e-06,4.654527000338841e-06,5.721681937413609e-06,0.0,0.0,4.654527000338841e-06,0.0010638529040197223,0.0011729408040853878,0.0014418638482282297
2019-05-02,8.960467098235601e-06,8.680335847151176e-06,1.2395715906761984e-05,2.801312510844255e-07,0.031263015281488025,8.680335847151176e-06,0.0022580377087553713,0.0021874446334820964,0.00312372040850402
2019-05-03,7.428430078814753e-05,7.768712466534307e-05,4.5648227301990924e-05,0.0,0.0,7.768712466534307e-05,0.018719643798613177,0.019577155415666455,0.011503353280101714
2019-05-06,1.785033913066075e-05,1.7764983425096546e-05,2.1982527296258385e-05,8.535570556420251e-08,0.004781741128707724,1.7764983425096546e-05,0.004498285460926509,0.00447677582312433,0.005539596878657113
2019-05-07,0.0007958740309838566,0.0008361882399368846,0.0006089263520778239,0.0,0.0,0.0008361882399368846,0.20056025580793185,0.2107194364640949,0.15344944072361164
2019-05-08,1.2768065599164378e-05,1.3526121764744904e-05,7.247126741277699e-06,0.0,0.0,1.3526121764744904e-05,0.0032175525309894233,0.003408582684715716,0.0018262759388019802
2019-05-09,0.8482008391090559,0.8430661778544073,0.3089464398740286,0.005134661254648565,0.006053591340508367,0.8430661778544073,213.74661145548208,212.45267681931062,77.85450284825521
2019-05-10,0.0005103125823209827,0.0005576423569072274,0.0006866134364060631,0.0,0.0,0.0005576423569072274,0.12859877074488765,0.1405258739406213,0.1730265859743279
2019-05-13,0.0007426241022616452,0.000659216367576593,0.0006839047327644579,8.340773468505224e-05,0.11231487682492523,0.000659216367576593,0.18714127376993459,0.16612252462930144,0.17234399265664338
2019-05-14,0.0004792399967693585,0.00045553817903725926,0.0005091458838302659,2.370181773209926e-05,0.049457094237585146,0.00045553817903725926,0.12076847918587835,0.11479562111738933,0.128304762725227
2019-05-15,8.200452665248095e-05,8.722418072444374e-05,0.000144104925666741,0.0,0.0,8.722418072444374e-05,0.0206651407164252,0.021980493542559824,0.036314441268018735
2019-05-16,0.0002981589831455238,0.00024230808663948218,0.00022716194986226626,5.5850896506041606e-05,0.18731918028933922,0.00024230808663948218,0.075136063752672,0.06106163783314951,0.057244811365291096
2019-05-17,0.00019755835893875358,0.00019394657461275537,0.0001792446196502254,3.6117843259982085e-06,0.01828211333156401,0.00019394657461275537,0.0497847064525659,0.04887453680241435,0.0451696441518568
2019-05-20,0.00026805580070708495,0.00022812794912935322,0.0002967778982887675,3.992785157773174e-05,0.14895350640969324,0.00022812794912935322,0.06755006177818541,0.05748824318059701,0.07478803036876941
2019-05-21,0.00040500083282610455,0.00038062962516151344,0.0006474739428478993,2.4371207664591118e-05,0.0601756975025276,0.00038062962516151344,0.10206020987217834,0.09591866554070139,0.16316343359767063
2019-05-22,0.0001444264845646937,0.00016536419186409117,8.073932650859173e-05,0.0,0.0,0.00016536419186409117,0.03639547411030281,0.04167177634975097,0.020346310280165116
2019-05-23,0.0014741341725992535,0.0013267130657606283,0.0017434944821163648,0.0001474211068386252,0.10000521626785239,0.0013267130657606283,0.37148181149501186,0.33433169257167833,0.43936060949332395
2019-05-24,3.5423321942570297e-06,3.709769871825259e-06,2.7197362235424558e-06,0.0,0.0,3.709769871825259e-06,0.0008926677129527715,0.0009348620076999652,0.0006853735283326989
2019-05-28,6.596147048277798e-06,5.227712129148259e-06,9.142032394557782e-06,1.368434919129539e-06,0.2074597036200281,5.227712129148259e-06,0.001662229056166005,0.0013173834565453613,0.002303792163428561
2019-05-29,1.7346981075838336e-05,1.609001173230215e-05,2.896625928510077e-05,1.2569693435361874e-06,0.07246040481513792,1.609001173230215e-05,0.004371439231111261,0.004054682956540142,0.007299497339845393
2019-05-30,0.00013162799460164287,0.00013251803220046523,0.00010725423544365954,0.0,0.0,0.00013251803220046523,0.033170254639614004,0.03339454411451724,0.027028067331802203
2019-05-31,0.00034098724015018127,0.0003398470238771542,0.0003959807053985526,1.140216273027054e-06,0.0033438678502485893,0.0003398470238771542,0.08592878451784568,0.08564145001704286,0.09978713776043525
2019-06-03,0.0002322912601835533,0.0002255275117550676,0.00024735022343926467,6.7637484284857065e-06,0.029117532850885367,0.0002255275117550676,0.058537397566255436,0.05683293296227704,0.0623322563066947
2019-06-04,0.0004914882914914567,0.000444363086894548,0.0006338101915192817,4.712520459690872e-05,0.09588265949941803,0.000444363086894548,0.12385504945584709,0.1119794978974261,0.15972016826285898
2019-06-05,2.304578011597373e-05,2.5885389680184564e-05,1.826332127950508e-05,0.0,0.0,2.5885389680184564e-05,0.00580753658922538,0.00652311819940651,0.00460235696243528
2019-06-06,4.7728720962514896e-05,4.3381998286051477e-05,2.8604064860640963e-05,4.346722676463419e-06,0.09107142403430037,4.3381998286051477e-05,0.012027637682553754,0.010932263568084973,0.007208224344881523
2019-06-07,0.001846740026360493,0.0020818210298551992,0.0015101865456175392,0.0,0.0,0.0020818210298551992,0.4653784866428442,0.5246188995235102,0.3805670094956199
2019-06-10,0.0012972820196480068,0.001388711756525441,0.0009863154493010532,0.0,0.0,0.001388711756525441,0.32691506895129774,0.3499553626444111,0.24855149322386538
2019-06-11,7.2811534276496366e-06,7.4779388898762225e-06,4.1794490348089274e-06,0.0,0.0,7.4779388898762225e-06,0.0018348506637677084,0.0018844406002488082,0.0010532211567718496
2019-06-12,3.909840190089922e-05,3.9914087840628534e-05,3.068122858729618e-05,0.0,0.0,3.9914087840628534e-05,0.009852797279026604,0.01005835013583839,0.007731669603998638
2019-06-13,0.19264072891519385,0.20593282717267195,0.22264779319929273,0.0,0.0,0.20593282717267195,48.54546368662885,51.89507244751333,56.10724388622177
2019-06-14,0.00011693277747627322,0.00012708731622844592,0.00021147449602320796,0.0,0.0,0.00012708731622844592,0.02946705992402085,0.03202600368956837,0.0532915729978484
2019-06-17,2.0958580817958878e-05,2.2866836236529527e-05,2.471404009981222e-05,0.0,0.0,2.2866836236529527e-05,0.005281562366125638,0.005762442731605441,0.00622793810515268
2019-06-18,0.00018927231511355898,0.0001671204516386592,0.0002654685874993228,2.2151863474899775e-05,0.11703699690349419,0.0001671204516386592,0.04769662340861686,0.042114353812942124,0.06689808404982935
2019-06-19,0.0003049987121217808,0.00026647999682733776,0.000224035162597617,3.851871529444306e-05,0.12629140267573258,0.00026647999682733776,0.07685967545468876,0.06715295920048911,0.05645686097459948
2019-06-20,0.0008631040249538238,0.0007556034186422712,0.0008699744204499443,0.00010750060631155257,0.12455115846870568,0.0007556034186422712,0.21750221428836358,0.19041206149785234,0.21923355395338598
2019-06-21,6.839390718903026e-06,6.239745461779291e-06,5.378255698805211e-06,5.996452571237349e-07,0.0876752322090878,6.239745461779291e-06,0.0017235264611635626,0.0015724158563683813,0.0013553204360989132
2019-06-24,1.5506537333329086e-08,1.3775791941447997e-08,1.7376966039081154e-08,1.730745391881089e-09,0.11160672095635318,1.3775791941447997e-08,3.90764740799893e-06,3.471499569244895e-06,4.378995441848451e-06
2019-06-25,0.0023739032881011433,0.0025985381832391513,0.0021721960889898514,0.0,0.0,0.0025985381832391513,0.5982236286014881,0.6548316221762661,0.5473934144254425
2019-06-26,0.011800591824284595,0.011502719219700207,0.011200303099187476,0.00029787260458438714,0.02524217505313157,0.011502719219700207,2.9737491397197178,2.898685243364452,2.822476380995244
2019-06-27,8.57439900082794e-05,9.30538072338731e-05,0.00012359786401496721,0.0,0.0,9.30538072338731e-05,0.021607485482086408,0.02344955942293602,0.03114666173177174
2019-06-28,1.0985023090415218e-05,1.0951732207266456e-05,1.1134121026308054e-05,3.329088314876125e-08,0.0030305698808442854,1.0951732207266456e-05,0.0027682258187846347,0.002759836516231147,0.0028057984986296297
2019-07-01,0.07614316223523958,0.0650175096748015,0.04219692600171102,0.011125652560438085,0.14611492658946781,0.0650175096748015,19.188076883280374,16.384412438049978,10.633625352431178
2019-07-02,8.688822866932021e-05,8.548594636608416e-05,8.819573956919468e-05,1.4022823032360562e-06,0.016138921331150045,8.548594636608416e-05,0.021895833624668695,0.021542458484253207,0.02222532637143706
2019-07-03,2.046240238272925e-05,2.1391007365760246e-05,2.2989392981890654e-05,0.0,0.0,2.1391007365760246e-05,0.005156525400447771,0.005390533856171582,0.005793327031436445
2019-07-05,1.67780647646124e-06,1.673774976628986e-06,1.6874059534359831e-06,4.031499832254024e-09,0.002402838161597117,1.673774976628986e-06,0.00042280723206823245,0.0004217912941105045,0.00042522630026586774
2019-07-08,5.874460962953707e-05,6.911350406620168e-05,3.104118929834098e-05,0.0,0.0,6.911350406620168e-05,0.01480364162664334,0.01741660302468282,0.007822379703181928
2019-07-09,6.451376950312597e-06,5.333246443708116e-06,1.0925242210366069e-05,1.1181305066044807e-06,0.1733165403137329,5.333246443708116e-06,0.0016257469914787745,0.0013439781038144453,0.0027531610370122492
2019-07-10,0.00011626387375658368,0.00012896021034253027,0.00015979876879549287,0.0,0.0,0.00012896021034253027,0.029298496186659088,0.032497973006317626,0.0402692897364642
2019-07-11,6.968036315038187e-07,6.527924199360196e-07,7.783041688877911e-07,4.401121156779904e-08,0.06316147967159119,6.527924199360196e-07,0.0001755945151389623,0.00016450368982387696,0.00019613265055972337
2019-07-12,0.0008341484604097703,0.0008959490034228537,0.0010297370002344854,0.0,0.0,0.0008959490034228537,0.2102054120232621,0.22577914886255915,0.2594937240590903
2019-07-15,6.976453185384272e-05,8.295559669179436e-05,4.254025884783167e-05,0.0,0.0,8.295559669179436e-05,0.017580662027168365,0.02090481036633218,0.01072014522965358
2019-07-16,0.0016307102841802738,0.001480758325136931,0.0006967819455828813,0.00014995195904334273,0.09195499679255759,0.001480758325136931,0.410938991613429,0.3731510979345066,0.17558905028688607
2019-07-17,8.456294299359949e-05,7.859265930373584e-05,8.578618151821235e-05,5.970283689863646e-06,0.07060165372572096,7.859265930373584e-05,0.02130986163438707,0.019805350144541434,0.021618117742589513
2019-07-18,1.8610977699213825e-05,1.9367493895289185e-05,1.578660751163596e-05,0.0,0.0,1.9367493895289185e-05,0.004689966380201884,0.0048806084616128745,0.003978225092932262
2019-07-19,9.520867236894596e-05,9.846769245157087e-05,7.696666161968572e-05,0.0,0.0,9.846769245157087e-05,0.02399258543697438,0.02481385849779586,0.019395598728160802
2019-07-22,6.211905004226283e-05,5.10842519040554e-05,6.502813160312955e-05,1.1034798138207431e-05,0.17763951562460095,5.10842519040554e-05,0.015654000610650233,0.012873231479821962,0.016387089163988646
2019-07-23,5.210286188659468e-05,4.835851935028238e-05,4.174543533450054e-05,3.7443425363122994e-06,0.07186442987714721,4.835851935028238e-05,0.013129921195421859,0.012186346876271159,0.010519849704294136
2019-07-24,0.00017269339749179422,0.00018054336589222222,0.0002207544097447872,0.0,0.0,0.00018054336589222222,0.04351873616793214,0.04549692820484,0.05563011125568638
2019-07-25,1.487056693605057e-05,1.6477702424503964e-05,2.4971158387292074e-05,0.0,0.0,1.6477702424503964e-05,0.0037473828678847437,0.004152381010974999,0.006292731913597602
2019-07-26,0.0003192415284426498,0.0003443885684288482,0.00020436779691314838,0.0,0.0,0.0003443885684288482,0.08044886516754775,0.08678591924406975,0.05150068482211339
2019-07-29,8.788474205026018e-06,9.717985700134049e-06,8.166212017668251e-06,0.0,0.0,9.717985700134049e-06,0.002214695499666557,0.0024489323964337804,0.002057885428452399
2019-07-30,0.00041252985317435676,0.00047352242998241077,0.0003414445418871088,0.0,0.0,0.00047352242998241077,0.1039575229999379,0.11932765235556751,0.08604402455555142
2019-07-31,0.0001457003105761353,0.0001442796561179012,0.00016930254159622642,1.4206544582341034e-06,0.00975052450379795,0.0001442796561179012,0.0367164782651861,0.0363584733417111,0.04266424048224906
2019-08-01,0.00047082967761552557,0.0004506816459403101,0.0005065138277264665,2.0148031675215454e-05,0.04279261183037724,0.0004506816459403101,0.11864907875911244,0.11357177477695815,0.12764148458706956
2019-08-02,0.00011344331954435108,9.361645822670923e-05,8.007079965142515e-05,1.9826861317641853e-05,0.1747732808111031,9.361645822670923e-05,0.02858771652517647,0.023591347473130724,0.02017784151215914
2019-08-05,0.004564186945093485,0.004547000982595789,0.006408898366230111,1.718596249769555e-05,0.003765394077997861,0.004547000982595789,1.1501751101635582,1.1458442476141388,1.615042388289988
2019-08-06,0.00102450298834027,0.0010557801497289936,0.0008630041285018511,0.0,0.0,0.0010557801497289936,0.25817475306174803,0.26605659773170637,0.21747704038246649
2019-08-07,1.3857422564127508e-05,1.3249564103334978e-05,1.3724290393101482e-05,6.0785846079253e-07,0.04386518590411594,1.3249564103334978e-05,0.003492070486160132,0.0033388901540404143,0.0034585211790615733
2019-08-08,0.016754930401021828,0.016274327444840708,0.01130363530025237,0.0004806029561811205,0.02868427051914975,0.016274327444840708,4.222242461057501,4.101130516099858,2.848516095663597
2019-08-09,0.00013698867985430702,0.00014134149521038468,0.00011348245990378763,0.0,0.0,0.00014134149521038468,0.034521147323285366,0.03561805679301694,0.028597579895754482
2019-08-12,5.1100589362500706e-05,4.5655380186161716e-05,5.828715920780231e-05,5.44520917633899e-06,0.10655863538388517,4.5655380186161716e-05,0.012877348519350178,0.011505155806912753,0.014688364120366181
2019-08-13,0.00614467154470606,0.005458738071197374,0.0064705161793179,0.0006859334735086859,0.11163061660928339,0.005458738071197374,1.548457229265927,1.375601993941738,1.6305700771881109
2019-08-14,0.0058780929704259745,0.005407799408262492,0.0029273211488674185,0.00047029356216348253,0.08000784683903925,0.005407799408262492,1.4812794285473456,1.362765450882148,0.7376849295145894
2019-08-15,1.4027413125047616e-06,1.3321808625849133e-06,1.9346129331685285e-06,7.056044991984835e-08,0.050301790493404566,1.3321808625849133e-06,0.00035349081075119993,0.00033570957737139815,0.00048752245915846917
2019-08-16,0.00017127875327432217,0.00017492994292912987,0.00019243260976519198,0.0,0.0,0.00017492994292912987,0.04316224582512919,0.04408234561814073,0.04849301766082838
2019-08-19,0.00025186551584341967,0.00027159530192172803,0.00012808024886792313,0.0,0.0,0.00027159530192172803,0.06347010999254175,0.06844201608427547,0.032276222714716626
2019-08-20,0.006010604884023618,0.006223546521531534,0.005689548026833901,0.0,0.0,0.006223546521531534,1.5146724307739519,1.5683337234259467,1.4337661027621431
2019-08-21,0.00013059555515218036,0.00011578613364232871,0.00016858712952254922,1.4809421509851654e-05,0.11339912280471882,0.00011578613364232871,0.03291007989834945,0.029178105677866835,0.04248395663968241
2019-08-22,8.452843588733728e-05,7.77689368687119e-05,5.9810793947617494e-05,6.7594990186253795e-06,0.0799671597812071,7.77689368687119e-05,0.021301165843608996,0.0195977720909154,0.015072320074799608
2019-08-23,7.257162519883634,6.994320609551811,12.522651888883132,0.26284191033182314,0.03621827533993292,6.994320609551811,1828.8049550106757,1762.5687936070563,3155.708275998549
2019-08-26,0.0013297158958738458,0.0012348385367233169,0.002460193392276384,9.487735915052892e-05,0.07135160177718039,0.0012348385367233169,0.33508840576020915,0.31117931125427584,0.6199687348536488
2019-08-27,7.4936422184261585e-06,7.001099743358374e-06,7.225647259444287e-06,4.925424750677846e-07,0.06572803918081786,7.001099743358374e-06,0.001888397839043392,0.0017642771353263101,0.0018208631093799602
2019-08-28,2.625786818068591e-06,2.9673677051086347e-06,3.044363810634109e-06,0.0,0.0,2.9673677051086347e-06,0.000661698278153285,0.0007477766616873759,0.0007671796802797955
2019-08-29,0.0005576788498248816,0.0005101968747764929,0.00045739030288771926,4.748197504838875e-05,0.08514214763238118,0.0005101968747764929,0.14053507015587016,0.1285696124436762,0.11526235632770525
2019-08-30,4.044635412253321e-05,4.394926247796851e-05,4.465667801268517e-05,0.0,0.0,4.394926247796851e-05,0.010192481238878368,0.011075214144448065,0.011253482859196662
2019-09-03,0.001298170009720076,0.0014632345918061066,0.0010806026244498577,0.0,0.0,0.0014632345918061066,0.3271388424494592,0.36873511713513885,0.27231186136136415
2019-09-04,0.0005687195903078898,0.000629462784379045,0.000763459630400756,0.0,0.0,0.000629462784379045,0.14331733675758823,0.15862462166351934,0.19239182686099052
2019-09-05,0.03962902472326365,0.043556635931966736,0.09106587760512704,0.0,0.0,0.043556635931966736,9.98651423026244,10.976272254855617,22.948601156492014
2019-09-06,4.0357710565371774e-07,3.950127617193497e-07,3.498194990814444e-07,8.564343934368023e-09,0.02122103209859578,3.950127617193497e-07,0.00010170143062473687,9.954321595327613e-05,8.815451376852399e-05
2019-09-09,3.834111935178161e-06,3.8965976917308415e-06,3.041748517367633e-06,0.0,0.0,3.8965976917308415e-06,0.0009661962076648965,0.000981942618316172,0.0007665206263766435
2019-09-10,0.00012715797228728855,0.0001177097515458144,0.00016522198192672188,9.448220741474153e-06,0.07430301456698864,0.0001177097515458144,0.03204380901639672,0.02966285738954523,0.04163593944553391
2019-09-11,0.0009039106231498532,0.001053355489703509,0.0007603826301299963,0.0,0.0,0.001053355489703509,0.227785477033763,0.2654455834052843,0.1916164227927591
2019-09-12,0.00348489419563382,0.003550498007720667,0.001922498072066262,0.0,0.0,0.003550498007720667,0.8781933372997226,0.8947254979456081,0.484469514160698
2019-09-13,2.3866360932493963e-06,2.3376587259335156e-06,3.984169130765586e-06,4.8977367315880646e-08,0.020521497572636053,2.3376587259335156e-06,0.0006014322954988479,0.0005890899989352459,0.0010040106209529276
2019-09-16,6.368242828691292e-06,6.470285098079331e-06,6.043418331724814e-06,0.0,0.0,6.470285098079331e-06,0.0016047971928302056,0.0016305118447159915,0.0015229414195946532
2019-09-17,0.008091872526489026,0.009170661472788829,0.007891169675468738,0.0,0.0,0.009170661472788829,2.0391518766752346,2.311006691142785,1.9885747582181221
2019-09-18,1.4368935756305727e-06,1.4970541429496e-06,1.9198676676833508e-06,0.0,0.0,1.4970541429496e-06,0.00036209718105890433,0.00037725764402329925,0.0004838066522562044
2019-09-19,4.527130923105448e-05,4.6460751915545255e-05,3.50004448399903e-05,0.0,0.0,4.6460751915545255e-05,0.01140836992622573,0.011708109482717404,0.008820112099677556
2019-09-20,0.0011678313178053212,0.0009574068479311242,0.0006649707915764039,0.00021042446987419691,0.1801839584927889,0.0009574068479311242,0.29429349208694094,0.24126652567864332,0.1675726394772538
2019-09-23,2.257599964604844e-05,2.1976455679329682e-05,1.2762916547084215e-05,5.995439667187578e-07,0.02655669514359702,2.1976455679329682e-05,0.005689151910804207,0.00553806683119108,0.003216254969865222
2019-09-24,0.00029335462404883513,0.0003170251857255687,0.0002707281939985909,0.0,0.0,0.0003170251857255687,0.07392536526030645,0.0798903468028433,0.0682235048876449
2019-09-25,5.966596308006641e-05,5.738875953830757e-05,4.83659708385764e-05,2.277203541758845e-06,0.03816587189814013,5.738875953830757e-05,0.015035822696176735,0.014461967403653507,0.012188224651321253
2019-09-26,0.00012667040023836896,0.00012402215776959627,0.00011589198278660042,2.648242468772686e-06,0.020906560987276033,0.00012402215776959627,0.031920940860068976,0.03125358375793826,0.029204779662223308
2019-09-27,0.00013156994859894354,0.00014150888601521783,0.00012478977256163106,0.0,0.0,0.00014150888601521783,0.03315562704693377,0.03566023927583489,0.031447022685531026
2019-09-30,0.0002722835954121133,0.00030288389897862325,0.000297363447140289,0.0,0.0,0.00030288389897862325,0.06861546604385255,0.07632674254261305,0.07493558867935284
2019-10-01,0.0001253226861823275,0.00012599304835111762,0.00011850616951800321,0.0,0.0,0.00012599304835111762,0.03158131691794653,0.03175024818448164,0.02986355471853681
2019-10-02,0.0024744135068401948,0.0027172997872880085,0.0027854252662180183,0.0,0.0,0.0027172997872880085,0.6235522037237291,0.6847595463965781,0.7019271670869406
2019-10-03,0.0001110343530578639,0.00012068766058798444,6.384218208871375e-05,0.0,0.0,0.00012068766058798444,0.027980656970581705,0.03041329046817208,0.016088229886355866
2019-10-04,0.00013911705036977182,0.00012104235168327354,0.00018019066865321065,1.8074698686498282e-05,0.12992439466285052,0.00012104235168327354,0.0350574966931825,0.03050267262418493,0.04540804850060908
2019-10-07,1.1536593916025996e-05,1.1698678779094881e-05,1.6588467304441285e-05,0.0,0.0,1.1698678779094881e-05,0.002907221666838551,0.00294806705233191,0.004180293760719204
2019-10-08,0.0016875018142726165,0.0015129363098286286,0.001826499867871239,0.0001745655044439879,0.1034461135769426,0.0015129363098286286,0.42525045719669935,0.3812599500768144,0.4602779667035522
2019-10-09,0.0004943199037485004,0.000532421902972392,0.0007366698116711962,0.0,0.0,0.000532421902972392,0.12456861574462211,0.1341703195490428,0.18564079254114144
2019-10-10,0.00014091517810978183,0.00015035782269205873,0.00012482078992414613,0.0,0.0,0.00015035782269205873,0.03551062488366502,0.0378901713183988,0.03145483906088482
2019-10-11,0.0009588148884602072,0.0009078039985680314,0.0007618045201524534,5.101088989217578e-05,0.05320202100834484,0.0009078039985680314,0.2416213518919722,0.22876660763914392,0.19197473907841825
2019-10-14,2.9132317420018137e-09,2.806523703918393e-09,3.033716858300028e-09,1.0670803808342076e-10,0.03661618139198566,2.806523703918393e-09,7.34134398984457e-07,7.07243973387435e-07,7.64496648291607e-07
2019-10-15,0.0008378268239621638,0.0008340608709531761,0.00044049220193655825,3.7659530089876724e-06,0.004494906222604824,0.0008340608709531761,0.21113235963846527,0.21018333948020038,0.11100403488801268
2019-10-16,9.442593455779585e-06,1.0691486571078628e-05,5.488631991990846e-06,0.0,0.0,1.0691486571078628e-05,0.0023795335508564556,0.0026942546159118143,0.0013831352619816932
2019-10-17,4.287675839901088e-06,4.232804716081748e-06,5.510809433742923e-06,5.487112381933969e-08,0.01279740191907875,4.232804716081748e-06,0.0010804943116550741,0.0010666667884526005,0.0013887239773032166
2019-10-18,0.026550033964189108,0.02872070738357238,0.02602401329626798,0.0,0.0,0.02872070738357238,6.690608558975655,7.2376182606602395,6.5580513506595315
2019-10-21,0.0017058198150256875,0.0016143087068024521,0.001864307927552075,9.151110822323534e-05,0.053646409405914246,0.0016143087068024521,0.42986659338647326,0.4068057941142179,0.4698055977431229
2019-10-22,3.1345143535851186e-05,2.8833903941046845e-05,3.308109303150092e-05,2.511239594804341e-06,0.08011574462297011,2.8833903941046845e-05,0.0078989761710345,0.007266143793143805,0.008336435443938233
2019-10-23,0.0002305527210284478,0.0002442268066103074,0.0002607165526367145,0.0,0.0,0.0002442268066103074,0.05809928569916885,0.061545155265797465,0.06570057126445206
2019-10-24,0.005945716359595343,0.006240908507581805,0.0040357007677985016,0.0,0.0,0.006240908507581805,1.4983205226180265,1.5727089439106148,1.0169965934852223
2019-10-25,0.004977386307046866,0.006136902309755579,0.005385424597555272,0.0,0.0,0.006136902309755579,1.2543013493758102,1.546499382058406,1.3571269985839287
2019-10-28,0.001326672573132633,0.0013927006993793088,0.0008020151382634368,0.0,0.0,0.0013927006993793088,0.3343214884294235,0.3509605762435858,0.20210781484238607
2019-10-29,0.00011927483616049807,0.00011982084721418313,0.00010398312875173598,0.0,0.0,0.00011982084721418313,0.030057258712445512,0.03019485349797415,0.026203748445437467
2019-10-30,9.64640738587374e-05,8.807716345492294e-05,7.671549184169733e-05,8.386910403814453e-06,0.08694335602239796,8.807716345492294e-05,0.02430894661240182,0.02219544519064058,0.019332303944107728
2019-10-31,1.990371614320535e-07,1.8443789173387004e-07,2.3708706123168876e-07,1.4599269698183457e-08,0.07334909844998379,1.8443789173387004e-07,5.015736468087748e-05,4.647834871693525e-05,5.9745939430385565e-05
2019-11-01,0.141912399138286,0.1334294178426902,0.12624149366785764,0.008482981295595798,0.05977618127130536,0.1334294178426902,35.76192458284807,33.62421329635793,31.812856404300124
2019-11-04,1.0589643791004242e-05,9.841917845466891e-06,1.1193620485806742e-05,7.47725945537351e-07,0.07060916209130394,9.841917845466891e-06,0.002668590235333069,0.0024801632970576568,0.0028207923624232988
2019-11-05,3.9543320058953223e-07,3.8736142696582787e-07,3.3718978345303237e-07,8.071773623704364e-09,0.020412431731171906,3.8736142696582787e-07,9.964916654856213e-05,9.761507959538862e-05,8.497182543016416e-05
2019-11-06,1.8802677903307925e-05,1.9114896785742058e-05,1.3733837514306645e-05,0.0,0.0,1.9114896785742058e-05,0.004738274831633597,0.004816953990006999,0.0034609270536052747
2019-11-07,0.00042885706376948805,0.00041055260504682466,0.0005754423656597876,1.830445872266339e-05,0.04268195682517692,0.00041055260504682466,0.10807198006991099,0.10345925647179982,0.14501147614626647
2019-11-08,0.00011847659158872188,0.00012539946461835195,6.956834340784644e-05,0.0,0.0,0.00012539946461835195,0.029856101080357914,0.03160066508382469,0.017531222538777303
2019-11-11,0.00029513364643225803,0.00031683311963521664,0.0003797967547432313,0.0,0.0,0.00031683311963521664,0.07437367890092902,0.07984194614807459,0.09570878219529429
2019-11-12,7.1917948128286665e-06,6.265305062225577e-06,8.400892836693991e-06,9.264897506030898e-07,0.12882592536212234,6.265305062225577e-06,0.001812332292832824,0.0015788568756808453,0.0021170249948468858
2019-11-13,4.117799269030717e-08,4.2438443706447175e-08,2.512215297772287e-08,0.0,0.0,4.2438443706447175e-08,1.0376854157957407e-05,1.0694487814024688e-05,6.330782550386163e-06
2019-11-14,7.792578241488751e-07,6.996891273954409e-07,9.118699254123372e-07,7.956869675343422e-08,0.10210817547089188,6.996891273954409e-07,0.00019637297168551655,0.0001763216601036511,0.00022979122120390897
2019-11-15,0.0009648751082104887,0.0009287812257607928,0.0006659337937132017,3.6093882449695844e-05,0.03740782833462224,0.0009287812257607928,0.24314852726904315,0.23405286889171978,0.16781531601572683
2019-11-18,5.973320956302344e-07,6.524091326560746e-07,6.937572990877389e-07,0.0,0.0,6.524091326560746e-07,0.00015052768809881907,0.00016440710142933082,0.0001748268393701102
2019-11-19,8.061187143901502e-06,7.742256014017155e-06,5.983179486399511e-06,3.1893112988434663e-07,0.039563786899779324,7.742256014017155e-06,0.0020314191602631786,0.0019510485155323231,0.0015077612305726767
2019-11-20,3.691460975543503e-05,3.5649582448932384e-05,4.102877095601626e-05,1.2650273065026492e-06,0.03426901382988024,3.5649582448932384e-05,0.009302481658369628,0.00898369477713096,0.010339250280916097
2019-11-21,5.2589658043804415e-06,5.400233520273524e-06,7.314727572010437e-06,0.0,0.0,5.400233520273524e-06,0.0013252593827038713,0.001360858847108928,0.0018433113481466303
2019-11-22,1.0784939945730425e-05,1.0011269864483722e-05,9.368962693714895e-06,7.736700812467027e-07,0.07173614442024234,1.0011269864483722e-05,0.002717804866324067,0.002522840005849898,0.0023609785988161535
2019-11-25,3.379553206293031e-05,3.2607830349267244e-05,5.0574465847416876e-05,1.1877017136630678e-06,0.035143748478577354,3.2607830349267244e-05,0.008516474079858439,0.008217173248015346,0.012744765393549053
2019-11-26,8.82520147438391e-06,7.834031668536652e-06,9.089551942219919e-06,9.911698058472578e-07,0.11231128223111411,7.834031668536652e-06,0.0022239507715447453,0.001974175980471236,0.0022905670894394197
2019-11-27,1.925930390953638e-05,1.956439956477144e-05,1.7712441574259782e-05,0.0,0.0,1.956439956477144e-05,0.004853344585203168,0.0049302286903224034,0.004463535276713465
2019-11-29,1.8870802962407306e-05,1.496534009871171e-05,2.4613440418421692e-05,3.905462863695596e-06,0.206957947921864,1.496534009871171e-05,0.004755442346526641,0.003771265704875351,0.006202586985442266
2019-12-02,0.0001922462505393467,0.00017448621375525558,0.0001648587037065612,1.776003678409112e-05,0.09238170649301947,0.00017448621375525558,0.04844605513591537,0.043970525866324404,0.04154439333405342
2019-12-03,0.00018315064675123417,0.00015250103935812086,0.00011061354514919623,3.0649607393113315e-05,0.16734643185506715,0.00015250103935812086,0.04615396298131101,0.03843026191824646,0.02787461337759745
2019-12-04,1.0120095963804756e-05,9.948169182995005e-06,8.289516916522283e-06,1.719267808097518e-07,0.016988649557870848,9.948169182995005e-06,0.0025502641828787985,0.002506938634114741,0.0020889582629636154
2019-12-05,0.0004155315707491301,0.00039235831278555477,0.0003679400472242656,2.3173257963575336e-05,0.0557677431489268,0.00039235831278555477,0.10471395582878079,0.09887429482195981,0.09272089190051493
2019-12-06,0.00011165011627812265,0.00011159432508050706,5.786446080365593e-05,5.579119761558765e-08,0.0004996967220071134,0.00011159432508050706,0.028135829302086905,0.028121769920287778,0.014581844122521294
2019-12-09,6.039774239242669e-06,5.785138577304211e-06,8.558233907634623e-06,2.546356619384572e-07,0.04215979102732076,5.785138577304211e-06,0.0015220231082891526,0.0014578549214806613,0.002156674944723925
2019-12-10,1.1938243978862404e-06,1.184972043122855e-06,1.5024119384281945e-06,8.852354763385472e-09,0.007415116799373883,1.184972043122855e-06,0.00030084374826733256,0.00029861295486695945,0.00037860780848390503
2019-12-11,1.7359631459605434e-05,1.91764680185909e-05,2.045350066685243e-05,0.0,0.0,1.91764680185909e-05,0.004374627127820569,0.0048324699406849065,0.005154282168046812
2019-12-12,0.0005680306594261495,0.0005662349046681872,0.0005170484594040271,1.7957547579622573e-06,0.0031613694173040613,0.0005662349046681872,0.14314372617538967,0.1426911959763832,0.13029621176981482
2019-12-13,2.8809109149908138e-05,2.911672172802437e-05,2.2624654412606643e-05,0.0,0.0,2.911672172802437e-05,0.007259895505776851,0.007337413875462141,0.005701412911976874
2019-12-16,0.12056214175215638,0.1014190093311738,0.12562427520558717,0.019143132420982575,0.15878228557167615,0.1014190093311738,30.381659721543407,25.557590351455797,31.657317351807965
2019-12-17,1.4976964573922565e-06,1.6613448719027416e-06,1.958296661769499e-06,0.0,0.0,1.6613448719027416e-06,0.00037741950726284863,0.00041865890771949086,0.0004934907587659138
2019-12-18,3.340734004944967e-07,3.565740836077322e-07,3.048653677564347e-07,0.0,0.0,3.565740836077322e-07,8.418649692461316e-05,8.98566690691485e-05,7.682607267462154e-05
2019-12-19,0.0014746239164113459,0.0015113385394092441,0.0010341001004471756,0.0,0.0,0.0015113385394092441,0.37160522693565917,0.38085731193112954,0.26059322531268825
2019-12-20,1.5451326374866032e-05,1.6582708794357318e-05,6.3528134733601275e-06,0.0,0.0,1.6582708794357318e-05,0.00389373424646624,0.004178842616178044,0.0016009089952867522
2019-12-23,9.520269301124594e-05,9.948985999537368e-05,4.660209606563303e-05,0.0,0.0,9.948985999537368e-05,0.023991078638833978,0.025071444718834168,0.011743728208539523
2019-12-24,5.435976679050938e-07,6.302029790995902e-07,2.9856616677746864e-07,0.0,0.0,6.302029790995902e-07,0.00013698661231208362,0.00015881115073309673,7.52386740279221e-05
2019-12-26,7.754344301798059e-05,7.14188337859387e-05,4.733385428510312e-05,6.124609232041888e-06,0.0789829405903319,7.14188337859387e-05,0.01954094764053111,0.017997546114056552,0.011928131279845986
2019-12-27,6.0647971300134144e-05,5.19096045320749e-05,4.8288992880324726e-05,8.738366768059246e-06,0.14408341180501294,5.19096045320749e-05,0.015283288767633805,0.013081220342082875,0.01216882620584183
2019-12-30,2.4947266305811326e-05,2.5688193446401325e-05,2.9208654264287857e-05,0.0,0.0,2.5688193446401325e-05,0.006286711109064454,0.006473424748493134,0.00736058087460054
2019-12-31,1.3823217622844393e-05,1.6486480876589895e-05,1.9594171430516703e-05,0.0,0.0,1.6486480876589895e-05,0.003483450840956787,0.004154593180900654,0.004937731200490209
2020-01-02,0.00017723653618530064,0.00018878642869313677,0.00020624239310015058,0.0,0.0,0.00018878642869313677,0.04466360711869576,0.04757418003067047,0.05197308306123795
2020-01-03,0.0004164098608640551,0.0003728352244069854,0.0003925359631073872,4.3574636457069664e-05,0.10464362266063582,0.0003728352244069854,0.10493528493774187,0.09395447655056033,0.09891906270306157
2020-01-06,2.7252058030559795e-05,2.5560913406808688e-05,3.070624138543022e-05,1.6911446237511069e-06,0.062055664192371615,2.5560913406808688e-05,0.006867518623701069,0.006441350178515789,0.007737972829128415
2020-01-07,8.015791527828237e-09,6.902057097593716e-09,5.66664716593195e-09,1.1137344302345207e-09,0.13892520796736166,6.902057097593716e-09,2.0199794650127157e-06,1.7393183885936166e-06,1.4279950858148514e-06
2020-01-08,0.00021433172856114347,0.00021483695629400632,0.000300447105875823,0.0,0.0,0.00021483695629400632,0.05401159559740815,0.05413891298608959,0.07571267068070739
2020-01-09,9.572848374813118e-05,0.0001032301018551346,6.975809759558486e-05,0.0,0.0,0.0001032301018551346,0.024123577904529056,0.026013985667493918,0.017579040594087384
2020-01-10,2.206954195363005e-05,2.364154114448617e-05,1.1400319884944668e-05,0.0,0.0,2.364154114448617e-05,0.005561524572314773,0.005957668368410515,0.0028728806110060565
2020-01-13,0.0008313977164612248,0.000670547522577531,0.0005738941689905641,0.00016085019388369375,0.19346961208273414,0.000670547522577531,0.20951222454822865,0.16897797568953782,0.14462133058562215
2020-01-14,2.8995959548983225e-05,3.3216065086318715e-05,1.624390255008047e-05,0.0,0.0,3.3216065086318715e-05,0.007306981806343773,0.008370448401752316,0.004093463442620278
2020-01-15,5.722879444750511e-08,5.297754058220014e-08,5.4391263636027744e-08,4.251253865304971e-09,0.07428392686617977,5.297754058220014e-08,1.4421656200771289e-05,1.3350340226714436e-05,1.3706598436278992e-05
2020-01-16,6.264116326532216e-05,6.898639681357039e-05,5.0104485112908706e-05,0.0,0.0,6.898639681357039e-05,0.015785573142861185,0.017384571997019736,0.012626330248452994
2020-01-17,9.955326984304076e-06,1.0091636956283355e-05,1.0369251266435945e-05,0.0,0.0,1.0091636956283355e-05,0.002508742400044627,0.0025430925129834056,0.0026130513191418583
2020-01-21,6.573568795667921e-08,6.957511772549822e-08,9.757078587692702e-08,0.0,0.0,6.957511772549822e-08,1.656539336508316e-05,1.753292966682555e-05,2.458783804098561e-05
2020-01-22,1.3704721594658862e-05,1.2868446616552895e-05,1.2787048184412835e-05,8.362749781059676e-07,0.06102093437716783,1.2868446616552895e-05,0.0034535898418540335,0.0032428485473713297,0.0032223361424720343
2020-01-23,5.3658859555244495e-06,5.430590136051461e-06,6.158412909605826e-06,0.0,0.0,5.430590136051461e-06,0.0013522032607921613,0.001368508714284968,0.0015519200532206681
2020-01-24,5.7832098855798755e-05,5.49373409102725e-05,8.186005135296872e-05,2.8947579455262574e-06,0.050054519077539654,5.49373409102725e-05,0.014573688911661286,0.01384420990938867,0.02062873294094812
2020-01-27,0.00038068787324096993,0.00035120031737419965,0.00023921765190721623,2.948755586677028e-05,0.07745861600021724,0.00035120031737419965,0.09593334405672442,0.08850247997829831,0.060282848280618494
2020-01-28,0.00021285243347161676,0.00019952339953566105,0.0003097370358109579,1.332903393595571e-05,0.06262100769034473,0.00019952339953566105,0.05363881323484742,0.05027989668298658,0.07805373302436139
2020-01-29,0.0003484504692051598,0.00027755948009233934,0.0004156083112631225,7.089098911282045e-05,0.20344638671625678,0.00027755948009233934,0.08780951823970026,0.06994498898326951,0.10473329443830687
2020-01-30,5.314705528080706e-05,4.800625848864573e-05,6.315480045279244e-05,5.140796792161332e-06,0.09672778046256199,4.800625848864573e-05,0.01339305793076338,0.012097577139138725,0.015915009714103694
2020-01-31,0.014698073510399291,0.015241968411718924,0.016340858544070525,0.0,0.0,0.015241968411718924,3.7039145246206213,3.840976039753169,4.117896353105772
2020-02-03,0.0013984468480798577,0.001217904313200842,0.000652385562267547,0.00018054253487901576,0.12910217860464854,0.001217904313200842,0.35240860571612415,0.30691188692661214,0.16440116169142183
2020-02-04,0.0032268441140042,0.003233039617750023,0.005244420246158607,0.0,0.0,0.003233039617750023,0.8131647167290584,0.8147259836730059,1.321593902031969
2020-02-05,0.03338980158652643,0.03778355104660171,0.017988230382988177,0.0,0.0,0.03778355104660171,8.41422999980466,9.52145486374363,4.533034056513021
2020-02-06,0.0020847719513430838,0.002055635129240625,0.002852375988654577,2.9136822102458944e-05,0.013976023645997324,0.002055635129240625,0.5253625317384572,0.5180200525686375,0.7187987491409534
2020-02-07,2.9574237333082527e-05,2.7904012341630612e-05,3.8876087920048085e-05,1.6702249914519143e-06,0.05647567226046043,2.7904012341630612e-05,0.007452707807936797,0.0070318111100909145,0.009796774155852117
2020-02-10,0.006668368554440704,0.006488619036466555,0.008292252672596296,0.00017974951797414956,0.026955546394851315,0.006488619036466555,1.6804288757190575,1.6351319971895717,2.089647673494267
2020-02-11,1.8642837611337504e-08,1.7955571071594425e-08,9.922020948141201e-09,6.872665397430791e-10,0.03686293316163328,1.7955571071594425e-08,4.697995078057051e-06,4.5248039100417954e-06,2.5003492789315828e-06
2020-02-12,0.00042775824472009,0.0003848187549907706,0.0003413649574941406,4.2939489729319357e-05,0.10038261134401943,0.0003848187549907706,0.10779507766946267,0.0969743262576742,0.08602396928852343
2020-02-13,3.0697831857771876e-06,3.0409672350464204e-06,2.4241386549627207e-06,2.8815950730767182e-08,0.00938696305241137,3.0409672350464204e-06,0.0007735853628158513,0.0007663237432316979,0.0006108829410506056
2020-02-14,0.0001267639715411518,0.0001128299008354945,0.00011044557598152214,1.3934070705657291e-05,0.1099213792872721,0.0001128299008354945,0.03194452082837025,0.028433135010544612,0.02783228514734358
2020-02-18,7.431376511625658e-07,7.555956323767582e-07,6.834952756941193e-07,0.0,0.0,7.555956323767582e-07,0.00018727068809296657,0.00019041009935894307,0.00017224080947491805
2020-02-19,7.996990577292921e-05,5.7839986311857294e-05,8.634452334578138e-05,2.212991946107192e-05,0.276728088778555,5.7839986311857294e-05,0.020152416254778163,0.014575676550588038,0.02175881988313691
2020-02-20,1.651196390136324e-05,1.7298665544461596e-05,1.916265447549828e-05,0.0,0.0,1.7298665544461596e-05,0.004161014903143536,0.004359263717204322,0.004828988927825567
2020-02-21,0.0009678703591788287,0.0008874910862741739,0.0010332480323726708,8.037927290465482e-05,0.08304756113184779,0.0008874910862741739,0.24390333051306484,0.22364775374109183,0.260378504157913
2020-02-24,0.016842348197624778,0.016855524655953486,0.01747924629054345,0.0,0.0,0.016855524655953486,4.244271745801444,4.247592213300279,4.404770065216949
2020-02-25,0.001279225561485823,0.0011833928034376139,0.0011700971187327126,9.583275804820918e-05,0.07491466779477465,0.0011833928034376139,0.3223648414944274,0.2982149864662787,0.2948644739206436
2020-02-26,3.234444261899577e-05,3.4031681694039386e-05,3.1122035386252615e-05,0.0,0.0,3.4031681694039386e-05,0.008150799539986934,0.008575983786897926,0.007842752917335659
2020-02-27,0.0018223514162352167,0.0016985502215617785,0.0015340890116275656,0.00012380119467343817,0.06793486344212542,0.0016985502215617785,0.4592325568912746,0.4280346558335682,0.38659043093014656
2020-02-28,4.266842358836584e-07,3.9160137124983616e-07,5.17618416891612e-07,3.508286463382224e-08,0.0822218855573153,3.9160137124983616e-07,0.00010752442744268191,9.868354555495872e-05,0.00013043984105668623
2020-03-02,0.1445385404301708,0.14369968437123662,0.11302307552743363,0.0008388560589341898,0.0058036843075335515,0.14369968437123662,36.423712188403044,36.21232046155163,28.481815032913275
2020-03-03,0.0008695800240965117,0.0008617240097012796,0.0010871035604072367,7.856014395232064e-06,0.009034262711313029,0.0008617240097012796,0.21913416607232095,0.21715445044472245,0.27395009722262365
2020-03-04,0.34857430536691364,0.2975850416881583,0.3956891968467207,0.05098926367875534,0.14627946722847837,0.2975850416881583,87.84072495246224,74.99143050541589,99.71367760537362
2020-03-05,0.16005244131483648,0.17392807125090823,0.1565361620400484,0.0,0.0,0.17392807125090823,40.333215211338796,43.82987395522888,39.447112834092195
2020-03-06,3.5270204723599434e-05,3.405465526075638e-05,4.944630622471444e-05,1.2155494628430575e-06,0.03446391757306163,3.405465526075638e-05,0.008888091590347057,0.008581773125710608,0.012460469168628039
2020-03-09,0.0112324275366625,0.010610723184843636,0.015108177595986223,0.0006217043518188647,0.05534906410339888,0.010610723184843636,2.83057173923895,2.673902242580596,3.807260754188528
2020-03-10,0.0005869175648236766,0.0005947360041791369,0.0007797857332839072,0.0,0.0,0.0005947360041791369,0.14790322633556652,0.1498734730531425,0.19650600478754462
2020-03-11,0.0014055101254888593,0.0013201270605971037,0.0014779936068810425,8.538306489175567e-05,0.0607488080538084,0.0013201270605971037,0.35418855162319257,0.33267201927047013,0.3724543889340227
2020-03-12,0.024431319557382803,0.021793085625691138,0.021203344201494636,0.002638233931691665,0.1079857322232291,0.021793085625691138,6.156692528460466,5.491857577674167,5.343242738776648
2020-03-13,0.0660119202012057,0.06051977729520419,0.08878469745822881,0.005492142906001515,0.08319925990909141,0.06051977729520419,16.63500389070384,15.250983878391455,22.373743759473662
2020-03-16,0.48608206556386363,0.4909156025356099,0.36221516424517886,0.0,0.0,0.4909156025356099,122.49268052209364,123.7107318389737,91.27822138978507
2020-03-17,0.02340152540234895,0.025867603121147192,0.0136663050395678,0.0,0.0,0.025867603121147192,5.897184401391935,6.518635986529093,3.443908869971086
2020-03-18,0.6629591269341558,0.6201410110297586,0.5608129262942516,0.042818115904397214,0.06458635859248871,0.6201410110297586,167.06569998740727,156.27553477949917,141.3248574261514
2020-03-19,4.187910829831483e-05,4.376838202789471e-05,3.494755945882853e-05,0.0,0.0,4.376838202789471e-05,0.010553535291175338,0.011029632271029467,0.008806784983624789
2020-03-20,0.0025988489126634357,0.0026514953219795518,0.0038045438007099724,0.0,0.0,0.0026514953219795518,0.6549099259911858,0.668176821138847,0.9587450377789131
2020-03-23,4.467009267417737e-06,4.5661627187295995e-06,2.437574051535761e-06,0.0,0.0,4.5661627187295995e-06,0.0011256863353892696,0.001150673005119859,0.0006142686609870117
2020-03-24,0.10177577236325515,0.11774341825352656,0.0605869400577943,0.0,0.0,0.11774341825352656,25.647494635540298,29.671341399888693,15.267908894564165
2020-03-25,0.0001675110105414052,0.00015520585822199727,0.00014133058130254254,1.2305152319407926e-05,0.0734587667173531,0.00015520585822199727,0.04221277465643411,0.03911187627194331,0.03561530648824072
2020-03-26,0.0012986939156109354,0.0013960231523545755,0.001028242935510531,0.0,0.0,0.0013960231523545755,0.3272708667339557,0.35179783439335305,0.2591172197486538
2020-03-27,0.003634915813817373,0.0029596969183011816,0.006228677022318073,0.0006752188955161916,0.18575915644696056,0.0029596969183011816,0.9159987850819781,0.7458436234118978,1.5696266096241545
2020-03-30,0.0720415062238678,0.07242256437565704,0.0894937183093787,0.0,0.0,0.07242256437565704,18.154459568414687,18.250486222665575,22.55241701396343
2020-03-31,6.858517045498813e-05,5.394804095678417e-05,4.936275048386672e-05,1.4637129498203965e-05,0.21341536643690087,5.394804095678417e-05,0.01728346295465701,0.01359490632110961,0.012439413121934414
2020-04-01,0.003478662245854575,0.003127043264503839,0.0024347687310024443,0.00035161898135073607,0.10107879305289608,0.003127043264503839,0.8766228859553529,0.7880149026549674,0.6135617202126159
2020-04-02,0.00011895798733905222,0.00012907601730165286,0.00013058972493676876,0.0,0.0,0.00012907601730165286,0.029977412809441162,0.03252715636001652,0.032908610684065726
2020-04-03,0.0007205513199699147,0.000689966685028005,0.0006040556544328959,3.0584634941909655e-05,0.04244615761822559,0.000689966685028005,0.1815789326324185,0.17387160462705725,0.15222202491708978
2020-04-06,0.0013111813176250736,0.0013398405775236722,0.0010880056237853955,0.0,0.0,0.0013398405775236722,0.33041769204151855,0.3376398255359654,0.27417741719391964
2020-04-07,7.701556464566135e-08,7.742206242886409e-08,7.906476956985818e-08,0.0,0.0,7.742206242886409e-08,1.940792229070666e-05,1.951035973207375e-05,1.992432193160426e-05
2020-04-08,0.00013935912099140183,0.00013021415466870972,0.00023073754161401875,9.144966322692104e-06,0.06562158394809871,0.00013021415466870972,0.03511849848983326,0.03281396697651485,0.058145860486732724
2020-04-09,4.574437151087369e-06,3.98407362036959e-06,4.617807997212036e-06,5.90363530717779e-07,0.12905705820450242,3.98407362036959e-06,0.001152758162074017,0.0010039865523331368,0.001163687615297433
2020-04-13,0.00011779397677053986,0.00012109316040352545,8.473293128709115e-05,0.0,0.0,0.00012109316040352545,0.029684082146176044,0.030515476421688413,0.021352698684346968
2020-04-14,0.0013695472290221325,0.001307086459346355,0.0016769268812714877,6.24607696757774e-05,0.04560687525523892,0.001307086459346355,0.3451259017135774,0.3293857877552815,0.4225855740804149
2020-04-15,0.00010210046634505337,0.00010834487432030027,8.677341661512755e-05,0.0,0.0,0.00010834487432030027,0.025729317518953448,0.02730290832871567,0.02186690098701214
2020-04-16,0.004464611190879261,0.004301302958632964,0.0034707206822812086,0.00016330823224629688,0.036578377204120334,0.004301302958632964,1.1250820201015737,1.0839283455755069,0.8746216119348645
2020-04-17,7.433936553692227e-05,8.239114334066898e-05,7.607210203148263e-05,0.0,0.0,8.239114334066898e-05,0.018733520115304412,0.020762568121848585,0.01917016971193362
2020-04-20,0.0003407563551230455,0.0003223927095068015,0.000334794730380674,1.836364561624398e-05,0.053890838090817454,0.0003223927095068015,0.08587060149100746,0.08124296279571398,0.08436827205592984
2020-04-21,0.0006781326931756188,0.0006131497001167291,0.0009602928819825757,6.498299305888967e-05,0.09582636793214509,0.0006131497001167291,0.17088943868025594,0.15451372442941574,0.24199380625960906
2020-04-22,0.003035872535390257,0.002658018409900847,0.004511291258964955,0.00037785412548941005,0.12446310606264446,0.002658018409900847,0.7650398789183448,0.6698206392950135,1.1368453972591688
2020-04-23,8.17461427293049e-06,8.235017422286346e-06,6.932524949866293e-06,0.0,0.0,8.235017422286346e-06,0.0020600027967784835,0.002075224390416159,0.0017469962873663057
2020-04-24,0.00016319366152463412,0.0001575164158728032,0.00018879968975350344,5.6772456518309285e-06,0.03478839535802407,0.0001575164158728032,0.0411248027042078,0.039694136799946406,0.04757752181788286
2020-04-27,0.013357295715616524,0.012513295205637013,0.026770399931840844,0.000844000509979511,0.06318648084803358,0.012513295205637013,3.366038520335364,3.1533503918205272,6.746140782823892
2020-04-28,0.0031147769832937148,0.0033144582828068163,0.0029715215465718437,0.0,0.0,0.0033144582828068163,0.7849237997900161,0.8352434872673177,0.7488234297361046
2020-04-29,0.0013291470723120946,0.0014178484487622409,0.0011759632789922697,0.0,0.0,0.0014178484487622409,0.33494506222264786,0.35729780908808473,0.29634274630605195
2020-04-30,1.0671818796750059e-07,1.026396427423104e-07,8.524211398985208e-08,4.078545225190191e-09,0.038217543657024816,1.026396427423104e-07,2.6892983367810147e-05,2.586518997106222e-05,2.1481012725442722e-05
2020-05-01,9.570962706436742e-05,8.874784968145764e-05,0.00016464580594544219,6.961777382909784e-06,0.07273852718587301,8.874784968145764e-05,0.02411882602022059,0.022364458119727326,0.04149074309825143
2020-05-04,0.00203217045899751,0.0021172945836022386,0.0017704359358897506,0.0,0.0,0.0021172945836022386,0.5121069556673725,0.5335582350677641,0.4461498558442171
2020-05-05,0.00018255035767303208,0.0001824539577880915,0.0002120068427071073,9.639988494058397e-08,0.0005280728322930707,0.0001824539577880915,0.046002690133604085,0.04597839736259906,0.053425724362191035
2020-05-06,0.0001509511372645059,0.00015750371520708404,0.0001445466986065658,0.0,0.0,0.00015750371520708404,0.03803968659065549,0.03969093623218518,0.036425768048854584
2020-05-07,3.492198063387249e-05,3.455333767521854e-05,3.44403008397693e-05,3.686429586539496e-07,0.010556186716975568,3.455333767521854e-05,0.008800339119735868,0.008707441094155072,0.008678955811621862
2020-05-08,8.464519309134547e-05,8.675541117851145e-05,0.00010597477263130575,0.0,0.0,8.675541117851145e-05,0.02133058865901906,0.021862363616984886,0.026705642703089047
2020-05-11,0.00028598189500273944,0.0002748791029321216,0.00022917792702909992,1.1102792070617838e-05,0.038823408844423785,0.0002748791029321216,0.07206743754069034,0.06926953393889465,0.05775283761133318
2020-05-12,0.0030066744419580543,0.0026072943108965815,0.0034422112739996074,0.00039938013106147283,0.13283118562997828,0.0026072943108965815,0.7576819593734296,0.6570381663459386,0.8674372410479011
2020-05-13,0.0003734614292617319,0.00035363670623110506,0.00031508503526408256,1.9824723030626844e-05,0.053083722773548905,0.00035363670623110506,0.09411228017395644,0.08911644997023847,0.0794014288865488
2020-05-14,9.615934501450852e-05,9.073401914183551e-05,0.00011358318966904409,5.425325872673013e-06,0.056420161924296365,9.073401914183551e-05,0.02423215494365615,0.02286497282374255,0.02862296379659911
2020-05-15,0.00890435626758022,0.008778765451910576,0.006188337947433574,0.00012559081566964475,0.01410442393379998,0.008778765451910576,2.2438977794302155,2.212248893881465,1.5594611627532606
2020-05-18,0.0003632084696364842,0.00035115586310286313,0.0005778010617864698,1.2052606533621097e-05,0.03318371543620716,0.00035115586310286313,0.09152853434839403,0.08849127750192151,0.1456058675701904
2020-05-19,1.5379658274961545e-05,1.4821427136600221e-05,1.3191116498276224e-05,5.582311383613232e-07,0.03629671687656546,1.4821427136600221e-05,0.0038756738852903094,0.003734999638423256,0.003324161357565608
2020-05-20,0.0026380687310517473,0.002751353525925304,0.0016188178986894612,0.0,0.0,0.002751353525925304,0.6647933202250403,0.6933410885331766,0.4079421104697442
2020-05-21,0.000633390418014487,0.0005854221742605042,0.00044181845244629827,4.796824375398283e-05,0.07573250607203405,0.0005854221742605042,0.15961438533965072,0.14752638791364706,0.11133825001646716
2020-05-22,1.8474570000302197e-05,1.6675511339796442e-05,2.2002626939830024e-05,1.7990586605057547e-06,0.0973802672049233,1.6675511339796442e-05,0.004655591640076153,0.004202228857628703,0.005544661988837166
2020-05-26,2.5304022821796716e-05,2.564131021327339e-05,4.37386243747709e-05,0.0,0.0,2.564131021327339e-05,0.006376613751092773,0.006461610173744895,0.011022133342442267
2020-05-27,3.53412874132098e-05,3.597046459920723e-05,3.7184718708734286e-05,0.0,0.0,3.597046459920723e-05,0.00890600442812887,0.009064557079000222,0.00937054911460104
2020-05-28,2.4566791786472984e-05,2.2553712699079832e-05,2.0249716649000287e-05,2.0130790873931515e-06,0.0819430971266871,2.2553712699079832e-05,0.006190831530191192,0.0056835356001681174,0.005102928595548072
2020-05-29,0.00010151781813230599,0.00010771272731004967,0.000110721293084683,0.0,0.0,0.00010771272731004967,0.02558249016934111,0.02714360728213252,0.027901765857340118
2020-06-01,1.0068970923174019e-05,9.97672654067496e-06,1.1294905597364544e-05,9.224438249905826e-08,0.009161251337562602,9.97672654067496e-06,0.0025373806726398528,0.00251413508825009,0.002846316210535865
2020-06-02,0.0027643740490470034,0.0026014012573003747,0.0017162586900378027,0.0001629727917466287,0.05895468152866564,0.0026014012573003747,0.6966222603598449,0.6555531168396944,0.4324971898895263
2020-06-03,4.30421598865156e-05,3.538841353735076e-05,4.506896137533565e-05,7.65374634916484e-06,0.1778197514140753,3.538841353735076e-05,0.010846624291401931,0.00891788021141239,0.011357378266584584
2020-06-04,1.1929289977993947e-05,1.0156624358539583e-05,1.5976773106814875e-05,1.7726656194543645e-06,0.1485977349973619,1.0156624358539583e-05,0.003006181074454475,0.002559469338351975,0.004026146822917348
2020-06-05,0.00040124280733962685,0.00032647786358978506,0.0003906127080166035,7.476494374984179e-05,0.18633341756136337,0.00032647786358978506,0.10111318744958597,0.08227242162462584,0.09843440242018409
2020-06-08,0.00018140503626456485,0.00017653295831744528,0.00013443896925362462,4.872077947119574e-06,0.02685745677510617,0.00017653295831744528,0.04571406913867034,0.04448630549599621,0.033878620251913405
2020-06-09,0.0005336303742031925,0.0005033274037952544,0.00032798328505910355,3.0302970407938097e-05,0.05678644210686005,0.0005033274037952544,0.13447485429920453,0.12683850575640412,0.08265178783489409
2020-06-10,0.0010025014985303063,0.0008565552447359483,0.0009401078768110153,0.00014594625379435802,0.14558208028889436,0.0008565552447359483,0.2526303776296372,0.21585192167345896,0.23690718495637586
2020-06-11,0.026612138687260038,0.025459190730809336,0.03473959243840354,0.0011529479564507013,0.04332413752823726,0.025459190730809336,6.70625894918953,6.415716064163953,8.754377294477692
2020-06-12,3.3177653568934965e-05,3.318289527229002e-05,2.443879587718171e-05,0.0,0.0,3.318289527229002e-05,0.008360768699371612,0.008362089608617085,0.006158576561049791
2020-06-15,0.00019894568887753885,0.0001826943294066864,0.0002220067589563873,1.625135947085245e-05,0.08168741670581546,0.0001826943294066864,0.05013431359713979,0.04603897101048497,0.0559457032570096
2020-06-16,0.0024070807155093126,0.0020939325338257837,0.0017090110444511857,0.00031314818168352897,0.1300945911517452,0.0020939325338257837,0.6065843403083467,0.5276709985240975,0.43067078320169877
2020-06-17,0.05923984717609565,0.06113889784700697,0.05470945511589017,0.0,0.0,0.06113889784700697,14.928441488376103,15.407002257445756,13.786782689204323
2020-06-18,2.391856677443081e-06,2.090623323849062e-06,3.0649667395878223e-06,3.0123335359401906e-07,0.12594116967529626,2.090623323849062e-06,0.0006027478827156564,0.0005268370776099636,0.0007723716183761312
2020-06-19,4.313255348235495e-07,4.199924023764602e-07,5.145598966132354e-07,1.133313244708931e-08,0.026275064323889923,4.199924023764602e-07,0.00010869403477553448,0.00010583808539886798,0.00012966909394653532
2020-06-22,0.000570105358170041,0.0006024576829008694,0.00044890067971879255,0.0,0.0,0.0006024576829008694,0.14366655025885033,0.15181933609101908,0.11312297128913572
2020-06-23,0.026360469838950944,0.02481297617561309,0.020133273564601553,0.0015474936633378539,0.05870508654563244,0.02481297617561309,6.642838399415638,6.252869996254499,5.073584938279591
2020-06-24,2.026610256482603,1.9920794266432473,2.7688809429994015,0.034530829839355626,0.01703871266262636,1.9920794266432473,510.70578463361596,502.00401551409834,697.7579976358492
2020-06-25,3.442497642364018e-05,3.220239383275491e-05,4.227502561741075e-05,2.22258259088527e-06,0.06456308056600168,3.220239383275491e-05,0.008675094058757325,0.008115003245854237,0.01065330645558751
2020-06-26,0.0005418752209911277,0.0005994336004945799,0.000459400004485471,0.0,0.0,0.0005994336004945799,0.13655255568976418,0.15105726732463412,0.1157688011303387
2020-06-29,0.00011688585079462307,9.68866527926471e-05,8.879013042961925e-05,1.9999198001975976e-05,0.17110024605130159,9.68866527926471e-05,0.029455234400245014,0.024415436503747067,0.02237511286826405
2020-06-30,0.00014859973580746025,0.00014587407332514326,0.00014633714865397869,2.7256624823169954e-06,0.018342310295263977,0.00014587407332514326,0.03744713342347998,0.0367602664779361,0.03687696146080263
2020-07-01,0.00024282056909809667,0.00025544381724308543,0.00025404649830750633,0.0,0.0,0.00025544381724308543,0.06119078341272036,0.06437184194525752,0.06401971757349159
2020-07-02,7.601312393750077e-05,8.470698870439127e-05,6.620336367385732e-05,0.0,0.0,8.470698870439127e-05,0.019155307232250195,0.0213461611535066,0.016683247645812044
2020-07-06,0.0068477324212592875,0.005889070974631181,0.005185416885975835,0.0009586614466281064,0.13999691978498965,0.005889070974631181,1.7256285701573404,1.4840458856070575,1.3067250552659104
2020-07-07,6.0147186691320117e-05,6.84630329285456e-05,6.138764982103151e-05,0.0,0.0,6.84630329285456e-05,0.01515709104621267,0.017252684297993492,0.01546968775489994
2020-07-08,0.0005935137979774959,0.0006674099685466072,0.0005004552777990282,0.0,0.0,0.0006674099685466072,0.14956547709032897,0.16818731207374502,0.12611473000535509
2020-07-09,0.002621295768285534,0.0028970600327533733,0.002185638866836171,0.0,0.0,0.0028970600327533733,0.6605665336079546,0.7300591282538501,0.5507809944427151
2020-07-10,4.702558459495123e-05,3.940225380411614e-05,4.202654040099221e-05,7.62333079083509e-06,0.16211027878520556,3.940225380411614e-05,0.01185044731792771,0.009929367958637266,0.010590688181050037
2020-07-13,0.0001313381769063844,0.00013759887641240693,0.00010925741290243566,0.0,0.0,0.00013759887641240693,0.03309722058040887,0.034674916855926545,0.027532868051413785
2020-07-14,0.00015508056558186193,0.00014160727449142333,0.00013396117800425756,1.3473291090438603e-05,0.08687930014317104,0.00014160727449142333,0.0390803025266292,0.03568503317183868,0.033758216857072906
2020-07-15,2.489220228518295e-06,2.35246433470109e-06,3.854036610400941e-06,1.367558938172052e-07,0.05493922848255996,2.35246433470109e-06,0.0006272834975866103,0.0005928210123446746,0.0009712172258210371
2020-07-16,1.741559255067255e-05,1.782578025021615e-05,2.3868484639751523e-05,0.0,0.0,1.782578025021615e-05,0.004388729322769482,0.00449209662305447,0.006014858129217384
2020-07-17,1.1291210997763323e-05,1.3140738391918872e-05,1.914708229019401e-05,0.0,0.0,1.3140738391918872e-05,0.0028453851714363575,0.0033114660747635555,0.0048250647371288905
2020-07-20,0.0003083126035103432,0.000276922452567375,0.00040578286852243977,3.1390150942968203e-05,0.10181273967965566,0.000276922452567375,0.07769477608460648,0.0697844580469785,0.10225728286765483
2020-07-21,6.463283793341353e-05,6.8259851612346e-05,6.014132489186774e-05,0.0,0.0,6.8259851612346e-05,0.01628747515922021,0.017201482606311193,0.01515561387275067
2020-07-22,4.097125804021785e-05,3.722314990361642e-05,3.210480250212257e-05,3.748108136601431e-06,0.09148139999608616,3.722314990361642e-05,0.010324757026134898,0.009380233775711339,0.008090410230534887
2020-07-23,0.001014927424140702,0.0010332364498212507,0.0007281827680174994,0.0,0.0,0.0010332364498212507,0.2557617108834569,0.26037558535495514,0.18350205754040985
2020-07-24,0.0017893555823911198,0.002061083433599176,0.0010440010613908895,0.0,0.0,0.002061083433599176,0.4509176067625622,0.5193930252669924,0.2630882674705041
2020-07-27,0.0013368667195623116,0.0014317643255158004,0.0016266417181249246,0.0,0.0,0.0014317643255158004,0.3368904133297025,0.3608046100299817,0.409913712967481
2020-07-28,0.001842556257105732,0.0017641484986852815,0.0013624396434131602,7.840775842045053e-05,0.0425537934462087,0.0017641484986852815,0.46432417679064447,0.44456542166869095,0.34333479014011636
2020-07-29,0.0002156187143222564,0.00020911777996927787,0.0002516186070069202,6.500934352978528e-06,0.03015013953340021,0.00020911777996927787,0.05433591600920861,0.05269768055225802,0.0634078889657439
2020-07-30,2.2229251656559784e-05,2.021302957180989e-05,1.6468044346219787e-05,2.0162220847498947e-06,0.09070129868513208,2.021302957180989e-05,0.005601771417453065,0.005093683452096092,0.004149947175247386
2020-07-31,0.009811987958672289,0.011142414157377914,0.006132639433291637,0.0,0.0,0.011142414157377914,2.4726209655854166,2.8078883676592343,1.5454251371894925
2020-08-03,0.001894922877147256,0.0018369120988805364,0.001999360009535574,5.8010778266719566e-05,0.030613793804336296,0.0018369120988805364,0.4775205650411085,0.46290184891789515,0.5038387224029647
2020-08-04,9.138253939547283e-05,8.689640546595732e-05,0.00010169740749761716,4.486133929515506e-06,0.049091805831847427,8.689640546595732e-05,0.023028399927659152,0.021897894177421245,0.025627746689399527
2020-08-05,4.442015367199189e-06,4.067708279130188e-06,4.869631772349259e-06,3.743070880690004e-07,0.08426513032076267,4.067708279130188e-06,0.0011193878725341956,0.0010250624863408074,0.0012271472066320134
2020-08-06,9.799866196803702e-05,8.831452746523162e-05,0.00011462064900884074,9.684134502805402e-06,0.09881904721459266,8.831452746523162e-05,0.02469566281594533,0.022255260921238366,0.028884403550227866
2020-08-07,0.0005202042351423825,0.0005909786234914107,0.0008147753469723056,0.0,0.0,0.0005909786234914107,0.1310914672558804,0.1489266131198355,0.205323387437021
2020-08-10,9.227818654798244e-05,8.143319016857428e-05,8.593016369156924e-05,1.0844996379408159e-05,0.11752502587644585,8.143319016857428e-05,0.023254103010091575,0.02052116392248072,0.021654401250275446
2020-08-11,0.0028115405063308292,0.002982969864630318,0.0022807511040905597,0.0,0.0,0.002982969864630318,0.7085082075953689,0.7517084058868402,0.574749278230821
2020-08-12,0.0015447657446030151,0.0016108628474373924,0.0010288423083726714,0.0,0.0,0.0016108628474373924,0.3892809676399598,0.4059374375542229,0.2592682617099132
2020-08-13,9.009484667296044e-06,9.175598029005712e-06,7.263845640465422e-06,0.0,0.0,9.175598029005712e-06,0.0022703901361586032,0.0023122507033094394,0.0018304891013972864
2020-08-14,1.3017330375452837e-06,1.094867853700216e-06,7.652907955830233e-07,2.0686518384506772e-07,0.15891509162283196,1.094867853700216e-06,0.00032803672546141146,0.00027590669913245443,0.00019285328048692187
2020-08-17,2.4557552293828606e-05,2.192859541019854e-05,3.422876769334273e-05,2.6289568836300673e-06,0.10705288316693719,2.192859541019854e-05,0.006188503178044809,0.0055260060433700315,0.008625649458722368
2020-08-18,1.6845529548329478e-05,1.7641896544585363e-05,1.871786383285681e-05,0.0,0.0,1.7641896544585363e-05,0.004245073446179029,0.004445757929235511,0.004716901685879916
2020-08-19,0.00012000423649461557,0.00012635511999221913,0.00016216298266334556,0.0,0.0,0.00012635511999221913,0.030241067596643124,0.03184149023803922,0.04086507163116308
2020-08-20,6.0824739624825374e-05,5.731811614002005e-05,7.551565291885193e-05,3.5066234848053255e-06,0.05765126901953629,5.731811614002005e-05,0.015327834385455994,0.014444165267285052,0.019029944535550687
2020-08-21,3.37193477254154e-05,3.676992056789136e-05,3.0524745042255986e-05,0.0,0.0,3.676992056789136e-05,0.00849727562680468,0.009266019983108623,0.007692235750648508
2020-08-24,1.0437149879272259e-05,9.67169392785716e-06,1.17793147017394e-05,7.654559514150992e-07,0.07333955025362932,9.67169392785716e-06,0.0026301617695766093,0.002437266869820004,0.0029683873048383285
2020-08-25,2.218498915987173e-05,2.345829688750867e-05,1.481896115245574e-05,0.0,0.0,2.345829688750867e-05,0.005590617268287676,0.005911490815652185,0.0037343782104188464
2020-08-26,8.838652876543513e-05,8.701500170969695e-05,0.00018774310104144779,1.3715270557381756e-06,0.015517376452927919,8.701500170969695e-05,0.02227340524888965,0.021927780430843632,0.04731126146244484
2020-08-27,2.3667477717821412e-05,2.569153842880459e-05,1.5551371345564234e-05,0.0,0.0,2.569153842880459e-05,0.005964204384890996,0.006474267684058756,0.003918945579082187
2020-08-28,1.995755549934385e-05,2.0914755830570386e-05,2.8937407973492596e-05,0.0,0.0,2.0914755830570386e-05,0.00502930398583465,0.0052705184693037374,0.007292226809320134
2020-08-31,5.239245685707415e-05,5.686434792462667e-05,4.726024476541694e-05,0.0,0.0,5.686434792462667e-05,0.013202899127982686,0.014329815677005921,0.011909581680885068
2020-09-01,0.004296495900924255,0.0040048935802839795,0.001989188305193033,0.0002916023206402758,0.06786980071589896,0.0040048935802839795,1.0827169670329124,1.0092331822315628,0.5012754529086443
2020-09-02,0.00028378409927594215,0.0002685165507043511,0.00015179933972650562,1.5267548571591054e-05,0.05379987306105381,0.0002685165507043511,0.07151359301753742,0.06766617077749648,0.03825343361107942
2020-09-03,0.000237623219950933,0.00022249872467752332,0.0005520293866382312,1.5124495273409672e-05,0.06364906263320427,0.00022249872467752332,0.05988105142763511,0.05606967861873588,0.13911140543283426
2020-09-04,3.9629168765816456e-05,4.018499033321827e-05,3.622034742684021e-05,0.0,0.0,4.018499033321827e-05,0.009986550528985746,0.010126617563971005,0.009127527551563732
2020-09-08,0.06226963883909208,0.05455279495747508,0.08643381376029606,0.007716843881617003,0.12392626688318835,0.05455279495747508,15.691948987451205,13.74730432928372,21.781321067594607
2020-09-09,0.0009843807426988987,0.0009530994962820315,0.0007494615533645835,3.128124641686714e-05,0.03177758871971129,0.0009530994962820315,0.24806394716012248,0.24018107306307196,0.18886431144787505
2020-09-10,0.002401588443406624,0.002499595870389491,0.0018679402924427783,0.0,0.0,0.002499595870389491,0.6052002877384692,0.6298981593381516,0.47072095369558015
2020-09-11,0.0019965857120595003,0.0019273893940292678,0.0013119013435702895,6.919631803023246e-05,0.034657324039546675,0.0019273893940292678,0.5031395994389941,0.4857021272953755,0.33059913857971296
2020-09-14,0.00011788341205812796,0.00013458533286418508,0.00010204719006242774,0.0,0.0,0.00013458533286418508,0.029706619838648245,0.03391550388177464,0.025715891895731792
2020-09-15,0.0005243759317706913,0.0005196664399709759,0.0006500862017164721,4.709491799715412e-06,0.008981136443145769,0.0005196664399709759,0.13214273480621422,0.13095594287268592,0.16382172283255098
2020-09-16,0.0013518872103658684,0.001444198998582293,0.0011955086816031982,0.0,0.0,0.001444198998582293,0.3406755770121988,0.36393814764273785,0.30126818776400593
2020-09-17,0.00012349435631975707,0.00011899748033275561,9.657335660376023e-05,4.4968759870014615e-06,0.03641361503957586,0.00011899748033275561,0.031120577792578784,0.029987365043854415,0.024336485864147578
2020-09-18,0.0019494396619418144,0.0023141398010776155,0.002257402225692321,0.0,0.0,0.0023141398010776155,0.4912587948093372,0.5831632298715591,0.5688653608744649
2020-09-21,1.0207057576516413e-05,9.872518971805568e-06,9.617014473882946e-06,3.345386047108451e-07,0.03277522140222893,9.872518971805568e-06,0.002572178509282136,0.002487874780895003,0.0024234876474185023
2020-09-22,0.014615101259937804,0.014617157497287632,0.007340371602376108,0.0,0.0,0.014617157497287632,3.6830055175043266,3.683523689316483,1.8497736437987793
2020-09-23,0.007541511307508707,0.007778029405796821,0.004899805891364994,0.0,0.0,0.007778029405796821,1.9004608494921942,1.960063410260799,1.2347510846239784
2020-09-24,0.00020915171708879668,0.000217446782056889,0.0001575554008614334,0.0,0.0,0.000217446782056889,0.05270623270637676,0.054796589078336025,0.03970396101708122
2020-09-25,0.0020546243768542177,0.0018909044847799684,0.0019906877126195446,0.0001637198920742492,0.07968361216721905,0.0018909044847799684,0.5177653429672628,0.47650793016455206,0.5016533035801253
2020-09-28,0.0005875286047265962,0.0005379396844313124,0.0006339310018814523,4.9588920295283814e-05,0.08440256323172084,0.0005379396844313124,0.14805720839110223,0.13556080047669072,0.15975061247412597
2020-09-29,0.00013783863667935736,0.0001516851956826122,8.957989987909445e-05,0.0,0.0,0.0001516851956826122,0.03473533644319805,0.038224669312018275,0.022574134769531802
2020-09-30,6.89835813288704e-05,7.496885912808938e-05,0.00011115071476347434,0.0,0.0,7.496885912808938e-05,0.017383862494875342,0.018892152500278522,0.028009980120395534
2020-10-01,0.0048295620920142356,0.004776605850013833,0.006623359168046911,5.295624200040219e-05,0.010965019391095775,0.004776605850013833,1.2170496471875873,1.203704674203486,1.6690865103478216
2020-10-02,0.00025088469252877146,0.000232933759458636,0.0004142011937692046,1.7950933070135454e-05,0.07155053111311807,0.000232933759458636,0.06322294251725041,0.058699307383576274,0.10437870082983956
2020-10-05,0.01293902153477901,0.011858092768034212,0.011278588834168126,0.001080928766744798,0.08354022471914213,0.011858092768034212,3.2606334267643104,2.9882393775446214,2.842204386210368
2020-10-06,0.0009702153911514613,0.0009602720640707036,0.0010112317131892687,9.943327080757765e-06,0.010248576925489038,0.0009602720640707036,0.24449427857016826,0.2419885601458173,0.2548303917236957
2020-10-07,0.0011978934701452515,0.0011183939704171543,0.0015013869626934809,7.949949972809725e-05,0.0663660848339806,0.0011183939704171543,0.3018691544766034,0.28183528054512286,0.3783495145987572
2020-10-08,1.9055769016970525e-05,1.5312361364903656e-05,1.4520826594013895e-05,3.743407652066869e-06,0.1964448379012287,1.5312361364903656e-05,0.004802053792276572,0.0038587150639557213,0.0036592483016915016
2020-10-09,0.0006412211473929931,0.0006091528720441895,0.000531742588538974,3.206827534880355e-05,0.05001125653633225,0.0006091528720441895,0.16158772914303426,0.15350652375513577,0.13399913231182145
2020-10-12,0.03589863169191369,0.0405105765790797,0.020388194666172,0.0,0.0,0.0405105765790797,9.04645518636225,10.208665297928084,5.137825055875345
2020-10-13,4.934606170110229e-10,4.852950994716302e-10,7.38198134432061e-10,8.165517539392741e-12,0.01651398970610173,4.852950994716302e-10,1.2435207548677777e-07,1.222943650668508e-07,1.8602592987687935e-07
2020-10-14,0.002333175755896337,0.002251936978594702,0.0010620506003056402,8.123877730163492e-05,0.03481897026467533,0.002251936978594702,0.587960290485877,0.5674881186058649,0.26763675127702136
2020-10-15,0.003829687207343684,0.003990652943616415,0.00278095722068413,0.0,0.0,0.003990652943616415,0.9650811762506083,1.0056445417913367,0.7008012196124007
2020-10-16,4.006377137306923e-05,4.0828958519978324e-05,5.0600027873462595e-05,0.0,0.0,4.0828958519978324e-05,0.010096070386013447,0.010288897547034537,0.012751207024112574
2020-10-19,0.0005958443664902017,0.000639067798673999,0.0006149724982918815,0.0,0.0,0.000639067798673999,0.1501527803555308,0.16104508526584774,0.15497306956955414
2020-10-20,1.1144259229485209e-05,1.2021775174806513e-05,1.1699462310192196e-05,0.0,0.0,1.2021775174806513e-05,0.0028083533258302725,0.0030294873440512415,0.0029482645021684335
2020-10-21,6.256790024316022e-07,6.481709969597823e-07,6.511969796215598e-07,0.0,0.0,6.481709969597823e-07,0.00015767110861276376,0.00016333909123386514,0.00016410163886463306
2020-10-22,2.995218806655643e-06,2.879928039056762e-06,3.5344501474783363e-06,1.1529076759888072e-07,0.03849158827765978,2.879928039056762e-06,0.000754795139277222,0.000725741865842304,0.0008906814371645407
2020-10-23,4.552954899353482e-06,4.793973078130561e-06,3.7363514815364264e-06,0.0,0.0,4.793973078130561e-06,0.0011473446346370775,0.0012080812156889014,0.0009415605733471794
2020-10-26,0.00018632617506946647,0.00015084485052071827,0.00021033666948771718,3.5481324548748195e-05,0.19042587196937902,0.00015084485052071827,0.04695419611750555,0.038012902331221,0.05300484071090473
2020-10-27,0.0013178245145973608,0.0014261036135940959,0.0008325977052103693,0.0,0.0,0.0014261036135940959,0.3320917776785349,0.3593781106257122,0.20981462171301307
2020-10-28,0.06694642813729917,0.06450194823854064,0.06318261967391894,0.002444479898758539,0.036513970449755545,0.06450194823854064,16.87049989059939,16.25449095611224,15.922020157827573
2020-10-29,0.6534142024924137,0.7169662731719441,0.6139581743893084,0.0,0.0,0.7169662731719441,164.66037902808824,180.6755008393299,154.71745994610572
2020-10-30,0.001970463017862951,0.0018137581858502054,0.0027086903281921095,0.00015670483201274572,0.07952690840306748,0.0018137581858502054,0.4965566805014637,0.45706706283425175,0.6825899627044116
2020-11-02,2.818654273601388e-06,2.5177535656401857e-06,2.1339096456362697e-06,3.009007079612025e-07,0.1067532843690894,2.5177535656401857e-06,0.0007103008769475498,0.0006344738985413268,0.00053774523070034
2020-11-03,0.0005486660885222302,0.0005312938277559934,0.000592281234147357,1.737226076623682e-05,0.03166272000036363,0.0005312938277559934,0.13826385430760202,0.13388604459451034,0.149254871005134
2020-11-04,1324.326069510541,1316.9987218264096,1338.3246935989873,7.327347684131382,0.005532887898853716,1316.9987218264096,333730.1695166563,331883.6779002552,337257.8227869448
2020-11-05,0.00024631707340879133,0.0002544861827585792,0.00030325570520994095,0.0,0.0,0.0002544861827585792,0.06207190249901542,0.06413051805516196,0.07642043771290512
2020-11-06,8.745355420631914e-07,8.867982172570639e-07,1.325099339402931e-06,0.0,0.0,8.867982172570639e-07,0.00022038295659992425,0.0002234731507487801,0.00033392503352953863
2020-11-09,0.0003935742443280584,0.00040687040457138056,0.0003723629559980631,0.0,0.0,0.00040687040457138056,0.09918070957067071,0.1025313419519879,0.0938354649115119
2020-11-10,0.00014328953848808418,0.00013876125302032422,0.00015393758769979062,4.528285467759953e-06,0.031602345041638724,0.00013876125302032422,0.036108963698997215,0.0349678357611217,0.03879227210034723
2020-11-11,0.00020431435369023827,0.00018610074499295743,0.0003439818873419719,1.8213608697280836e-05,0.08914502715628843,0.00018610074499295743,0.05148721712994005,0.04689738773822527,0.08668343561017693
2020-11-12,8.910796515716037e-06,8.638794062844494e-06,1.2399770700638423e-05,2.720024528715428e-07,0.030525040255017594,8.638794062844494e-06,0.0022455207219604415,0.0021769761038368126,0.0031247422165608823
2020-11-13,0.0020145144180049117,0.002124195124221142,0.0038679574282762083,0.0,0.0,0.002124195124221142,0.5076576333372378,0.5352971713037279,0.9747252719256045
2020-11-16,0.0003252244583547667,0.00033378748139429497,0.0003518972848301194,0.0,0.0,0.00033378748139429497,0.0819565635054012,0.08411444531136233,0.08867811577719009
2020-11-17,4.3948621438480034e-05,4.690894798923339e-05,4.431246771642017e-05,0.0,0.0,4.690894798923339e-05,0.01107505260249697,0.011821054893286814,0.011166741864537883
2020-11-18,2.227798130224872e-05,2.1282788371836306e-05,2.5073152854231702e-05,9.951929304124125e-07,0.0446715917496693,2.1282788371836306e-05,0.005614051288166677,0.00536326266970275,0.006318434519266389
2020-11-19,8.274483670383755e-05,7.679684752685645e-05,4.559518164511782e-05,5.947989176981105e-06,0.07188350768503893,7.679684752685645e-05,0.020851698849367065,0.019352805576767825,0.01148998577456969
2020-11-20,9.883484113582978e-05,9.510424243255238e-05,0.0001065860921310067,3.7305987032774045e-06,0.037745785015272273,9.510424243255238e-05,0.024906379966229103,0.023966269093003197,0.026859695217013688
2020-11-23,5.929965876343401e-09,5.565204770660889e-09,5.8133924496231786e-09,3.6476110568251184e-10,0.06150113038711273,5.565204770660889e-09,1.4943514008385371e-06,1.402431602206544e-06,1.464974897305041e-06
2020-11-24,0.00012714174217974384,0.0001485864154906362,0.00011275850275312327,0.0,0.0,0.0001485864154906362,0.03203971902929545,0.037443776703640325,0.028415142693787063
2020-11-25,6.619892810601056e-06,6.381225529002964e-06,7.055899827013646e-06,2.386672815980918e-07,0.03605303777167717,6.381225529002964e-06,0.001668212988271466,0.001608068833308747,0.0017780867564074388
2020-11-27,0.0014476690586166419,0.0014630549601106974,0.002679680482052104,0.0,0.0,0.0014630549601106974,0.36481260277139377,0.3686898499478958,0.6752794814771301
2020-11-30,7.640979274979349e-07,6.997469211575213e-07,7.06354930064064e-07,6.435100634041356e-08,0.0842181607964467,6.997469211575213e-07,0.0001925526777294796,0.00017633622413169538,0.00017800144237614413
2020-12-01,0.0003319582986168967,0.0002956371929776279,0.00026552007411971497,3.632110563926878e-05,0.10941466347184542,0.0002956371929776279,0.08365349125145798,0.07450057263036224,0.06691105867816817
2020-12-02,5.384896618312702e-06,5.0040978811091405e-06,2.95826030314353e-06,3.807987372035613e-07,0.07071605891049054,5.0040978811091405e-06,0.001356993947814801,0.0012610326660395033,0.0007454815963921696
2020-12-03,3.852227998647692e-06,3.748347920568319e-06,1.469307148573774e-06,1.0388007807937283e-07,0.026966226077379998,3.748347920568319e-06,0.0009707614556592183,0.0009445836759832164,0.00037026540144059105
2020-12-04,0.00011661511889000069,0.00011967730177383805,8.919607488739462e-05,0.0,0.0,0.00011967730177383805,0.029387009960280173,0.03015868004700719,0.022477410871623443
2020-12-07,0.0003724365346397286,0.00036645353884134593,0.0004910597355717008,5.982995798382688e-06,0.016064470657009486,0.00036645353884134593,0.09385400672921161,0.09234629178801917,0.12374705336406862
2020-12-08,3.299322488550548e-05,3.253592999049487e-05,2.950697939381057e-05,4.5729489501061127e-07,0.013860266243668798,3.253592999049487e-05,0.008314292671147382,0.008199054357604707,0.007435758807240264
2020-12-09,0.0035087053027705413,0.002595300524014279,0.0024976996858971524,0.0009134047787562622,0.2603253051131695,0.002595300524014279,0.8841937362981764,0.6540157320515984,0.6294203208460823
2020-12-10,0.00043422314590446084,0.0003602712457935761,0.00031479189806387546,7.395190011088475e-05,0.1703085168031263,0.0003602712457935761,0.10942423276792414,0.09078835393998118,0.07932755831209662
2020-12-11,0.0004476670419760091,0.0004727670498330623,0.0002241024172596673,0.0,0.0,0.0004727670498330623,0.1128120945779543,0.11913729655793169,0.05647380914943616
2020-12-14,2.4639604641968793e-05,2.5789772198622225e-05,3.149118251437358e-05,0.0,0.0,2.5789772198622225e-05,0.006209180369776136,0.006499022594052801,0.007935777993622143
2020-12-15,0.00010013348318775946,0.00011350648579648092,0.0001412697143754821,0.0,0.0,0.00011350648579648092,0.025233637763315383,0.028603634420713193,0.03559996802262149
2020-12-16,0.005831372132984574,0.0056910053682201886,0.006775800059839611,0.00014036676476438577,0.02407096675349258,0.0056910053682201886,1.4695057775121128,1.4341333527914875,1.7075016150795819
2020-12-17,0.022765031453779113,0.022489588555436514,0.026091264664015405,0.00027544289834259897,0.012099385800970402,0.022489588555436514,5.736787926352337,5.667376315970001,6.574998695331882
2020-12-18,1.5668788935928932e-06,1.750334928516267e-06,2.452199490304138e-06,0.0,0.0,1.750334928516267e-06,0.0003948534811854091,0.0004410844019860993,0.0006179542715566427
2020-12-21,6.562440031148018e-05,6.102726558389374e-05,6.2714279326629e-05,4.597134727586438e-06,0.07005221587876378,6.102726558389374e-05,0.016537348878493004,0.015378870927141223,0.01580399839031051
2020-12-22,4.956564832930913e-06,5.998071717451115e-06,4.575442043556514e-06,0.0,0.0,5.998071717451115e-06,0.00124905433789859,0.0015115140727976811,0.0011530113949762414
2020-12-23,1.8129092086122722e-05,1.921309182858147e-05,1.7985647330078553e-05,0.0,0.0,1.921309182858147e-05,0.004568531205702926,0.00484169914080253,0.004532383127179795
2020-12-24,0.00905842888397943,0.010158528121958254,0.005624285120791589,0.0,0.0,0.010158528121958254,2.2827240787628162,2.55994908673348,1.4173198504394804
2020-12-28,0.626275290087631,0.6250768525383753,0.29136528213137847,0.0011984375492557486,0.001913595455899505,0.6250768525383753,157.82137310208302,157.51936683967057,73.42405109710738
2020-12-29,1.8859333643580623e-07,2.1605765067567327e-07,2.0273767299253966e-07,0.0,0.0,2.1605765067567327e-07,4.752552078182317e-05,5.444652797026966e-05,5.1089893594119996e-05
2020-12-30,6.81949520215884e-10,7.39457525670715e-10,9.014545961499895e-10,0.0,0.0,7.39457525670715e-10,1.7185127909440278e-07,1.863432964690202e-07,2.2716655822979736e-07
2020-12-31,8.002213961340636e-06,8.12106839040869e-06,8.426090810240045e-06,0.0,0.0,8.12106839040869e-06,0.0020165579182578404,0.0020465092343829898,0.0021233748841804913
2021-01-04,7.594016749345051e-05,8.393528644493053e-05,0.00010623335435489745,0.0,0.0,8.393528644493053e-05,0.01913692220834953,0.021151692184122495,0.026770805297434155
2021-01-05,0.018913583993363844,0.020362134028055128,0.024708856556239913,0.0,0.0,0.020362134028055128,4.766223166327689,5.1312577750698924,6.226631852172458
2021-01-06,0.000638184683173143,0.000560959865012217,0.0005233886286973319,7.722481816092603e-05,0.12100700639812677,0.000560959865012217,0.16082254015963204,0.1413618859830787,0.13189393443172764
2021-01-07,0.05803502976347478,0.06289777109131545,0.03146201134322485,0.0,0.0,0.06289777109131545,14.624827500395645,15.850238315011492,7.928426858492662
2021-01-08,0.006027554774985688,0.0059395063721547235,0.006239050910010847,8.804840283096419e-05,0.014607648723783784,0.0059395063721547235,1.5189438032963933,1.4967556057829903,1.5722408293227335
2021-01-11,9.759155664159174e-05,8.970725452864122e-05,9.502302891379116e-05,7.884302112950523e-06,0.08078877213852745,8.970725452864122e-05,0.02459307227368112,0.02260622814121759,0.023945803286275373
2021-01-12,1.4252040486401079e-06,1.1579816255813758e-06,1.4591815989875507e-06,2.672224230587321e-07,0.18749752768116312,1.1579816255813758e-06,0.0003591514202573072,0.0002918113696465067,0.00036771376294486276
2021-01-13,0.005078282064608092,0.004559374038472897,0.002072449033473537,0.0005189080261351949,0.10218180467946475,0.004559374038472897,1.2797270802812393,1.1489622576951701,0.5222571564353313
2021-01-14,2.7579029129508746e-05,2.7580787091041086e-05,2.107192245938795e-05,0.0,0.0,2.7580787091041086e-05,0.006949915340636204,0.0069503583469423535,0.005310124459765764
2021-01-15,0.00015712897223915665,0.00017015441937527748,0.00010679086474183466,0.0,0.0,0.00017015441937527748,0.039596501004267474,0.04287891368256992,0.026911297914942334
2021-01-19,0.0016716043468151132,0.001691961517952485,0.0014444461384512852,0.0,0.0,0.001691961517952485,0.42124429539740854,0.42637430252402625,0.3640004268897239
2021-01-20,0.3055151527818955,0.29527299533790224,0.2515598783817264,0.01024215744399326,0.03352422081425048,0.29527299533790224,76.98981850103766,74.40879482515136,63.39308935219505
2021-01-21,0.00013016776903162488,0.0001229105836800521,0.00011740581808153905,7.257185351572783e-06,0.05575255187831531,0.0001229105836800521,0.03280227779596947,0.03097346708737313,0.02958626615654784
2021-01-22,1.3693927150219741e-05,1.3289202619521394e-05,1.0364403860472314e-05,4.047245306983477e-07,0.029555035360095214,1.3289202619521394e-05,0.003450869641855375,0.003348879060119391,0.0026118297728390232
2021-01-25,0.00013566257808089223,0.00014243021853364737,0.0001710454866929495,0.0,0.0,0.00014243021853364737,0.03418696967638484,0.03589241507047914,0.04310346264662327
2021-01-26,2.3705348586499263e-06,2.3937704708703133e-06,2.464680001219108e-06,0.0,0.0,2.3937704708703133e-06,0.0005973747843797814,0.0006032301586593189,0.0006210993603072152
2021-01-27,0.0015030443948822658,0.0015322280059461165,0.0015668933806808065,0.0,0.0,0.0015322280059461165,0.378767187510331,0.38612145749842136,0.39485713193156324
2021-01-28,5.9939663754881065e-05,6.263826940617814e-05,5.046458268037367e-05,0.0,0.0,6.263826940617814e-05,0.015104795266230028,0.015784843890356892,0.012717074835454164
2021-01-29,0.0010841051925940077,0.0010025613409594641,0.0009253915584847835,8.15438516345436e-05,0.07521765610605624,0.0010025613409594641,0.27319450853368993,0.25264545792178494,0.23319867273816544
2021-02-01,0.0004428301103141249,0.0004217377898531442,0.00027079484127019596,2.1092320460980676e-05,0.04763072772623332,0.0004217377898531442,0.11159318779915947,0.10627792304299234,0.06824030000008938
2021-02-02,7.953180504779103e-05,7.28987740184039e-05,7.712177398435593e-05,6.633031029387124e-06,0.08340098583202431,7.28987740184039e-05,0.020042014872043337,0.018370491052637782,0.019434687044057694
2021-02-03,8.719749663123837e-05,8.389086350349353e-05,5.584590579524782e-05,3.306633127744837e-06,0.03792119289625395,8.389086350349353e-05,0.02197376915107207,0.021140497602880372,0.01407316826040245
2021-02-04,0.0021305941988439075,0.002315585410131543,0.003059898506587167,0.0,0.0,0.002315585410131543,0.5369097381086647,0.5835275233531488,0.771094423659966
2021-02-05,0.0004293235310188807,0.00042758677033570894,0.0003655347442321315,1.7367606831717375e-06,0.004045342390165929,0.00042758677033570894,0.10818952981675793,0.10775186612459865,0.09211475554649713
2021-02-08,1.079497522573802e-05,1.112387577258478e-05,9.464645829431349e-06,0.0,0.0,1.112387577258478e-05,0.002720333756885981,0.0028032166946913646,0.0023850907490167
2021-02-09,0.00024448573219588066,0.00020377302647386921,0.00025672962854489097,4.071270572201144e-05,0.16652385065509176,0.00020377302647386921,0.06161040451336192,0.05135080267141504,0.06469586639331253
2021-02-10,3.3896650672084804e-05,2.6216242172342368e-05,2.822281784218907e-05,7.680408499742436e-06,0.2265831024858289,2.6216242172342368e-05,0.008541955969365371,0.0066064930274302765,0.007112150096231646
2021-02-11,2.6302280458258546e-05,2.414629971871006e-05,1.606042015054155e-05,2.1559807395484842e-06,0.08196934334270599,2.414629971871006e-05,0.006628174675481153,0.006084867529114936,0.004047225877936471
2021-02-12,7.853157353494965e-05,8.322086012471046e-05,8.267735443337065e-05,0.0,0.0,8.322086012471046e-05,0.019789956530807312,0.020971656751427037,0.020834693317209406
2021-02-16,0.0005239588533183666,0.00054712135328701,0.00030030099761634195,0.0,0.0,0.00054712135328701,0.1320376310362284,0.13787458102832653,0.07567585139931816
2021-02-17,0.002327405795552543,0.002201374474103406,0.0018759485301718887,0.0001260313214491368,0.05415098717886671,0.002201374474103406,0.5865062604792408,0.5547463674740584,0.47273902960331593
2021-02-18,0.003752779263093331,0.004422067168569033,0.002656735065365492,0.0,0.0,0.004422067168569033,0.9457003742995194,1.1143609264793963,0.669497236472104
2021-02-19,4.365188220391948e-06,4.157357326420377e-06,6.617137350498056e-06,2.078308939715706e-07,0.04761097021881438,4.157357326420377e-06,0.0011000274315387708,0.001047654046257935,0.0016675186123255102
2021-02-22,0.0019292344031674128,0.0019204670033588225,0.0013839972343935552,8.767399808590334e-06,0.004544496920463132,0.0019204670033588225,0.486167069598188,0.48395768484642326,0.3487673030671759
2021-02-23,3.2684240373255408e-06,2.9962430766250546e-06,4.9185224372353875e-06,2.7218096070048617e-07,0.08327587678841308,2.9962430766250546e-06,0.0008236428574060362,0.0007550532553095138,0.0012394676541833177
2021-02-24,2.5346186209770338e-05,2.3406726469298657e-05,2.9457579992923215e-05,1.939459740471681e-06,0.07651879647302798,2.3406726469298657e-05,0.006387238924862125,0.0058984950702632615,0.0074233101582166505
2021-02-25,0.0008825751244391876,0.0008897373934693306,0.0009223413225054684,0.0,0.0,0.0008897373934693306,0.2224089313586753,0.22421382315427132,0.23243001327137805
2021-02-26,3.549881325224302e-05,3.178669596769759e-05,6.605156718205883e-05,3.7121172845454257e-06,0.10457017685628395,3.178669596769759e-05,0.00894570093956524,0.008010247383859793,0.016644994929878823
2021-03-01,0.01817797525725985,0.019944832401119647,0.019500403628433763,0.0,0.0,0.019944832401119647,4.580849764829482,5.0260977650821514,4.914101714365308
2021-03-02,0.0011189625379807039,0.0009222632081429275,0.0009662907861272259,0.0001966993298377764,0.17578723414365208,0.0009222632081429275,0.2819785595711374,0.23241032845201773,0.24350527810406092
2021-03-03,0.020211347535202883,0.020125363410287814,0.012366310192450915,8.598412491506863e-05,0.0042542499831370725,0.020125363410287814,5.093259578871127,5.071591579392529,3.1163101684976304
2021-03-04,0.00019832552113991427,0.00018143770362108656,0.0002856072166393081,1.6887817518827715e-05,0.08515201340003901,0.00018143770362108656,0.04997803132725839,0.04572230131251381,0.07197301859310565
2021-03-05,0.0006976313908082234,0.0006432179616073433,0.0005742308558637865,5.441342920088014e-05,0.07799739208960112,0.0006432179616073433,0.1758031104836723,0.1620909263250505,0.14470617567767421
2021-03-08,0.06384926595341128,0.06958680536072383,0.03598540029916492,0.0,0.0,0.06958680536072383,16.090015020259642,17.535874950902404,9.06832087538956
2021-03-09,0.0003275952843749755,0.0003243675307369759,0.0003287444174813464,3.2277536379996235e-06,0.009852869629381382,0.0003243675307369759,0.08255401166249383,0.08174061774571793,0.08284359320529928
2021-03-10,1.9905273902429505e-05,2.2007241649906693e-05,1.6890320129612393e-05,0.0,0.0,2.2007241649906693e-05,0.005016129023412235,0.005545824895776486,0.004256360672662323
2021-03-11,0.0008475288641112245,0.0008230316986410456,0.0009000911762788015,2.4497165470178852e-05,0.02890422554158553,0.0008230316986410456,0.21357727375602856,0.2074039880575435,0.22682297642225796
2021-03-12,6.776530676626198e-05,6.95195950048352e-05,0.00010985747545404858,0.0,0.0,6.95195950048352e-05,0.01707685730509802,0.01751893794121847,0.027684083814420245
2021-03-15,0.0002678464484331377,0.0002711592777134658,0.00023985957988619563,0.0,0.0,0.0002711592777134658,0.0674973050051507,0.06833213798379338,0.0604446141313213
2021-03-16,2.5608336761728688e-05,2.870163582268732e-05,1.2807776752977076e-05,0.0,0.0,2.870163582268732e-05,0.00645330086395563,0.007232812227317204,0.0032275597417502234
2021-03-17,0.0029583982282963277,0.00348219770822642,0.0025240980268224694,0.0,0.0,0.00348219770822642,0.7455163535306746,0.8775138224730579,0.6360727027592623
2021-03-18,0.002369658314585641,0.0023242042290778603,0.002288378449109164,4.545408550778087e-05,0.01918170447140911,0.0023242042290778603,0.5971538952755816,0.5856994657276208,0.5766713691755093
2021-03-19,7.061892677554255e-05,7.24890856414405e-05,6.406982882542706e-05,0.0,0.0,7.24890856414405e-05,0.017795969547436723,0.018267249581643007,0.01614559686400762
2021-03-22,0.013611427861742676,0.013044246385792694,0.008880469526761279,0.0005671814759499825,0.041669506070151296,0.013044246385792694,3.4300798211591546,3.2871500892197587,2.2378783207438424
2021-03-23,0.0001280509409810629,0.00010594980736240004,0.00012104867633839445,2.2101133618662857e-05,0.17259641574469117,0.00010594980736240004,0.03226883712722785,0.02669935145532481,0.030504266437275402
2021-03-24,0.018455065250226388,0.017100600339953805,0.030972674047532036,0.0013544649102725827,0.07339258311116374,0.017100600339953805,4.6506764430570495,4.309351285668359,7.805113859978073
2021-03-25,2.990621586598105e-05,3.118305553623397e-05,2.8784250471930578e-05,0.0,0.0,3.118305553623397e-05,0.007536366398227225,0.00785812999513096,0.007253631118926506
2021-03-26,0.00043480242793317325,0.0004196007814997198,0.0005116854997888871,1.520164643345343e-05,0.034962192991313396,0.0004196007814997198,0.10957021183915966,0.1057393969379294,0.12894474594679955
2021-03-29,3.7961185965827486e-06,3.656327111651869e-06,4.944058257730563e-06,1.397914849308794e-07,0.03682483688256796,3.656327111651869e-06,0.0009566218863388526,0.0009213944321362711,0.0012459026809481018
2021-03-30,0.004243056232661544,0.004161433567821997,0.004014877664256435,8.162266483954708e-05,0.019236762452500143,0.004161433567821997,1.0692501706307092,1.0486812590911432,1.0117491713926214
2021-03-31,0.000924271272392703,0.0008465628862904682,0.0005052369752368452,7.770838610223472e-05,0.0840753016341103,0.0008465628862904682,0.23291636064296115,0.213333847345198,0.127319717759685
2021-04-01,8.390228065100433e-05,9.110614333113902e-05,6.277455783697714e-05,0.0,0.0,9.110614333113902e-05,0.02114337472405309,0.022958748119447033,0.01581918857491824
2021-04-05,0.0015496156994476654,0.0012443028383993234,0.0013003870434650927,0.0003053128610483421,0.19702488879025995,0.0012443028383993234,0.39050315626081167,0.3135643152766295,0.32769753495320336
2021-04-06,2.9880405646688975e-07,3.3417400420272945e-07,1.8916564640806943e-07,0.0,0.0,3.3417400420272945e-07,7.529862222965621e-05,8.421184905908782e-05,4.7669742894833493e-05
2021-04-07,4.608587409104932e-06,4.944126885853017e-06,6.379744904809569e-06,0.0,0.0,4.944126885853017e-06,0.0011613640270944428,0.0012459199752349603,0.0016076957160120113
2021-04-08,0.2582322707821282,0.24980603629704334,0.2642793101916463,0.008426234485084838,0.032630447230824464,0.24980603629704334,65.0745322370963,62.95112114685492,66.59838616829487
2021-04-09,6.1447826351306275e-06,6.1463915732131024e-06,6.905530330489502e-06,0.0,0.0,6.1463915732131024e-06,0.0015484852240529182,0.0015488906764497018,0.0017401936432833544
2021-04-12,1.092420289946184e-05,1.0037155224332039e-05,8.334482590757547e-06,8.870476751298014e-07,0.08120021223455012,1.0037155224332039e-05,0.002752899130664384,0.002529363116531674,0.002100289612870902
2021-04-13,0.00025683492817153784,0.00026502829516410957,0.00028260087258950346,0.0,0.0,0.00026502829516410957,0.06472240189922754,0.06678713038135561,0.07121541989255487
2021-04-14,6.447853158337714e-05,6.505400594039919e-05,7.24518744356332e-05,0.0,0.0,6.505400594039919e-05,0.01624858995901104,0.016393609496980596,0.018257872357779564
2021-04-15,0.006579726784179505,0.007159588520207297,0.002796177075628638,0.0,0.0,0.007159588520207297,1.6580911496132353,1.8042163070922388,0.7046366230584168
2021-04-16,8.600966291082666e-07,9.138655112406901e-07,8.326313903889531e-07,0.0,0.0,9.138655112406901e-07,0.00021674435053528317,0.0002302941088326539,0.00020982311037801618
2021-04-19,0.0003962628832334905,0.00035801508468050576,0.00025663307161211,3.824779855298474e-05,0.09652127432264875,0.00035801508468050576,0.0998582465748396,0.09021980133948745,0.06467153404625171
2021-04-20,8.302724237951493e-05,9.042770302399666e-05,0.0001110692909855306,0.0,0.0,9.042770302399666e-05,0.02092286507963776,0.02278778116204716,0.02798946132835371
2021-04-21,0.00021355946610344972,0.00021524167691016347,0.00025107459959780836,0.0,0.0,0.00021524167691016347,0.05381698545806933,0.054240902581361196,0.0632707990986477
2021-04-22,0.00010052298805606247,9.58438354216808e-05,0.00015977217079901187,4.67915263438167e-06,0.04654808495370217,9.58438354216808e-05,0.025331792990127742,0.024152646526263564,0.040262587041350995
2021-04-23,0.009564543428850979,0.009338548391523241,0.0071808919950796515,0.0002259950373277378,0.023628418751532494,0.009338548391523241,2.410264944070447,2.3533141946638567,1.8095847827600722
2021-04-26,0.00045529548101419444,0.0004687731544921237,0.0003121695388520419,0.0,0.0,0.0004687731544921237,0.114734461215577,0.11813083493201518,0.07866672379071457
2021-04-27,0.00028446425444814496,0.0002627095223223524,0.0003078712341018153,2.1754732125792576e-05,0.0764761537140059,0.0002627095223223524,0.07168499212093253,0.0662027996252328,0.07758355099365745
2021-04-28,7.615100958763422e-05,6.91419574176288e-05,0.00010517106255425565,7.009052170005417e-06,0.09204148593588832,6.91419574176288e-05,0.01919005441608382,0.017423773269242458,0.026503107763672425
2021-04-29,3.4676539098475236e-05,2.9700321285724852e-05,2.4790044426218148e-05,4.9762178127503845e-06,0.14350387318396837,2.9700321285724852e-05,0.00873848785281576,0.007484480964002662,0.006247091195406973
2021-04-30,0.0006767631242652032,0.0006872723869635334,0.0007128991814571684,0.0,0.0,0.0006872723869635334,0.1705443073148312,0.17319264151481042,0.17965059372720643
2021-05-03,0.0020576490005206637,0.0020549678129570684,0.0036233366775211403,2.681187563595335e-06,0.0013030344639021806,0.0020549678129570684,0.5185275481312073,0.5178518888651812,0.9130808427353274
2021-05-04,0.0005585211403255786,0.0005631152654874756,0.00038318558445441593,0.0,0.0,0.0005631152654874756,0.14074732736204582,0.14190504690284386,0.09656276728251281
2021-05-05,1.2666732375261026e-05,1.2784010583641265e-05,6.008441715721854e-06,0.0,0.0,1.2784010583641265e-05,0.0031920165585657785,0.003221570667077599,0.0015141273123619073
2021-05-06,7.394101747093434e-05,7.633673606608827e-05,6.679262281343434e-05,0.0,0.0,7.633673606608827e-05,0.018633136402675454,0.019236857488654245,0.016831740948985454
2021-05-07,1.8496582181059444e-05,1.9935463877721115e-05,1.8483597257543107e-05,0.0,0.0,1.9935463877721115e-05,0.00466113870962698,0.005023736897185721,0.004657866508900863
2021-05-10,0.10603995911597937,0.0936018805440388,0.07748508429576914,0.01243807857194057,0.11729614642928464,0.0936018805440388,26.7220696972268,23.587673897097776,19.526241242533825
2021-05-11,7.514329685408183e-06,7.507628963822873e-06,8.666218523518631e-06,6.7007215853097675e-09,0.0008917256726965271,7.507628963822873e-06,0.0018936110807228621,0.001891922498883364,0.002183887067926695
2021-05-12,0.00015957333563217796,0.00015384013703857778,0.00016476350976123754,5.733198593600177e-06,0.03592829926728547,0.00015384013703857778,0.040212480579308846,0.0387677145337216,0.041520404459831864
2021-05-13,0.0003270328604226449,0.00035039266065242154,0.0003663196903932151,0.0,0.0,0.00035039266065242154,0.08241228082650652,0.08829895048441022,0.0923125619790902
2021-05-14,0.0005213138569842093,0.0005135461564585933,0.0007071038482899845,7.767700525616026e-06,0.014900237940444911,0.0005135461564585933,0.13137109196002075,0.1294136314275655,0.1781901697690761
2021-05-17,0.0006722153799471873,0.0006332485326354464,0.00042051126320352304,3.896684731174093e-05,0.05796780082127036,0.0006332485326354464,0.1693982757466912,0.1595786302241325,0.1059688383272878
2021-05-18,0.0004299761443655976,0.0005049521018574873,0.00032654398981437624,0.0,0.0,0.0005049521018574873,0.10835398838013059,0.1272479296680868,0.08228908543322282
2021-05-19,6.561422432088426e-07,6.115879080789038e-07,5.734492627583606e-07,4.4554335129938786e-08,0.06790336651498165,6.115879080789038e-07,0.00016534784528862833,0.00015412015283588375,0.00014450921421510688
2021-05-20,0.000437732523315557,0.0003746842097859919,0.0002972761947495686,6.304831352956511e-05,0.14403387920088437,0.0003746842097859919,0.11030859587552036,0.09442042086606996,0.07491360107689128
2021-05-21,1.685048989540431e-05,1.8399770887439378e-05,2.013457729357907e-05,0.0,0.0,1.8399770887439378e-05,0.004246323453641886,0.0046367422636347235,0.005073913477981926
2021-05-24,0.005157196708741913,0.005111919743951207,0.00341401234619053,4.5276964790706004e-05,0.008779375179771228,0.005111919743951207,1.2996135706029621,1.2882037754757043,0.8603311112400135
2021-05-25,6.540155397340491e-07,6.134713996542455e-07,6.040436393376402e-07,4.054414007980353e-08,0.06199253018324353,6.134713996542455e-07,0.00016481191601298037,0.00015459479271286988,0.00015221899711308532
2021-05-26,4.795518620275183e-06,4.881034805254123e-06,4.24169618189823e-06,0.0,0.0,4.881034805254123e-06,0.001208470692309346,0.0012300207709240389,0.001068907437838354
2021-05-27,8.186455452248228e-06,7.193395877174086e-06,9.252492032177616e-06,9.93059575074142e-07,0.1213051801920256,7.193395877174086e-06,0.0020629867739665533,0.0018127357610478697,0.002331627992108759
2021-05-28,2.4192796098909093e-05,2.1293027769099304e-05,1.771891032109931e-05,2.8997683298097893e-06,0.11986081303267518,2.1293027769099304e-05,0.006096584616925091,0.005365842997813025,0.004465165400917026
2021-06-01,2.140043324780767e-05,2.438632651173881e-05,1.8268295037583532e-05,0.0,0.0,2.438632651173881e-05,0.005392909178447533,0.00614535428095818,0.00460361034947105
2021-06-02,5.299993135746301e-06,5.79519767185209e-06,4.744097257252852e-06,0.0,0.0,5.79519767185209e-06,0.0013355982702080679,0.0014603898133067267,0.0011955125088277186
2021-06-03,0.00019780953981180787,0.00018963924204159647,0.00018710963081576505,8.1702977702114e-06,0.041303860959792944,0.00018963924204159647,0.04984800403257558,0.04778908899448231,0.04715162696557279
2021-06-04,0.0022064234575171968,0.0020741371483551803,0.0024994481523907585,0.00013228630916201642,0.05995508643246479,0.0020741371483551803,0.5560187112943336,0.5226825613855054,0.6298609344024712
2021-06-07,0.00015561733906083546,0.00012698374341868203,0.0001615003714829738,2.8633595642153434e-05,0.18400003258608397,0.00012698374341868203,0.03921556944333054,0.031999903341507874,0.0406980936137094
2021-06-08,8.717575271354833e-07,7.370399018918999e-07,8.477183601155635e-07,1.3471762524358343e-07,0.15453548322177346,7.370399018918999e-07,0.0002196828968381418,0.00018573405527675876,0.00021362502674912202
2021-06-09,3.909062374937635e-07,3.846165425867243e-07,4.3972951447974974e-07,6.289694907039237e-09,0.016089993491459932,3.846165425867243e-07,9.85083718484284e-05,9.692336873185452e-05,0.00011081183764889693
2021-06-10,0.000754852138400378,0.0008008327969532882,0.0009393600420476733,0.0,0.0,0.0008008327969532882,0.19022273887689528,0.20180986483222862,0.23671873059601367
2021-06-11,1.1034547420778468e-06,1.1610079932894283e-06,1.676327793190135e-06,0.0,0.0,1.1610079932894283e-06,0.0002780705950036174,0.0002925740143089359,0.000422434603883914
2021-06-14,0.001299715791321124,0.0015235510223502037,0.0011056935483981813,0.0,0.0,0.0015235510223502037,0.32752837941292323,0.3839348576322513,0.2786347741963417
2021-06-15,1.43563491157019e-05,1.4938758501871299e-05,1.6288256083224647e-05,0.0,0.0,1.4938758501871299e-05,0.0036177999771568785,0.0037645671424715674,0.004104640532972611
2021-06-16,0.00018119000386705467,0.0001978624414719374,0.00015873674584308543,0.0,0.0,0.0001978624414719374,0.045659880974497774,0.04986133525092822,0.04000165995245753
2021-06-17,0.02827789049899497,0.028291216252350364,0.03522171976274764,0.0,0.0,0.028291216252350364,7.126028405746733,7.129386495592292,8.875873380212406
2021-06-18,0.003948106335472632,0.0036812607898734683,0.003222893424765743,0.00026684554559916387,0.06758823670326276,0.0036812607898734683,0.9949227965391033,0.927677719048114,0.8121691430409672
2021-06-21,0.00026505355078875766,0.00023620037627465387,0.000227166997805752,2.8853174514103787e-05,0.1088579055793947,0.00023620037627465387,0.06679349479876694,0.059522494821212774,0.057246083447049505
2021-06-22,3.255463634199887e-05,3.671316665228013e-05,2.6981229576996778e-05,0.0,0.0,3.671316665228013e-05,0.008203768358183715,0.009251717996374594,0.006799269853403188
2021-06-23,5.069502831350527e-07,4.801494476700946e-07,3.172404430912631e-07,2.680083546495805e-08,0.05286668829244932,4.801494476700946e-07,0.00012775147135003328,0.00012099766081286384,7.99445916589983e-05
2021-06-24,0.1989347554798458,0.23073791167043486,0.1460982903721008,0.0,0.0,0.23073791167043486,50.13155838092114,58.14595374094959,36.8167691737694
2021-06-25,1.8879309761404373e-05,1.8582625640688537e-05,7.577842341017291e-06,2.966841207158352e-07,0.01571477499710195,1.8582625640688537e-05,0.004757586059873902,0.004682821661453511,0.0019096162699363574
2021-06-28,0.0003684084885094107,0.0003518590255239141,0.0004953802249558872,1.65494629854966e-05,0.04492150277952229,0.0003518590255239141,0.09283893910437149,0.08866847443202636,0.12483581668888356
2021-06-29,3.872828464730938e-06,4.213358480993371e-06,6.418872476266131e-06,0.0,0.0,4.213358480993371e-06,0.0009759527731121964,0.0010617663372103295,0.001617555864019065
2021-06-30,4.791293310160584e-06,4.5721320210234e-06,5.290132377236096e-06,2.191612891371838e-07,0.04574156270726739,4.5721320210234e-06,0.001207405914160467,0.0011521772692978968,0.001333113359063496
2021-07-01,4.986414622769212e-06,4.387659717269864e-06,3.840695643267566e-06,5.987549054993483e-07,0.12007721593949863,4.387659717269864e-06,0.0012565764849378413,0.0011056902487520056,0.0009678553021034266
2021-07-02,0.0005288921581945095,0.0004769620778113426,0.00036358485765613136,5.1930080383166865e-05,0.09818651965318445,0.0004769620778113426,0.13328082386501638,0.12019444360845834,0.0916233841293451
2021-07-06,8.681423965496972e-06,1.031460493571382e-05,8.545030169022649e-06,0.0,0.0,1.031460493571382e-05,0.002187718839305237,0.0025992804437998825,0.0021533476025937075
2021-07-07,2.0852075691006803e-05,2.1505917234153924e-05,1.8547333942648508e-05,0.0,0.0,2.1505917234153924e-05,0.005254723074133714,0.005419491143006789,0.004673928153547424
2021-07-08,6.862501199935774e-05,8.001245957645108e-05,6.862763422497067e-05,0.0,0.0,8.001245957645108e-05,0.017293503023838152,0.020163139813265674,0.017294163824692607
2021-07-09,4.679193162945878e-05,5.215991786579652e-05,2.6041019886455963e-05,0.0,0.0,5.215991786579652e-05,0.011791566770623612,0.013144299302180723,0.006562337011386902
2021-07-12,8.105554115201068e-05,8.796681731423458e-05,8.357362234036747e-05,0.0,0.0,8.796681731423458e-05,0.020425996370306693,0.022167637963187114,0.0210605528297726
2021-07-13,0.0,0.0,0.0,0.0,0.0,0.0,0.0,0.0,0.0
2021-07-14,9.792302183976078e-06,1.0157938615490552e-05,1.1664563898722002e-05,0.0,0.0,1.0157938615490552e-05,0.0024676601503619716,0.002559800531103619,0.0029394701024779445
2021-07-15,0.0002790226720488674,0.0002307050610738343,0.0002504485720505643,4.831761097503308e-05,0.17316732883055294,0.0002307050610738343,0.07031371335631457,0.05813767539060624,0.06311304015674221
2021-07-16,0.0009272610375373629,0.0008148042235457886,0.0008034068993368967,0.00011245681399157438,0.12127848504123584,0.0008148042235457886,0.23366978145941547,0.20533066433353872,0.20245853863289798
2021-07-19,0.00017342171945544652,0.00015564713207290846,8.114053802416511e-05,1.777458738253806e-05,0.10249343240199545,0.00015564713207290846,0.04370227330277252,0.03922307728237293,0.020447415582089606
2021-07-20,0.062031617856326424,0.06222121567549338,0.06558553302335238,0.0,0.0,0.06222121567549338,15.63196769979426,15.679746350224331,16.5275543218848
2021-07-21,0.0006714437523317332,0.0006333376341351916,0.0007121172454035026,3.810611819654163e-05,0.056752509808092495,0.0006333376341351916,0.16920382558759678,0.15960108380206828,0.17945354584168266
2021-07-22,1.9804732004039993e-05,2.1468771442434406e-05,1.937629336404083e-05,0.0,0.0,2.1468771442434406e-05,0.004990792465018078,0.00541013040349347,0.004882825927738289
2021-07-23,0.0005152292738447843,0.0005269092281201586,0.0003903613868587857,0.0,0.0,0.0005269092281201586,0.12983777700888563,0.13278112548627996,0.098371069488414
2021-07-26,5.636673974462111e-06,6.409347869487405e-06,6.18370450185026e-06,0.0,0.0,6.409347869487405e-06,0.001420441841564452,0.001615155663110826,0.0015582935344662656
2021-07-27,0.0004189285807424287,0.0005074596757785388,0.00026205214182156055,0.0,0.0,0.0005074596757785388,0.10557000234709203,0.1278798382961918,0.06603713973903326
2021-07-28,8.939010411007872e-06,7.538524278201263e-06,6.366372830581263e-06,1.4004861328066088e-06,0.15667125461793144,7.538524278201263e-06,0.0022526306235739835,0.0018997081181067182,0.0016043259533064784
2021-07-29,4.646549040586753e-06,4.375047297022975e-06,4.304553623696888e-06,2.7150174356377744e-07,0.0584308231251703,4.375047297022975e-06,0.0011709303582278618,0.0011025119188497897,0.0010847475131716157
2021-07-30,7.435904638909307e-05,7.008559570929034e-05,0.00011326890864413014,4.2734506798027265e-06,0.057470487181490615,7.008559570929034e-05,0.018738479690051452,0.017661570118741168,0.028543764978320795
2021-08-02,1.0499467925406411e-08,1.1184226023618723e-08,1.069728592035256e-08,0.0,0.0,1.1184226023618723e-08,2.6458659172024158e-06,2.8184249579519183e-06,2.695716051928845e-06
2021-08-03,0.0003031234933530623,0.00027617923157879806,0.0004828340982308255,2.6944261774264257e-05,0.08888872778327435,0.00027617923157879806,0.0763871203249717,0.06959716635785711,0.12167419275416803
2021-08-04,5.549852550898964e-07,5.686290049307542e-07,6.886854976748051e-07,0.0,0.0,5.686290049307542e-07,0.0001398562842826539,0.00014329450924255007,0.0001735487454140509
2021-08-05,0.00021209920106003038,0.00020000630053265635,0.0001527145351619694,1.209290052737403e-05,0.057015304206337276,0.00020000630053265635,0.053448998667127656,0.0504015877342294,0.03848406286081629
2021-08-06,1.418533437923505e-05,1.4976369940881724e-05,1.1535400265670539e-05,0.0,0.0,1.4976369940881724e-05,0.003574704263567233,0.0037740452251021944,0.0029069208669489756
2021-08-09,5.218245801565263e-05,4.920246398092522e-05,8.174751696593018e-05,2.9799940347274078e-06,0.0571071982988293,4.920246398092522e-05,0.013149979419944462,0.012399020923193156,0.020600374275414404
2021-08-10,6.190110457756194e-05,7.053828704995791e-05,6.723616498074134e-05,0.0,0.0,7.053828704995791e-05,0.01559907835354561,0.017775648336589393,0.01694351357514682
2021-08-11,2.9183775057436316e-05,2.965395896165611e-05,1.975838004018915e-05,0.0,0.0,2.965395896165611e-05,0.007354311314473952,0.00747279765833734,0.004979111770127666
2021-08-12,3.928914296175011e-06,4.3812085931732485e-06,4.847684095328803e-06,0.0,0.0,4.3812085931732485e-06,0.000990086402636103,0.0011040645654796586,0.0012216163920228582
2021-08-13,0.0005569780772233177,0.0005359089806646704,0.000772837716124985,2.1069096558647225e-05,0.03782751491020024,0.0005359089806646704,0.14035847546027605,0.13504906312749695,0.19475510446349623
2021-08-16,0.00010922546636737424,9.170564647519905e-05,9.076849575077224e-05,1.7519819892175195e-05,0.16040050287217525,9.170564647519905e-05,0.027524817524578308,0.02310982291175016,0.022873660929194604
2021-08-17,5.2831959986755124e-05,5.4181854548115154e-05,5.328759421119507e-05,0.0,0.0,5.4181854548115154e-05,0.013313653916662291,0.013653827346125018,0.013428473741221159
2021-08-18,9.80742580831902e-05,0.00010479408766882209,0.00011640042192932198,0.0,0.0,0.00010479408766882209,0.02471471303696393,0.026408110092543166,0.029332906326189137
2021-08-19,0.0003375370259619075,0.00031490437937472767,0.000509794306347254,2.2632646587179817e-05,0.06705233731211957,0.00031490437937472767,0.08505933054240068,0.07935590360243137,0.12846816519950802
2021-08-20,6.118754699352843e-05,5.73625934878456e-05,7.006520267901005e-05,3.824953505682826e-06,0.06251195923208717,5.73625934878456e-05,0.015419261842369164,0.014455373558937092,0.017656431075110533
2021-08-23,0.0008673800656821934,0.0009126975858762171,0.0013084852924808976,0.0,0.0,0.0009126975858762171,0.2185797765519127,0.2299997916408067,0.3297382937051862
2021-08-24,1.1930380088570234e-05,1.1768476901566696e-05,1.0045299613750703e-05,1.619031870035388e-07,0.013570663485230016,1.1768476901566696e-05,0.003006455782319699,0.002965656179194807,0.0025314155026651772
2021-08-25,1.1123268966100368e-06,1.0093951596741384e-06,7.749127965094169e-07,1.0293173693589838e-07,0.09253722508407473,1.0093951596741384e-06,0.00028030637794572926,0.0002543675802378829,0.00019527802472037306
2021-08-26,0.00034315363340060964,0.0003529775217016581,0.00024761575732604754,0.0,0.0,0.0003529775217016581,0.08647471561695363,0.08895033546881784,0.06239917084616398
2021-08-27,0.06149476943151022,0.06862256495061202,0.03538634559393392,0.0,0.0,0.06862256495061202,15.496681896740576,17.292886367554228,8.917359089671349
2021-08-30,0.00015473953186599201,0.00015114713751129816,0.00018258001143824394,3.592394354693854e-06,0.023215750287969072,0.00015114713751129816,0.03899436203022999,0.038089078652847136,0.04601016288243747
2021-08-31,1.268699896315464e-06,1.2918846353441412e-06,1.193439153434284e-06,0.0,0.0,1.2918846353441412e-06,0.0003197123738714969,0.00032555492810672356,0.0003007466666654396
2021-09-01,4.780874145743901e-06,4.961232700391065e-06,4.502296265179392e-06,0.0,0.0,4.961232700391065e-06,0.0012047802847274629,0.0012502306404985483,0.0011345786588252066
2021-09-02,5.294414469359678e-06,5.5474540675175034e-06,4.4802800237578516e-06,0.0,0.0,5.5474540675175034e-06,0.0013341924462786387,0.001397958425014411,0.0011290305659869787
2021-09-03,7.679452922592038e-05,7.73681083090471e-05,7.197042187973418e-05,0.0,0.0,7.73681083090471e-05,0.019352221364931935,0.01949676329387987,0.018136546313693012
2021-09-07,7.228452002576936e-06,6.910569948458644e-06,1.2715463838286806e-05,3.1788205411829183e-07,0.043976498706565184,6.910569948458644e-06,0.0018215699046493878,0.0017414636270115782,0.003204296887248275
2021-09-08,3.8614721875243467e-05,3.96960429204791e-05,3.896610152536842e-05,0.0,0.0,3.96960429204791e-05,0.009730909912561354,0.010003402815960735,0.009819457584392842
2021-09-09,4.1159030468303296e-06,4.167784687045766e-06,3.5018360868764876e-06,0.0,0.0,4.167784687045766e-06,0.0010372075678012431,0.001050281741135533,0.0008824626938928749
2021-09-10,0.00011099975293085594,9.831553294103964e-05,0.00011245442923484999,1.2684219989816297e-05,0.11427250548426947,9.831553294103964e-05,0.027971937738575696,0.024775514301141992,0.0283385161671822
2021-09-13,7.773637879824329e-07,8.084208746157302e-07,9.324525185448358e-07,0.0,0.0,8.084208746157302e-07,0.00019589567457157307,0.000203722060403164,0.00023497803467329863
2021-09-14,1.1245097732429822e-05,9.097664890948908e-06,1.1181931165508918e-05,2.147432841480914e-06,0.19096611711268635,9.097664890948908e-06,0.002833764628572315,0.0022926115525191246,0.0028178466537082474
2021-09-15,0.2369834441634128,0.2450414239063667,0.2244087002370265,0.0,0.0,0.2450414239063667,59.71982792918003,61.75043882440441,56.55099245973068
2021-09-16,1.2613187184257802e-06,1.2004842580253676e-06,1.0402809960891042e-06,6.083446040041257e-08,0.04823080105045725,1.2004842580253676e-06,0.0003178523170432966,0.00030252203302239266,0.00026215081101445427
2021-09-17,0.00013806958955749828,0.00012383985075238593,0.00015928429120965574,1.4229738805112346e-05,0.10306207722971739,0.00012383985075238593,0.03479353656848957,0.031207642389601255,0.040139641384833245
2021-09-20,0.00042760923222179937,0.00044363532569154085,0.0006846968922848743,0.0,0.0,0.00044363532569154085,0.10775752651989344,0.1117961020742683,0.1725436168557883
2021-09-21,2.1493839717733492e-06,2.35170078892623e-06,1.9138671822527595e-06,0.0,0.0,2.35170078892623e-06,0.000541644760886884,0.0005926285988094099,0.0004822945299276954
2021-09-22,7.701677558096276e-05,7.10309159492676e-05,4.811574863195991e-05,5.985859631695164e-06,0.0777215029949042,7.10309159492676e-05,0.019408227446402616,0.017899790819215434,0.012125168655253897
2021-09-23,0.0001504015626424031,0.00015020884585765945,0.0001586941861463192,1.9271678474366166e-07,0.0012813482790768574,0.00015020884585765945,0.037901193785885585,0.037852629156130184,0.039990934908872434
2021-09-24,1.2475746424086738e-06,1.1756763163330755e-06,1.190461193785873e-06,7.189832607559829e-08,0.057630434285159154,1.1756763163330755e-06,0.0003143888098869858,0.00029627043171593504,0.00029999622083404
2021-09-27,0.1367680057330844,0.1484024930571403,0.049908857496647634,0.0,0.0,0.1484024930571403,34.465537444737265,37.39742825039935,12.577032089155203
2021-09-28,0.9226546868904587,0.9175890393591094,0.9414389691511955,0.005065647531349304,0.005490296210834973,0.9175890393591094,232.5089810963956,231.23243791849558,237.24262022610128
2021-09-29,1.7850405871280746e-06,1.9541881549634456e-06,2.1671959819360276e-06,0.0,0.0,1.9541881549634456e-06,0.0004498302279562748,0.0004924554150507883,0.000546133387447879
2021-09-30,8.382012033974925e-06,7.231538812365819e-06,6.895214461117187e-06,1.150473221609106e-06,0.1372550026999335,7.231538812365819e-06,0.002112267032561681,0.0018223477807161863,0.0017375940442015312
2021-10-01,7.492584868992348e-05,6.997269678075949e-05,6.980507764610115e-05,4.953151909163991e-06,0.06610738389570942,6.997269678075949e-05,0.018881313869860715,0.01763311958875139,0.01759087956681749
2021-10-04,0.00022146505040814197,0.00020431333611976786,0.00026062764205903597,1.7151714288374107e-05,0.07744659565614667,0.00020431333611976786,0.05580919270285178,0.0514869607021815,0.06567816579887706
2021-10-05,0.00019229155541902862,0.0002015307539584587,0.0002171072837359921,0.0,0.0,0.0002015307539584587,0.04845747196559521,0.0507857499975316,0.05471103550147001
2021-10-06,0.0010941944094201726,0.00116241343738028,0.0011098139105105206,0.0,0.0,0.00116241343738028,0.2757369911738835,0.2929281862198305,0.2796731054486512
2021-10-07,0.003529201140918624,0.0035209817518359527,0.0020111220313410298,8.219389082671311e-06,0.0023289658911883103,0.0035209817518359527,0.8893586875114933,0.88728740146266,0.5068027518979396
2021-10-08,2.7941543698219942e-05,3.127340869440214e-05,1.657065939713138e-05,0.0,0.0,3.127340869440214e-05,0.007041269011951425,0.00788089899098934,0.004175806168077108
2021-10-11,0.011078876268491135,0.010786960095988927,0.011187555373946688,0.0002919161725022084,0.026348897252881445,0.010786960095988927,2.791876819659766,2.7183139441892097,2.8192639542345654
2021-10-12,2.956414870311619e-06,3.168558435079219e-06,2.704952908845626e-06,0.0,0.0,3.168558435079219e-06,0.000745016547318528,0.0007984767256399632,0.0006816481330290977
2021-10-13,5.097115313823741e-05,4.888082177215225e-05,4.604642780623666e-05,2.0903313660851605e-06,0.04101008504567176,4.888082177215225e-05,0.012844730590835829,0.012317967086582367,0.011603699807171639
2021-10-14,0.00014355434929770824,0.0001477845278939683,0.00013204570561077124,0.0,0.0,0.0001477845278939683,0.03617569602302248,0.03724170102928001,0.03327551781391435
2021-10-15,1.246483975531463e-05,1.166959373051387e-05,1.047848471158391e-05,7.952460248007601e-07,0.06379913232840069,1.166959373051387e-05,0.0031411396183392867,0.0029407376200894955,0.0026405781473191454
2021-10-18,0.0018933357392855413,0.0020284022064642193,0.0028282222495766276,0.0,0.0,0.0020284022064642193,0.4771206062999564,0.5111573560289833,0.7127120068933102
2021-10-19,0.0006788471590510032,0.0006767012430850187,0.00047886858583435886,2.1459159659844304e-06,0.003161117983940897,0.0006767012430850187,0.1710694840808528,0.17052871325742472,0.12067488363025843
2021-10-20,0.00037338732869622837,0.0003883854121377125,0.00017893145540277263,0.0,0.0,0.0003883854121377125,0.09409360683144954,0.09787312385870356,0.0450907267614987
2021-10-21,0.00011374144360323605,0.00010311521021452235,8.804456282529016e-05,1.06262333887137e-05,0.09342446305109944,0.00010311521021452235,0.028662843788015483,0.025985032974059633,0.022187229831973118
2021-10-22,2.0560278240865396e-05,1.9098443645437453e-05,2.368812324217168e-05,1.4618345954279426e-06,0.07109993878499546,1.9098443645437453e-05,0.00518119011669808,0.0048128077986502385,0.0059694070570272635
2021-10-25,0.0011080303637022997,0.0011738918983476136,0.0012650252431361132,0.0,0.0,0.0011738918983476136,0.2792236516529795,0.2958207583835986,0.3187863612703005
2021-10-26,1.162509441074935e-05,1.2725914228241823e-05,1.065774310407873e-05,0.0,0.0,1.2725914228241823e-05,0.002929523791508836,0.0032069303855169393,0.00268575126222784
2021-10-27,4.321539416163992e-06,4.731984491828664e-06,2.920951100636563e-06,0.0,0.0,4.731984491828664e-06,0.0010890279328733261,0.0011924600919408232,0.0007360796773604139
2021-10-28,0.0003886442423999871,0.0004177154943793618,0.0004379649485567604,0.0,0.0,0.0004177154943793618,0.09793834908479675,0.10526430458359917,0.11036716703630363
2021-10-29,3.166330721422953e-05,2.94759599819732e-05,4.1994532287729374e-05,2.187347232256333e-06,0.06908144965324046,2.94759599819732e-05,0.007979153417985841,0.007427941915457246,0.010582622136507801
2021-11-01,5.0415353835659095e-06,4.995750927927778e-06,5.8249766531897126e-06,4.5784455638131426e-08,0.009081449017679766,4.995750927927778e-06,0.0012704669166586093,0.0012589292338378,0.0014678941166038075
2021-11-02,3.4303078857762964e-05,2.6982458792403676e-05,3.642595406084298e-05,7.320620065359289e-06,0.2134099939630521,2.6982458792403676e-05,0.008644375872156267,0.006799579615685726,0.009179340423332431
2021-11-03,0.0033549039751205236,0.0033088442119954308,0.005340750670603846,4.6059763125092835e-05,0.013729085378579002,0.0033088442119954308,0.8454358017303719,0.8338287414228486,1.3458691689921691
2021-11-04,0.00013383724540614155,0.00011176097508537696,0.00013379095446247678,2.207627032076459e-05,0.16494862912654448,0.00011176097508537696,0.03372698584234767,0.028163765721514994,0.03371532052454415
2021-11-05,7.208134471593417e-07,8.070877379582591e-07,7.37006820610813e-07,0.0,0.0,8.070877379582591e-07,0.00018164498868415412,0.0002033861099654813,0.00018572571879392488
2021-11-08,0.00024445735568806457,0.00022232163954788008,0.00024407941053188948,2.2135716140184484e-05,0.0905504192636361,0.00022232163954788008,0.06160325363339227,0.05602505316606578,0.06150801145403615
2021-11-09,5.4598755853426176e-05,6.477799692829756e-05,4.9880964709798337e-05,0.0,0.0,6.477799692829756e-05,0.013758886475063396,0.016324055225930983,0.012570003106869182
2021-11-10,0.00025081730831171445,0.0002630991396869405,0.00021466549670892367,0.0,0.0,0.0002630991396869405,0.06320596169455205,0.066300983201109,0.05409570517064877
2021-11-11,1.756402873120304e-05,1.3241274895204094e-05,1.450631953183138e-05,4.322753835998947e-06,0.24611401268123806,1.3241274895204094e-05,0.0044261352402631664,0.0033368012735914315,0.0036555925220215077
2021-11-12,7.147501081443751e-05,7.08613594941914e-05,8.965445775002235e-05,6.136513202461115e-07,0.008585536464677544,7.08613594941914e-05,0.018011702725238252,0.017857062592536232,0.022592923353005633
2021-11-15,2.076068919707214e-08,2.4226412971398954e-08,1.6764105381243595e-08,0.0,0.0,2.4226412971398954e-08,5.23169367766218e-06,6.105056068792536e-06,4.224554556073386e-06
2021-11-16,2.727926825795491e-05,2.8350269871901862e-05,3.2525238456149525e-05,0.0,0.0,2.8350269871901862e-05,0.006874375601004637,0.007144268007719269,0.00819636009094968
2021-11-17,2.899152140431468e-07,2.506116009502406e-07,3.043596178318586e-07,3.930361309290619e-08,0.1355688684836952,2.506116009502406e-07,7.3058633938873e-05,6.315412343946064e-05,7.669862369362838e-05
2021-11-18,0.0003826075417756104,0.0004203225906194851,0.0003827396967310443,0.0,0.0,0.0004203225906194851,0.09641710052745382,0.10592129283611025,0.09645040357622316
2021-11-19,4.545217913073933e-05,3.9941922576481155e-05,5.7701706331045406e-05,5.5102565542581775e-06,0.12123195275580605,3.9941922576481155e-05,0.011453949140946312,0.01006536448927325,0.014540829995423441
2021-11-22,0.11724128132734776,0.11648093493911992,0.08425790967453396,0.0007603463882278477,0.006485312848964945,0.11648093493911992,29.544802894491635,29.353195604658218,21.23299323798256
2021-11-23,2.789780887002872e-06,2.8137868812570417e-06,3.289318838473702e-06,0.0,0.0,2.8137868812570417e-06,0.0007030247835247237,0.0007090742940767745,0.0008289083472953729
2021-11-24,6.855013346408769e-06,7.138435988975916e-06,4.621181919015762e-06,0.0,0.0,7.138435988975916e-06,0.0017274633632950098,0.0017988858692219308,0.0011645378435919719
2021-11-26,0.06928306229269474,0.06658657694247568,0.06716064255194869,0.0026964853502190606,0.03891983496324845,0.06658657694247568,17.459331697759072,16.77981738950387,16.92448192309107
2021-11-29,7.90654664336665e-05,9.228553107346071e-05,8.876534057261644e-05,0.0,0.0,9.228553107346071e-05,0.019924497541283958,0.0232559538305121,0.022368865824299342
2021-11-30,0.0023249782232077462,0.0021209878281523067,0.0011789316600323623,0.00020399039505543956,0.08773862607893922,0.0021209878281523067,0.5858945122483521,0.5344889326943812,0.29709077832815534
2021-12-01,0.001751471967796177,0.0017827972920710401,0.002270250071522468,0.0,0.0,0.0017827972920710401,0.4413709358846366,0.4492649176019021,0.572103018023662
2021-12-02,2.816976819711469e-05,2.925843268033368e-05,3.4649695624634195e-05,0.0,0.0,2.925843268033368e-05,0.007098781585672902,0.007373125035444087,0.008731723297407817
2021-12-03,0.0013754728958473167,0.0013660599792483666,0.00157918556342522,9.412916598950044e-06,0.006843403908957516,0.0013660599792483666,0.3466191697535238,0.3442471147705884,0.39795476198315544
2021-12-06,0.00011478988120537111,0.00011485385765997684,8.280559631172728e-05,0.0,0.0,0.00011485385765997684,0.02892705006375352,0.028943172130314165,0.020867010270555274
2021-12-07,0.000683699034909057,0.0007578028795513424,0.0011075964273669129,0.0,0.0,0.0007578028795513424,0.17229215679708237,0.19096632564693827,0.27911429969646206
2021-12-08,1.8381725602006352e-05,1.8373070783361135e-05,2.3101739047861047e-05,8.654818645216993e-09,0.0004708381770987893,1.8373070783361135e-05,0.004632194851705601,0.004630013837407006,0.005821638240060984
2021-12-09,0.0012040441610589943,0.0010510059367138309,0.000660382307786729,0.0001530382243451634,0.1271034976686055,0.0010510059367138309,0.30341912858686654,0.2648534960518854,0.1664163415622557
2021-12-10,0.00018517531038326714,0.00016833419141782673,0.00017121356856510044,1.6841118965440414e-05,0.09094689156797722,0.00016833419141782673,0.04666417821658332,0.042420216237292335,0.04314581927840531
2021-12-13,0.00010285199955051057,0.0001068029519525052,8.771232289153949e-05,0.0,0.0,0.0001068029519525052,0.025918703886728664,0.02691434389203131,0.022103505368667953
2021-12-14,4.651061964249851e-05,4.5575706931394665e-05,5.9633363432338975e-05,9.349127111038473e-07,0.020101058601002243,4.5575706931394665e-05,0.011720676149909626,0.011485078146711456,0.015027607584949422
2021-12-15,0.02420467023475317,0.027401738130994346,0.024126756380888674,0.0,0.0,0.027401738130994346,6.099576899157799,6.905238009010575,6.079942607983946
2021-12-16,0.0003598393420707627,0.00035704928015464174,0.0004103282985942832,2.790061916120958e-06,0.007753632196833713,0.00035704928015464174,0.0906795142018322,0.08997641859896972,0.10340273124575937
2021-12-17,0.00010199699031842101,9.180578416695456e-05,9.031863331428627e-05,1.0191206151466447e-05,0.09991673303039754,9.180578416695456e-05,0.025703241560242094,0.02313505761007255,0.02276029559520014
2021-12-20,0.0012990820861434607,0.001373568748282326,0.0013268215776907457,0.0,0.0,0.001373568748282326,0.3273686857081521,0.34613932456714613,0.3343590375780679
2021-12-21,0.0005389612176177824,0.0004799476606743234,0.0003159445524428909,5.901355694345903e-05,0.10949499686601745,0.0004799476606743234,0.13581822683968117,0.1209468104899295,0.0796180272156085
2021-12-22,0.0004901484928853998,0.00048811427398019335,0.0005877925719231525,2.0342189052065035e-06,0.004150209437718109,0.00048811427398019335,0.12351742020712077,0.12300479704300872,0.14812372812463442
2021-12-23,0.00012269114580958996,0.00011113756719391925,9.612751688152248e-05,1.1553578615670706e-05,0.09416798942796775,0.00011113756719391925,0.03091816874401667,0.02800666693286765,0.024224134254143666
2021-12-27,0.000264687493522598,0.00021412348622898506,0.0002873426339491087,5.056400729361294e-05,0.19103285323249747,0.00021412348622898506,0.0667012483676947,0.05395911852970424,0.0724103437551754
2021-12-28,2.2483663187211037e-05,2.05116190713186e-05,2.54225456726385e-05,1.972044115892438e-06,0.08771008584153107,2.05116190713186e-05,0.005665883123177181,0.005168928005972287,0.006406481509504902
2021-12-29,1.3584075842879553e-08,1.2919544666883524e-08,1.649295145298867e-08,6.645311759960284e-10,0.04891626544317999,1.2919544666883524e-08,3.4231871124056474e-06,3.255725256054648e-06,4.1562237661531445e-06
2021-12-30,4.0373658781385144e-05,4.470612725922573e-05,3.375993340097877e-05,0.0,0.0,4.470612725922573e-05,0.010174162012909056,0.011265944069324884,0.00850750321704665
2021-12-31,5.8630479313562554e-05,6.0805675894513695e-05,3.6505552329913634e-05,0.0,0.0,6.0805675894513695e-05,0.014774880787017764,0.015323030325417451,0.009199399187138236
2022-01-03,6.279506563261067e-05,5.032494825014253e-05,7.151889218515589e-05,1.247011738246814e-05,0.19858434828050922,5.032494825014253e-05,0.01582435653941789,0.012681886959035918,0.018022760830659283
2022-01-04,0.00013387786348798185,0.0001328209513472303,6.787603049835746e-05,1.0569121407515592e-06,0.007894599639706963,0.0001328209513472303,0.033737221598971426,0.03347087973950203,0.017104759685586078
2022-01-05,0.0032220580185896297,0.003039797972764302,0.0034382879205155465,0.00018226004582532753,0.05656634508665387,0.003039797972764302,0.8119586206845867,0.7660290891366042,0.8664485559699178
2022-01-06,7.56124424521733e-07,8.874699660915602e-07,8.372552062505764e-07,0.0,0.0,8.874699660915602e-07,0.00019054335497947672,0.00022364243145507316,0.00021098831197514527
2022-01-07,0.0014541048214764326,0.0013039664727189431,0.0015378188518572246,0.00015013834875748943,0.10325139318484229,0.0013039664727189431,0.36643441501206103,0.3285995511251737,0.3875303506680206
2022-01-10,2.4516333276108867e-07,2.507926443339502e-07,3.189148980494731e-07,0.0,0.0,2.507926443339502e-07,6.178115985579434e-05,6.319974637215545e-05,8.036655430846722e-05
2022-01-11,0.29561718716658686,0.2828652965833003,0.31531259808028717,0.012751890583286574,0.04313649928634719,0.2828652965833003,74.49553116597988,71.28205473899168,79.45877471623237
2022-01-12,9.058916465708736e-05,8.685268961937909e-05,6.303443557482166e-05,3.7364750377082725e-06,0.04124637875407946,8.685268961937909e-05,0.022828469493586013,0.02188687778408353,0.015884677764855058
2022-01-13,0.6103365352491631,0.6751439822279879,0.40726899011078715,0.0,0.0,0.6751439822279879,153.8048068827891,170.13628352145295,102.63178550791837
2022-01-14,0.00039406610588051984,0.0004499021157551269,0.0003848351080757612,0.0,0.0,0.0004499021157551269,0.099304658681891,0.11337533317029198,0.09697844723509183
2022-01-18,0.00028781299710139557,0.0003419286250882359,0.0003268503107581617,0.0,0.0,0.0003419286250882359,0.07252887526955168,0.08616601352223545,0.08236627831105675
2022-01-19,0.0006217371980571212,0.0005785798844409889,0.0006992901634769889,4.3157313616132243e-05,0.06941407668960664,0.0005785798844409889,0.15667777391039453,0.14580213087912922,0.1762211211962012
2022-01-20,0.00033877817468282406,0.00038791660851226464,0.00025399888941151104,0.0,0.0,0.00038791660851226464,0.08537210002007166,0.0977549853450907,0.06400772013170078
2022-01-21,0.0025091379760784267,0.0023742091942487013,0.002127231511517132,0.0001349287818297254,0.053774955009382494,0.0023742091942487013,0.6323027699717635,0.5983007169506728,0.5360623409023172
2022-01-24,0.00013268294364045483,0.00014344946904683417,0.00010329543935284732,0.0,0.0,0.00014344946904683417,0.03343610179739462,0.03614926619980221,0.026030450716917525
2022-01-25,0.0018991500467634924,0.001971156168569488,0.0017864626128145829,0.0,0.0,0.001971156168569488,0.4785858117844001,0.496731354479511,0.4501885784292749
2022-01-26,5.8403252590353535e-06,5.446160995943282e-06,4.03976066108495e-06,3.9416426309207167e-07,0.0674901102455149,5.446160995943282e-06,0.001471761965276909,0.001372432570977707,0.0010180196865934073
2022-01-27,5.896350932886902e-05,5.752648767070994e-05,6.668746867652633e-05,1.437021658159085e-06,0.02437137222909721,5.752648767070994e-05,0.014858804350874994,0.014496674893018905,0.016805242106484635
2022-01-28,0.003976694741975318,0.004163339421857233,0.002784279923870537,0.0,0.0,0.004163339421857233,1.0021270749777802,1.0491615343080225,0.7016385408153754
2022-01-31,0.0011490054676322737,0.0011918003381336238,0.0009086137906290545,0.0,0.0,0.0011918003381336238,0.28954937784333296,0.3003336852096732,0.22897067523852171
2022-02-01,0.00017694446530707646,0.00017097325100883293,0.00012910290292968845,5.971214298243526e-06,0.03374626188015874,0.00017097325100883293,0.04459000525738327,0.0430852592542259,0.03253393153828149
2022-02-02,0.0032107675865925608,0.0036033766807508907,0.004129880796161133,0.0,0.0,0.0036033766807508907,0.8091134318213253,0.9080509235492245,1.0407299606326057
2022-02-03,0.001677450312981241,0.0018924013445204319,0.0007465304916012164,0.0,0.0,0.0018924013445204319,0.42271747887127276,0.47688513881914885,0.18812568388350653
2022-02-04,5.159579320023265e-05,5.230593614945427e-05,7.797949755092543e-05,0.0,0.0,5.230593614945427e-05,0.013002139886458628,0.013181095909662476,0.01965083338283321
2022-02-07,0.0014910084819878939,0.0012844176032940741,0.0015216327122033288,0.00020659087869381973,0.13855781576763646,0.0012844176032940741,0.37573413746094925,0.32367323603010667,0.38345144347523885
2022-02-08,0.0012465538693842294,0.0012288542132535775,0.001368106654068641,1.7699656130651907e-05,0.014198869821162469,0.0012288542132535775,0.3141315750848258,0.3096712617399015,0.34476287682529755
2022-02-09,0.006694033246993907,0.006900106291964049,0.003952618062844537,0.0,0.0,0.006900106291964049,1.6868963782424646,1.7388267855749404,0.9960597518368233
2022-02-10,0.0016530489035244727,0.0014682500566183092,0.0016392026598713904,0.0001847988469061636,0.11179272821291641,0.0014682500566183092,0.41656832368816715,0.3699990142678139,0.4130790702875904
2022-02-11,0.0007143278376969979,0.0006696509587636658,0.0005673814794857121,4.4676878933332044e-05,0.0625439420292326,0.0006696509587636658,0.18001061509964347,0.1687520416084438,0.14298013283039945
2022-02-14,2.5462313778206344e-05,2.1526151770942714e-05,2.2191980285449438e-05,3.93616200726363e-06,0.15458775219575333,2.1526151770942714e-05,0.006416503072107999,0.005424590246277564,0.005592379031933259
2022-02-15,0.0019613287907309217,0.0021381223253544345,0.001497435958815022,0.0,0.0,0.0021381223253544345,0.49425485526419227,0.5388068259893175,0.37735386162138557
2022-02-16,3.6575785506068136e-08,3.554095535289598e-08,4.964238113110929e-08,1.0348301531721585e-09,0.028291992826993472,3.554095535289598e-08,9.21709794752917e-06,8.956320748929787e-06,1.2509880045039541e-05
2022-02-17,0.001050557313675738,0.0010077807991234868,0.0009516848839781646,4.27765145522513e-05,0.040717925575964,0.0010077807991234868,0.264740443046286,0.25396076137911866,0.23982459076249749
2022-02-18,1.4541680944712612,1.5445649721807084,0.8898620493802556,0.0,0.0,1.5445649721807084,366.45035980675783,389.2303729895385,224.2452364438244
2022-02-22,0.001022484568728432,0.001084420992353489,0.00044704529678698206,0.0,0.0,0.001084420992353489,0.25766611131956485,0.27327409007307923,0.11265541479031949
2022-02-23,0.009029609740743178,0.00949176431444933,0.010414679016022523,0.0,0.0,0.00949176431444933,2.275461654667281,2.391924607241231,2.6244991120376757
2022-02-24,0.0008420346841267682,0.0008420765276344008,0.0012111474087170375,0.0,0.0,0.0008420765276344008,0.2121927403999456,0.212203284963869,0.30520914699669344
2022-02-25,0.0009757415298101502,0.0007655481303579507,0.0005442721271210401,0.00021019339945219952,0.215419137973637,0.0007655481303579507,0.24588686551215785,0.19291812885020357,0.1371565760345021
2022-02-28,4.315731945978387e-06,4.5680697395899245e-06,4.450746665782266e-06,0.0,0.0,4.5680697395899245e-06,0.0010875644503865534,0.001151153574376661,0.001121588159777131
2022-03-01,0.004123451498820084,0.0039414825926282525,0.0039008592673932165,0.00018196890619183188,0.04413024045505848,0.0039414825926282525,1.0391097777026612,0.9932536133423197,0.9830165353830905
2022-03-02,0.0010574150610780657,0.0009142026317187675,0.001411641107060193,0.0001432124293592982,0.13543634330104262,0.0009142026317187675,0.26646859539167256,0.2303790631931294,0.3557335589791686
2022-03-03,0.0028617963255732006,0.0031006299822064804,0.0038334378961224908,0.0,0.0,0.0031006299822064804,0.7211726740444465,0.7813587555160331,0.9660263498228676
2022-03-04,0.022446113728247633,0.022883986413400514,0.01732605224088069,0.0,0.0,0.022883986413400514,5.656420659518403,5.7667645761769295,4.3661651647019335
2022-03-07,0.0006686518264159788,0.0007762574223003563,0.0009439595639831084,0.0,0.0,0.0007762574223003563,0.16850026025682666,0.19561687041968978,0.23787781012374332
2022-03-08,1.4681310309906774e-05,1.4931456646009353e-05,1.2492905871352412e-05,0.0,0.0,1.4931456646009353e-05,0.003699690198096507,0.003762727074794357,0.0031482122795808078
2022-03-09,0.0017767992708704226,0.0017820792202541565,0.0018939781418363616,0.0,0.0,0.0017820792202541565,0.4477534162593465,0.44908396350404745,0.4772824917427631
2022-03-10,0.00020064645574846657,0.00020191958737152284,0.000177425035369481,0.0,0.0,0.00020191958737152284,0.05056290684861357,0.050883736017623755,0.044711108913109206
2022-03-11,0.001018353938319396,0.0009254990722101237,0.0007893979187177994,9.285486610927226e-05,0.09118132952019672,0.0009254990722101237,0.2566251924564878,0.23322576619695118,0.19892827551688544
2022-03-14,0.0010726966367771808,0.001144201429472946,0.0005425541448360365,0.0,0.0,0.001144201429472946,0.27031955246784956,0.2883387602271824,0.13672364449868118
2022-03-15,0.029864499628605063,0.02588190167553129,0.031349290483246986,0.003982597953073774,0.13335558949481857,0.02588190167553129,7.525853906408476,6.5222392222338845,7.90002120177824
2022-03-16,0.002323810726500342,0.0022472425729309683,0.0035139837145352908,7.656815356937375e-05,0.03294939328029351,0.0022472425729309683,0.5856003030780862,0.566305128378604,0.8855238960628933
2022-03-17,0.000943296863981709,0.0007281595027757885,0.0005797816763829454,0.00021513736120592054,0.22806962388250082,0.0007281595027757885,0.23771080972339068,0.1834961946994987,0.14610498244850226
2022-03-18,0.00043116111448823183,0.00040044570115189954,0.00043890206545750863,3.071541333633229e-05,0.07123882983174683,0.00040044570115189954,0.10865260085103443,0.10091231669027868,0.11060332049529217
2022-03-21,1.168915531709518e-05,1.167433987223926e-05,9.237532991618407e-06,1.4815444855919977e-08,0.0012674520259646676,1.167433987223926e-05,0.0029456671399079853,0.0029419336478042936,0.0023278583138878384
2022-03-22,0.0025291353353304883,0.002084773448859276,0.0031352848450426113,0.0004443618864712123,0.17569715629213226,0.002084773448859276,0.637342104503283,0.5253629091125376,0.7900917809507381
2022-03-23,0.0002252623721866735,0.00023033473353375797,0.00045530317167830206,0.0,0.0,0.00023033473353375797,0.056766117791041716,0.058044352850507006,0.11473639926293212
2022-03-24,0.08158349077145798,0.08753927098426269,0.07382054158470461,0.0,0.0,0.08753927098426269,20.55903967440741,22.059896288034196,18.60277647934556
2022-03-25,5.919037813614867e-07,5.73458766647553e-07,6.051235080726815e-07,1.8445014713933712e-08,0.031162131637975425,5.73458766647553e-07,0.00014915975290309466,0.00014451160919518337,0.00015249112403431574
2022-03-28,9.435135848710955e-05,9.123611550749538e-05,7.846705252734579e-05,3.1152429796141713e-06,0.03301746786213273,9.123611550749538e-05,0.023776542338751608,0.022991501107888834,0.01977369723689114
2022-03-29,0.0002587543997724286,0.0002345292310845955,0.00017285893512082769,2.4225168687833077e-05,0.09362224802946956,0.0002345292310845955,0.06520610874265201,0.05910136623331807,0.04356045165044858
2022-03-30,0.00036912971385458747,0.00031966240971018344,0.000335164575983201,4.946730414440403e-05,0.1340106259499885,0.00031966240971018344,0.09302068789135605,0.08055492724696622,0.08446147314776666
2022-03-31,0.0003599410539271025,0.00029590634747779884,0.00043319632600854015,6.403470644930365e-05,0.17790331381418095,0.00029590634747779884,0.09070514558962983,0.07456839956440531,0.10916547415415212
2022-04-01,0.1521905817736601,0.14811345749915847,0.06321991105598868,0.004077124274501631,0.026789596484612932,0.14811345749915847,38.35202660696235,37.32459128978793,15.931417586109147
2022-04-04,0.0011403619267401947,0.0009492830366859516,0.0010120216998167814,0.0001910788900542431,0.16755986446592072,0.0009492830366859516,0.2873712055385291,0.23921932524485978,0.25502946835382895
2022-04-05,0.002234329143466291,0.0023256633267900065,0.0009766886920323848,0.0,0.0,0.0023256633267900065,0.5630509441535053,0.5860671583510816,0.24612555039216097
2022-04-06,0.009145845189934766,0.00841274882940881,0.006797176934897069,0.0007330963605259554,0.08015621795704461,0.00841274882940881,2.304752987863561,2.1200127050110202,1.7128885875940614
2022-04-07,0.00012103763735207968,0.00013533579879219536,7.325265126867522e-05,0.0,0.0,0.00013533579879219536,0.03050148461272408,0.03410462129563323,0.018459668119706153
2022-04-08,0.0036098816584859577,0.0036989832178390032,0.003768679593403,0.0,0.0,0.0036989832178390032,0.9096901779384613,0.9321437708954288,0.949707257537556
2022-04-11,0.0009339035483915459,0.0008612408596903006,0.0006471607235194373,7.266268870124526e-05,0.07780534590385296,0.0008612408596903006,0.23534369419466955,0.21703269664195576,0.1630845023268982
2022-04-12,0.0014918210721355256,0.001319731766608604,0.0016126422250007397,0.00017208930552692152,0.11535519146758154,0.001319731766608604,0.37593891017815245,0.33257240518536824,0.4063858407001864
2022-04-13,0.001676912583049774,0.0017340324760542522,0.0014464493428161486,0.0,0.0,0.0017340324760542522,0.42258197092854305,0.43697618396567156,0.3645052343896694
2022-04-14,0.00010624873255957542,0.00011893960015473665,0.00010638128665478815,0.0,0.0,0.00011893960015473665,0.026774680605013007,0.029972779238993635,0.02680808423700661
2022-04-18,2.0630302728699256e-07,2.0658025510915686e-07,2.5387078912741264e-07,0.0,0.0,2.0658025510915686e-07,5.198836287632213e-05,5.205822428750753e-05,6.397543886010799e-05
2022-04-19,0.01287777679584345,0.01193128213979763,0.015009198140917236,0.000946494656045821,0.07349829640453327,0.01193128213979763,3.2451997525525496,3.0066830992290026,3.7823179315111433
2022-04-20,0.0006375739323181815,0.0007599080470031714,0.0008743799950848336,0.0,0.0,0.0007599080470031714,0.16066863094418174,0.1914968278447992,0.22034375876137807
2022-04-21,0.00047720570375002713,0.00047622554215867276,0.00041737099489040836,9.801615913543728e-07,0.002053960339530742,0.00047622554215867276,0.12025583734500683,0.12000883662398554,0.1051774907123829
2022-04-22,0.0001194925118972876,0.00013147485975339795,0.00014777022615329355,0.0,0.0,0.00013147485975339795,0.030112112998116475,0.03313166465785628,0.03723809699062997
2022-04-25,9.310591860784837e-05,9.686718070626715e-05,0.00010067989212777267,0.0,0.0,9.686718070626715e-05,0.02346269148917779,0.02441052953797932,0.025371332816198713
2022-04-26,0.0002957533035498127,0.00028046465802240237,0.0005907941985312211,1.5288645527410355e-05,0.05169391277193774,0.00028046465802240237,0.0745298324945528,0.0706770938216454,0.14888013802986774
2022-04-27,2.3233974749067513e-06,2.4744100343203256e-06,2.544892140384891e-06,0.0,0.0,2.4744100343203256e-06,0.0005854961636765013,0.000623551328648722,0.0006413128193769926
2022-04-28,0.01581529709907352,0.017134197430754786,0.010576420219708184,0.0,0.0,0.017134197430754786,3.985454868966527,4.317817752550206,2.6652578953664623
2022-04-29,0.014898894092721797,0.013757190504732243,0.016458580161017575,0.0011417035879895537,0.07663008950917055,0.013757190504732243,3.7545213113658926,3.4668120071925252,4.147562200576429
2022-05-02,0.00026187839085483786,0.00023320533356841286,0.00030866318884135334,2.867305728642501e-05,0.10948997007098932,0.00023320533356841286,0.06599335449541914,0.05876774405924004,0.07778312358802104
2022-05-03,2.7959520458125286e-06,2.5391075907528088e-06,1.5817918719143946e-06,2.568444550597199e-07,0.09186293576867942,2.5391075907528088e-06,0.0007045799155447572,0.0006398551128697078,0.00039861155172242745
2022-05-04,1.8283939306994739,1.656608855157069,2.5423715361389063,0.17178507554240485,0.09395408323007967,1.656608855157069,460.7552705362674,417.46543149958137,640.6776271070044
2022-05-05,0.006218747630431727,0.005592530030158443,0.0038065103750495473,0.0006262176002732843,0.10069834593514639,0.005592530030158443,1.5671244028687952,1.4093175675999277,0.9592406145124859
2022-05-06,0.000661002084152027,0.0006912625323973336,0.0008386162824333294,0.0,0.0,0.0006912625323973336,0.1665725252063108,0.17419815816412806,0.211331303173199
2022-05-09,0.053810889695392876,0.045823114337578796,0.05647755542733817,0.00798777535781408,0.14844161475273893,0.045823114337578796,13.560344203239005,11.547424813069856,14.23234396768922
2022-05-10,0.00019378439998432503,0.00018777307467467505,0.00015035870753137717,6.01132530964998e-06,0.031020687315983852,0.00018777307467467505,0.0488336687960499,0.04731881481801811,0.03789039429790705
2022-05-11,0.13940049350966008,0.14758351095539407,0.14362421041426324,0.0,0.0,0.14758351095539407,35.12892436443434,37.191044760759304,36.19330102439434
2022-05-12,0.00017668666963500428,0.00016727905339719977,0.00015251011810873784,9.407616237804505e-06,0.05324462905998476,0.00016727905339719977,0.04452504074802108,0.042154321456094344,0.038432549763401935
2022-05-13,0.00550975260910926,0.005188059208811906,0.0049356023887382194,0.0003216934002973539,0.05838617866564695,0.005188059208811906,1.3884576574955336,1.3073909206206005,1.2437718019620312
2022-05-16,4.503449044312541e-05,4.258231674309064e-05,4.8713043076946306e-05,2.452173700034773e-06,0.054451013466681464,4.258231674309064e-05,0.011348691591667603,0.01073074381925884,0.01227568685539047
2022-05-17,0.0010244931365288568,0.0009986506234123788,0.0007401877911959474,2.5842513116478005e-05,0.02522468152281801,0.0009986506234123788,0.2581722704052719,0.25165995709991945,0.18652732338137876
2022-05-18,0.004148366227089449,0.004532461696093656,0.003941092322100167,0.0,0.0,0.004532461696093656,1.0453882892265411,1.1421803474156011,0.9931552651692421
2022-05-19,1.639445090580807e-05,1.6143077553975128e-05,1.7269001446474363e-05,2.513733518329411e-07,0.01533283047686925,1.6143077553975128e-05,0.004131401628263634,0.004068055543601732,0.0043517883645115395
2022-05-20,1.5690770841520647e-05,1.6290275866677834e-05,1.685442687627253e-05,0.0,0.0,1.6290275866677834e-05,0.003954074252063203,0.004105149518402814,0.004247315572820678
2022-05-23,0.007699952142768765,0.0075000811888119405,0.008508028767235665,0.00019987095395682455,0.0259574280755201,0.0075000811888119405,1.9403879399777288,1.890020459580609,2.1440232493433875
2022-05-24,0.0013338261725274266,0.0011838947793943488,0.0009319022142146908,0.0001499313931330778,0.11240699583557458,0.0011838947793943488,0.33612419547691147,0.2983414844073759,0.23483935798210206
2022-05-25,0.0004229818340174202,0.00042586641496506313,0.0003108256614050942,0.0,0.0,0.00042586641496506313,0.10659142217238989,0.10731833657119591,0.07832806667408374
2022-05-26,0.0021343634158213724,0.002105194216273752,0.0018093461559951915,2.916919954762051e-05,0.013666463413742872,0.002105194216273752,0.5378595807869858,0.5305089425009855,0.45595523131078824
2022-05-27,0.00047940357650075354,0.00047947938101421323,0.0008039224920787165,0.0,0.0,0.00047947938101421323,0.1208097012781899,0.12082880401558173,0.20258846800383656
2022-05-31,8.382954764335989e-06,9.332559190816923e-06,7.649942604597094e-06,0.0,0.0,9.332559190816923e-06,0.0021125046006126693,0.0023518049160858646,0.0019277855363584676
2022-06-01,5.1315760112173215e-05,4.6425631867856876e-05,8.319428127450674e-05,4.890128244316339e-06,0.09529485948043932,4.6425631867856876e-05,0.01293157154826765,0.011699259230699933,0.020964958881175697
2022-06-02,0.00010741314683882481,8.681625197891179e-05,0.0001176021500245215,2.059689485991302e-05,0.19175394515780322,8.681625197891179e-05,0.027068113003383854,0.021877695498685772,0.02963574180617942
2022-06-03,0.00012685416475141737,0.00012742336229546125,0.00015634117367139608,0.0,0.0,0.00012742336229546125,0.03196724951735718,0.03211068729845624,0.039397975765191814
2022-06-06,4.717378157300635e-05,4.678603871212248e-05,3.783501816795673e-05,3.8774286088387184e-07,0.008219456650180623,4.678603871212248e-05,0.011887792956397601,0.011790081755454864,0.009534424578325096
2022-06-07,3.584875898927849e-05,4.095261840559017e-05,3.895936069181956e-05,0.0,0.0,4.095261840559017e-05,0.00903388726529818,0.010320059838208722,0.00981775889433853
2022-06-08,9.470671893133636e-05,9.872710134673495e-05,8.138034140999316e-05,0.0,0.0,9.872710134673495e-05,0.023866093170696764,0.02487922953937721,0.020507846035318276
2022-06-09,0.0012513395561226585,0.0012676759231383756,0.0009052401139982543,0.0,0.0,0.0012676759231383756,0.31533756814291,0.31945433263087064,0.22812050872756007
2022-06-10,0.004378895184616883,0.003985920188329179,0.00256778101753873,0.0003929749962877042,0.08974295561549121,0.003985920188329179,1.1034815865234546,1.0044518874589532,0.6470808164197599
2022-06-13,0.000816312169394318,0.0009433341206113495,0.0010408248071872733,0.0,0.0,0.0009433341206113495,0.20571066668736815,0.23772019839406006,0.2622878514111929
2022-06-14,7.832055941981087e-05,7.062325674889164e-05,8.204307365324763e-05,7.69730267091923e-06,0.09827946365118485,7.062325674889164e-05,0.01973678097379234,0.017797060700720693,0.020674854560618402
2022-06-15,0.007179145657589636,0.007287327181376232,0.008664493805108323,0.0,0.0,0.007287327181376232,1.8091447057125882,1.8364064497068104,2.183452438887297
2022-06-16,0.002239280628135097,0.002381014508152634,0.0037471817180681362,0.0,0.0,0.002381014508152634,0.5642987182900444,0.6000156560544637,0.9442897929531703
2022-06-17,4.9517157703279594e-05,5.0535785731527534e-05,4.9912848540461954e-05,0.0,0.0,5.0535785731527534e-05,0.012478323741226458,0.012735018004344938,0.012578037832196413
2022-06-21,0.0002746883392466666,0.00029357830353183434,0.0002113185761284233,0.0,0.0,0.00029357830353183434,0.06922146149015998,0.07398173249002225,0.05325228118436267
2022-06-22,6.479762035060146e-06,7.141345721283764e-06,7.750019967113792e-06,0.0,0.0,7.141345721283764e-06,0.0016329000328351567,0.0017996191217635087,0.0019530050317126755
2022-06-23,0.007906404034310482,0.009740866149042815,0.007154403907496628,0.0,0.0,0.009740866149042815,1.9924138166462415,2.4546982695587896,1.8029097846891504
2022-06-24,0.002239018080188201,0.0023303778714211802,0.002892085319993322,0.0,0.0,0.0023303778714211802,0.5642325562074266,0.5872552235981374,0.7288055006383172
2022-06-27,1.8342376569380402e-05,1.914640581279518e-05,1.893083452743117e-05,0.0,0.0,1.914640581279518e-05,0.004622278895483861,0.004824894264824386,0.004770570300912655
2022-06-28,0.005750585857394048,0.006127782654051343,0.004055891703198055,0.0,0.0,0.006127782654051343,1.4491476360633,1.5442012288209384,1.02208470920591
2022-06-29,1.1189169346851843e-05,1.1318948759320101e-05,8.7669057223508e-06,0.0,0.0,1.1318948759320101e-05,0.0028196706754066644,0.0028523750873486655,0.0022092602420324017
2022-06-30,0.004588939382793855,0.00440027156982015,0.004364548527718724,0.00018866781297370485,0.04111359885031338,0.00440027156982015,1.1564127244640514,1.1088684355946778,1.0998662289851184
2022-07-01,0.00019986921755408475,0.0002190149277085546,0.0002773729372578717,0.0,0.0,0.0002190149277085546,0.05036704282362936,0.05519176178255576,0.06989798018898366
2022-07-05,0.0006709038624689845,0.0007189245389805373,0.0008222048497952318,0.0,0.0,0.0007189245389805373,0.1690677733421841,0.1811689838230954,0.2071956221483984
2022-07-06,1.458245460403212e-05,1.4757559269638702e-05,2.0767833206729953e-05,0.0,0.0,1.4757559269638702e-05,0.003674778560216094,0.0037189049359489528,0.005233493968095948
2022-07-07,0.00018734822942960685,0.0001795651091708371,0.00017021347782940674,7.783120258769743e-06,0.04154360167118914,0.0001795651091708371,0.04721175381626092,0.04525040751105095,0.0428937964130105
2022-07-08,4.675784940063038e-06,4.259990504551233e-06,5.857194438813809e-06,4.15794435511805e-07,0.08892503652684308,4.259990504551233e-06,0.0011782978048958856,0.0010735176071469108,0.0014760129985810799
2022-07-11,0.0007770043138392013,0.0008807888649267336,0.0009600225643890989,0.0,0.0,0.0008807888649267336,0.19580508708747874,0.22195879396153687,0.24192568622605293
2022-07-12,0.00027128943656232603,0.0002768756239796834,0.0004107180277226628,0.0,0.0,0.0002768756239796834,0.06836493801370616,0.06977265724288022,0.10350094298611102
2022-07-13,0.0001308045734158806,0.00014556071297472194,0.0001711347515757775,0.0,0.0,0.00014556071297472194,0.03296275250080191,0.03668129966962993,0.04312595739709593
2022-07-14,5.906988752798971e-06,5.054852989693289e-06,5.457020728088198e-06,8.521357631056819e-07,0.1442588862968495,5.054852989693289e-06,0.0014885611657053407,0.0012738229534027088,0.001375169223478226
2022-07-15,0.002809712206589544,0.0028428195721407136,0.0022483538471544497,0.0,0.0,0.0028428195721407136,0.7080474760605651,0.7163905321794598,0.5665851694829214
2022-07-18,4.4999673943602315e-05,4.535011820380934e-05,6.332549199174908e-05,0.0,0.0,4.535011820380934e-05,0.011339917833787783,0.011428229787359955,0.01595802398192077
2022-07-19,0.0017287787754883446,0.002079329007353169,0.002762408076870641,0.0,0.0,0.002079329007353169,0.43565225142306285,0.5239909098529986,0.6961268353714015
2022-07-20,0.0005586364673354597,0.00048820991464075997,0.0007455081941034825,7.042655269469969e-05,0.12606866305120765,0.00048820991464075997,0.14077638976853585,0.12302889848947152,0.1878680649140776
2022-07-21,0.004033762352184403,0.00419436183360605,0.003216582611571587,0.0,0.0,0.00419436183360605,1.0165081127504696,1.0569791820687247,0.8105788181160399
2022-07-22,0.001244089920062292,0.0012962545164246543,0.0014097504472428332,0.0,0.0,0.0012962545164246543,0.3135106598556976,0.3266561381390129,0.355257112705194
2022-07-25,0.0004324185421367606,0.00042710008022606844,0.00034993244127068797,5.318461910692183e-06,0.012299338210873435,0.00042710008022606844,0.10896947261846368,0.10762922021696925,0.08818297520021337
2022-07-26,0.0007390788767336666,0.0007070204001987561,0.0005710914116559482,3.2058476534910446e-05,0.04337625861155106,0.0007070204001987561,0.18624787693688397,0.17816914085008653,0.14391503573729894
2022-07-27,0.0021948833634981035,0.002146022630954554,0.002232231641295082,4.8860732543549654e-05,0.02226119771732038,0.002146022630954554,0.5531106076015221,0.5407977030005475,0.5625223736063607
2022-07-28,5.147220876852827e-05,5.3364942907567515e-05,4.960795072997292e-05,0.0,0.0,5.3364942907567515e-05,0.012970996609669123,0.013447965612707015,0.012501203583953176
2022-07-29,0.00017138802677464627,0.00014038189697960536,0.000220326260004512,3.100612979504091e-05,0.1809118769708353,0.00014038189697960536,0.04318978274721086,0.03537623803886055,0.05552221752113702
2022-08-01,4.301320215160151e-07,4.5008632085264594e-07,4.43401397459003e-07,0.0,0.0,4.5008632085264594e-07,0.0001083932694220358,0.00011342175285486677,0.00011173715215966877
2022-08-02,3.895388013745243e-06,3.376071192804706e-06,4.596411895269933e-06,5.193168209405368e-07,0.13331577901669872,3.376071192804706e-06,0.0009816377794638013,0.0008507699405867859,0.001158295797608023
2022-08-03,0.00255964582940702,0.0024214885882039836,0.0025812631574186934,0.00013815724120303657,0.0539751396704237,0.0024214885882039836,0.6450307490105691,0.6102151242274039,0.6504783156695108
2022-08-04,0.00016251353618255125,0.00016805427333225486,0.00024302477201429572,0.0,0.0,0.00016805427333225486,0.040953411118002915,0.042349676879728224,0.06124224254760252
2022-08-05,0.0005301501275429126,0.0004916396378937036,0.0007400155269948022,3.8510489649209046e-05,0.07264072491136224,0.0004916396378937036,0.13359783214081397,0.12389318874921329,0.18648391280269014
2022-08-08,0.00011904562221998391,0.00010042748572521917,9.740924546051512e-05,1.861813649476474e-05,0.15639496851018508,0.00010042748572521917,0.029999496799435945,0.02530772640275523,0.02454712985604981
2022-08-09,0.007182575935587953,0.007285717830447479,0.0068224799305884355,0.0,0.0,0.007285717830447479,1.810009135768164,1.8360008932727647,1.7192649425082858
2022-08-10,0.00034630872504023535,0.0003832466606510237,0.0005237689677050986,0.0,0.0,0.0003832466606510237,0.0872697987101393,0.09657815848405797,0.13198977986168486
2022-08-11,0.06396334870577038,0.0647168130939676,0.10145504070733859,0.0,0.0,0.0647168130939676,16.118763873854135,16.308636899679833,25.566670258249324
2022-08-12,0.00021439448866849984,0.00020701033132847774,0.00024187713947193432,7.384157340022097e-06,0.03444191756718933,0.00020701033132847774,0.05402741114446196,0.05216660349477639,0.06095303914692745
2022-08-15,6.033950753428129e-05,5.862164336278186e-05,3.577610752167369e-05,1.7178641714994325e-06,0.028469972878937936,5.862164336278186e-05,0.015205555898638885,0.014772654127421028,0.00901557909546177
2022-08-16,0.1033099131817803,0.10853395019416906,0.07510828957288535,0.0,0.0,0.10853395019416906,26.034098121808636,27.350555448930603,18.92728897236711
2022-08-17,0.00016731718695874942,0.00017135290608115517,0.00012019561988677628,0.0,0.0,0.00017135290608115517,0.042163931113604856,0.0431809323324511,0.03028929621146762
2022-08-18,5.962394564887411e-06,6.482121137509413e-06,6.656772780427828e-06,0.0,0.0,6.482121137509413e-06,0.0015025234303516276,0.0016334945266523722,0.0016775067406678127
2022-08-19,0.00764105584400189,0.006922807701877789,0.00903808553072108,0.000718248142124101,0.09399854636501787,0.006922807701877789,1.9255460726884763,1.7445475408732027,2.277597553741712
2022-08-22,0.007568476592449282,0.007927947121881081,0.005930448432753991,0.0,0.0,0.007927947121881081,1.907256101297219,1.9978426747140323,1.4944730050540058
2022-08-23,0.0016920916165600827,0.0015611033373170474,0.0015485927523586661,0.00013098827924303523,0.07741204901890256,0.0015611033373170474,0.4264070873731408,0.39339804100389597,0.3902453735943839
2022-08-24,6.275058587719873e-06,5.538700263109294e-06,6.057854985567534e-06,7.363583246105789e-07,0.11734682584554461,5.538700263109294e-06,0.001581314764105408,0.001395752466303542,0.0015265794563630185
2022-08-25,0.0002797826371674881,0.00025717041861345383,0.00013869030631577162,2.261221855403428e-05,0.08082066386298702,0.00025717041861345383,0.070505224566207,0.06480694549059036,0.03494995719157445
2022-08-26,0.002406204530416231,0.002400154587043647,0.0033682656770707446,6.049943372583768e-06,0.002514309691297491,0.002400154587043647,0.6063635416648901,0.604838955934999,0.8488029506218276
2022-08-29,8.538128441908315e-05,9.155909688651317e-05,8.025636524289567e-05,0.0,0.0,9.155909688651317e-05,0.021516083673608955,0.02307289241540132,0.02022460404120971
2022-08-30,0.00012506520977759048,0.00011377247931666461,0.00020729369747964806,1.1292730460925863e-05,0.09029473816670147,0.00011377247931666461,0.0315164328639528,0.028670664787799484,0.05223801176487131
2022-08-31,5.044211293634725e-05,5.581458492491449e-05,4.794419954901961e-05,0.0,0.0,5.581458492491449e-05,0.012711412459959506,0.014065275401078452,0.012081938286352942
2022-09-01,2.3164265689372773e-07,2.2022275325923584e-07,2.762136462244999e-07,1.1419903634491891e-08,0.04929944461950476,2.2022275325923584e-07,5.8373949537219386e-05,5.549613382132743e-05,6.960583884857397e-05
2022-09-02,0.00031591372033567725,0.0002902477751956156,0.00019354115260548403,2.5665945140061666e-05,0.08124352760477302,0.0002902477751956156,0.07961025752459067,0.07314243934929512,0.048772370456581976
2022-09-06,3.7679481386201906e-05,3.785506811600428e-05,4.5639022975492326e-05,0.0,0.0,3.785506811600428e-05,0.00949522930932288,0.009539477165233078,0.011501033789824066
2022-09-07,0.004284228616226931,0.004088477045374663,0.0028449881801674848,0.00019575157085226745,0.04569120566188933,0.004088477045374663,1.0796256112891867,1.030296215434415,0.7169370214022062
2022-09-08,0.0005839107386739513,0.0005665882194490361,0.00041922953070639275,1.7322519224915187e-05,0.029666382287450086,0.0005665882194490361,0.14714550614583574,0.1427802313011571,0.10564584173801098
2022-09-09,0.0009470812817616905,0.0007289618929616982,0.0008521468409233709,0.00021811938879999233,0.23030693644790007,0.0007289618929616982,0.238664483003946,0.18369839702634794,0.21474100391268947
2022-09-12,0.008372121853652683,0.008806913812180362,0.009609625386166705,0.0,0.0,0.008806913812180362,2.109774707120476,2.2193422806694514,2.4216255973140095
2022-09-13,0.01363518033204673,0.012968086040667584,0.01601084953426539,0.0006670942913791465,0.0489244934856015,0.012968086040667584,3.4360654436757763,3.2679576822482312,4.034734082634878
2022-09-14,0.0023313967261986094,0.002254448639697797,0.0016387086361978496,7.694808650081245e-05,0.033005144771423245,0.002254448639697797,0.5875119750020495,0.5681210572038449,0.4129545763218581
2022-09-15,0.00527075579536805,0.00521269222258135,0.006444661583257459,5.8063572786700574e-05,0.01101617586356605,0.00521269222258135,1.3282304604327486,1.3135984400905,1.6240547189808796
2022-09-16,2.1964021446368033e-05,2.195354852401867e-05,2.8453897673347094e-05,1.0472922349361253e-08,0.00047682169215288947,2.195354852401867e-05,0.005534933404484744,0.005532294228052705,0.007170382213683468
2022-09-19,0.0003234917362116288,0.0003223349558170258,0.0004482732854664346,1.1567803946029845e-06,0.003575919448743808,0.0003223349558170258,0.08151991752533046,0.0812284088658905,0.11296486793754153
2022-09-20,0.0002475658156059774,0.0002753795927698466,0.0003206458220472706,0.0,0.0,0.0002753795927698466,0.062386585532706304,0.06939565737800134,0.08080274715591218
2022-09-21,0.00032733567401216476,0.00035254025454252143,0.0005367470463299627,0.0,0.0,0.00035254025454252143,0.08248858985106552,0.0888401441447154,0.1352602556751506
2022-09-22,0.009100518164529238,0.01140267218814822,0.004658355152571505,0.0,0.0,0.01140267218814822,2.2933305774613677,2.8734733914133517,1.1739054984480193
2022-09-23,0.003084185657044654,0.0029574878866702333,0.003806798284915248,0.00012669777037442077,0.041079813092298086,0.0029574878866702333,0.7772147855752528,0.7452869474408987,0.9593131677986425
2022-09-26,0.003060271507543356,0.002803405977760184,0.0025745010433902045,0.000256865529783172,0.08393553613334007,0.002803405977760184,0.7711884199009258,0.7064583063955664,0.6487742629343315
2022-09-27,1.6255723776629986e-07,1.8197215930570505e-07,1.1150971429734698e-07,0.0,0.0,1.8197215930570505e-07,4.096442391710756e-05,4.585698414503767e-05,2.810044800293144e-05
2022-09-28,0.00019781193043929,0.0001879009427563934,0.0002597115770276548,9.910987682896615e-06,0.050103083321535506,0.0001879009427563934,0.04984860647070108,0.047351037574611135,0.06544731741096901
2022-09-29,0.0008678866637551921,0.0007905835459634042,0.0008776423686295903,7.730311779178785e-05,0.08907052145292844,0.0007905835459634042,0.2187074392663084,0.19922705358277787,0.22116587689465675
2022-09-30,0.0055735588345351625,0.006361084946204592,0.004439539391379828,0.0,0.0,0.006361084946204592,1.404536826302861,1.6029934064435571,1.1187639266277167
2022-10-03,0.004707349350281838,0.005272383332151951,0.008238993490065226,0.0,0.0,0.005272383332151951,1.1862520362710232,1.3286405997022916,2.076226359496437
2022-10-04,0.01161085038909551,0.01155541122814955,0.01240866616906131,5.543916094596056e-05,0.004774771793912032,0.01155541122814955,2.9259342980520686,2.9119636294936866,3.12698387460345
2022-10-05,1.6586668936786341e-07,1.2974180107644733e-07,1.7229187046389334e-07,3.612488829141608e-08,0.21779340165098612,1.2974180107644733e-07,4.179840572070158e-05,3.269493387126473e-05,4.341755135690112e-05
2022-10-06,2.4345846586082305e-05,2.4202835183269318e-05,1.851120905919067e-05,1.4301140281298795e-07,0.005874159948932841,2.4202835183269318e-05,0.006135153339692741,0.006099114466183868,0.004664824682916049
2022-10-07,0.0015510090930951196,0.0013493258584429601,0.002057053517658819,0.0002016832346521595,0.13003356035757116,0.0013493258584429601,0.39085429145997014,0.340030116327626,0.5183774864500225
2022-10-10,0.0003410671116162229,0.00029180797675135877,0.00031251132608190493,4.925913486486413e-05,0.14442651619797692,0.00029180797675135877,0.08594891212728817,0.07353561014134241,0.07875285417264004
2022-10-11,8.196726819437395e-05,7.891358480907147e-05,0.00010420184335957112,3.053683385302475e-06,0.037254911811946435,7.891358480907147e-05,0.020655751584982233,0.01988622337188601,0.02625886452661192
2022-10-12,3.419250374398853e-07,3.8545498765041133e-07,3.4676122398138053e-07,0.0,0.0,3.8545498765041133e-07,8.61651094348511e-05,9.713465688790366e-05,8.738382844330789e-05
2022-10-13,0.00016147519947707983,0.0001630773637098446,0.0001864311036333951,0.0,0.0,0.0001630773637098446,0.040691750268224115,0.04109549565488084,0.04698063811561557
2022-10-14,0.004640926179157014,0.00402076054266885,0.003669542887061543,0.000620165636488164,0.13362971364202614,0.00402076054266885,1.1695133971475675,1.0132316567525501,0.9247248075395089
2022-10-17,0.0007007335436980186,0.0007460176566890761,0.0006958733030678435,0.0,0.0,0.0007460176566890761,0.1765848530119007,0.1879964494856472,0.17536007237309656
2022-10-18,0.00014195605473388102,0.00011498658889044194,0.00017043307517197623,2.696946584343908e-05,0.18998460970201644,0.00011498658889044194,0.03577292579293802,0.02897662040039137,0.04294913494333801
2022-10-19,3.0109557299346065e-05,3.1368658578044714e-05,3.0141466969653e-05,0.0,0.0,3.1368658578044714e-05,0.007587608439435208,0.007904901961667267,0.007595649676352556
2022-10-20,0.00026817140243190523,0.0002862110766487889,0.0002626332317006474,0.0,0.0,0.0002862110766487889,0.06757919341284012,0.0721251913154948,0.06618357438856315
2022-10-21,0.0008579190592771091,0.0009285855970809759,0.0005232419774511937,0.0,0.0,0.0009285855970809759,0.2161956029378315,0.23400357046440592,0.1318569783177008
2022-10-24,0.08737604786607468,0.08564672408007323,0.07539414798474758,0.0017293237860014493,0.01979173730348015,0.08564672408007323,22.01876406225082,21.582974468178456,18.999325292156392
2022-10-25,0.0004428246332353116,0.0004447729313070511,0.0004796138449363744,0.0,0.0,0.0004447729313070511,0.11159180757529852,0.11208277868937687,0.12086268892396634
2022-10-26,0.0006560194711576879,0.0005971744405563681,0.0004882902310901062,5.884503060131984e-05,0.0897001279668955,0.0005971744405563681,0.16531690673173735,0.15048795902020476,0.12304913823470676
2022-10-27,0.005680565048636699,0.005743062261866169,0.0030150620498759816,0.0,0.0,0.005743062261866169,1.4315023922564483,1.4472516899902745,0.7597956365687474
2022-10-28,0.001274089988609472,0.0011539793165320884,0.0014342173490406675,0.00012011067207738364,0.09427173359567749,0.0011539793165320884,0.3210706771295869,0.29080278776608626,0.3614227719582482
2022-10-31,0.0003828522471347691,0.0003525809264996046,0.0003626286271720428,3.0271320635164533e-05,0.07906789311710825,0.0003525809264996046,0.09647876627796181,0.08885039347790036,0.09138241404735478
2022-11-01,0.0002459175923952861,0.00024605619387976487,0.0002069638778115438,0.0,0.0,0.00024605619387976487,0.0619712332836121,0.06200616085770075,0.05215489720850904
2022-11-02,0.0049865273515515415,0.0048284500908040975,0.005509314678086537,0.000158077260747444,0.03170087108146672,0.0048284500908040975,1.2566048925909885,1.2167694228826327,1.3883472988778074
2022-11-03,0.004718637549058793,0.0048003158992766005,0.004242669405011725,0.0,0.0,0.0048003158992766005,1.1890966623628159,1.2096796066177034,1.0691526900629547
2022-11-04,0.0003471243009303466,0.0003005820094852983,0.00024843454467816966,4.654229144504827e-05,0.13407961121197265,0.0003005820094852983,0.08747532383444734,0.07574666639029518,0.06260550525889876
2022-11-07,5.295595435509225e-05,5.2608066209273356e-05,7.830603671573235e-05,3.478881458188947e-07,0.006569386643790229,5.2608066209273356e-05,0.013344900497483247,0.013257232684736886,0.019733121252364552
2022-11-08,0.005511056522871147,0.006277764781317314,0.006703247642816284,0.0,0.0,0.006277764781317314,1.388786243763529,1.581996724891963,1.6892184059897037
2022-11-09,0.0009161798536633101,0.0009316040330893522,0.0006238249089638984,0.0,0.0,0.0009316040330893522,0.23087732312315415,0.23476421633851674,0.1572038770589024
2022-11-10,0.007596698527491231,0.006248157866309441,0.01350323972530054,0.0013485406611817904,0.1775166746612521,0.006248157866309441,1.9143680289277902,1.574535782309979,3.402816410775736
2022-11-11,0.0001346508504969765,0.00012313346283116347,0.00013065872849812212,1.151738766581303e-05,0.0855352011351495,0.00012313346283116347,0.033932014325238076,0.031029632633453194,0.032925999581526776
2022-11-14,0.00042707685638540316,0.00033760638922573406,0.00033377316817231135,8.94704671596691e-05,0.20949500215819247,0.00033760638922573406,0.1076233678091216,0.08507681008488498,0.08411083837942246
2022-11-15,0.0059255484362830515,0.006482752991731473,0.004079022744459894,0.0,0.0,0.006482752991731473,1.493238205943329,1.6336537539163312,1.0279137316038933
2022-11-16,0.0046461215413709685,0.004122437113776486,0.004551142018798813,0.0005236844275944823,0.11271431942076147,0.004122437113776486,1.1708226284254841,1.0388541526716746,1.146887788737301
2022-11-17,1.0504177778293231e-06,1.0164919763679355e-06,1.2266726933364493e-06,3.3925801461387636e-08,0.03229740573706695,1.0164919763679355e-06,0.0002647052800129894,0.00025615597804471975,0.0003091215187207852
2022-11-18,2.083735384180311e-08,1.9912092917113223e-08,1.9035833851506296e-08,9.252609246898876e-10,0.04440182423785093,1.9912092917113223e-08,5.251013168134384e-06,5.017847415112532e-06,4.797030130579586e-06
2022-11-21,7.194163689495533e-05,6.568988821593871e-05,4.465863692729268e-05,6.251748679016628e-06,0.08690028281181253,6.568988821593871e-05,0.018129292497528746,0.016553851830416553,0.011253976505677755
2022-11-22,0.000306106629863474,0.00033542762391780583,0.00042031388311489215,0.0,0.0,0.00033542762391780583,0.07713887072559544,0.08452776122728707,0.10591909854495282
2022-11-23,4.215463788239896e-05,4.613938237128203e-05,4.159986576875952e-05,0.0,0.0,4.613938237128203e-05,0.010622968746364538,0.011627124357563072,0.0104831661737274
2022-11-25,0.0012038780912452438,0.001048423756903482,0.0011432359708686006,0.0001554543343417617,0.12912797013511387,0.001048423756903482,0.30337727899380146,0.2642027867396775,0.28809546465888736
2022-11-28,0.0037811077560696163,0.003635892798456257,0.004056850623000518,0.00014521495761335955,0.038405400465471556,0.003635892798456257,0.9528391545295433,0.9162449852109767,1.0223263569961305
2022-11-29,0.2773767341407927,0.2498021864298848,0.19043149885552316,0.02757454771090792,0.09941189839235773,0.2498021864298848,69.89893700347977,62.95015098033097,47.98873771159184
2022-11-30,0.0011370534727173352,0.001120833741060186,0.0012613754874595538,1.621973165714919e-05,0.014264704371486154,0.001120833741060186,0.28653747512476846,0.28245010274716686,0.31786662283980754
2022-12-01,2.758208726144524e-06,2.7122962801227663e-06,1.915786763264433e-06,4.591244602175763e-08,0.016645741470114706,2.7122962801227663e-06,0.00069506859898842,0.0006834986625909371,0.0004827782643426371
2022-12-02,0.0005226288785089997,0.0004915125847648304,0.0005257178371963423,3.1116293744169374e-05,0.05953802968829921,0.0004915125847648304,0.13170247738426794,0.12386117136073725,0.13248089497347826
2022-12-05,0.00013322888482629225,0.0001332127905858264,0.00017740779478125964,1.60942404658622e-08,0.00012080143405872467,0.0001332127905858264,0.033573678976225645,0.03356962322762825,0.04470676428487743
2022-12-06,0.0009282982913038137,0.0007804365475578523,0.0009114457435557999,0.0001478617437459614,0.1592825764862758,0.0007804365475578523,0.23393116940856104,0.19667000998457876,0.2296843273760616
2022-12-07,0.0002667770039636056,0.0002566583536683354,0.0004807251571981032,1.0118650295270202e-05,0.037929244676281657,0.0002566583536683354,0.0672278049988286,0.06467790512442052,0.12114273961392201
2022-12-08,0.002114967387971252,0.0021112663169825445,0.001546468332266751,3.7010709887075853e-06,0.0017499423433227663,0.0021112663169825445,0.5329717817687555,0.5320391118796012,0.38971001973122127
2022-12-09,0.0011554215000880016,0.0012740018135843929,0.0015980800937959025,0.0,0.0,0.0012740018135843929,0.2911662180221764,0.321048457023267,0.4027161836365674
2022-12-12,0.0008853075122596811,0.0008914670180414952,0.0009669654090938276,0.0,0.0,0.0008914670180414952,0.22309749308943963,0.2246496885464568,0.24367528309164455
2022-12-13,0.0001863067490777648,0.00019263058664462904,0.0002552849775348378,0.0,0.0,0.00019263058664462904,0.046949300767596736,0.048542907834446515,0.06433181433877912
2022-12-14,2.303261056022181e-05,2.0817590099250115e-05,2.1699137665244557e-05,2.2150204609716942e-06,0.09616888016281742,2.0817590099250115e-05,0.005804217861175896,0.005246032705011029,0.005468182691641629
2022-12-15,0.006341850272629292,0.006907889289166337,0.0024962164625274563,0.0,0.0,0.006907889289166337,1.5981462687025816,1.7407881008699169,0.629046548556919
2022-12-16,0.00024478987664896103,0.0002484507206505763,0.00016231818262487526,0.0,0.0,0.0002484507206505763,0.06168704891553818,0.06260958160394524,0.04090418202146857
2022-12-19,0.0002899031917005829,0.00029748248741024005,0.0002824509211203118,0.0,0.0,0.00029748248741024005,0.07305560430854689,0.0749655868273805,0.07117763212231858
2022-12-20,2.1038497464410643e-07,2.1182625248887602e-07,2.1667121074228355e-07,0.0,0.0,2.1182625248887602e-07,5.301701361031482e-05,5.3380215627196756e-05,5.4601145107055455e-05
2022-12-21,0.0006487903677700956,0.0007395218000647304,0.0006023778289871971,0.0,0.0,0.0007395218000647304,0.1634951726780641,0.18635949361631207,0.15179921290477366
2022-12-22,0.009904130603706415,0.009178093149646464,0.006868919100466569,0.0007260374540599517,0.07330653068275782,0.009178093149646464,2.4958409121340166,2.312879473710909,1.7309676133175755
2022-12-23,3.5705829902834893e-06,3.203939950360398e-06,3.0252311070599993e-06,3.666430399230914e-07,0.10268433424919421,3.203939950360398e-06,0.0008997869135514393,0.0008073928674908203,0.0007623582389791198
2022-12-27,0.00030310607720388676,0.00029409672062184305,0.0002556457980191521,9.009356582043713e-06,0.029723444133586446,0.00029409672062184305,0.07638273145537947,0.07411237359670445,0.06442274110082633
2022-12-28,0.00016341323825602537,0.00014821630199695777,0.0002537831678815802,1.5196936259067597e-05,0.09299697092019585,0.00014821630199695777,0.04118013604051839,0.03735050810323336,0.06395335830615821
2022-12-29,0.0004957951892733743,0.0005298974599818547,0.0006489694272717362,0.0,0.0,0.0005298974599818547,0.12494038769689031,0.1335341599154274,0.16354029567247752
2022-12-30,4.744649188852459e-06,4.800125240793192e-06,6.634106573197316e-06,0.0,0.0,4.800125240793192e-06,0.0011956515955908196,0.0012096315606798845,0.0016717948564457237
2023-01-03,3.2322812386470554e-05,3.522815876577239e-05,3.1879890825144015e-05,0.0,0.0,3.522815876577239e-05,0.00814534872139058,0.008877496008974643,0.008033732487936292
2023-01-04,5.2087227744451456e-05,4.6532072564840036e-05,4.906167189466992e-05,5.55515517961142e-06,0.10665100281809824,4.6532072564840036e-05,0.013125981391601767,0.011726082286339689,0.01236354131745682
2023-01-05,0.0064648359045568,0.0063792770279824705,0.005518770784908029,8.555887657432908e-05,0.013234500894413671,0.0063792770279824705,1.6291386479483134,1.6075778110515826,1.3907302377968234
2023-01-06,0.0013812373352452552,0.0013927692148988453,0.0016475641573988294,0.0,0.0,0.0013927692148988453,0.3480718084818043,0.350977842154509,0.415186167664505
2023-01-09,0.001991786908030367,0.0019473244473730922,0.002054583342269346,4.4462460657275016e-05,0.022322900334212976,0.0019473244473730922,0.5019303008236525,0.4907257607380192,0.5177550022518752
2023-01-10,0.016982782432188037,0.017398627134159492,0.01045865914963249,0.0,0.0,0.017398627134159492,4.279661172911386,4.384454037808192,2.6355821057073876
2023-01-11,0.004254088314079591,0.003750660478747947,0.003229099548826917,0.000503427835331644,0.11833977060305227,0.003750660478747947,1.072030255148057,0.9451664406444826,0.8137330863043831
2023-01-12,1.7079439721814625e-05,1.7604486220776037e-05,1.7658874714734607e-05,0.0,0.0,1.7604486220776037e-05,0.004304018809897285,0.004436330527635562,0.004450036428113121
2023-01-13,1.1875480237754512e-05,1.2590838668714367e-05,1.6935733650125575e-05,0.0,0.0,1.2590838668714367e-05,0.002992621019914137,0.0031728913445160205,0.004267804879831645
2023-01-17,1.693063976746726e-06,1.6118340967617776e-06,1.7922499208010289e-06,8.122987998494837e-08,0.04797800503855083,1.6118340967617776e-06,0.00042665212214017495,0.00040618219238396796,0.0004516469800418593
2023-01-18,5.4059607232615785e-05,5.198588387830002e-05,5.840739462274285e-05,2.073723354315762e-06,0.038359940482599025,5.198588387830002e-05,0.013623021022619178,0.013100442737331606,0.014718663444931198
2023-01-19,0.002192450541163102,0.0020485968285130513,0.0015733686112597606,0.00014385371265005073,0.0656132076339212,0.0020485968285130513,0.5524975363731017,0.5162464007852889,0.3964888900374597
2023-01-20,0.0005698801768604206,0.000546826344923892,0.0007091812991800384,2.305383193652855e-05,0.04045382315819918,0.000546826344923892,0.14360980456882597,0.13780023892082077,0.17871368739336968
2023-01-23,0.012593659229159391,0.012413349772095836,0.012088624027111547,0.00018030945706355543,0.014317479436933546,0.012413349772095836,3.173602125748167,3.1281641425681506,3.04633325483211
2023-01-24,0.00016052819900145893,0.0001625434057085869,0.00013438166219446326,0.0,0.0,0.0001625434057085869,0.04045310614836765,0.04096093823856389,0.03386417887300474
2023-01-25,0.0002713048718685165,0.0002757454101527673,0.00022221450038457024,0.0,0.0,0.0002757454101527673,0.06836882771086616,0.06948784335849736,0.0559980540969117
2023-01-26,0.000712468866083681,0.0007644171942688803,0.0007679299154426571,0.0,0.0,0.0007644171942688803,0.17954215425308762,0.19263313295575782,0.19351833869154958
2023-01-27,0.0001912639234872413,0.0001897591279213935,0.0002379302445418316,1.5047955658477829e-06,0.007867639283686055,0.0001897591279213935,0.048198508718784804,0.047819300236191166,0.05995842162454156
2023-01-30,0.0023335214242583982,0.002578317764873973,0.0014112489520642507,0.0,0.0,0.002578317764873973,0.5880473989131163,0.6497360767482412,0.3556347359201912
2023-01-31,7.057751464189309e-05,7.392525276096503e-05,9.287320758110762e-05,0.0,0.0,7.392525276096503e-05,0.01778553368975706,0.018629163695763187,0.02340404831043912
2023-02-01,0.10132822165644434,0.10443264379736975,0.08894854444524622,0.0,0.0,0.10443264379736975,25.534711857423975,26.317026236937174,22.415033200202046
2023-02-02,0.0030444191066767204,0.002680302445637788,0.002759167471620201,0.0003641166610389326,0.11960135847288123,0.002680302445637788,0.7671936148825336,0.6754362163007225,0.6953102028482907
2023-02-03,0.032810859232990965,0.030604556442203296,0.04856123963624945,0.0022063027907876682,0.06724306654249432,0.030604556442203296,8.268336526713723,7.712348223435231,12.237432388334861
2023-02-06,0.00010302274248975584,0.00010470743119246877,7.887785950688562e-05,0.0,0.0,0.00010470743119246877,0.02596173110741847,0.02638627266050213,0.019877220595735177
2023-02-07,0.0003149058011878082,0.000306804887738454,0.00032534897493974947,8.100913449354168e-06,0.025724878338452543,0.000306804887738454,0.07935626189932767,0.07731483171009042,0.08198794168481686
2023-02-08,0.028294862318878972,0.02769837297642897,0.01162759945596929,0.000596489342450001,0.02108118907618535,0.02769837297642897,7.130305304357501,6.9799899900601,2.9301550629042614
2023-02-09,5.37491479676676e-05,5.965354003520534e-05,4.431232646824274e-05,0.0,0.0,5.965354003520534e-05,0.013544785287852235,0.015032692088871747,0.01116670626999717
2023-02-10,7.631823965770871e-06,6.41760044931443e-06,9.284070801266577e-06,1.214223516456441e-06,0.15910002154167532,6.41760044931443e-06,0.0019232196393742596,0.0016172353132272363,0.0023395858419191775
2023-02-13,7.261680733693409e-05,7.721392044759925e-05,8.511027431786278e-05,0.0,0.0,7.721392044759925e-05,0.01829943544890739,0.01945790795279501,0.02144778912810142
2023-02-14,0.0005150762531985744,0.0005352468115976932,0.0002921956135224953,0.0,0.0,0.0005352468115976932,0.12979921580604073,0.13488219652261868,0.07363329460766882
2023-02-15,0.07499277284739261,0.06515419337316576,0.06397676050746136,0.009838579474226852,0.13119370174665745,0.06515419337316576,18.89817875754294,16.41885673003777,16.12214364788026
2023-02-16,0.280451252418379,0.2781568829097485,0.45746125576792557,0.0022943695086304894,0.008180992200382665,0.2781568829097485,70.6737156094315,70.09553449325662,115.28023645351725
2023-02-17,0.0002401298267608654,0.00024255523615299298,0.00019940045085491844,0.0,0.0,0.00024255523615299298,0.06051271634373808,0.06112391951055423,0.05024891361543945
2023-02-21,0.23184875868919777,0.2182691272656536,0.17574420686409414,0.01357963142354418,0.05857107668059431,0.2182691272656536,58.42588718967784,55.003820070944705,44.287540129751726
2023-02-22,2.118335001990194e-07,1.878134801744248e-07,1.3663703468827925e-07,2.40200200245946e-08,0.11339050061263718,1.878134801744248e-07,5.338204205015289e-05,4.7328997003955046e-05,3.4432532741446374e-05
2023-02-23,0.00016502383148785628,0.00015410246290272807,0.00015264218786137577,1.0921368585128211e-05,0.06618055356296425,0.00015410246290272807,0.04158600553493978,0.03883382065148747,0.038465831341066695
2023-02-24,0.00014716846475763666,0.0001356079279169073,0.00018925127343198624,1.1560536840729346e-05,0.07855308391790762,0.0001356079279169073,0.03708645311892444,0.03417319783506064,0.04769132090486053
2023-02-27,0.00726535777253828,0.007555366687877853,0.004533278630449805,0.0,0.0,0.007555366687877853,1.8308701586796465,1.9039524053452188,1.1423862148733508
2023-02-28,8.693438918881834e-05,8.195250130688e-05,9.913858360469702e-05,4.98188788193834e-06,0.0573062958297385,8.195250130688e-05,0.02190746607558222,0.02065203032933376,0.02498292306838365
2023-03-01,0.0013783696212406537,0.0014142967085871362,0.0012785911205398786,0.0,0.0,0.0014142967085871362,0.3473491445526447,0.3564027705639583,0.3222049623760494
2023-03-02,0.0030851336954334694,0.00306595296865684,0.002568092320989944,1.918072677662948e-05,0.006217146050689189,0.00306595296865684,0.7774536912492342,0.7726201481015237,0.6471592648894658
2023-03-03,4.357613359543349,4.4424425734467645,3.2024173839931374,0.0,0.0,4.4424425734467645,1098.118566604924,1119.4955285085846,807.0091807662706
2023-03-06,2.995542743315936e-07,2.4347301058184176e-07,4.474352127408497e-07,5.6081263749751834e-08,0.18721507700002143,2.4347301058184176e-07,7.548767713156159e-05,6.135519866662412e-05,0.00011275367361069412
2023-03-07,0.00010158050317420098,9.940012430518944e-05,0.0001234147954968512,2.180378869011545e-06,0.02146454072793733,9.940012430518944e-05,0.02559828679989865,0.025048831324907737,0.0311005284652065
2023-03-08,3.979861880715347e-05,3.7865967534345025e-05,3.466163108736585e-05,1.9326512728084434e-06,0.0485607612066252,3.7865967534345025e-05,0.010029251939402675,0.009542223818654947,0.008734731034016193
2023-03-09,0.005353937999620753,0.0051246471845247405,0.004896189778293952,0.00022929081509601244,0.04282657271515428,0.0051246471845247405,1.3491923759044298,1.2914110905002345,1.2338398241300759
2023-03-10,0.0004083353219579078,0.0004662654018094757,0.0004768168527261808,0.0,0.0,0.0004662654018094757,0.10290050113339276,0.11749888125598788,0.12015784688699757
2023-03-13,0.0009332373693221674,0.0009270451320961418,0.0010639670070778636,6.192237226025632e-06,0.006635222102055321,0.0009270451320961418,0.2351758170691862,0.23361537328822773,0.2681196857836216
2023-03-14,0.0023461069480391556,0.002662034348474803,0.0010916986324593636,0.0,0.0,0.002662034348474803,0.5912189509058672,0.6708326558156503,0.27510805537975963
2023-03-15,8.972497938330738e-06,8.311624875941007e-06,1.0427899302106103e-05,6.608730623897315e-07,0.07365540714264845,8.311624875941007e-06,0.002261069480459346,0.0020945294687371337,0.002627830624130738
2023-03-16,0.003916206750534249,0.003655405677718645,0.005296841126144604,0.00026080107281560355,0.06659532791863701,0.003655405677718645,0.9868841011346307,0.9211622307850986,1.3348039637884404
2023-03-17,0.00012571883188893654,0.0001191515923608749,0.00014863244105396337,6.567239528061644e-06,0.05223751586894959,0.0001191515923608749,0.03168114563601201,0.030026201274940472,0.03745537514559877
2023-03-20,0.012897756619686946,0.01236261827032837,0.02145401901354552,0.000535138349358576,0.04149080844805661,0.01236261827032837,3.2502346681611103,3.115379804122749,5.406412791413471
2023-03-21,0.0026820426820219037,0.0027168156361808493,0.0031959498495013386,0.0,0.0,0.0027168156361808493,0.6758747558695197,0.6846375403175741,0.8053793620743374
2023-03-22,0.0001631201793314401,0.00012048924274035255,9.158180850689565e-05,4.263093659108755e-05,0.2613467966039931,0.00012048924274035255,0.04110628519152291,0.030363289170568842,0.023078615743737704
2023-03-23,0.0005158150176878975,0.0004748779737241253,0.0002719938490464344,4.0937043963772135e-05,0.07936380772298098,0.0004748779737241253,0.12998538445735017,0.11966924937847959,0.06854244995970146
2023-03-24,1.7649626524693718e-05,1.7379080386905954e-05,2.2024276200755946e-05,2.705461377877637e-07,0.015328716564088431,1.7379080386905954e-05,0.004447705884222817,0.0043795282575003,0.005550117602590499
2023-03-27,0.003707317380500863,0.003683031250233295,0.0027564498107610926,2.42861302675681e-05,0.0065508635405086765,0.003683031250233295,0.9342439798862174,0.9281238750587903,0.6946253523117953
2023-03-28,0.00013558907258676739,0.00013506313830134937,8.698279971817006e-05,5.259342854180185e-07,0.003878883980142086,0.00013506313830134937,0.034168446291865384,0.03403591085194004,0.021919665528978855
2023-03-29,0.0018274300896350514,0.0015159365772904893,0.003455467436485793,0.0003114935123445621,0.1704544069515211,0.0015159365772904893,0.46051238258803295,0.3820160174772033,0.8707777939944199
2023-03-30,0.20277803503178352,0.2039236030286578,0.19652695581404636,0.0,0.0,0.2039236030286578,51.100064828009444,51.38874796322177,49.52479286513968
2023-03-31,0.012264577137737775,0.01130595744259049,0.00903292625733439,0.0009586196951472843,0.07816165892254659,0.01130595744259049,3.0906734387099193,2.849101275532804,2.276297416848266
2023-04-03,7.883975114241606e-06,6.393085267818568e-06,5.803471386142823e-06,1.4908898464230381e-06,0.1891038005214014,6.393085267818568e-06,0.001986761728788885,0.0016110574874902792,0.0014624747893079914
2023-04-04,2.6917940462848484e-05,2.7394735354990976e-05,2.549741570448874e-05,0.0,0.0,2.7394735354990976e-05,0.006783320996637818,0.006903473309457726,0.006425348757531162
2023-04-05,6.781940804571505e-05,7.093251439327028e-05,6.0868887877022386e-05,0.0,0.0,7.093251439327028e-05,0.01709049082752019,0.01787499362710411,0.015338959745009642
2023-04-06,4.821331088405252e-05,5.01798285038597e-05,4.7822983920505615e-05,0.0,0.0,5.01798285038597e-05,0.012149754342781234,0.012645316782972644,0.012051391947967414
2023-04-10,1.1952790755541817e-06,1.1926449033010499e-06,9.656447309416658e-07,2.6341722531318366e-09,0.0022038117316650866,1.1926449033010499e-06,0.00030121032703965377,0.0003005465156318646,0.00024334247219729978
2023-04-11,7.408541800833025e-05,7.505354180895765e-05,4.964554787718484e-05,0.0,0.0,7.505354180895765e-05,0.018669525338099225,0.018913492535857328,0.01251067806505058
2023-04-12,7.562494088335317e-05,7.24730518041337e-05,5.1490560226544676e-05,3.151889079219464e-06,0.041677904150737195,7.24730518041337e-05,0.019057485102605,0.018263209054641693,0.012975621177089258
2023-04-13,0.002215530898615512,0.0020616219965716577,0.0018328426844713651,0.00015390890204385445,0.06946818122489924,0.0020616219965716577,0.5583137864511091,0.5195287431360578,0.461876356486784
2023-04-14,1.842231693971548e-05,1.944702774426758e-05,1.7740665855301966e-05,0.0,0.0,1.944702774426758e-05,0.004642423868808301,0.00490065099155543,0.004470647795536096
2023-04-17,3.4979689138021758e-06,3.7444246780521273e-06,4.0186335798255385e-06,0.0,0.0,3.7444246780521273e-06,0.0008814881662781483,0.000943595018869136,0.0010126956621160357
2023-04-18,3.1302685210952386e-09,3.04579101126361e-09,5.237027479870276e-09,8.44775098316286e-11,0.026978685878424922,3.04579101126361e-09,7.888276673160001e-07,7.675393348384298e-07,1.3197309249273094e-06
2023-04-19,5.411054456646019e-08,5.32287085088647e-08,7.18205573485608e-08,8.818360575954957e-10,0.016296634381086982,5.32287085088647e-08,1.3635857230747968e-05,1.3413634544233904e-05,1.809878045183732e-05
2023-04-20,0.0005479920334359894,0.0004616538841085906,0.0003528194040038336,8.63381493273988e-05,0.15755365753858216,0.0004616538841085906,0.13809399242586934,0.11633677879536483,0.08891048980896607
2023-04-21,2.651450628042358e-07,2.4183609414603835e-07,2.99272563362168e-07,2.3308968658197464e-08,0.0879099180718632,2.4183609414603835e-07,6.681655582666743e-05,6.094269572480166e-05,7.541668596726633e-05
2023-04-24,0.0005126625142720412,0.0005290399972063404,0.00032558184451805014,0.0,0.0,0.0005290399972063404,0.1291909535965544,0.1333180792959978,0.08204662481854863
2023-04-25,0.006985318881245496,0.005823386670669802,0.01001522686841292,0.001161932210575694,0.16633917937933568,0.005823386670669802,1.760300358073865,1.46749344100879,2.5238371708400558
2023-04-26,4.478926984596621e-05,4.003733585102439e-05,5.532286042964902e-05,4.7519339949418215e-06,0.10609536402778451,4.003733585102439e-05,0.011286896001183485,0.010089408634458147,0.013941360828271554
2023-04-27,0.00019837903026797678,0.00019463006562905896,0.0003400657245815765,3.748964638917822e-06,0.01889798843635646,0.00019463006562905896,0.049991515627530146,0.04904677653852286,0.08569656259455728
2023-04-28,0.0002249444195254123,0.0002576530553116488,0.0003327256527573419,0.0,0.0,0.0002576530553116488,0.0566859937204039,0.0649285699385355,0.08384686449485017
2023-05-01,4.098963907325367e-07,4.3662401483021707e-07,3.987939446149889e-07,0.0,0.0,4.3662401483021707e-07,0.00010329389046459925,0.0001100292517372147,0.0001004960740429772
2023-05-02,0.00022064106113600283,0.00022496259832055789,0.0002000831893145135,0.0,0.0,0.00022496259832055789,0.05560154740627271,0.056690574776780585,0.0504209637072574
2023-05-03,0.0015392122374465603,0.0014299142444338794,0.0019528175316317867,0.00010929799301268093,0.07100904623977601,0.0014299142444338794,0.3878814838365332,0.3603383895973376,0.49211001797121023
2023-05-04,2.7283544293971063e-05,2.8578041171867676e-05,3.617454802174894e-05,0.0,0.0,2.8578041171867676e-05,0.0068754531620807075,0.007201666375310655,0.009115986101480733
2023-05-05,0.0008439814125794041,0.0007313164907027644,0.0008419012153731507,0.00011266492187663965,0.13349218367122231,0.0007313164907027644,0.21268331597000983,0.18429175565709663,0.21215910627403398
2023-05-08,2.9963338805357936e-05,2.6135066397685015e-05,2.372823249880304e-05,3.828272407672921e-06,0.12776521017154313,2.6135066397685015e-05,0.0075507613789502,0.006586036732216624,0.0059795145896983665
2023-05-09,4.087008379679793e-05,4.5606543336279685e-05,4.607327447618026e-05,0.0,0.0,4.5606543336279685e-05,0.01029926111679308,0.01149284892074248,0.011610465167997425
2023-05-10,0.00019751481101861542,0.00019617418285613106,0.00024558522397225067,1.3406281624843603e-06,0.00678748165154322,0.00019617418285613106,0.04977373237669108,0.049435894079745024,0.06188747644100717
2023-05-11,7.886377579398727e-06,7.389512726493459e-06,9.610962719791854e-06,4.968648529052676e-07,0.06300291672570829,7.389512726493459e-06,0.001987367150008479,0.0018621572070763516,0.002421962605387547
2023-05-12,1.302437094395173e-05,1.3540307625246847e-05,9.021812391869273e-06,0.0,0.0,1.3540307625246847e-05,0.0032821414778758363,0.0034121575215622056,0.0022734967227510568
2023-05-15,0.0001705718768644985,0.00018126120890581853,0.00022904566307206,0.0,0.0,0.00018126120890581853,0.04298411296985362,0.04567782464426627,0.05771950709415912
2023-05-16,5.797913122333563e-07,5.540604538903569e-07,6.829540684151649e-07,2.573085834299937e-08,0.044379440361815535,5.540604538903569e-07,0.00014610741068280577,0.00013962323438036994,0.00017210442524062157
2023-05-17,0.0020924082157620354,0.002041646140989881,0.003526264840121566,5.076207477215438e-05,0.024260120164653048,0.002041646140989881,0.5272868703720329,0.51449482752945,0.8886187397106347
2023-05-18,0.0010787783816341905,0.0011634049534317934,0.00046312382193668984,0.0,0.0,0.0011634049534317934,0.271852152171816,0.2931780482648119,0.11670720312804585
2023-05-19,4.923528680312385e-06,4.911494135504689e-06,4.4109715804381655e-06,1.2034544807695892e-08,0.002444292121527808,4.911494135504689e-06,0.001240729227438721,0.0012376965221471818,0.0011115648382704177
2023-05-22,0.00020756118669998255,0.00021952400679219714,0.00021516463519685673,0.0,0.0,0.00021952400679219714,0.052305419048395606,0.05532004971163368,0.054221488069607894
2023-05-23,0.00017249148270462666,0.0001739891447180603,0.00012987863564653646,0.0,0.0,0.0001739891447180603,0.04346785364156592,0.0438452644689512,0.032729416182927185
2023-05-24,0.0008615949873393328,0.0007531055131065082,0.0007875213162218816,0.00010848947423282458,0.1259170209914183,0.0007531055131065082,0.21712193680951186,0.1897825893028401,0.19845537168791416
2023-05-25,0.005249258195809555,0.005510166069949755,0.004737485255126933,0.0,0.0,0.005510166069949755,1.3228130653440078,1.3885618496273382,1.193846284291987
2023-05-26,0.0003569585171147698,0.0003642896457397171,0.00033070058448780734,0.0,0.0,0.0003642896457397171,0.08995354631292199,0.09180099072640871,0.08333654729092745
2023-05-30,6.620050005706697e-06,6.516444058173343e-06,1.2372990495516445e-05,1.0360594753335359e-07,0.015650324664272516,6.516444058173343e-06,0.0016682526014380875,0.0016421439026596824,0.0031179936048701443
2023-05-31,1.530813738232971e-05,1.625217607208387e-05,1.5223538355447271e-05,0.0,0.0,1.625217607208387e-05,0.0038576506203470873,0.004095548370165136,0.0038363316655727125
2023-06-01,0.0008081581716497726,0.0008547666534836343,0.0006421030351860392,0.0,0.0,0.0008547666534836343,0.2036558592557427,0.21540119667787583,0.16180996486688187
2023-06-02,0.00024636429327105555,0.00025974085165224715,0.00019549338034617408,0.0,0.0,0.00025974085165224715,0.062083801904306,0.06545469461636629,0.049264331847235866
2023-06-05,5.539549378670524e-06,5.268070347677114e-06,3.975584032513796e-06,2.7147903099341064e-07,0.049007412594118296,5.268070347677114e-06,0.001395966443424972,0.0013275537276146326,0.0010018471761934766
2023-06-06,1.3452230586460854e-06,1.5133340560826482e-06,1.258648787098504e-06,0.0,0.0,1.5133340560826482e-06,0.00033899621077881356,0.00038136018213282734,0.000317179494348823
2023-06-07,0.0001368993273662642,0.00013451496805517285,0.00013016169034352969,2.3843593110913473e-06,0.017416880999680053,0.00013451496805517285,0.03449863049629858,0.03389777194990356,0.03280074596656948
2023-06-08,0.001161874703388565,0.0006753233431073522,0.0013392300413694427,0.00048655136028121285,0.41876405299421665,0.0006753233431073522,0.2927924252539184,0.17018148246305276,0.33748597042509954
2023-06-09,5.268344201380929e-06,4.827359544120191e-06,6.400729689982017e-06,4.4098465726073816e-07,0.08370458662145906,4.827359544120191e-06,0.001327622738747994,0.0012164946051182882,0.0016129838818754682
2023-06-12,0.005578892226063875,0.005037953232011153,0.0035317087931064635,0.0005409389940527224,0.09696172143791602,0.005037953232011153,1.4058808409680965,1.2695642144668104,0.8899906158628288
2023-06-13,9.843962622244893e-06,1.0069075754808096e-05,1.1877215568066396e-05,0.0,0.0,1.0069075754808096e-05,0.002480678580805713,0.0025374070902116404,0.002993058323152732
2023-06-14,4.9281946154867586e-05,5.213834789502212e-05,6.343820083604082e-05,0.0,0.0,5.213834789502212e-05,0.012419050431026632,0.013138863669545574,0.015986426610682284
2023-06-15,0.00022179487249001528,0.00019914760978716152,0.0002559916532935844,2.2647262702853762e-05,0.10210904493188519,0.00019914760978716152,0.05589230786748385,0.0501851976663647,0.06450989662998327
2023-06-16,8.824515888694072e-05,9.621084046715456e-05,6.447391049540775e-05,0.0,0.0,9.621084046715456e-05,0.02223778003950906,0.02424513179772295,0.016247425444842752
2023-06-20,1.9634143335995312e-07,2.0525179708629415e-07,3.2233221714799566e-07,0.0,0.0,2.0525179708629415e-07,4.947804120670819e-05,5.172345286574612e-05,8.122771872129491e-05
2023-06-21,0.0021280314961860092,0.0020105962991197332,0.0018766392869827477,0.00011743519706627599,0.05518489609837344,0.0020105962991197332,0.5362639370388743,0.5066702673781728,0.47291310031965245
2023-06-22,0.0001626453596011391,0.00015684117671442585,0.00018774510496161932,5.804182886713248e-06,0.03568612633807028,0.00015684117671442585,0.040986630619487055,0.039523976532035314,0.04731176645032807
2023-06-23,0.003568648828117684,0.0038897180802341708,0.0023712018135287477,0.0,0.0,0.0038897180802341708,0.8992995046856563,0.980208956219011,0.5975428570092445
2023-06-26,0.00011379711822675485,9.908327477304356e-05,0.00013780801943775604,1.4713843453711286e-05,0.1292989097939477,9.908327477304356e-05,0.028676873793142224,0.02496898524280698,0.03472762089831452
2023-06-27,562.1574932346969,558.2197279976176,770.4151571447998,3.9377652370792475,0.007004736723193069,558.2197279976176,141663.6882951436,140671.37145539964,194144.61960048953
2023-06-28,5.210152073808122e-06,4.78285114912247e-06,5.077757224119514e-06,4.2730092468565166e-07,0.0820131229605766,4.78285114912247e-06,0.0013129583225996466,0.0012052784895788624,0.0012795948204781175
2023-06-29,1.716949066628054e-05,1.7883555964196316e-05,1.4806241433036644e-05,0.0,0.0,1.7883555964196316e-05,0.0043267116479026955,0.0045066561029774715,0.003731172841125234
2023-06-30,0.0010542947351610415,0.001001351743842666,0.0011659718727121855,5.294299131837553e-05,0.05021649971539703,0.001001351743842666,0.26568227326058247,0.25234063944835183,0.29382491192347077
2023-07-03,3.6054014622823274e-05,3.229336761911524e-05,2.794297998893502e-05,3.7606470037080335e-06,0.1043059126353579,3.229336761911524e-05,0.009085611684951466,0.00813792864001704,0.007041630957211625
2023-07-05,8.096831431109354e-10,8.520001255045906e-10,7.701234655055302e-10,0.0,0.0,8.520001255045906e-10,2.0404015206395571e-07,2.1470403162715682e-07,1.9407111330739363e-07
2023-07-06,0.00011396339614553827,0.00010043438618216263,0.00012749833136369227,1.3529009963375636e-05,0.11871364229427331,0.00010043438618216263,0.028718775828675644,0.025309465317904983,0.03212957950365045
2023-07-07,2.210789266550339e-05,1.908364097321852e-05,2.314271936411056e-05,3.0242516922848696e-06,0.13679510757751823,1.908364097321852e-05,0.005571188951706854,0.004809077525251067,0.005831965279755861
2023-07-10,6.041652213395105e-06,5.01070280035987e-06,4.273741806997359e-06,1.030949413035235e-06,0.17064028282018745,5.01070280035987e-06,0.0015224963577755665,0.0012626971056906872,0.0010769829353633345
2023-07-11,5.903729879772045e-06,5.95312011748859e-06,4.459140156937313e-06,0.0,0.0,5.95312011748859e-06,0.0014877399297025553,0.0015001862696071245,0.0011237033195482028
2023-07-12,0.0004221844827499933,0.00041180868631279045,0.0007046343967528556,1.0375796437202831e-05,0.024576451377467272,0.00041180868631279045,0.10639048965299831,0.10377578895082319,0.1775678679817196
2023-07-13,0.9967884701175646,0.8872926353042841,0.7261606564219122,0.1094958348132804,0.10984861692898219,0.8872926353042841,251.19069446962627,223.5977440966796,182.99248541832188
2023-07-14,1.6385351382235318e-06,1.7634518229075885e-06,1.987338533380437e-06,0.0,0.0,1.7634518229075885e-06,0.00041291085483233003,0.0004443898593727123,0.0005008093104118702
2023-07-17,0.00018807472284262347,0.00018398430859642727,0.00025357919885362376,4.090414246196207e-06,0.021748878119416885,0.00018398430859642727,0.04739483015634111,0.04636404576629967,0.06390195811111318
2023-07-18,3.8125699670208284e-05,3.215384423300229e-05,6.298199512006034e-05,5.971855437205996e-06,0.15663595244749035,3.215384423300229e-05,0.009607676316892487,0.008102768746716577,0.015871462770255206
2023-07-19,6.809230735043313e-08,5.802183484451979e-08,5.6895876223605676e-08,1.0070472505913346e-08,0.14789225105614273,5.802183484451979e-08,1.715926145230915e-05,1.4621502380818987e-05,1.433776080834863e-05
2023-07-20,0.00012749573104915753,0.00012238359130444025,0.0001050233044078508,5.1121397447172776e-06,0.04009655588115083,0.00012238359130444025,0.0321289242243877,0.030840665008718942,0.026465872710778403
2023-07-21,4.642783141241538e-05,4.5028028158640584e-05,3.74305928390121e-05,1.3998032537747992e-06,0.030150088449971968,4.5028028158640584e-05,0.011699813515928676,0.011347063095977427,0.00943250939543105
2023-07-24,0.0007408574738071791,0.000692159166903882,0.0002997130614672462,4.869830690329706e-05,0.0657323554924942,0.000692159166903882,0.18669608339940913,0.17442411005977826,0.07552769148974604
2023-07-25,2.0243521128091596e-05,1.9147567624824698e-05,2.816645250757268e-05,1.0959535032668981e-06,0.05413847927906092,1.9147567624824698e-05,0.005101367324279083,0.004825187041455824,0.007097946031908315
2023-07-26,1.2581932515903123e-05,1.3401184128761252e-05,1.4571369972469038e-05,0.0,0.0,1.3401184128761252e-05,0.003170646994007587,0.0033770984004478353,0.0036719852330621976
2023-07-27,1.6738670741850555e-06,1.7418684326725239e-06,2.774155248808519e-06,0.0,0.0,1.7418684326725239e-06,0.000421814502694634,0.00043895084503347604,0.0006990871226997468
2023-07-28,0.00022846185707935305,0.00023973927957791802,0.0002003752300973051,0.0,0.0,0.00023973927957791802,0.05757238798399697,0.06041429845363534,0.050494557984520884
2023-07-31,0.00039124792699960637,0.0004034021143419992,0.0003416747372670943,0.0,0.0,0.0004034021143419992,0.0985944776039008,0.1016573328141838,0.08610203379130776
2023-08-01,1.348896127737828e-06,1.2791792984177855e-06,2.006887527928509e-06,6.97168293200424e-08,0.05168431890500147,1.2791792984177855e-06,0.00033992182418993264,0.00032235318320128194,0.0005057356570379842
2023-08-02,0.03274563382570179,0.028241715049844563,0.04126585820665069,0.004503918775857225,0.13754257436863512,0.028241715049844563,8.25189972407685,7.11691219256083,10.398996268075974
2023-08-03,6.996970904586446e-06,7.957628572235028e-06,3.053572560792483e-06,0.0,0.0,7.957628572235028e-06,0.0017632366679557845,0.0020053224002032272,0.0007695002853197057
2023-08-04,0.0001608704105700415,0.0001494153491848082,0.00014799136443705604,1.14550613852333e-05,0.07120676371394669,0.0001494153491848082,0.04053934346365046,0.03765266799457167,0.037293823838138125
2023-08-07,0.0004774662980439389,0.0004151851267527264,0.00029526508574671237,6.228117129121246e-05,0.13044097859036755,0.0004151851267527264,0.1203215071070726,0.10462665194168706,0.07440680160817152
2023-08-08,2.4120996827914544e-05,2.7358150235389472e-05,2.499859927504092e-05,0.0,0.0,2.7358150235389472e-05,0.006078491200634465,0.0068942538593181465,0.006299647017310312
2023-08-09,7.744176139979088e-05,7.771689253886325e-05,6.218379342076839e-05,0.0,0.0,7.771689253886325e-05,0.019515323872747303,0.01958465691979354,0.015670315942033632
2023-08-10,3.5398394640212093e-06,3.2373816825382665e-06,4.051834314524247e-06,3.0245778148294274e-07,0.08544390193770342,3.2373816825382665e-06,0.0008920395449333447,0.0008158201839996432,0.0010210622472601103
2023-08-11,3.2873733119922295e-05,2.7357303896774525e-05,2.6644198178532207e-05,5.51642922314777e-06,0.16780658999747392,2.7357303896774525e-05,0.008284180746220417,0.00689404058198718,0.0067143379409901165
2023-08-14,0.00021518528151189746,0.00022530399085688913,0.00020540715679408076,0.0,0.0,0.00022530399085688913,0.05422669094099816,0.05677660569593606,0.05176260351210835
2023-08-15,0.0002409263401560054,0.00023308499556937476,0.00039576730730220023,7.841344586630627e-06,0.03254664703330706,0.00023308499556937476,0.06071343771931336,0.05873741888348244,0.09973336144015446
2023-08-16,3.67560422278147e-05,3.6024524280790114e-05,4.38524803439617e-05,7.315179470245882e-07,0.019901977546675116,3.6024524280790114e-05,0.009262522641409305,0.009078180118759108,0.011050825046678349
2023-08-17,9.879126099646688e-05,9.2979052737671e-05,8.935586395595393e-05,5.812208258795874e-06,0.058833222102211216,9.2979052737671e-05,0.024895397771109655,0.023430721289893094,0.02251767771690039
2023-08-18,1.2421620576042113e-06,1.129912900798781e-06,1.3309766017239573e-06,1.1224915680543026e-07,0.09036587919618846,1.129912900798781e-06,0.00031302483851626127,0.0002847380510012928,0.00033540610363443725
2023-08-21,0.00020632823519790193,0.00021782919506613352,0.0003909796348229731,0.0,0.0,0.00021782919506613352,0.05199471526987129,0.054892957156665645,0.09852686797538923
2023-08-22,3.0440209036053e-06,2.7976665358730476e-06,5.182317758669304e-06,2.463543677322524e-07,0.08093055028299025,2.7976665358730476e-06,0.0007670932677085356,0.000705011967040008,0.0013059440751846646
2023-08-23,0.0022314008976346902,0.0021215772876641685,0.00225930410805243,0.00010982360997052179,0.049217336982215386,0.0021215772876641685,0.562313026203942,0.5346374764913705,0.5693446352292124
2023-08-24,0.0012968937320432317,0.0013419709319979062,0.0017983565372619345,0.0,0.0,0.0013419709319979062,0.3268172204748944,0.33817667486347236,0.4531858473900075
2023-08-25,7.350792584459007e-05,7.411173533150757e-05,5.893013664752507e-05,0.0,0.0,7.411173533150757e-05,0.018523997312836698,0.018676157303539907,0.014850394435176318
2023-08-28,0.0007403735130481231,0.0008060048047316893,0.0005655388539974848,0.0,0.0,0.0008060048047316893,0.18657412528812703,0.2031132107923857,0.14251579120736615
2023-08-29,0.0009691951785174641,0.0010433990917601628,0.0007983404485958483,0.0,0.0,0.0010433990917601628,0.24423718498640096,0.262936571123561,0.20118179304615377
2023-08-30,0.0002467890811816413,0.00023584991416295491,0.00027129783924969636,1.0939167018686382e-05,0.04432597634377908,0.00023584991416295491,0.062190848457773604,0.05943417836906464,0.06836705549092348
2023-08-31,2.397461195623191e-06,2.3726677156571536e-06,2.6751380162950134e-06,2.4793479966037178e-08,0.010341552000819942,2.3726677156571536e-06,0.0006041602212970441,0.0005979122643456027,0.0006741347801063434
2023-09-01,1.9754482012293894e-07,1.9608502068797995e-07,1.9938018120271462e-07,1.4597994349589887e-09,0.007389675134864964,1.9608502068797995e-07,4.978129467098061e-05,4.9413425213370946e-05,5.0243805663084085e-05
2023-09-05,3.2422123458581323e-06,3.430992490707412e-06,2.37621059518346e-06,0.0,0.0,3.430992490707412e-06,0.0008170375111562493,0.0008646101076582679,0.0005988050699862319
2023-09-06,3.556224787873052e-05,3.4811028388743175e-05,2.6541179472212586e-05,7.512194899873427e-07,0.02112407155545893,3.4811028388743175e-05,0.008961686465440091,0.00877237915396328,0.0066883772269975715
2023-09-07,4.234451545118527e-05,3.93494367809846e-05,4.1699103949039435e-05,2.995078670200665e-06,0.0707312049165419,3.93494367809846e-05,0.010670817893698687,0.009916058068808119,0.010508174195157937
2023-09-08,1.0866863401413677e-05,1.1094127145060457e-05,8.334519902307629e-06,0.0,0.0,1.1094127145060457e-05,0.002738449577156247,0.002795720040555235,0.0021002990153815224
2023-09-11,0.0008256955624062211,0.0007749682757051399,0.00046263788907189885,5.072728670108115e-05,0.06143582326132061,0.0007749682757051399,0.20807528172636772,0.19529200547769526,0.11658474804611851
2023-09-12,7.444665972461653e-05,8.103211075499147e-05,6.960953959600684e-05,0.0,0.0,8.103211075499147e-05,0.018760558250603365,0.020420091910257853,0.017541603978193723
2023-09-13,6.914133688256754e-05,6.0569879409203704e-05,7.434062671149685e-05,8.57145747336384e-06,0.12397008411844666,6.0569879409203704e-05,0.01742361689440702,0.015263609611119333,0.018733837931297206
2023-09-14,8.430107621501102e-05,8.570299506748776e-05,7.603076200522422e-05,0.0,0.0,8.570299506748776e-05,0.021243871206182777,0.021597154757006916,0.019159752025316504
2023-09-15,0.0005647123753691121,0.0005186564874528116,0.0005058785390735424,4.605588791630052e-05,0.0815563636349225,0.0005186564874528116,0.14230751859301624,0.1307014348381085,0.12748139184653268
2023-09-18,7.436139862081474e-07,7.206341609844352e-07,6.669696534945348e-07,2.2979825223712213e-08,0.030902853828822463,7.206341609844352e-07,0.00018739072452445316,0.00018159980856807768,0.0001680763526806228
2023-09-19,3.261287400407386e-05,3.1047797977496394e-05,4.182167661956041e-05,1.5650760265774653e-06,0.047989514152982915,3.1047797977496394e-05,0.008218444249026612,0.007824045090329091,0.010539062508129223
2023-09-20,0.00014505163780300682,0.00015626653868626499,0.00011039194159343332,0.0,0.0,0.00015626653868626499,0.03655301272635772,0.03937916774893878,0.027818769281545197
2023-09-21,0.00045091457417435445,0.0004566039664623936,0.00026818350740308875,0.0,0.0,0.0004566039664623936,0.11363047269193732,0.11506419954852319,0.06758224386557836
2023-09-22,2.680662337443257e-09,2.370384844725587e-09,2.6404926851087644e-09,3.102774927176697e-10,0.11570341589444615,2.370384844725587e-09,6.755269090357008e-07,5.97336980870848e-07,6.654041566474086e-07
2023-09-25,7.700347445704118e-05,8.395370537371613e-05,9.175582866974736e-05,0.0,0.0,8.395370537371613e-05,0.019404875563174377,0.021156333754176464,0.023122468824776334
2023-09-26,0.0011514783372933983,0.001183969095040613,0.0008310297858000464,0.0,0.0,0.001183969095040613,0.2901725409979364,0.2983602119502345,0.2094195060216117
2023-09-27,5.412993836310475e-06,5.393753823728527e-06,3.992864954094919e-06,1.9240012581947683e-08,0.003554411774584617,5.393753823728527e-06,0.0013640744467502395,0.0013592259635795889,0.0010062019684319197
2023-09-28,0.002060694749107647,0.00187670987952384,0.0016512009834302123,0.00018398486958380697,0.08928293216362876,0.00187670987952384,0.5192950767751271,0.4729308896400077,0.4161026478244135
2023-09-29,2.0970111977490264e-06,2.238845985296023e-06,1.060145193400845e-06,0.0,0.0,2.238845985296023e-06,0.0005284468218327546,0.0005641891882945978,0.0002671565887370129
2023-10-02,4.1304493161411335e-05,4.0471510582118596e-05,4.1981565638570376e-05,8.329825792927387e-07,0.020166875208241904,4.0471510582118596e-05,0.010408732276675657,0.010198820666693887,0.010579354540919735
2023-10-03,0.0005486765305932763,0.0005132468257338927,0.0004485428416432257,3.542970485938366e-05,0.06457302767534266,0.0005132468257338927,0.13826648570950564,0.12933820008494096,0.11303279609409288
2023-10-04,9.679303081387443e-05,8.819048493703712e-05,8.122452918479895e-05,8.602545876837313e-06,0.08887567333751203,8.819048493703712e-05,0.024391843765096358,0.022224002204133356,0.020468581354569335
2023-10-05,0.0010711418031892081,0.0011458400427636426,0.0011769756114436408,0.0,0.0,0.0011458400427636426,0.26992773440368045,0.2887516907764379,0.29659785408379746
2023-10-06,0.0021361240641932047,0.0017050228888026112,0.00174196501885621,0.00043110117539059347,0.20181467098054623,0.0017050228888026112,0.5383032641766876,0.429665767978258,0.43897518475176495
2023-10-09,1.821111549453334e-05,1.9420914337234842e-05,2.6311569484462584e-05,0.0,0.0,1.9420914337234842e-05,0.004589201104622401,0.00489407041298318,0.006630515510084571
2023-10-10,5.964797952823944e-05,5.277436534551877e-05,5.467549568188484e-05,6.873614182720666e-06,0.11523632689402548,5.277436534551877e-05,0.015031290841116339,0.01329914006707073,0.01377822491183498
2023-10-11,0.0034970010097587967,0.0038212366726547405,0.0023695194815910115,0.0,0.0,0.0038212366726547405,0.8812442544592167,0.9629516415089946,0.5971189093609349
2023-10-12,0.0002921280763536401,0.000282044501917274,0.00022310932810273653,1.0083574436366128e-05,0.03451764899735845,0.000282044501917274,0.0736162752411173,0.07107521448315304,0.056223550681889604
2023-10-13,0.00012063402024736521,0.00010529223169045818,0.00011487361020426339,1.534178855690703e-05,0.12717630066768676,0.00010529223169045818,0.030399773102336033,0.02653364238599546,0.028948149771474373
2023-10-16,0.0006658698316892349,0.000693329378946568,0.0005944146392228355,0.0,0.0,0.000693329378946568,0.16779919758568718,0.17471900349453515,0.14979248908415455
2023-10-17,4.851985981112291e-06,5.089971937473547e-06,4.896330152260331e-06,0.0,0.0,5.089971937473547e-06,0.0012227004672402974,0.0012826729282433339,0.0012338751983696032
2023-10-18,3.164867589860587,2.719434349379556,3.096469707688576,0.44543324048103106,0.14074308887611683,2.719434349379556,797.5466326448679,685.2974560436481,780.3103663375211
2023-10-19,0.0006554162843212436,0.0006967988668168881,0.0007134103331085185,0.0,0.0,0.0006967988668168881,0.16516490364895337,0.1755933144378558,0.17977940394334666
2023-10-20,0.0012087107282958756,0.0012781935683835286,0.0009268564574399458,0.0,0.0,0.0012781935683835286,0.3045951035305607,0.3221047792326492,0.23356782727486636
2023-10-23,1.3322223175408452e-05,1.5526983711438598e-05,1.6692665057766876e-05,0.0,0.0,1.5526983711438598e-05,0.00335720024020293,0.003912799895282527,0.004206551594557253
2023-10-24,0.0011989907019426178,0.0011046123206120977,0.0011547889091639964,9.437838133052011e-05,0.07871485666977432,0.0011046123206120977,0.3021456568895397,0.2783623047942486,0.2910068051093271
2023-10-25,0.00040813309048515266,0.0003835566224132176,0.0006054660439037698,2.4576468071935056e-05,0.06021679835492858,0.0003835566224132176,0.10284953880225847,0.09665626884813083,0.15257744306374998
2023-10-26,0.02069340508261794,0.02001779982317757,0.02723450145712283,0.0006756052594403678,0.032648336835353155,0.02001779982317757,5.21473808081972,5.0444855554407475,6.863094367194953
2023-10-27,3.94668758794871e-05,4.156198777273135e-05,4.469766385175838e-05,0.0,0.0,4.156198777273135e-05,0.00994565272163075,0.0104736209187283,0.01126381129064311
2023-10-30,0.008332804480525504,0.00841394242544332,0.00496862066180474,0.0,0.0,0.00841394242544332,2.099866729092427,2.1203134912117165,1.2520924067747945
2023-10-31,4.409278314198056e-05,4.1605143093486786e-05,3.538714431544669e-05,2.487640048493777e-06,0.056418302833485735,4.1605143093486786e-05,0.011111381351779102,0.01048449605955867,0.008917560367492566
2023-11-01,0.0011170574313953405,0.0014176271420974307,0.000809988634911634,0.0,0.0,0.0014176271420974307,0.2814984727116258,0.3572420398085525,0.20411713599773176
2023-11-02,0.00019609315362262265,0.00017620986033235614,0.00015986896714691195,1.9883293290266503e-05,0.10139718201041491,0.00017620986033235614,0.049415474712900906,0.04440488480375375,0.04028697972102181
2023-11-03,0.00016346832171252847,0.000182627547769199,0.00014738633629666004,0.0,0.0,0.000182627547769199,0.041194017071557176,0.046022142037838144,0.03714135674675833
2023-11-06,5.0184005874381394e-06,4.3761659784150976e-06,8.310839222214484e-06,6.422346090230419e-07,0.12797592975234537,4.3761659784150976e-06,0.0012646369480344111,0.0011027938265606046,0.00209433148399805
2023-11-07,0.002072412568242225,0.002083550526175585,0.0016456664778043517,0.0,0.0,0.002083550526175585,0.5222479671970407,0.5250547325962474,0.4147079524066966
2023-11-08,6.927131700875447e-07,6.990093504429697e-07,4.830866553987092e-07,0.0,0.0,6.990093504429697e-07,0.00017456371886206127,0.00017615035631162837,0.00012173783716047471
2023-11-09,5.717037645481459e-05,4.685489804197759e-05,4.1184592683168207e-05,1.0315478412837e-05,0.18043397423761953,4.685489804197759e-05,0.014406934866613277,0.011807434306578353,0.010378517356158388
2023-11-10,0.0002630349792212728,0.0002820304967674527,0.00023647443823777287,0.0,0.0,0.0002820304967674527,0.06628481476376075,0.07107168518539808,0.05959155843591876
2023-11-13,1.094871443126519e-05,1.1384938614530327e-05,7.588460194077026e-06,0.0,0.0,1.1384938614530327e-05,0.0027590760366788276,0.0028690045308616425,0.0019122919689074107
2023-11-14,0.6079233165237783,0.6046287061384396,0.5350390359342025,0.0032946103853387365,0.005419450604679105,0.6046287061384396,153.19667576399212,152.36643394688676,134.82983705541903
2023-11-15,1.277986579643068e-05,1.2951523338085577e-05,1.382679292986885e-05,0.0,0.0,1.2951523338085577e-05,0.003220526180700531,0.003263783881197565,0.00348435181832695
2023-11-16,1.5064377997711173e-06,1.573236380464139e-06,1.414763818175805e-06,0.0,0.0,1.573236380464139e-06,0.00037962232554232154,0.00039645556787696305,0.00035652048218030283
2023-11-17,5.522882307141482e-08,5.238196870286857e-08,6.126720598457975e-08,2.846854368546251e-09,0.05154560000790028,5.238196870286857e-08,1.3917663413996534e-05,1.3200256113122879e-05,1.5439335908114098e-05
2023-11-20,0.001401013544835802,0.001218118933148832,0.0015370970673407964,0.0001828946116869698,0.13054449918102717,0.001218118933148832,0.35305541329862206,0.3069659711535057,0.3873484609698807
2023-11-21,0.00019854272282013728,0.0002231665433058712,0.00024332331950657575,0.0,0.0,0.0002231665433058712,0.0500327661506746,0.05623796891307954,0.06131747651565709
2023-11-22,1.539773593668808e-05,1.595212172223944e-05,1.248704031000874e-05,0.0,0.0,1.595212172223944e-05,0.003880229456045396,0.0040199346740043395,0.0031467341581222024
2023-11-24,2.729306478310566e-06,2.7311827902750954e-06,1.8333512914957242e-06,0.0,0.0,2.7311827902750954e-06,0.0006877852325342627,0.0006882580631493241,0.0004620045254569225
2023-11-27,1.4819617268929077e-05,1.4900594920857938e-05,9.154088524715501e-06,0.0,0.0,1.4900594920857938e-05,0.0037345435517701273,0.0037549499200562005,0.0023068303082283063
2023-11-28,3.808298569148676e-05,3.8205927669710245e-05,4.092413134768866e-05,0.0,0.0,3.8205927669710245e-05,0.009596912394254663,0.009627893772766983,0.010312881099617543
2023-11-29,2.160963903854911e-07,1.9264586275835103e-07,2.9448729055568384e-07,2.3450527627140065e-08,0.10851832863556203,1.9264586275835103e-07,5.445629037714375e-05,4.854675741510446e-05,7.421079722003232e-05
2023-11-30,2.1148086080376667e-05,2.4155613601631204e-05,1.3676183370705079e-05,0.0,0.0,2.4155613601631204e-05,0.00532931769225492,0.0060872146276110635,0.0034463982094176796
2023-12-01,0.0002644623270595175,0.00027795077658841717,0.0001971491580027122,0.0,0.0,0.00027795077658841717,0.06664450641899841,0.07004359570028112,0.04968158781668348
2023-12-04,0.00017735582615503934,0.00019066221139737579,0.00020247471432485227,0.0,0.0,0.00019066221139737579,0.044693668191069916,0.048046877272138695,0.05102362800986277
2023-12-05,1.1944473813898775e-05,1.2196908805276691e-05,2.3356471578588836e-05,0.0,0.0,1.2196908805276691e-05,0.0030100074011024914,0.003073621018929726,0.0058858308378043865
2023-12-06,0.0005756729890875216,0.0004949061228498127,0.0005492517777294124,8.076686623770886e-05,0.14029990572500126,0.0004949061228498127,0.14506959325005545,0.1247163429581528,0.13841144798781194
2023-12-07,0.00018641768105864226,0.00018132011830390685,0.00023270814949933013,5.097562754735412e-06,0.027344845716576652,0.00018132011830390685,0.04697725562677785,0.045692669812584526,0.058642453673831196
2023-12-08,1.572664514626471e-05,1.8308480517095445e-05,2.394929662499626e-05,0.0,0.0,1.8308480517095445e-05,0.003963114576858707,0.004613737090308052,0.006035222749499058
2023-12-11,3.0327683917268873e-05,2.703629544455767e-05,4.1807107240915924e-05,3.291388472711203e-06,0.10852752136174611,2.703629544455767e-05,0.007642576347151756,0.006813146452028533,0.010535391024710813
2023-12-12,0.0015275781956486404,0.0015671592295579077,0.002329778163293764,0.0,0.0,0.0015671592295579077,0.3849497053034574,0.3949241258485927,0.5871040971500285
2023-12-13,0.0005776694124062378,0.0006365018054239167,0.0006650001901977626,0.0,0.0,0.0006365018054239167,0.14557269192637193,0.160398454966827,0.1675800479298362
2023-12-14,3.1354647898273275e-06,3.162267239223884e-06,1.782220062805765e-06,0.0,0.0,3.162267239223884e-06,0.0007901371270364866,0.0007968913442844188,0.0004491194558270528
2023-12-15,2.8609987801418105e-05,2.109899525301236e-05,3.54618923138805e-05,7.510992548405747e-06,0.26253042601797355,2.109899525301236e-05,0.0072097169259573626,0.005316946803759114,0.008936396863097886
2023-12-18,1.3174322888998782e-05,1.351775559069247e-05,1.1716905510955532e-05,0.0,0.0,1.351775559069247e-05,0.003319929368027693,0.0034064744088545024,0.002952660188760794
2023-12-19,2.1123425232507285e-05,2.1904732070518398e-05,2.5262461323969422e-05,0.0,0.0,2.1904732070518398e-05,0.005323103158591836,0.005519992481770636,0.006366140253640295
2023-12-20,7.513752854277245e-05,7.807770864066723e-05,9.066939117262406e-05,0.0,0.0,7.807770864066723e-05,0.018934657192778658,0.019675582577448142,0.022848686575501265
2023-12-21,0.0012799364007092494,0.0012568610797634382,0.0008952482073514996,2.3075320945811165e-05,0.018028490255450176,0.0012568610797634382,0.32254397297873083,0.3167289921003864,0.22560254825257792
2023-12-22,1.216460686703046e-05,1.09350704294573e-05,1.6520561081636685e-05,1.2295364375731607e-06,0.10107489291993978,1.09350704294573e-05,0.003065480930491676,0.0027556377482232395,0.004163181392572444
2023-12-26,6.448481416264132e-06,7.11432521329209e-06,8.761229631297556e-06,0.0,0.0,7.11432521329209e-06,0.001625017316898561,0.0017928099537496067,0.0022078298670869844
2023-12-27,8.39533691411164e-06,7.682725404172896e-06,5.943374972332806e-06,7.126115099387445e-07,0.08488181383871671,7.682725404172896e-06,0.0021156249023561334,0.0019360468018515698,0.001497730493027867
2023-12-28,1.3708099975936733e-06,1.2916888715080908e-06,1.8209324599856504e-06,7.91211260855825e-08,0.05771847922468672,1.2916888715080908e-06,0.00034544411939360566,0.0003255055956200389,0.0004588749799163839
2023-12-29,0.0012783000813770538,0.0011972710681203542,0.000944292874449389,8.10290132566996e-05,0.06338809984743385,0.0011972710681203542,0.32213162050701755,0.30171230916632924,0.23796180436124603
2024-01-02,0.001254315325902397,0.0012088326601913007,0.000935305482881796,4.548266571109639e-05,0.036260950285458456,0.0012088326601913007,0.3160874621274041,0.3046258303682078,0.2356969816862126
2024-01-03,0.00011235243254662029,9.715681514718378e-05,0.0001303279753895431,1.5195617399436513e-05,0.13524956175632047,9.715681514718378e-05,0.028312813001748312,0.024483517417090313,0.03284264979816486
2024-01-04,6.745434624740952e-05,7.099751784544003e-05,9.561359982706674e-05,0.0,0.0,7.099751784544003e-05,0.0169984952543472,0.017891374497050888,0.024094627156420818
2024-01-05,6.7420488127261025e-06,6.9582900530793926e-06,5.1904552143695995e-06,0.0,0.0,6.9582900530793926e-06,0.0016989963008069778,0.001753489093376007,0.0013079947140211391
2024-01-08,0.002272005329167755,0.0023827344545323354,0.0014129117792915078,0.0,0.0,0.0023827344545323354,0.5725453429502743,0.6004490825421486,0.35605376838145997
2024-01-09,8.597243260005451e-06,6.946192942296754e-06,1.1369839168512728e-05,1.6510503177086966e-06,0.19204413272162282,6.946192942296754e-06,0.002166505301521374,0.001750440621458782,0.0028651994704652077
2024-01-10,3.813923807493164e-05,3.0591770623135954e-05,6.271783179027868e-05,7.547467451795683e-06,0.19789244974099449,3.0591770623135954e-05,0.009611087994882772,0.00770912619703026,0.015804893611150228
2024-01-11,2.29697599702513e-05,2.2092840379310382e-05,2.7744760958560413e-05,8.769195909409182e-07,0.03817713175494679,2.2092840379310382e-05,0.005788379512503328,0.005567395775586216,0.006991679761557224
2024-01-12,2.0083277099197955e-05,1.9710640737083697e-05,9.167982395900635e-06,3.72636362114258e-07,0.018554558686768353,1.9710640737083697e-05,0.005060985828997885,0.004967081465745092,0.00231033156376696
2024-01-16,5.0587229455674545e-09,4.293173736727139e-09,4.0395090788956885e-09,7.655492088403152e-10,0.15130259444560512,4.293173736727139e-09,1.2747981822829986e-06,1.081879781655239e-06,1.0179562878817134e-06
2024-01-17,0.0004422164352371539,0.0004579917850260262,0.00033209197683340677,0.0,0.0,0.0004579917850260262,0.11143854167976278,0.11541392982655861,0.08368717816201851
2024-01-18,0.0010894595469007062,0.0010766966454080604,0.0012871172198932006,1.276290149264587e-05,0.011714892505406806,0.0010766966454080604,0.27454380581897797,0.2713275546428312,0.32435353941308653
2024-01-19,0.0008288598853944365,0.0008030279649990545,0.0009337180054960294,2.583192039538201e-05,0.031165605694530085,0.0008030279649990545,0.208872691119398,0.20236304717976172,0.2352969373849994
2024-01-22,2.6605748622007674e-05,2.4899764963047418e-05,2.7903470765797496e-05,1.705983658960256e-06,0.06412086421910491,2.4899764963047418e-05,0.006704648652745933,0.006274740770687949,0.007031674632980969
2024-01-23,8.227678382921612e-05,8.9044072439215e-05,9.335141879920638e-05,0.0,0.0,8.9044072439215e-05,0.02073374952496246,0.02243910625468218,0.023524557537400008
2024-01-24,3.0226612280088428e-05,2.9076852920073115e-05,3.144635365880721e-05,1.149759360015313e-06,0.03803798160784057,2.9076852920073115e-05,0.007617106294582284,0.007327366935858425,0.007924481122019418
2024-01-25,3.265426950680657e-07,3.4904657172507584e-07,5.921800734931698e-07,0.0,0.0,3.4904657172507584e-07,8.228875915715256e-05,8.795973607471911e-05,0.0001492293785202788
2024-01-26,1.1629243040029525e-05,1.0521376902497581e-05,1.5972869394271207e-05,1.1078661375319438e-06,0.09526553348768929,1.0521376902497581e-05,0.0029305692460874404,0.0026513869794293904,0.004025163087356344
2024-01-29,1.1093910077715496e-05,1.201046422688582e-05,1.702420749140194e-05,0.0,0.0,1.201046422688582e-05,0.0027956653395843052,0.0030266369851752266,0.004290100287833289
2024-01-30,8.535338065767856e-06,7.965965004814736e-06,1.3084594463753092e-05,5.693730609531205e-07,0.06670772614490139,7.965965004814736e-06,0.0021509051925735,0.0020074231812133134,0.003297317804865779
2024-01-31,0.00021385024127248847,0.0002095488097807234,0.0002439851737354286,4.301431491765073e-06,0.020114223140716293,0.0002095488097807234,0.0538902608006671,0.052806300064742295,0.06148426378132801
2024-02-01,4.2202081984553064e-05,3.814772653769807e-05,4.649953686772047e-05,4.0543554468549926e-06,0.09607003162234859,3.814772653769807e-05,0.010634924660107372,0.009613227087499914,0.011717883290665558
2024-02-02,0.0005159728987430969,0.0005559598763692832,0.0006274008693923247,0.0,0.0,0.0005559598763692832,0.13002517048326043,0.14010188884505936,0.15810501908686583
2024-02-05,8.052335445242392e-07,9.279393825101106e-07,8.712355296886655e-07,0.0,0.0,9.279393825101106e-07,0.0002029188532201083,0.00023384072439254787,0.0002195513534815437
2024-02-06,0.00010981993806983762,0.00011357703597316503,0.00012062399273089659,0.0,0.0,0.00011357703597316503,0.02767462439359908,0.028621413065237588,0.03039724616818594
2024-02-07,2.1398116185716386e-05,1.6381038246019878e-05,3.6969148489535776e-05,5.017077939696509e-06,0.2344635229423594,1.6381038246019878e-05,0.0053923252788005294,0.004128021637997009,0.009316225419363016
2024-02-08,1.683065885232103e-06,1.650738787700633e-06,1.203331909530084e-06,3.2327097531470006e-08,0.019207256595160177,1.650738787700633e-06,0.00042413260307848995,0.0004159861745005595,0.00030323964120158116
2024-02-09,0.00011426109398399342,0.00011077412180931533,7.916778649243635e-05,3.4869721746780947e-06,0.03051758059177165,0.00011077412180931533,0.028793795683966342,0.027915078695947462,0.01995028219609396
2024-02-12,0.0007612889784603735,0.0007957092894458684,0.0006891321136939515,0.0,0.0,0.0007957092894458684,0.19184482257201413,0.20051874094035885,0.17366129265087576
2024-02-13,0.000579789547717229,0.0005783114922407913,0.000940780672228725,1.4780554764377493e-06,0.0025492965157925197,0.0005783114922407913,0.1461069660247417,0.14573449604467942,0.2370767294016387
2024-02-14,0.017537394786145313,0.017948548013009477,0.019008772072183364,0.0,0.0,0.017948548013009477,4.419423486108619,4.523034099278388,4.790210562190207
2024-02-15,8.468804935633458e-06,7.895563347391818e-06,6.0039673846986166e-06,5.732415882416394e-07,0.06768859655050787,7.895563347391818e-06,0.0021341388437796315,0.0019896819635427383,0.0015129997809440513
2024-02-16,0.0002613281034908847,0.0002557068942250432,0.00019102299371466684,5.621209265841505e-06,0.02151015971585856,0.0002557068942250432,0.06585468207970295,0.06443813734471089,0.048137794416096044
2024-02-20,0.0005905212823094202,0.0005246697275419928,0.00035837615668116293,6.585155476742743e-05,0.11151427836500631,0.0005246697275419928,0.14881136314197388,0.13221677134058218,0.09031079148365306
2024-02-21,4.186609135004743e-05,4.0719554666001295e-05,4.136884738063969e-05,1.1465366840461341e-06,0.027385806023160774,4.0719554666001295e-05,0.010550255020211952,0.010261327775832326,0.010424949539921203
2024-02-22,0.01048737978058343,0.008596394873439663,0.008464600051138532,0.0018909849071437664,0.18031052050431776,0.008596394873439663,2.642819704707024,2.166291508106795,2.13307921288691
2024-02-23,4.691884804788561e-06,4.904904797008322e-06,4.6502155745726865e-06,0.0,0.0,4.904904797008322e-06,0.0011823549708067174,0.001236036008846097,0.001171854324792317
2024-02-26,8.36690941905985e-08,9.10321670640748e-08,6.551749621297034e-08,0.0,0.0,9.10321670640748e-08,2.1084611736030823e-05,2.294010610014685e-05,1.6510409045668525e-05
2024-02-27,4.934615132369877e-06,5.834004738056053e-06,3.312775977999133e-06,0.0,0.0,5.834004738056053e-06,0.0012435230133572089,0.0014701691939901253,0.0008348195464557814
2024-02-28,1.405559658120847e-05,1.3578313966248254e-05,1.6640832104496384e-05,4.772826149602164e-07,0.03395676435687913,1.3578313966248254e-05,0.0035420103384645346,0.00342173511949456,0.004193489690333088
2024-02-29,0.0008159901614438437,0.0008081067702532744,0.0005454007459873869,7.883391190569283e-06,0.009661135088882663,0.0008081067702532744,0.2056295206838486,0.20364290610382516,0.1374409879888215
2024-03-01,0.00039827093122154307,0.00038027984152136536,0.0002881303548393056,1.7991089700177703e-05,0.045172992163460074,0.00038027984152136536,0.10036427466782885,0.09583052006338408,0.07260884941950502
2024-03-04,0.0002484963474998892,0.000247181883133243,0.00014727932091292815,1.3144643666461908e-06,0.005289672764132295,0.000247181883133243,0.06262107956997207,0.06228983454957723,0.03711438887005789
2024-03-05,0.0012260950155225483,0.001382021570955204,0.0011978022992118564,0.0,0.0,0.001382021570955204,0.30897594391168215,0.34826943588071135,0.3018461794013878
2024-03-06,2.5709234090362245e-05,2.2407610660420665e-05,3.137064441607528e-05,3.3016234299415797e-06,0.12842169042902707,2.2407610660420665e-05,0.006478726990771286,0.005646717886426008,0.00790540239285097
2024-03-07,0.0019202844770395712,0.0018847277585671268,0.001161415719880839,3.555671847244447e-05,0.018516380712895474,0.0018847277585671268,0.48391168821397196,0.47495139515891593,0.29267676140997145
2024-03-08,0.00012921213576980766,0.00011490476099514523,7.727127689904572e-05,1.4307374774662432e-05,0.1107277933198421,0.00011490476099514523,0.032561458213991534,0.0289559997707766,0.019472361778559523
2024-03-11,6.593167143149241e-06,6.660494693552127e-06,5.116479783620957e-06,0.0,0.0,6.660494693552127e-06,0.0016614781200736087,0.0016784446627751358,0.0012893529054724812
2024-03-12,0.006900071548240189,0.007588899783694591,0.005184628481135666,0.0,0.0,0.007588899783694591,1.7388180301565277,1.9124027454910368,1.306526377246188
2024-03-13,0.00018406640192386998,0.00017871059561410592,0.00016384385288555075,5.355806309764066e-06,0.029097142252403507,0.00017871059561410592,0.04638473328481524,0.045035070094754694,0.04128865092715879
2024-03-14,0.002150054974544305,0.0021074604108677632,0.0015821767476515232,4.2594563676541606e-05,0.01981091840024157,0.0021074604108677632,0.5418138535851649,0.5310800235386763,0.3987085404081838
2024-03-15,0.0008633621138973572,0.0007375466919295301,0.0009480100306890698,0.00012581542196782704,0.14572729078202012,0.0007375466919295301,0.217567252702134,0.18586176636624158,0.2388985277336456
2024-03-18,7.159624883822377e-05,7.81842432233089e-05,8.51945121277163e-05,0.0,0.0,7.81842432233089e-05,0.01804225470723239,0.01970242929227384,0.02146901705618451
2024-03-19,2.6405205939353264e-06,2.553317146993569e-06,2.682358261542258e-06,8.720344694175727e-08,0.033025083809972856,2.553317146993569e-06,0.0006654111896717023,0.0006434359210423794,0.000675954281908649
2024-03-20,0.0014074336683762203,0.0015186905415000794,0.0013732190217198876,0.0,0.0,0.0015186905415000794,0.35467328443080753,0.38271001645802,0.3460511934734117
2024-03-21,9.772850562370358e-06,1.0049986860129639e-05,1.1855809407062363e-05,0.0,0.0,1.0049986860129639e-05,0.0024627583417173304,0.002532596688752669,0.0029876639705797153
2024-03-22,7.68650507743326e-07,6.876177052695198e-07,7.981452032628825e-07,8.103280247380623e-08,0.10542203021458889,6.876177052695198e-07,0.00019369992795131817,0.000173279661727919,0.0002011325912222464
2024-03-25,1.5302786708347084e-05,1.1578510361730823e-05,1.4762986515590384e-05,3.724276346616262e-06,0.24337241145839147,1.1578510361730823e-05,0.0038563022505034654,0.0029177846111561674,0.003720272601928777
2024-03-26,2.248834604449289e-06,2.306159647550559e-06,3.0910060138238347e-06,0.0,0.0,2.306159647550559e-06,0.0005667063203212208,0.0005811522311827408,0.0007789335154836063
2024-03-27,4.996027281213739e-06,5.7086689662838165e-06,4.147773971055033e-06,0.0,0.0,5.7086689662838165e-06,0.0012589988748658622,0.0014385845795035217,0.0010452390407058683
2024-03-28,4.499394749157368e-06,4.88140155727469e-06,3.4184205203958914e-06,0.0,0.0,4.88140155727469e-06,0.0011338474767876566,0.001230113192433222,0.0008614419711397646
2024-04-01,0.0008446917813786206,0.0008436520699708912,0.0010457093825731996,1.0397114077293716e-06,0.001230876669359305,0.0008436520699708912,0.21286232890741238,0.2126003216326646,0.2635187644084463
2024-04-02,0.00020551220838605972,0.00022369268202038851,0.00016998862517659673,0.0,0.0,0.00022369268202038851,0.05178907651328705,0.0563705558691379,0.04283713354450237
2024-04-03,8.56508342727757e-06,8.51422930859296e-06,3.884834641956898e-06,5.0854118684610586e-08,0.0059373750622531436,8.51422930859296e-06,0.0021584010236739477,0.0021455857857654256,0.0009789783297731382
2024-04-04,0.0012589571764922355,0.001390173779353973,0.0023890542015590453,0.0,0.0,0.001390173779353973,0.31725720847604333,0.3503237923972012,0.6020416587928794
2024-04-05,8.365801219206751e-05,9.220594227250281e-05,8.031211298444313e-05,0.0,0.0,9.220594227250281e-05,0.021081819072401014,0.02323589745267071,0.02023865247207967
2024-04-08,2.2946489335494869e-07,2.377527465880473e-07,2.714897615968315e-07,0.0,0.0,2.377527465880473e-07,5.782515312544707e-05,5.9913692140187924e-05,6.841541992240154e-05
2024-04-09,8.758996017987877e-06,9.363630087352206e-06,1.126007585588865e-05,0.0,0.0,9.363630087352206e-06,0.002207266996532945,0.002359634782012756,0.00283753911568394
2024-04-10,0.00017263526895838755,0.00016945306002569426,0.00011741165839562642,3.1822089326932876e-06,0.01843313323783915,0.00016945306002569426,0.04350408777751366,0.04270217112647495,0.029587737915697857
2024-04-11,9.867122167635874e-05,9.895559594732666e-05,0.0001805981746907319,0.0,0.0,9.895559594732666e-05,0.024865147862442403,0.02493681017872632,0.04551074002206444
2024-04-12,0.00013288239399368717,0.00013345381060255853,0.00013647650527435476,0.0,0.0,0.00013345381060255853,0.033486363286409165,0.03363036027184475,0.0343920793291374
2024-04-15,0.00010721641163321559,9.568903180363626e-05,0.0001334935460803522,1.1527379829579329e-05,0.10751506739004764,9.568903180363626e-05,0.02701853573157033,0.024113636014516337,0.03364037361224875
2024-04-16,3.51288694697484e-08,3.9710007792749605e-08,5.5055711640139926e-08,0.0,0.0,3.9710007792749605e-08,8.852475106376598e-06,1.00069219637729e-05,1.3874039333315262e-05
2024-04-17,0.002048497363666594,0.0019498201379070609,0.0012346243573716222,9.867722575953317e-05,0.04817054073955009,0.0019498201379070609,0.5162213356439816,0.4913546747525793,0.3111253380576488
2024-04-18,7.490985431197157e-05,7.598710235808723e-05,5.364712398575886e-05,0.0,0.0,7.598710235808723e-05,0.018877283286616836,0.019148749794237984,0.013519075244411233
2024-04-19,0.00034256100576861786,0.000335348092766349,0.0004890230422774776,7.212913002268878e-06,0.021055849497607373,0.000335348092766349,0.0863253734536917,0.08450771937711994,0.12323380665392436
2024-04-22,6.545740664593881e-05,6.412868796806157e-05,3.334518586010107e-05,1.3287186778772445e-06,0.020298981057488955,6.412868796806157e-05,0.01649526647477658,0.016160429367951513,0.008402986836745471
2024-04-23,0.00022298402658781565,0.0002396031633777722,0.0003545704485445859,0.0,0.0,0.0002396031633777722,0.05619197470012954,0.060379997171198595,0.08935175303323564
2024-04-24,3.0681692196140997e-06,2.694650131689468e-06,2.024913059224299e-06,3.7351908792463154e-07,0.12174001479344619,2.694650131689468e-06,0.0007731786433427531,0.0006790518331857459,0.0005102780909245233
2024-04-25,2.3620593424306755e-05,2.8124136660769598e-05,1.1765610129356173e-05,0.0,0.0,2.8124136660769598e-05,0.005952389542925303,0.007087282438513939,0.0029649337525977557
2024-04-26,0.00015124209313591023,0.0001768716367205493,0.00015711591366428918,0.0,0.0,0.0001768716367205493,0.03811300747024938,0.04457165245357842,0.03959321024340087
2024-04-29,5.938229113219466e-06,5.624250304603627e-06,4.8303716588708115e-06,3.1397880861583877e-07,0.05287413970652146,5.624250304603627e-06,0.0014964337365313053,0.001417311076760114,0.0012172536580354444
2024-04-30,0.0003468373631036178,0.0003225312869258342,0.0003786919087666954,2.4306076177783625e-05,0.07007917454511094,0.0003225312869258342,0.08740301550211169,0.08127788430531022,0.09543036100920725
2024-05-01,0.0007145889222463759,0.000668979376512994,0.0008236704840269727,4.5609545733381936e-05,0.06382627025084278,0.000668979376512994,0.1800764084060867,0.16858280288127447,0.20756496197479712
2024-05-02,0.00010792277456813657,0.00010279266617393972,0.00010722514569578301,5.130108394196857e-06,0.047534993120687354,0.00010279266617393972,0.027196539191170415,0.025903751875832808,0.027020736715337317
2024-05-03,0.0009908300023067668,0.0009920037051564749,0.0005937618977683751,0.0,0.0,0.0009920037051564749,0.24968916058130525,0.24998493369943167,0.14962799823763054
2024-05-06,0.00011366129821008614,0.00012433235643068426,0.00011271924599926091,0.0,0.0,0.00012433235643068426,0.028642647148941706,0.03133175382053243,0.02840524999181375
2024-05-07,1.794679831215443e-07,1.725066745030049e-07,1.1391422758200936e-07,6.961308618539388e-09,0.03878836608677324,1.725066745030049e-07,4.522593174662917e-05,4.3471681974757236e-05,2.870638535066636e-05
2024-05-08,4.580754868726847e-06,4.731739727811164e-06,3.7636007474157353e-06,0.0,0.0,4.731739727811164e-06,0.0011543502269191655,0.0011923984114084133,0.0009484273883487653
2024-05-09,0.001754601209774227,0.0017215376732018241,0.0019170034469154877,3.306353657240289e-05,0.01884390388503917,0.0017215376732018241,0.44215950486310523,0.4338274936468597,0.4830848686227029
2024-05-10,1.616578391796789e-05,1.68146557580902e-05,1.4223813582728837e-05,0.0,0.0,1.68146557580902e-05,0.0040737775473279085,0.00423729325103873,0.003584401022847667
2024-05-13,6.8164632697149165e-06,7.323450181180467e-06,7.958716618413682e-06,0.0,0.0,7.323450181180467e-06,0.001717748743968159,0.0018455094456574777,0.002005596587840248
2024-05-14,0.013085556790445773,0.01150179148184933,0.010827893654995646,0.0015837653085964427,0.12103155668788768,0.01150179148184933,3.297560311192335,2.898451453426031,2.7286292010589026
2024-05-15,0.00022682623388313127,0.00018139798957852332,0.00026024531575655517,4.5428244304607956e-05,0.20027773386977993,0.00018139798957852332,0.05716021093854908,0.04571229337378788,0.0655818195706519
2024-05-16,5.393458033870146e-05,5.353742004485003e-05,4.714871371548985e-05,3.971602938514308e-07,0.007363741109944303,5.353742004485003e-05,0.013591514245352768,0.013491429851302207,0.011881475856303442
2024-05-17,5.393180378222733e-07,4.345942767642253e-07,4.5986750926304795e-07,1.04723761058048e-07,0.19417775697463616,4.345942767642253e-07,0.00013590814553121288,0.00010951775774458477,0.00011588661233428809
2024-05-20,0.00256829515121352,0.0029202740166595865,0.0020162141825683833,0.0,0.0,0.0029202740166595865,0.6472103781058071,0.7359090521982158,0.5080859740072325
2024-05-21,3.0122419362606717e-06,2.9857618222232703e-06,2.729418614729669e-06,2.648011403740132e-08,0.008790829490755856,2.9857618222232703e-06,0.0007590849679376892,0.0007524119792002641,0.0006878134909118766
2024-05-22,1.265681392440369e-07,1.1388359672198708e-07,7.025175939489465e-08,1.2684542522049808e-08,0.10021828857975283,1.1388359672198708e-07,3.18951710894973e-05,2.8698666373940744e-05,1.7703443367513452e-05
2024-05-23,2.5686221785356842e-05,2.7252597350667994e-05,2.317886241210901e-05,0.0,0.0,2.7252597350667994e-05,0.006472927889909924,0.006867654532368334,0.00584107332785147
2024-05-24,0.00018505279906666687,0.00019365126373021232,0.0001929174429915894,0.0,0.0,0.00019365126373021232,0.04663330536480005,0.0488001184600135,0.04861519563388053
2024-05-28,0.16223043396419187,0.1720284161302689,0.15779192842949208,0.0,0.0,0.1720284161302689,40.88206935897635,43.35116086482776,39.763565964232
2024-05-29,5.324077181091625e-05,5.732584354650476e-05,5.007694407969133e-05,0.0,0.0,5.732584354650476e-05,0.013416674496350894,0.0144461125737192,0.012619389908082215
2024-05-30,0.0001947633016434172,0.00019640290672890727,0.0003092998566355593,0.0,0.0,0.00019640290672890727,0.04908035201414113,0.04949353249568463,0.07794356387216093
2024-05-31,0.00015197923294506434,0.0001711045796453136,0.0001324816588323671,0.0,0.0,0.0001711045796453136,0.03829876670215621,0.04311835407061902,0.03338537802575651
2024-06-03,7.357337580288909e-05,5.8142237309072505e-05,6.358822729589248e-05,1.5431138493816582e-05,0.20973807597764946,5.8142237309072505e-05,0.01854049070232805,0.014651843801886272,0.016024233278564903
2024-06-04,8.93510150792847e-06,9.493311469950882e-06,7.592941662527107e-06,0.0,0.0,9.493311469950882e-06,0.0022516455799979746,0.002392314490427622,0.001913421298956831
2024-06-05,0.0006246268997157778,0.0005522981017391424,0.0009726159271978768,7.232879797663537e-05,0.1157952017336297,0.0005522981017391424,0.157405978728376,0.13917912163826388,0.24509921365386494
2024-06-06,1.2224817339192462e-06,1.0762218947096274e-06,1.0819911022817258e-06,1.4625983920961872e-07,0.11964164004240263,1.0762218947096274e-06,0.00030806539694765004,0.0002712079174668261,0.0002726617577749949
2024-06-07,1.140976744705805e-06,1.0050284232255668e-06,1.3459270887601406e-06,1.3594832148023813e-07,0.11915072148518698,1.0050284232255668e-06,0.00028752613966586283,0.0002532671626528428,0.00033917362636755544
2024-06-10,0.00017927989769430427,0.0001729021092408777,0.0001815466858400579,6.3777884534265816e-06,0.03557447600024333,0.0001729021092408777,0.04517853421896468,0.04357133152870118,0.04574976483169459
2024-06-11,1.4038025421732614e-05,1.3261585500810523e-05,1.261253969472988e-05,7.764399209220909e-07,0.05530976346647028,1.3261585500810523e-05,0.0035375824062766187,0.0033419195462042516,0.00317836000307193
2024-06-12,0.00014565000295197855,0.00015071656980559378,0.0002484370982764316,0.0,0.0,0.00015071656980559378,0.0367038007438986,0.03798057559100963,0.06260614876566076
2024-06-13,6.2058563528791925e-06,6.113741827425606e-06,7.612070885051231e-06,9.211452545358657e-08,0.014843158683118982,6.113741827425606e-06,0.0015638758009255565,0.0015406629405112526,0.0019182418630329101
2024-06-14,1.1790148454842141e-05,1.0161293785761922e-05,1.2378063286121732e-05,1.6288546690802187e-06,0.13815386101074895,1.0161293785761922e-05,0.0029711174106202194,0.0025606460340120043,0.0031192719481026765
2024-06-17,1.699706315352102,1.4851263502082783,1.6920666982837607,0.2145799651438236,0.12624531850330045,1.4851263502082783,428.3259914687297,374.25184025248615,426.40080796750766
2024-06-18,7.120648713529424e-07,7.421049521632879e-07,9.488552790899129e-07,0.0,0.0,7.421049521632879e-07,0.0001794403475809415,0.00018701044794514854,0.00023911153033065805
2024-06-20,4.645528797329654e-05,3.668034265210908e-05,4.765404688215525e-05,9.774945321187457e-06,0.2104161988273563,3.668034265210908e-05,0.011706732569270727,0.009243446348331488,0.012008819814303124
2024-06-21,6.780706962961245e-06,6.518360583114964e-06,5.690924756555867e-06,2.623463798462806e-07,0.03869011632403494,6.518360583114964e-06,0.0017087381546662338,0.001642626866944971,0.0014341130386520784
2024-06-24,0.00017832015734548152,0.00016467843894879116,0.00011836859240983639,1.3641718396690362e-05,0.07650126897184886,0.00016467843894879116,0.044936679651061344,0.04149896661509537,0.02982888528727877
2024-06-25,0.0006551181210548902,0.0006567285012695535,0.0008473206973220956,0.0,0.0,0.0006567285012695535,0.16508976650583232,0.16549558231992748,0.2135248157251681
2024-06-26,6.92041767639777e-05,6.393214084072025e-05,7.124581932250432e-05,5.272035923257451e-06,0.07618089100397725,6.393214084072025e-05,0.017439452544522383,0.016110899491861504,0.01795394646927109
2024-06-27,3.7431292825455425e-06,4.336191641746987e-06,4.504162666231661e-06,0.0,0.0,4.336191641746987e-06,0.0009432685792014767,0.0010927202937202408,0.0011350489918903785
2024-06-28,5.724957756487926e-05,6.215037358586703e-05,9.61323730620952e-05,0.0,0.0,6.215037358586703e-05,0.014426893546349573,0.015661894143638493,0.024225358011647987
2024-07-01,6.702069484139134e-05,7.351200801993179e-05,7.43655985745851e-05,0.0,0.0,7.351200801993179e-05,0.01688921510003062,0.018525026021022812,0.018740130840795448
2024-07-02,2.233498033242974e-05,2.422964310465819e-05,3.646817909881504e-05,0.0,0.0,2.422964310465819e-05,0.005628415043772294,0.006105870062373863,0.00918998113290139
2024-07-03,8.889166689561466e-05,9.502760900600066e-05,8.987386457357798e-05,0.0,0.0,9.502760900600066e-05,0.022400700057694893,0.023946957469512167,0.02264821387254165
2024-07-05,1.0761775583997022e-05,8.672429150414149e-06,1.7037006734941902e-05,2.0893464335828737e-06,0.19414512253392938,8.672429150414149e-06,0.0027119674471672494,0.0021854521459043655,0.004293325697205359
2024-07-08,0.0002587854628889424,0.00026900156339054775,0.00031610777396558573,0.0,0.0,0.00026900156339054775,0.06521393664801348,0.06778839397441803,0.0796591590393276
2024-07-09,3.75463027598425e-07,3.8183459532570986e-07,3.095969286034395e-07,0.0,0.0,3.8183459532570986e-07,9.461668295480309e-05,9.622231802207889e-05,7.801842600806675e-05
2024-07-10,5.492799915967977e-05,5.252463902978133e-05,4.8083186048514316e-05,2.4033601298984405e-06,0.043754735706956274,5.252463902978133e-05,0.013841855788239302,0.013236209035504895,0.012116962884225608
2024-07-11,0.0005815245658333833,0.0005657939595132172,0.0009303560130445575,1.57306063201661e-05,0.027050630734011937,0.0005657939595132172,0.1465441905900126,0.14258007779733076,0.2344497152872285
2024-07-12,2.879550212271915e-05,2.9187242628108133e-05,3.084567459446246e-05,0.0,0.0,2.9187242628108133e-05,0.007256466534925226,0.00735518514228325,0.00777310999780454
2024-07-15,2.06022391981336e-06,1.7545156499277103e-06,2.754961189079174e-06,3.057082698856495e-07,0.14838587134134087,1.7545156499277103e-06,0.0005191764277929666,0.000442137943781783,0.0006942502196479518
2024-07-16,5.506614209238855e-07,5.107741820856181e-07,4.320901079756215e-07,3.9887238838267435e-08,0.0724350115835865,5.107741820856181e-07,0.00013876667807281916,0.00012871509388557575,0.00010888670720985662
2024-07-17,0.01151328134345195,0.009250897650261974,0.008858334366320804,0.0022623836931899757,0.1965020766456106,0.009250897650261974,2.901346898549891,2.3312262078660173,2.232300260312843
2024-07-18,0.00027560546806579717,0.0003098250189529642,0.00024387042878939582,0.0,0.0,0.0003098250189529642,0.06945257795258089,0.07807590477614698,0.06145534805492774
2024-07-19,8.106843466925697e-05,8.283487891178055e-05,0.00011724736488028062,0.0,0.0,8.283487891178055e-05,0.020429245536652756,0.0208743894857687,0.029546335949830718
2024-07-22,0.00037773865648188255,0.00032038093792999923,0.00024617201429669584,5.735771855188332e-05,0.1518449791034013,0.00032038093792999923,0.0951901414334344,0.0807359963583598,0.062035347602767354
2024-07-23,9.034017736205257e-06,8.211318663883617e-06,7.754588111665969e-06,8.226990723216402e-07,0.09106678836347148,8.211318663883617e-06,0.0022765724695237247,0.0020692523032986715,0.0019541562041398243
2024-07-24,0.009159267246815832,0.006919687159140659,0.006236534427736972,0.0022395800876751732,0.24451520269912808,0.006919687159140659,2.3081353461975898,1.743761164103446,1.571606675789717
2024-07-25,4.098034717596431e-05,3.8456274243328824e-05,4.1699827873669915e-05,2.524072932635488e-06,0.06159227641984508,3.8456274243328824e-05,0.010327047488343007,0.009690981109318864,0.010508356624164819
2024-07-26,0.0002463781015197044,0.0002463875794117041,0.00015616932536215278,0.0,0.0,0.0002463875794117041,0.0620872815829655,0.062089670011749434,0.0393546699912625
2024-07-29,2.5806247783907268e-06,2.5418931451354776e-06,2.2960321963689663e-06,3.873163325524917e-08,0.015008620614261298,2.5418931451354776e-06,0.0006503174441544632,0.0006405570725741403,0.0005786001134849795
2024-07-30,0.0001503102248074424,0.0001660507547035451,0.00011333816638954328,0.0,0.0,0.0001660507547035451,0.037878176651475484,0.041844790185293364,0.028561217930164907
2024-07-31,0.003913000654022736,0.0037768854796334265,0.002553878682167343,0.00013611517438930944,0.034785369691822485,0.0037768854796334265,0.9860761648137295,0.9517751408676235,0.6435774279061705
2024-08-01,0.00021450861214712734,0.0001879699848700133,0.00019007154927315912,2.6538627277114036e-05,0.1237182362412259,0.0001879699848700133,0.05405617026107609,0.04736843618724335,0.047898030416836095
2024-08-02,0.05357961437823108,0.04916056679353093,0.04081054351466499,0.004419047584700152,0.08247628572730256,0.04916056679353093,13.502062823314233,12.388462831969795,10.284256965695578
2024-08-05,0.0005287281004055297,0.0005206842025666693,0.00044401774006805166,8.043897838860446e-06,0.015213675644394865,0.0005206842025666693,0.13323948130219349,0.13121241904680064,0.11189247049714901
2024-08-06,0.002546120451201175,0.002543896465267131,0.003697611441511861,2.223985934044024e-06,0.0008734802519344051,0.002543896465267131,0.6416223537026962,0.6410619092473171,0.9317980832609889
2024-08-07,0.0003954589727644106,0.0003737257661302532,0.0002577169515630126,2.1733206634157393e-05,0.05495691860846395,0.0003737257661302532,0.09965566113663146,0.0941788930648238,0.06494467179387917
2024-08-08,0.011813796035260931,0.012315455681016253,0.010158173845894193,0.0,0.0,0.012315455681016253,2.9770766008857548,3.103494831616096,2.5598598091653364
2024-08-09,9.710683028453034e-05,0.00010305513866321188,7.31538439643666e-05,0.0,0.0,0.00010305513866321188,0.024470921231701647,0.025969894943129394,0.018434768679020382
2024-08-12,4.8149398383444786e-05,4.752672207095442e-05,3.329143209653994e-05,6.226763124903673e-07,0.012932171957776531,4.752672207095442e-05,0.012133648392628087,0.011976733961880514,0.008389440888328065
2024-08-13,0.002085259946192909,0.001693366652418741,0.0026409469469024166,0.0003918932937741681,0.18793498350252144,0.001693366652418741,0.5254855064406131,0.4267283964095227,0.665518630619409
2024-08-14,1.017289720093702e-06,9.351807808851242e-07,9.744538754473463e-07,8.210893920857768e-08,0.08071334731237367,9.351807808851242e-07,0.00025635700946361286,0.0002356655567830513,0.00024556237661273124
2024-08-15,0.0003298361848940883,0.0003098861914740269,0.0003308153297366314,1.994999342006139e-05,0.060484550432157294,0.0003098861914740269,0.08311871859331024,0.07809132025145478,0.0833654630936311
2024-08-16,0.0001029873757841751,9.258382846577212e-05,0.0001450900961609937,1.0403547318402976e-05,0.10101769404424302,9.258382846577212e-05,0.025952818697612123,0.023331124773374574,0.036562704232570416
2024-08-19,0.002443373179896919,0.002040058909717097,0.0025315670304825013,0.00040331427017982176,0.16506454001094187,0.002040058909717097,0.6157300413340235,0.5140948452487085,0.6379548916815904
2024-08-20,5.253579062976985e-07,5.226345454237857e-07,5.937344119658755e-07,2.7233608739128227e-09,0.005183810231951432,5.226345454237857e-07,0.00013239019238702002,0.00013170390544679398,0.00014962107181540061
2024-08-21,0.00011493800910542554,0.00010908388603424861,0.00011566392458748294,5.854123071176922e-06,0.050932872996559596,0.00010908388603424861,0.028964378294567234,0.02748913928063065,0.0291473089960457
2024-08-22,0.00025140948962041443,0.000271130004149436,0.00021896971301097506,0.0,0.0,0.000271130004149436,0.06335519138434444,0.06832476104565788,0.05518036767876572
2024-08-23,0.006230279982177395,0.004708733661913894,0.004654177427256843,0.001521546320263501,0.2442179684335027,0.004708733661913894,1.5700305555087035,1.1866008828023014,1.1728527116687246
2024-08-26,0.00017577127384525715,0.000191495803361759,8.552658285348167e-05,0.0,0.0,0.000191495803361759,0.0442943610090048,0.04825694244716327,0.021552698879077382
2024-08-27,1.777298237866219e-05,2.0640346635777423e-05,1.1322531895897252e-05,0.0,0.0,2.0640346635777423e-05,0.004478791559422872,0.00520136735221591,0.0028532780377661074
2024-08-28,0.0003868339796907096,0.00035480476511567667,0.0003076571207987226,3.2029214575032914e-05,0.08279834806095189,0.00035480476511567667,0.09748216288205881,0.08941080080915052,0.0775295944412781
2024-08-29,1.4842704488259642e-05,1.5697330665203768e-05,1.604699039759056e-05,0.0,0.0,1.5697330665203768e-05,0.00374036153104143,0.003955727327631349,0.004043841580192821
2024-08-30,0.004509568709149482,0.004123545479492566,0.0030992075016839753,0.000386023229656916,0.08560091983699261,0.004123545479492566,1.1364113147056694,1.0391334608321265,0.7810002904243618
2024-09-03,0.0010307324571204146,0.0011022961829949376,0.000537831252198005,0.0,0.0,0.0011022961829949376,0.25974457919434446,0.27777863811472425,0.13553347555389725
2024-09-04,7.899241087898897e-06,7.990476351211065e-06,5.1727993342189396e-06,0.0,0.0,7.990476351211065e-06,0.001990608754150522,0.002013600040505188,0.0013035454322231728
2024-09-05,0.0002507823477214644,0.0002824359718465703,0.00028704512511009073,0.0,0.0,0.0002824359718465703,0.06319715162580902,0.07117386490533571,0.07233537152774286
2024-09-06,0.0588324705720318,0.0697911160308077,0.055514826391741434,0.0,0.0,0.0697911160308077,14.825782584152014,17.587361239763542,13.989736250718842
2024-09-09,5.1177552023043414e-05,4.918750061523298e-05,6.810037347567579e-05,1.9900514078104354e-06,0.038885239529025284,4.918750061523298e-05,0.01289674310980694,0.012395250155038711,0.0171612941158703
2024-09-10,5.2711820226171824e-05,5.053029308529439e-05,3.808765949345651e-05,2.1815271408774355e-06,0.04138591856876101,5.053029308529439e-05,0.0132833786969953,0.012733633857494186,0.009598090192351041
2024-09-11,0.0011120962387823142,0.001041110652824707,0.0016882082515055335,7.098558595760706e-05,0.06383043429002336,0.001041110652824707,0.28024825217314314,0.2623598845118262,0.42542847937939443
2024-09-12,4.027370337042647e-05,3.4788349556728425e-05,5.652246986086678e-05,5.485353813698045e-06,0.13620186917114122,3.4788349556728425e-05,0.01014897324934747,0.008766664088295562,0.014243662404938429
2024-09-13,3.2503990172651646e-05,3.0242182906116162e-05,2.797651668621355e-05,2.261807266535483e-06,0.06958552426751004,3.0242182906116162e-05,0.008191005523508215,0.007621030092341273,0.007050082204925814
2024-09-16,0.045481196144349305,0.04851255781801877,0.04974270001506146,0.0,0.0,0.04851255781801877,11.461261428376025,12.22516457014073,12.535160403795487
2024-09-17,3.74805563083153e-06,3.721580634713159e-06,3.4771968153205676e-06,2.6474996118371176e-08,0.007063659577762979,3.721580634713159e-06,0.0009445100189695456,0.0009378383199477161,0.000876253597460783
2024-09-18,1.1396918552209986e-05,1.0911234555551664e-05,9.717045119276747e-06,4.856839966583219e-07,0.04261537465745668,1.0911234555551664e-05,0.0028720234751569164,0.0027496311079990192,0.0024486953700577404
2024-09-19,0.11676345169826133,0.11574937559840696,0.07859984167214616,0.0010140760998543635,0.008684876004404542,0.11574937559840696,29.424389827961853,29.168842650798556,19.807160101380834
2024-09-20,5.928741231383733e-06,5.219674290312083e-06,6.9969535566770256e-06,7.090669410716496e-07,0.11959820707303,5.219674290312083e-06,0.0014940427903087008,0.0013153579211586449,0.0017632322962826104
2024-09-23,1.2102433423194642e-05,1.436620299443764e-05,1.1944334163621773e-05,0.0,0.0,1.436620299443764e-05,0.0030498132226450497,0.0036202831545982853,0.003009972209232687
2024-09-24,1.0650123141992649e-05,9.831227234507969e-06,1.3828707268594537e-05,8.188959074846803e-07,0.07689073822678127,9.831227234507969e-06,0.0026838310317821475,0.002477469263096008,0.0034848342316858233
2024-09-25,3.1823248064076376e-07,3.877501746142771e-07,4.92769266482678e-07,0.0,0.0,3.877501746142771e-07,8.019458512147247e-05,9.771304400279783e-05,0.00012417785515363486
2024-09-26,0.0004879664788591685,0.0005273312025528385,0.0005102529827053563,0.0,0.0,0.0005273312025528385,0.12296755267251047,0.13288746304331528,0.1285837516417498
2024-09-27,6.974264468164285e-05,6.819745754091925e-05,7.411901409308713e-05,1.5451871407235986e-06,0.02215555669879486,6.819745754091925e-05,0.017575146459774,0.017185759300311652,0.018677991551457957
2024-09-30,0.00019200679143970616,0.00015272195104250013,0.0002292413736356383,3.9284840397206034e-05,0.20460130549570132,0.00015272195104250013,0.04838571144280595,0.038485931662710034,0.057768826156180855
2024-10-01,0.0028884847674820052,0.0027374167069795976,0.0022632381150090998,0.00015106806050240763,0.05230010632245741,0.0027374167069795976,0.7278981614054654,0.6898290101588586,0.5703360049822932
2024-10-02,1.0919892494826243e-06,1.1387210043886517e-06,1.0917319670366963e-06,0.0,0.0,1.1387210043886517e-06,0.0002751812908696213,0.0002869576931059402,0.00027511645569324746
2024-10-03,9.70770199259253e-07,9.361648657505575e-07,7.730973087560594e-07,3.4605333508695405e-08,0.03564726017325298,9.361648657505575e-07,0.00024463409021333173,0.0002359135461691405,0.00019482052180652698
2024-10-04,0.00483531025140405,0.004766320599410596,0.0027193111498065867,6.898965199345422e-05,0.014267885283918131,0.004766320599410596,1.2184981833538207,1.20111279105147,0.6852664097512599
2024-10-07,0.00028031733840886525,0.00026039049245824014,0.00026503649779302134,1.9926845950625114e-05,0.07108674045154309,0.00026039049245824014,0.07063996927903404,0.06561840409947652,0.06678919744384137
2024-10-08,0.00011766835305354557,0.00011798200313058175,0.00012944119621916163,0.0,0.0,0.00011798200313058175,0.029652424969493486,0.029731464788906602,0.03261918144722873
2024-10-09,0.0002727136486373824,0.0003009721620959093,0.00014569365755113297,0.0,0.0,0.0003009721620959093,0.06872383945662038,0.07584498484816914,0.03671480170288551
2024-10-10,1.3124881126037579e-06,1.3130040150121276e-06,1.0596281668252622e-06,0.0,0.0,1.3130040150121276e-06,0.000330747004376147,0.0003308770117830562,0.0002670262980399661
2024-10-11,2.2608047756696224e-06,1.9031583096673871e-06,2.5606260282349314e-06,3.576464660022353e-07,0.15819424642804839,1.9031583096673871e-06,0.0005697228034687448,0.00047959589403618154,0.0006452777591152028
2024-10-14,0.0013292257041647912,0.001435661013763741,0.001560956731262416,0.0,0.0,0.001435661013763741,0.3349648774495274,0.3617865754684627,0.3933610962781288
2024-10-15,0.004839335923016832,0.004893698083759608,0.003388269643106871,0.0,0.0,0.004893698083759608,1.2195126526002418,1.2332119171074212,0.8538439500629315
2024-10-16,1.3511506153065063e-08,1.3471015842856693e-08,1.21430320237967e-08,4.049031020836976e-11,0.002996506329004356,1.3471015842856693e-08,3.4048995505723957e-06,3.3946959923998865e-06,3.060044069996768e-06
2024-10-17,7.046507197936238e-06,7.069687476238649e-06,7.33392991315184e-06,0.0,0.0,7.069687476238649e-06,0.001775719813879932,0.0017815612440121396,0.0018481503381142636
2024-10-18,0.009916961265232858,0.007815807599998744,0.013055031892297937,0.002101153665234114,0.21187474759919842,0.007815807599998744,2.49907423883868,1.9695835151996837,3.28986803685908
2024-10-21,9.363987704541844e-05,9.475621712202519e-05,5.189822398207987e-05,0.0,0.0,9.475621712202519e-05,0.023597249015445448,0.02387856671475035,0.013078352443484128
2024-10-22,7.359814695912028e-06,7.769801711614985e-06,5.372369296978278e-06,0.0,0.0,7.769801711614985e-06,0.001854673303369831,0.0019579900313269763,0.0013538370628385261
2024-10-23,4.999159164951016e-05,4.152881277430848e-05,5.327287728891055e-05,8.462778875201681e-06,0.16928404210952064,4.152881277430848e-05,0.01259788109567656,0.010465260819125737,0.01342476507680546
2024-10-24,2.345634939849002e-05,2.6874035459668185e-05,2.1580768697395057e-05,0.0,0.0,2.6874035459668185e-05,0.005911000048419485,0.006772256935836382,0.005438353711743555
2024-10-25,6.686540132472487e-06,6.715074696610289e-06,9.188102900390004e-06,0.0,0.0,6.715074696610289e-06,0.0016850081133830668,0.0016921988235457928,0.002315401930898281
2024-10-28,1.8945820927086182e-08,1.6947165508187236e-08,1.732184760175542e-08,1.9986554188989458e-09,0.1054876396726634,1.6947165508187236e-08,4.774346873625718e-06,4.2706857080631834e-06,4.365105595642365e-06
2024-10-29,9.261962992420574e-05,8.666153681876877e-05,5.960450422778452e-05,5.958093105436961e-06,0.06432862068207443,8.666153681876877e-05,0.023340146740899844,0.02183870727832973,0.015020335065401699
2024-10-30,0.00089961682410931,0.0009663793502257276,0.0006560827372479415,0.0,0.0,0.0009663793502257276,0.22670343967554613,0.24352759625688336,0.16533284978648127
2024-10-31,0.00023999146641595948,0.0002408222489688911,0.0004048466181675978,0.0,0.0,0.0002408222489688911,0.06047784953682179,0.06068720674016056,0.10202134777823464
2024-11-01,0.024076131878820517,0.019721897666127735,0.03807871359055216,0.004354234212692782,0.18085273142826971,0.019721897666127735,6.06718523346277,4.969918211864189,9.595835824819146
2024-11-04,1.0189870683620388e-05,9.5968981844987e-06,1.2875426036044774e-05,5.929724991216885e-07,0.058192342115049055,9.5968981844987e-06,0.0025678474122723376,0.002418418342493672,0.003244607361083283
2024-11-05,2.500419350640798,2.341371696214329,3.103969970729331,0.15904765442646918,0.06360839208257024,2.341371696214329,630.1056763614811,590.0256674460109,782.2004326237914
2024-11-06,0.0003715998620829053,0.0003604840814120733,0.00046290702504791327,1.111578067083198e-05,0.029913306691267558,0.0003604840814120733,0.09364316524489213,0.09084198851584248,0.11665257031207414
2024-11-07,0.0002487651608576529,0.0002087140828006075,0.0002814692401207154,4.0051078057045406e-05,0.16099954574814307,0.0002087140828006075,0.06268882053612854,0.05259594886575309,0.07093024851042029
2024-11-08,4.6514220551287564e-07,4.5607094490359317e-07,5.219562250118596e-07,9.071260609282478e-09,0.019502081298339802,4.5607094490359317e-07,0.00011721583578924467,0.00011492987811570547,0.0001315329687029886
2024-11-11,3.026522613589564e-07,2.9546659359316517e-07,2.6855634424198566e-07,7.185667765791217e-09,0.023742244618566284,2.9546659359316517e-07,7.626836986245701e-05,7.445758158547762e-05,6.767619874898039e-05
2024-11-12,6.637598066980751e-05,7.241779366234652e-05,5.922414456682045e-05,0.0,0.0,7.241779366234652e-05,0.016726747128791495,0.01824928400291132,0.014924484430838754
2024-11-13,0.0062512472264655925,0.005518568739310859,0.005551586618458999,0.0007326784871547337,0.11720516890383478,0.005518568739310859,1.5753143010693293,1.3906793223063365,1.3989998278516678
2024-11-14,5.716315224887511e-05,5.77893886811046e-05,5.080068786912674e-05,0.0,0.0,5.77893886811046e-05,0.014405114366716527,0.01456292594763836,0.012801773343019938
2024-11-15,0.00021285604043837878,0.00020980489962687567,0.00021365775089432279,3.0511408115031183e-06,0.01433429274962071,0.00020980489962687567,0.05363972219047145,0.05287083470597267,0.05384175322536934
2024-11-18,8.078400557782233e-05,8.268617055392584e-05,9.761324192606572e-05,0.0,0.0,8.268617055392584e-05,0.020357569405611228,0.02083691497958931,0.02459853696536856
2024-11-19,0.0003936418420421494,0.00034846474424376855,0.0003754125722885815,4.517709779838086e-05,0.11476701117249749,0.00034846474424376855,0.09919774419462166,0.08781311554942968,0.09460396821672253
2024-11-20,1.6321902920741414e-06,1.826407917963144e-06,1.7326107734357956e-06,0.0,0.0,1.826407917963144e-06,0.0004113119536026836,0.0004602547953267123,0.0004366179149058205
2024-11-21,1.2333954605354866e-05,1.3117176966274783e-05,1.1204322645081303e-05,0.0,0.0,1.3117176966274783e-05,0.0031081565605494263,0.0033055285955012454,0.002823489306560488
2024-11-22,4.294217807647377e-06,4.431782577424647e-06,7.085863668903548e-06,0.0,0.0,4.431782577424647e-06,0.0010821428875271392,0.001116809209511011,0.0017856376445636942
2024-11-25,6.108039632103469e-07,6.172944125358903e-07,8.560491621288209e-07,0.0,0.0,6.172944125358903e-07,0.00015392259872900742,0.00015555819195904434,0.00021572438885646285
2024-11-26,0.011137544020215792,0.011166473254248212,0.005879548835274727,0.0,0.0,0.011166473254248212,2.8066610930943794,2.8139512600705494,1.4816463064892311
2024-11-27,1.4476117808006578e-05,1.4902291844940552e-05,2.0601035289309647e-05,0.0,0.0,1.4902291844940552e-05,0.003647981687617658,0.003755377544925019,0.0051914608929060305
2024-11-29,0.00016627246027297874,0.0001317133582983481,0.00014027708795547375,3.455910197463065e-05,0.20784621644526602,0.0001317133582983481,0.041900659988790646,0.03319176629118372,0.035349826164779385
2024-12-02,4.875524770914223e-05,5.3047539075621926e-05,4.124236342365172e-05,0.0,0.0,5.3047539075621926e-05,0.012286322422703841,0.013367979847056725,0.010393075582760234
2024-12-03,0.0003917155092451345,0.00039550852584387336,0.00043854173579227864,0.0,0.0,0.00039550852584387336,0.0987123083297739,0.09966814851265608,0.11051251741965422
2024-12-04,7.671233810304993e-05,7.103442039887897e-05,6.878060540727565e-05,5.677917704170963e-06,0.07401570295677792,7.103442039887897e-05,0.019331509201968584,0.0179006739405175,0.017332712562633464
2024-12-05,3.951842918991423e-06,4.50615649505987e-06,3.3634464826668404e-06,0.0,0.0,4.50615649505987e-06,0.0009958644155858387,0.0011355514367550874,0.0008475885136320437
2024-12-06,0.00022237831708610115,0.00020011695108887199,0.00023771935551880385,2.226136599722917e-05,0.10010582951081563,0.00020011695108887199,0.05603933590569749,0.05042947167439574,0.05990527759073857
2024-12-09,0.0001249063133740043,0.0001241840449135242,7.882841475886486e-05,7.222684604800942e-07,0.005782481567084121,0.0001241840449135242,0.03147639097024908,0.0312943793182081,0.019864760519233946
2024-12-10,2.9513912203621474e-05,2.453027660194465e-05,5.392702664362906e-05,4.983635601676823e-06,0.16885716127488345,2.453027660194465e-05,0.007437505875312611,0.006181629703690052,0.013589610714194523
2024-12-11,0.0035288263206853616,0.0030973717120347678,0.005914643827439881,0.00043145460865059385,0.12226575334671949,0.0030973717120347678,0.8892642328127112,0.7805376714327614,1.49049024451485
2024-12-12,2.898853573002457e-05,3.0079420083736346e-05,3.2919452034594775e-05,0.0,0.0,3.0079420083736346e-05,0.0073051110039661915,0.007580013861101559,0.008295701912717883
2024-12-13,8.401646575064246e-06,8.763232207369651e-06,1.3209946311860055e-05,0.0,0.0,8.763232207369651e-06,0.00211721493691619,0.002208334516257152,0.0033289064705887337
2024-12-16,4.517418103621753e-05,4.606110896777099e-05,6.020688790145427e-05,0.0,0.0,4.606110896777099e-05,0.011383893621126817,0.011607399459878289,0.015172135751166476
2024-12-17,0.00012989869446003173,0.0001181124031626416,8.511956861124457e-05,1.1786291297390125e-05,0.09073448548231669,0.0001181124031626416,0.032734471003928,0.029764325596985684,0.02145013129003363
2024-12-18,0.000624079839734635,0.0006640921766888866,0.000713087287844749,0.0,0.0,0.0006640921766888866,0.157268119613128,0.16735122852559944,0.17969799653687674
2024-12-19,3.547051580030646e-05,3.928363015204404e-05,5.750181664056644e-05,0.0,0.0,3.928363015204404e-05,0.008938569981677228,0.009899474798315098,0.014490457793422742
2024-12-20,4.4277304175339e-05,3.782743015304938e-05,4.885575028906318e-05,6.449874022289621e-06,0.1456699769046014,3.782743015304938e-05,0.011157880652185427,0.009532512398568444,0.012311649072843921
2024-12-23,0.0001523720808865202,0.00016523046901913905,5.892470690135977e-05,0.0,0.0,0.00016523046901913905,0.03839776438340309,0.041638078192823044,0.014849026139142662
2024-12-24,4.138414100480099e-05,4.564684334361469e-05,4.6629843900085714e-05,0.0,0.0,4.564684334361469e-05,0.01042880353320985,0.011503004522590902,0.0117507206628216
2024-12-26,3.856545225192937e-07,3.4330062194324195e-07,4.511250775407256e-07,4.235390057605177e-08,0.10982314034912563,3.4330062194324195e-07,9.718493967486202e-05,8.651175672969697e-05,0.00011368351954026285
2024-12-27,0.0036076528074901614,0.003314543929130205,0.002256910909661468,0.0002931088783599562,0.08124642085018852,0.003314543929130205,0.9091285074875206,0.8352650701408117,0.56874154923469
2024-12-30,0.000964774119771801,0.0009224961603499594,0.0007650989329149161,4.227795942184163e-05,0.043821614315297,0.0009224961603499594,0.24312307818249387,0.23246903240818978,0.19280493109455885
2024-12-31,0.00034245647033108445,0.00031885522500411397,0.00026797874647987145,2.3601245326970483e-05,0.06891750427502644,0.00031885522500411397,0.08629903052343328,0.08035151670103673,0.0675306441129276
