date,rv_5min,bv_5min,rk_5min,jump_var,jump_ratio,cont_var,rv_5min_ann,bv_5min_ann,rk_5min_ann,J_stat,p_value,jump_detected,n_jump_bars,max_L_stat,jump_day_lm,jump_intensity
2015-01-05,3.328043345367817e-23,3.6542222604284754e-23,2.34545950938224e-23,0.0,0.0,3.6542222604284754e-23,8.386669230326898e-21,9.208640096279758e-21,5.910557963643245e-21,-0.0,1.0,0,0,0.0,0,0.0
2015-01-06,0.0006094149326486075,0.0006013998083092666,0.0004393716737439893,8.015124339340904e-06,0.013152162667484738,0.0006013998083092666,0.1535725630274491,0.15155275169393517,0.1107216617834853,0.0948,0.924507,0,4,3226.417,1,0.05128205128205128
2015-01-07,0.0003150928410484025,0.00030820381814578734,0.0002691016828601479,6.889022902615183e-06,0.021863470010394383,0.00030820381814578734,0.07940339594419743,0.07766736217273841,0.06781362408075726,0.1575,0.874834,0,0,3.2715,0,0.0
2015-01-08,0.006045582452048501,0.005633606384354431,0.00624805047923795,0.00041197606769406963,0.0681449754252098,0.005633606384354431,1.5234867779162222,1.4196688088573166,1.5745087207679636,0.491,0.623448,0,0,4.3853,0,0.0
2015-01-09,8.938914400177533e-05,8.462676373461999e-05,9.761845131171044e-05,4.762380267155336e-06,0.053276941703164875,8.462676373461999e-05,0.022526064288447382,0.02132594446112424,0.024599849730551033,0.3838,0.70109,0,0,2.8414,0,0.0
2015-01-12,0.0001767839086571951,0.0001506866545335338,0.0002289800362260374,2.6097254123661314e-05,0.14762233833535515,0.0001506866545335338,0.04454954498161317,0.037973036942450515,0.057702969128961425,1.0636,0.287516,0,0,3.2812,0,0.0
2015-01-13,0.0003055958125788648,0.0002517317392731568,0.0004287786190541238,5.3864073305708005e-05,0.1762591989559679,0.0002517317392731568,0.07701014476987393,0.0634363982968355,0.1080522120016392,1.2699,0.204117,0,2,4.9962,1,0.02564102564102564
2015-01-14,0.00010126992922275181,0.00011255768470633479,0.0001372623690176905,0.0,0.0,0.00011255768470633479,0.025520022164133457,0.028364536545996365,0.03459011699245801,-0.8031,0.42194,0,0,3.5864,0,0.0
2015-01-15,0.00022706699318899104,0.00020759425455661352,0.00022093452020091977,1.9472738632377517e-05,0.08575768002711166,0.00020759425455661352,0.05722088228362574,0.052313752148266605,0.05567549909063178,0.6179,0.536664,0,0,2.7778,0,0.0
2015-01-16,0.000166871818027492,0.0001522857116617338,0.0002276279187576306,1.4586106365758214e-05,0.08740904516271357,0.0001522857116617338,0.04205169814292799,0.03837599933875692,0.05736223552692291,0.6298,0.528849,0,0,3.5425,0,0.0
2015-01-20,4.534653642394537e-06,4.780990966858635e-06,4.356052657975836e-06,0.0,0.0,4.780990966858635e-06,0.0011427327178834233,0.001204809723648376,0.0010977252698099109,-0.3914,0.695511,0,0,3.7712,0,0.0
2015-01-21,4.902965919046692e-05,5.20649640371707e-05,2.8990314355477618e-05,0.0,0.0,5.20649640371707e-05,0.012355474115997665,0.013120370937367017,0.00730555921758036,-0.446,0.655575,0,0,3.1631,0,0.0
2015-01-22,2.6834487673418677e-05,2.7380918928987014e-05,3.686499719862317e-05,0.0,0.0,2.7380918928987014e-05,0.006762290893701507,0.006899991570104728,0.009289979294053037,-0.1467,0.88336,0,0,3.7421,0,0.0
2015-01-23,0.00034604162984610236,0.0003525478446991317,0.00031755144158412404,0.0,0.0,0.0003525478446991317,0.0872024907212178,0.08884205686418119,0.08002296327919926,-0.1355,0.892246,0,1,4.6992,1,0.01282051282051282
2015-01-26,4.359990693971315e-06,4.080844420589955e-06,3.889090109862227e-06,2.7914627338136053e-07,0.06402449659877656,4.080844420589955e-06,0.0010987176548807715,0.0010283727939886687,0.0009800507076852814,0.4613,0.644596,0,0,2.6852,0,0.0
2015-01-27,0.0001810733056109869,0.0001784253555111724,0.00018453421231280295,2.647950099814487e-06,0.014623635859830366,0.0001784253555111724,0.0456304730139687,0.04496318958881545,0.046502621502826344,0.1054,0.91609,0,2,8.0272,1,0.02564102564102564
2015-01-28,4.5909940568901814e-05,4.166204641588969e-05,6.098448938981256e-05,4.247894153012125e-06,0.09252667304393906,4.166204641588969e-05,0.011569305023363258,0.010498835696804201,0.015368091326232765,0.6666,0.505005,0,0,2.6423,0,0.0
2015-01-29,8.237528312589681e-05,7.25003587091668e-05,6.75639905577532e-05,9.87492441673002e-06,0.11987727291644729,7.25003587091668e-05,0.020758571347725997,0.01827009039471003,0.017026125620553806,0.8637,0.387758,0,0,2.9022,0,0.0
2015-01-30,0.027184101773476393,0.028898922297104616,0.037756333638118963,0.0,0.0,0.028898922297104616,6.850393646916051,7.282528418870363,9.51459607680598,-0.4545,0.649476,0,2,21.1186,1,0.02564102564102564
2015-02-02,7.76927479809846e-05,6.439674284148235e-05,6.0510385463275985e-05,1.3296005139502257e-05,0.1711357277724395,6.439674284148235e-05,0.019578572491208122,0.016227979196053552,0.015248617136745548,1.233,0.217577,0,0,3.0837,0,0.0
2015-02-03,0.33756709446045985,0.31121774284786263,0.49926849612653573,0.026349351612597216,0.0780566353916511,0.31121774284786263,85.06690780403588,78.42687119766138,125.815661023887,0.5624,0.573856,0,3,39.9575,1,0.038461538461538464
2015-02-04,2.024188458017022e-05,2.0704119436441592e-05,2.3268900251186167e-05,0.0,0.0,2.0704119436441592e-05,0.005100954914202895,0.005217438097983282,0.005863762863298914,-0.1645,0.869318,0,0,3.1596,0,0.0
2015-02-05,4.8891285556457735e-05,4.837203845453578e-05,5.015815825373508e-05,5.192471019219519e-07,0.010620442587910745,4.837203845453578e-05,0.012320603960227348,0.012189753690543018,0.01263985587994124,0.0765,0.939007,0,0,3.2898,0,0.0
2015-02-06,4.167008189222268e-06,3.975314808413393e-06,3.666333138844394e-06,1.916933808088753e-07,0.046002629728938274,3.975314808413393e-06,0.0010500860636840116,0.001001779331720175,0.0009239159509887873,0.3314,0.740313,0,0,2.1764,0,0.0
2015-02-09,0.08268592691274441,0.07071235590948119,0.06731028602168397,0.011973571003263225,0.14480784639148703,0.07071235590948119,20.836853582011592,17.81951368918926,16.962192077464362,1.0433,0.296805,0,3,636.9114,1,0.038461538461538464
2015-02-10,0.00018217688873493256,0.00019355887321954488,0.00015647782835223072,0.0,0.0,0.00019355887321954488,0.045908575961203006,0.04877683605132531,0.03943241274476214,-0.4501,0.652611,0,0,3.222,0,0.0
2015-02-11,1.2593434264491511e-05,1.2122879738592352e-05,8.970204789463288e-06,4.7055452589915966e-07,0.0373650648942419,1.2122879738592352e-05,0.0031735454346518608,0.0030549656941252726,0.0022604916069447487,0.2692,0.78777,0,0,3.2753,0,0.0
2015-02-12,3.6040604154344005e-05,3.726572490043459e-05,4.112471674926475e-05,0.0,0.0,3.726572490043459e-05,0.00908223224689469,0.009390962674909516,0.010363428620814718,-0.2449,0.806526,0,0,4.211,0,0.0
2015-02-13,9.587622644943423e-06,9.332677167260792e-06,9.04043781535158e-06,2.5494547768263105e-07,0.026591101937662207,9.332677167260792e-06,0.0024160809065257426,0.00235183464614972,0.002278190329468598,0.1916,0.848069,0,0,2.3764,0,0.0
2015-02-17,1.4331750626864171e-06,1.3073769581198687e-06,1.3891493634110195e-06,1.257981045665484e-07,0.08777575054578159,1.3073769581198687e-06,0.0003611601157969771,0.00032945899344620695,0.00035006563957957695,0.6324,0.527122,0,0,3.4263,0,0.0
2015-02-18,2.2237025774757526e-08,2.179097661999354e-08,1.6610409292214465e-08,4.460491547639857e-10,0.020057947557120738,2.179097661999354e-08,5.603730495238897e-06,5.491326108238372e-06,4.185823141638045e-06,0.1445,0.885095,0,0,3.1381,0,0.0
2015-02-19,3.858308182852824e-07,3.633751454624323e-07,2.827018340449916e-07,2.2455672822850078e-08,0.05820067645703199,3.633751454624323e-07,9.722936620789116e-05,9.157053665653294e-05,7.124086217933788e-05,0.4193,0.67498,0,1,8.6962,1,0.01282051282051282
2015-02-20,1.096572914231214e-05,1.165099180273357e-05,1.027930499364705e-05,0.0,0.0,1.165099180273357e-05,0.0027633637438626594,0.00293604993428886,0.0025903848583990565,-0.4502,0.65254,0,0,3.8155,0,0.0
2015-02-23,6.138721824162918e-07,6.123601876283754e-07,6.655260480828515e-07,1.511994787916399e-09,0.0024630409524732345,6.123601876283754e-07,0.00015469578996890553,0.0001543147672823506,0.0001677125641168786,0.0177,0.985842,0,0,2.4415,0,0.0
2015-02-24,1.7081783558644775e-06,1.5296703230572867e-06,2.207017542782497e-06,1.7850803280719083e-07,0.10450192609712887,1.5296703230572867e-06,0.00043046094567784833,0.0003854769214104362,0.0005561684207811893,0.7529,0.451502,0,0,3.2297,0,0.0
2015-02-25,3.845048882764917e-07,3.6383800772082623e-07,5.561178213557439e-07,2.066688055566547e-08,0.05374919132786925,3.6383800772082623e-07,9.68952318456759e-05,9.168717794564821e-05,0.00014014169098164745,0.3873,0.69857,0,0,3.1016,0,0.0
2015-02-26,8.527674096019408e-06,7.439452612200079e-06,4.420054740210426e-06,1.0882214838193292e-06,0.1276105704739261,7.439452612200079e-06,0.002148973872196891,0.0018747420582744198,0.0011138537945330274,0.9194,0.357883,0,2,11.3388,1,0.02564102564102564
2015-02-27,1.3083186268339464e-05,1.1840362896026702e-05,1.698446508903152e-05,1.2428233723127617e-06,0.09499392975290666,1.1840362896026702e-05,0.0032969629396215447,0.0029837714497987287,0.0042800852024359425,0.6844,0.493716,0,0,3.6341,0,0.0
2015-03-02,3.53269099165284e-05,3.403600841466531e-05,2.208544796628159e-05,1.2909015018630919e-06,0.036541590203379985,3.403600841466531e-05,0.008902381298965157,0.008577074120495659,0.005565532887502961,0.2633,0.792339,0,0,3.7942,0,0.0
2015-03-03,5.785195989212909e-05,6.1125689630975e-05,3.841539345271536e-05,0.0,0.0,6.1125689630975e-05,0.014578693892816531,0.0154036737870057,0.00968067915008427,-0.4077,0.68349,0,0,2.5803,0,0.0
2015-03-04,1.4384260377327099e-05,1.3848234499447162e-05,1.3418786207773532e-05,5.36025877879937e-07,0.03726474817294664,1.3848234499447162e-05,0.003624833615086429,0.0034897550938606846,0.00338153412435893,0.2685,0.788326,0,0,3.9727,0,0.0
2015-03-05,3.1320778427497156e-07,2.730914839035973e-07,4.120026505022321e-07,4.011630037137428e-08,0.12808165794020474,2.730914839035973e-07,7.892836163729284e-05,6.881905394370651e-05,0.00010382466792656249,0.9228,0.356111,0,0,3.7123,0,0.0
2015-03-06,0.00045640778943097364,0.00045808919362957614,0.00040715584482408095,0.0,0.0,0.00045808919362957614,0.11501476293660536,0.11543847679465319,0.1026032728956684,-0.0265,0.978825,0,4,13.1246,1,0.05128205128205128
2015-03-09,2.4059805866543026e-05,2.4705808051441756e-05,1.5040539708345376e-05,0.0,0.0,2.4705808051441756e-05,0.006063071078368842,0.006225863628963322,0.0037902160065030346,-0.1934,0.846609,0,0,2.1642,0,0.0
2015-03-10,6.318429588483575e-05,5.921414433782222e-05,6.445887728032061e-05,3.970151547013536e-06,0.06283446588398095,5.921414433782222e-05,0.01592244256297861,0.014921964373131199,0.016243637074640795,0.4527,0.650758,0,0,3.1704,0,0.0
2015-03-11,1.6114029795321549e-06,1.6027454926489386e-06,1.6942049290489308e-06,8.657486883216248e-09,0.0053726359083026524,1.6027454926489386e-06,0.000406073550842103,0.00040389186414753253,0.0004269396421203305,0.0387,0.969123,0,0,2.4825,0,0.0
2015-03-12,0.0001258204826198007,0.00013679037249883679,0.00016482690661018067,0.0,0.0,0.00013679037249883679,0.031706761620189775,0.03447117386970687,0.04153638046576553,-0.6282,0.529898,0,2,6.0797,1,0.02564102564102564
2015-03-13,2.6026332165367987e-05,2.1634740157919126e-05,2.8280608958388584e-05,4.3915920074488605e-06,0.16873648621744936,2.1634740157919126e-05,0.006558635705672732,0.00545195451979562,0.007126713457513923,1.2157,0.224095,0,0,3.8171,0,0.0
2015-03-16,0.00012744034735616525,0.00012131904808461075,0.00018581062761399364,6.121299271554496e-06,0.048032662736034994,0.00012131904808461075,0.03211496753375364,0.03057240011732191,0.0468242781587264,0.3461,0.729294,0,0,3.6413,0,0.0
2015-03-17,3.415926187591984e-06,3.636091183374479e-06,3.936425116063978e-06,0.0,0.0,3.636091183374479e-06,0.00086081339927318,0.0009162949782103687,0.0009919791292481224,-0.4644,0.642385,0,0,2.8852,0,0.0
2015-03-18,0.014235936762765182,0.014126733507612359,0.014978640626859436,0.0001092032551528229,0.007670956745943029,0.014126733507612359,3.587456064216826,3.5599368439183143,3.774617437968578,0.0553,0.955925,0,4,52.9393,1,0.05128205128205128
2015-03-19,4.1394584304669126e-05,4.3862118311196216e-05,3.53660647946962e-05,0.0,0.0,4.3862118311196216e-05,0.01043143524477662,0.011053253814421446,0.008912248328263442,-0.4295,0.667576,0,0,3.9928,0,0.0
2015-03-20,0.002939516776088114,0.0033091500606018953,0.002314960187615583,0.0,0.0,0.0033091500606018953,0.7407582275742047,0.8339058152716776,0.5833699672791268,-0.906,0.364949,0,2,7.7534,1,0.02564102564102564
2015-03-23,3.029284288696103e-06,3.181676458853827e-06,3.385751291719418e-06,0.0,0.0,3.181676458853827e-06,0.0007633796407514179,0.0008017824676311644,0.0008532093255132934,-0.3624,0.717019,0,0,3.2083,0,0.0
2015-03-24,5.976686396810228e-06,5.8956726508966155e-06,7.723352942781838e-06,8.101374591361221e-08,0.01355495787797927,5.8956726508966155e-06,0.0015061249719961773,0.001485709508025947,0.0019462849415810232,0.0977,0.922202,0,0,2.9976,0,0.0
2015-03-25,0.0001831828266990716,0.000148245001208744,0.00015152602112619088,3.493782549032762e-05,0.1907265322256224,0.000148245001208744,0.04616207232816605,0.03735774030460349,0.038184557323800106,1.3741,0.169397,0,1,10.2649,1,0.01282051282051282
2015-03-26,9.959150566880325e-06,9.98253737792803e-06,1.2120589606720825e-05,0.0,0.0,9.98253737792803e-06,0.002509705942853842,0.0025155994192378635,0.003054388580893648,-0.0169,0.986501,0,0,2.9766,0,0.0
2015-03-27,0.00022367120925938688,0.0002567101787778045,0.00012010896887152752,0.0,0.0,0.0002567101787778045,0.05636514473336549,0.06469096505200674,0.030267460155624936,-1.0642,0.287222,0,1,6.0421,1,0.01282051282051282
2015-03-30,5.841432391890207e-05,5.777240425243796e-05,8.564417340707282e-05,6.419196664641136e-07,0.010989079602568466,5.777240425243796e-05,0.014720409627563321,0.014558645871614364,0.02158233169858235,0.0792,0.936894,0,0,4.5545,0,0.0
2015-03-31,3.785218804589236e-05,3.974983324811455e-05,4.085667569656032e-05,0.0,0.0,3.974983324811455e-05,0.009538751387564874,0.010016957978524867,0.0102958822755332,-0.3612,0.717952,0,0,3.5105,0,0.0
2015-04-01,4.501404425635227e-05,4.7695978868797735e-05,3.860048964001977e-05,0.0,0.0,4.7695978868797735e-05,0.011343539152600772,0.01201938667493703,0.009727323389284982,-0.4293,0.667734,0,0,4.3779,0,0.0
2015-04-02,4.0226343967380055e-05,3.5092204948859704e-05,3.973664754864978e-05,5.1341390185203505e-06,0.12763125813900505,3.5092204948859704e-05,0.010137038679779773,0.008843235647112646,0.010013635182259744,0.9196,0.357805,0,0,2.9302,0,0.0
2015-04-06,0.00013051658521679658,0.00011928251838093442,0.00011580798808846391,1.1234066835862157e-05,0.08607386357165087,0.00011928251838093442,0.03289017947463274,0.030059194631995474,0.029183612998292904,0.6201,0.535163,0,1,5.4453,1,0.01282051282051282
2015-04-07,3.4381684452982824e-06,3.03980446171938e-06,2.3431814508490613e-06,3.983639835789023e-07,0.1158651398416874,3.03980446171938e-06,0.0008664184482151671,0.0007660307243532837,0.0005904817256139635,0.8348,0.40384,0,0,3.2505,0,0.0
2015-04-08,0.0006545588555748493,0.0006623631641186993,0.0005646915207909314,0.0,0.0,0.0006623631641186993,0.16494883160486204,0.16691551735791224,0.14230226323931472,-0.0859,0.931544,0,2,17.643,1,0.02564102564102564
2015-04-09,7.821983824220029e-05,6.466730997507231e-05,7.742378964587905e-05,1.355252826712798e-05,0.17326203170993315,6.466730997507231e-05,0.019711399237034473,0.016296162113718222,0.01951079499076152,1.2483,0.211915,0,0,3.2615,0,0.0
2015-04-10,1.4998815844377716e-05,1.5545247179141336e-05,1.4133097369273048e-05,0.0,0.0,1.5545247179141336e-05,0.0037797015927831844,0.0039174022891436166,0.003561540537056808,-0.2625,0.79295,0,0,2.2248,0,0.0
2015-04-13,1.0674887073422155e-05,1.0341197914340938e-05,1.4653680479843196e-05,3.3368915908121695e-07,0.031259265369912484,1.0341197914340938e-05,0.0026900715425023833,0.0026059818744139165,0.0036927274809204855,0.2252,0.821811,0,0,3.0841,0,0.0
2015-04-14,4.020220537961916e-06,3.6018109708005276e-06,3.275300657702528e-06,4.1840956716138875e-07,0.10407624634872854,3.6018109708005276e-06,0.001013095575566403,0.000907656364641733,0.000825375765741037,0.7498,0.453347,0,0,2.7141,0,0.0
2015-04-15,0.00014333203509481364,0.00013867578684516403,0.00015480713647029622,4.6562482496496146e-06,0.0324857469168269,0.00013867578684516403,0.03611967284389304,0.03494629828498134,0.039011398390514644,0.2341,0.814944,0,1,4.6889,1,0.01282051282051282
2015-04-16,4.9928755721753824e-08,4.8208847350274745e-08,4.0444129806611e-08,1.7199083714790793e-09,0.034446560905759344,4.8208847350274745e-08,1.2582046441881964e-05,1.2148629532269236e-05,1.0191920711265973e-05,0.2482,0.803995,0,0,2.6753,0,0.0
2015-04-17,0.012642290624064561,0.01169277603123796,0.019544281204335493,0.0009495145928266006,0.07510621460830019,0.01169277603123796,3.1858572372642695,2.946579559871966,4.925158863492544,0.5411,0.588422,0,3,1336.9159,1,0.038461538461538464
2015-04-20,3.996305875839369e-05,4.0769459457851995e-05,4.5789053332983014e-05,0.0,0.0,4.0769459457851995e-05,0.01007069080711521,0.010273903783378703,0.01153884143991172,-0.1454,0.884409,0,0,2.4974,0,0.0
2015-04-21,5.87610884424245e-07,6.222493628904275e-07,4.4354030402277714e-07,0.0,0.0,6.222493628904275e-07,0.00014807794287490975,0.00015680683944838773,0.00011177215661373984,-0.4247,0.67105,0,0,2.5902,0,0.0
2015-04-22,3.606622012151997e-05,3.8260284772655045e-05,3.821007506697327e-05,0.0,0.0,3.8260284772655045e-05,0.009088687470623033,0.009641591762709071,0.009628938916877263,-0.4383,0.66117,0,0,3.9321,0,0.0
2015-04-23,5.090981220464431e-06,4.920183769598198e-06,7.6089195350433456e-06,1.7079745086623263e-07,0.03354901735458259,4.920183769598198e-06,0.0012829272675570365,0.001239886309938746,0.001917447722830923,0.2417,0.809002,0,0,2.3705,0,0.0
2015-04-24,9.82668125067432e-06,8.141160015057e-06,1.2752033833451681e-05,1.6855212356173204e-06,0.17152495548552593,8.141160015057e-06,0.0024763236751699285,0.002051572323794364,0.003213512526029824,1.2358,0.216533,0,1,5.0213,1,0.01282051282051282
2015-04-27,9.869202157712376e-05,8.902633393254455e-05,8.779121911186242e-05,9.665687644579214e-06,0.09793788182855283,8.902633393254455e-05,0.02487038943743519,0.022434636151001226,0.022123387216189328,0.7056,0.480424,0,1,12.4954,1,0.01282051282051282
2015-04-28,4.667228108839508e-06,4.301176458921399e-06,4.682315881396467e-06,3.6605164991810835e-07,0.07843018660147283,4.301176458921399e-06,0.001176141483427556,0.0010838964676481927,0.0011799436021119097,0.5651,0.572024,0,0,2.9028,0,0.0
2015-04-29,2.0794773098085327e-05,2.1694627169983545e-05,2.953627834315107e-05,0.0,0.0,2.1694627169983545e-05,0.005240282820717502,0.0054670460468358535,0.00744314214247407,-0.3118,0.755213,0,0,4.4682,0,0.0
2015-04-30,0.0005378066182709025,0.00048707024680546526,0.00050256222685741,5.073637146543725e-05,0.09433943288801445,0.00048707024680546526,0.13552726780426744,0.12274170219497725,0.12664568116806732,0.6797,0.496697,0,2,5.3633,1,0.02564102564102564
2015-05-01,0.0013122988693949319,0.001024323652754034,0.0013124976395658102,0.0002879752166408979,0.21944331671506564,0.001024323652754034,0.3306993150875228,0.25812956049401653,0.33074940517058415,1.581,0.113868,0,0,3.4103,0,0.0
2015-05-04,4.513579074463775e-05,4.9001599105144936e-05,3.638596977137219e-05,0.0,0.0,4.9001599105144936e-05,0.011374219267648714,0.012348402974496525,0.009169264382385793,-0.6171,0.537183,0,0,3.063,0,0.0
2015-05-05,0.00014442939948700707,0.00012393106063515814,0.0001565952929974024,2.049833885184893e-05,0.14192635836422357,0.00012393106063515814,0.03639620867072578,0.03123062728005985,0.0394620138353454,1.0225,0.306521,0,0,3.4506,0,0.0
2015-05-06,7.616234694716347e-05,7.741228024346256e-05,4.917760246081991e-05,0.0,0.0,7.741228024346256e-05,0.019192911430685196,0.019507894621352564,0.012392755820126616,-0.1182,0.905877,0,0,2.8541,0,0.0
2015-05-07,0.00012384747533171763,0.0001153931815654046,9.850799465138549e-05,8.45429376631303e-06,0.06826375487594709,0.0001153931815654046,0.031209563783592843,0.02907908175448196,0.024824014652149142,0.4918,0.622843,0,0,3.3333,0,0.0
2015-05-08,5.076229070921072e-05,4.5393838373770096e-05,5.999887809019047e-05,5.368452335440622e-06,0.10575669763283219,4.5393838373770096e-05,0.0127920972587211,0.011439247270190064,0.015119717278727999,0.762,0.446087,0,0,2.3041,0,0.0
2015-05-11,2.5039019840991567e-05,2.5760891930137923e-05,3.235994023944851e-05,0.0,0.0,2.5760891930137923e-05,0.006309832999929875,0.0064917447663947565,0.008154704940341024,-0.2077,0.835453,0,0,2.7955,0,0.0
2015-05-12,2.6908002115956536e-06,2.7864024434579854e-06,3.21141388404292e-06,0.0,0.0,2.7864024434579854e-06,0.0006780816533221047,0.0007021734157514123,0.0008092762987788158,-0.256,0.797966,0,0,3.705,0,0.0
2015-05-13,1.7713757232045282e-08,1.6277476527836618e-08,1.8200119491959395e-08,1.436280704208664e-09,0.08107820419974426,1.6277476527836618e-08,4.4638668224754115e-06,4.101924085014828e-06,4.586430111973767e-06,0.5842,0.559119,0,0,2.5076,0,0.0
2015-05-14,5.92321570400422e-05,6.820316229051846e-05,7.430703703228215e-05,0.0,0.0,6.820316229051846e-05,0.014926503574090635,0.01718719689721065,0.018725373332135104,-1.0912,0.275185,0,2,64.0938,1,0.02564102564102564
2015-05-15,7.766818295513433e-07,8.585416256623467e-07,4.882992025635018e-07,0.0,0.0,8.585416256623467e-07,0.00019572382104693852,0.00021635248966691135,0.00012305139904600246,-0.7594,0.447637,0,0,2.669,0,0.0
2015-05-18,4.202803659044493e-05,4.406028102683217e-05,5.2459236858821145e-05,0.0,0.0,4.406028102683217e-05,0.010591065220792123,0.011103190818761707,0.013219727688422929,-0.3484,0.727552,0,1,5.6342,1,0.01282051282051282
2015-05-19,3.484939067160911e-08,3.6220852044329975e-08,5.7808644769378996e-08,0.0,0.0,3.6220852044329975e-08,8.782046449245497e-06,9.127654715171154e-06,1.4567778481883508e-05,-0.2835,0.776772,0,0,2.4523,0,0.0
2015-05-20,3.5074739772533975e-07,3.063215468005089e-07,4.5835136869866974e-07,4.442585092483082e-08,0.12666016783808473,3.063215468005089e-07,8.838834422678562e-05,7.719302979372825e-05,0.00011550454491206477,0.9126,0.361474,0,1,6.5978,1,0.01282051282051282
2015-05-21,6.338314095460347e-05,6.118660130854546e-05,4.2511123152544884e-05,2.1965396460580142e-06,0.034654950485591716,6.118660130854546e-05,0.015972551520560076,0.015419023529753455,0.01071280303444131,0.2497,0.802834,0,2,21.405,1,0.02564102564102564
2015-05-22,2.0885960239137357e-05,2.2365471478823295e-05,2.205838262952048e-05,0.0,0.0,2.2365471478823295e-05,0.005263261980262614,0.00563609881266347,0.005558712422639161,-0.5104,0.609793,0,0,3.1408,0,0.0
2015-05-26,0.0004604228302104861,0.000524706352096862,0.0002351149233301875,0.0,0.0,0.000524706352096862,0.1160265532130425,0.1322260007284092,0.05924896067920725,-1.0059,0.314454,0,2,5.1534,1,0.02564102564102564
2015-05-27,0.0001019989079337033,9.760740764425429e-05,7.183188696207785e-05,4.391500289449007e-06,0.04305438494742499,9.760740764425429e-05,0.025703724799293233,0.02459706672635208,0.018101635514443618,0.3102,0.756411,0,0,3.2643,0,0.0
2015-05-28,1.1580775401969811e-05,1.273809179118182e-05,1.9026630417675894e-05,0.0,0.0,1.273809179118182e-05,0.0029183554012963925,0.0032099991313778186,0.004794710865254325,-0.72,0.471522,0,0,2.7474,0,0.0
2015-05-29,3.767070304203955e-05,4.0860503845147046e-05,3.164349351598114e-05,0.0,0.0,4.0860503845147046e-05,0.009493017166593967,0.010296846968977055,0.007974160366027248,-0.6101,0.541814,0,0,2.3663,0,0.0
2015-06-01,1.6095624809200979e-06,1.4525060874783576e-06,2.997276705266954e-06,1.5705639344174023e-07,0.09757701097440395,1.4525060874783576e-06,0.0004056097451918647,0.0003660315340445461,0.0007553137297272724,0.703,0.482042,0,0,2.3891,0,0.0
2015-06-02,1.4560957283530377e-06,1.2178063514954375e-06,1.3621355261674796e-06,2.3828937685760022e-07,0.16364941436763245,1.2178063514954375e-06,0.0003669361235449655,0.00030688720057685026,0.00034325815259420484,1.1791,0.238375,0,1,4.7373,1,0.01282051282051282
2015-06-03,4.49685114912182e-05,4.46570035943166e-05,5.1230038601760686e-05,3.115078969016032e-07,0.006927244857441901,4.46570035943166e-05,0.011332064895786987,0.011253564905767783,0.012909969727643692,0.0499,0.960195,0,0,4.1511,0,0.0
2015-06-04,0.0003895670734392479,0.00034362217582103186,0.00044533868741324204,4.594489761821605e-05,0.1179383490875101,0.00034362217582103186,0.09817090250669047,0.08659278830690002,0.112225349228137,0.8497,0.395481,0,1,5.7648,1,0.01282051282051282
2015-06-05,1.63060128784386e-05,1.5676511886777913e-05,9.369639131267477e-06,6.295009916606869e-07,0.03860544927494969,1.5676511886777913e-05,0.004109115245366527,0.0039504809954680345,0.002361149061079404,0.2781,0.780902,0,0,3.7141,0,0.0
2015-06-08,0.0004710781843941574,0.0004304641729772336,0.0005374751252623326,4.061401141692379e-05,0.0862150120217125,0.0004304641729772336,0.11871170246732766,0.10847697159026286,0.1354437315661078,0.6212,0.534494,0,2,10.9717,1,0.02564102564102564
2015-06-09,1.7248877679419333e-08,1.7188845909115836e-08,1.8291686629268097e-08,6.003177030349678e-11,0.0034801273040399655,1.7188845909115836e-08,4.346717175213672e-06,4.33158916909719e-06,4.609505030575561e-06,0.0251,0.979996,0,0,2.8644,0,0.0
2015-06-10,9.240672842325528e-05,8.96586008925757e-05,7.91546274056706e-05,2.7481275306795742e-06,0.02973947403865129,8.96586008925757e-05,0.02328649556266033,0.022593967424929078,0.01994696610622899,0.2143,0.830339,0,2,134.767,1,0.02564102564102564
2015-06-11,4.154902868252384e-05,4.036639104254983e-05,2.5274222767574084e-05,1.1826376399740144e-06,0.028463664470880525,4.036639104254983e-05,0.010470355227996008,0.010172330542722556,0.006369104137428669,0.2051,0.837514,0,1,4.8332,1,0.01282051282051282
2015-06-12,0.0032089236943272743,0.0035102925750590914,0.003343012661362351,0.0,0.0,0.0035102925750590914,0.8086487709704732,0.8845937289148911,0.8424391906633124,-0.6766,0.498632,0,2,10.4096,1,0.02564102564102564
2015-06-15,3.798188200663546e-05,3.592869179403464e-05,3.837211984731697e-05,2.0531902126008197e-06,0.05405709380554213,3.592869179403464e-05,0.009571434265672136,0.00905403033209673,0.009669774201523876,0.3895,0.696929,0,0,2.9383,0,0.0
2015-06-16,0.0002427096844272956,0.0002612365397906754,0.00016501629253472732,0.0,0.0,0.0002612365397906754,0.06116284047567849,0.0658316080272502,0.041584105718751284,-0.55,0.582343,0,2,5.2793,1,0.02564102564102564
2015-06-17,1.244399648700122e-06,1.2420978037114648e-06,1.5634462390079296e-06,2.3018449886571534e-09,0.0018497619645743662,1.2420978037114648e-06,0.00031358871147243073,0.00031300864653528916,0.00039398845222999825,0.0133,0.989367,0,0,2.8476,0,0.0
2015-06-18,5.692576521415054e-05,5.241358122130884e-05,6.0292775713257725e-05,4.512183992841701e-06,0.0792643523824905,5.241358122130884e-05,0.014345292833965937,0.013208222467769828,0.015193779479740946,0.5711,0.567944,0,2,11.3817,1,0.02564102564102564
2015-06-19,1.7008182566445215e-05,1.8467848103397614e-05,3.060649265944815e-05,0.0,0.0,1.8467848103397614e-05,0.004286062006744194,0.004653897722056198,0.007712836150180933,-0.6183,0.536361,0,0,2.5686,0,0.0
2015-06-22,3.4547154418993834e-05,2.9573750442811306e-05,4.4277066807481113e-05,4.973403976182528e-06,0.14395986922408602,2.9573750442811306e-05,0.008705882913586446,0.007452585111588449,0.01115782083548524,1.0372,0.299643,0,0,3.016,0,0.0
2015-06-23,4.714683583160806e-06,5.110245278648449e-06,4.65198814850997e-06,0.0,0.0,5.110245278648449e-06,0.0011881002629565232,0.0012877818102194094,0.0011723010134245125,-0.6045,0.545524,0,0,2.4687,0,0.0
2015-06-24,5.7659192873177354e-05,5.040228013662935e-05,3.8869675436643285e-05,7.256912736548004e-06,0.12585872692756925,5.040228013662935e-05,0.014530116604040693,0.012701374594430596,0.009795158210034108,0.9068,0.36452,0,0,3.8631,0,0.0
2015-06-25,4.97276179692849e-05,5.7044456387229825e-05,5.6399728788509494e-05,0.0,0.0,5.7044456387229825e-05,0.012531359728259795,0.014375203009581916,0.014212731654704392,-1.0601,0.289099,0,0,1.8977,0,0.0
2015-06-26,4.4043050633952634e-07,4.799794270297975e-07,4.4685537938871484e-07,0.0,0.0,4.799794270297975e-07,0.00011098848759756064,0.00012095481561150898,0.00011260755560595614,-0.647,0.517658,0,0,2.0856,0,0.0
2015-06-29,0.0010272867008726465,0.0009923804016037823,0.0011242966655729807,3.490629926886416e-05,0.03397912112094246,0.0009923804016037823,0.25887624861990693,0.25007986120415315,0.28332275972439114,0.2448,0.806602,0,3,27.2664,1,0.038461538461538464
2015-06-30,0.00010821722075298304,0.00012043081666440254,9.34737092913306e-05,0.0,0.0,0.00012043081666440254,0.027270739629751725,0.03034856579942944,0.02355537474141531,-0.8131,0.416135,0,0,2.4786,0,0.0
2015-07-01,0.001052076354973034,0.0009711172644160324,0.0006299026552553498,8.095909055700148e-05,0.0769517251265711,0.0009711172644160324,0.26512324145320454,0.24472155063284018,0.15873546912434813,0.5544,0.579291,0,1,5.2724,1,0.01282051282051282
2015-07-02,5.785044433483723e-07,5.681359311926983e-07,4.4102587947714796e-07,1.0368512155674023e-08,0.017922929291142677,5.681359311926983e-07,0.00014578311972378983,0.00014317025466055997,0.00011113852162824128,0.1291,0.897254,0,0,2.5468,0,0.0
2015-07-06,1.3499846344572276e-05,1.323605720914961e-05,1.1638551314812255e-05,2.6378913542266605e-07,0.01954015691360574,1.323605720914961e-05,0.0034019612788322136,0.0033354864167057015,0.002932914931332688,0.1408,0.888042,0,1,5.3106,1,0.01282051282051282
2015-07-07,2.2108977690431326e-05,2.2881981731416376e-05,2.115096125109039e-05,0.0,0.0,2.2881981731416376e-05,0.005571462377988694,0.0057662593963169265,0.005330042235274778,-0.2519,0.801116,0,0,2.463,0,0.0
2015-07-08,0.000774873977527075,0.0007500719333361192,0.0005744458922943671,2.480204419095589e-05,0.03200784240825978,0.0007500719333361192,0.1952682423368229,0.18901812720070202,0.1447603648581805,0.2306,0.817618,0,3,9.4854,1,0.038461538461538464
2015-07-09,9.244108686828152e-07,8.528370718705138e-07,1.0280777424746543e-06,7.157379681230142e-08,0.07742630664650182,8.528370718705138e-07,0.00023295153890806944,0.00021491494211136946,0.0002590755911036129,0.5578,0.576954,0,0,3.9782,0,0.0
2015-07-10,8.797659624711787e-05,8.344919395977765e-05,0.00011785806882217482,4.527402287340219e-06,0.05146143893953045,8.344919395977765e-05,0.022170102254273703,0.02102919687786397,0.029700233343188054,0.3708,0.71081,0,2,20.2661,1,0.02564102564102564
2015-07-13,5.297754671611138e-05,5.22648142447203e-05,6.706768157394218e-05,7.12732471391079e-07,0.01345348175061574,5.22648142447203e-05,0.013350341772460068,0.013170733189669515,0.01690105575663343,0.0969,0.922782,0,0,2.3876,0,0.0
2015-07-14,6.985459166140846e-06,6.413597613512202e-06,8.177829183503594e-06,5.71861552628644e-07,0.0818645499405334,6.413597613512202e-06,0.0017603357098674932,0.001616226598605075,0.0020608129542429056,0.5898,0.555314,0,0,2.4455,0,0.0
2015-07-15,1.0526744597903154e-07,1.1553795521373826e-07,8.82860760735862e-08,0.0,0.0,1.1553795521373826e-07,2.652739638671595e-05,2.9115564713862042e-05,2.224809117054372e-05,-0.7029,0.482097,0,0,3.9324,0,0.0
2015-07-16,0.12604344966170472,0.1305733866873197,0.0848858639271695,0.0,0.0,0.1305733866873197,31.76294931474959,32.90449344520456,21.391237709646713,-0.2589,0.795684,0,2,980.2188,1,0.02564102564102564
2015-07-17,6.24496454978084e-06,6.767997087319895e-06,9.638922950688693e-06,0.0,0.0,6.767997087319895e-06,0.0015737310665447717,0.0017055352660046135,0.0024290085835735505,-0.6034,0.546229,0,0,2.2844,0,0.0
2015-07-20,0.0013324566559954143,0.001451376839980686,0.0010865428018256116,0.0,0.0,0.001451376839980686,0.3357790773108444,0.3657469636751329,0.2738087860600541,-0.643,0.520212,0,3,12.5769,1,0.038461538461538464
2015-07-21,0.000288162865072243,0.0002758238656991342,0.00029110619529533867,1.233899937310882e-05,0.04281953306924497,0.0002758238656991342,0.07261704199820523,0.06950761415618181,0.07335876121442535,0.3085,0.757698,0,0,3.0887,0,0.0
2015-07-22,8.286638410057163e-06,6.850317272362476e-06,5.408965675793533e-06,1.4363211376946865e-06,0.17332975004939652,6.850317272362476e-06,0.002088232879334405,0.001726279952635344,0.0013630593502999703,1.2488,0.211737,0,0,2.9242,0,0.0
2015-07-23,0.00011958624879164068,0.00012039372756539851,9.515289584418018e-05,0.0,0.0,0.00012039372756539851,0.030135734695493452,0.030339219346480425,0.023978529752733405,-0.0486,0.961199,0,1,7.7423,1,0.01282051282051282
2015-07-24,0.0001680459078708886,0.00016812878929795073,0.00013396151252298384,0.0,0.0,0.00016812878929795073,0.04234756878346393,0.04236845490308359,0.033758301155791925,-0.0036,0.997165,0,0,3.3813,0,0.0
2015-07-27,2.5899282973958475e-05,2.6704167910791988e-05,1.8538590279792535e-05,0.0,0.0,2.6704167910791988e-05,0.0065266193094375355,0.006729450313519581,0.004671724750507719,-0.2239,0.82283,0,0,3.1526,0,0.0
2015-07-28,0.00011046078920795574,8.784282918106518e-05,0.0001244743200006726,2.2617960026890562e-05,0.20476007807213337,8.784282918106518e-05,0.027836118880404846,0.022136392953628424,0.03136752864016949,1.4753,0.140145,0,0,3.4305,0,0.0
2015-07-29,0.00040230153887988053,0.00034033705402397314,0.00030107844874125106,6.19644848559074e-05,0.1540249755802794,0.00034033705402397314,0.1013799877977299,0.08576493761404123,0.07587176908279526,1.1097,0.267121,0,0,3.7438,0,0.0
2015-07-30,3.609649360213365e-07,4.156288815661777e-07,3.1734260566313525e-07,0.0,0.0,4.156288815661777e-07,9.096316387737679e-05,0.00010473847815467678,7.997033662711008e-05,-1.0911,0.275239,0,0,1.8526,0,0.0
2015-07-31,3.65386595972087e-05,3.6049632955445496e-05,2.1814139801495336e-05,4.890266417632058e-07,0.013383814123732931,3.6049632955445496e-05,0.009207742218496592,0.009084507504772264,0.005497163229976825,0.0964,0.923181,0,2,12.7511,1,0.02564102564102564
2015-08-03,0.03820566216615057,0.03384554288211253,0.027314047432236706,0.004360119284038039,0.11412233257370141,0.03384554288211253,9.627826865869944,8.529076806292357,6.88313995292365,0.8222,0.410948,0,3,49.4646,1,0.038461538461538464
2015-08-04,1.602152215081892e-05,1.6103067378998348e-05,2.1965058446502206e-05,0.0,0.0,1.6103067378998348e-05,0.0040374235820063685,0.0040579729795075835,0.005535194728518556,-0.0367,0.970748,0,0,3.3753,0,0.0
2015-08-05,7.338391723878186e-06,8.121566117728829e-06,4.734007013994283e-06,0.0,0.0,8.121566117728829e-06,0.0018492747144173028,0.002046634661667665,0.0011929697675265593,-0.7689,0.441944,0,0,2.827,0,0.0
2015-08-06,5.2120318299545123e-05,5.2615017019314604e-05,3.666438243379575e-05,0.0,0.0,5.2615017019314604e-05,0.01313432021148537,0.01325898428886728,0.00923942437331653,-0.0684,0.94548,0,1,4.88,1,0.01282051282051282
2015-08-07,2.1988081515101002e-06,2.0266199839700145e-06,2.2432537804656058e-06,1.7218816754008576e-07,0.07830973753307795,2.0266199839700145e-06,0.0005540996541805453,0.0005107082359604437,0.0005652999526773326,0.5642,0.572615,0,0,3.308,0,0.0
2015-08-10,0.00027402047705459584,0.0002586091104449606,0.00018871922124299976,1.5411366609635233e-05,0.056241660181925064,0.0002586091104449606,0.06905316021775815,0.06516949583213007,0.04755724375323594,0.4052,0.685324,0,2,12.4835,1,0.02564102564102564
2015-08-11,0.004845673513610211,0.003862653609625782,0.0070841275397173775,0.0009830199039844289,0.20286548423465206,0.003862653609625782,1.2211097254297731,0.973388709625697,1.7852001400087791,1.4616,0.14385,0,0,4.3639,0,0.0
2015-08-12,5.344365179506751e-07,5.466219520735969e-07,5.713969963928486e-07,0.0,0.0,5.466219520735969e-07,0.0001346780025235701,0.00013774873192254643,0.00014399204309099785,-0.1643,0.869517,0,0,3.4395,0,0.0
2015-08-13,0.003946742670122175,0.0040841280261374405,0.002100073386088909,0.0,0.0,0.0040841280261374405,0.9945791528707881,1.029200262586635,0.5292184932944051,-0.2508,0.801971,0,2,80.4382,1,0.02564102564102564
2015-08-14,2.1477262015974636e-05,2.314854466913322e-05,1.4413005163342148e-05,0.0,0.0,2.314854466913322e-05,0.005412270028025608,0.005833433256621571,0.0036320773011622215,-0.5607,0.575036,0,0,2.633,0,0.0
2015-08-17,9.563736833085887e-05,7.893090007814523e-05,0.00012529465535186796,1.6706468252713648e-05,0.174685568722801,7.893090007814523e-05,0.024100616819376437,0.019890586819692597,0.031574253148670725,1.2586,0.208185,0,0,4.4692,0,0.0
2015-08-18,0.00011969922623141647,0.00012211775505238746,0.00011907050412231136,0.0,0.0,0.00012211775505238746,0.03016420501031695,0.03077367427320164,0.030005767038822462,-0.1456,0.884258,0,0,2.9145,0,0.0
2015-08-19,5.501915598711752e-05,5.2649680569746456e-05,4.654777583209831e-05,2.369475417371063e-06,0.043066370826544374,5.2649680569746456e-05,0.013864827308753614,0.013267719503576107,0.011730039509688775,0.3103,0.756345,0,0,2.3596,0,0.0
2015-08-20,0.00015555326914139592,0.00016314771157772102,0.00028613460365077965,0.0,0.0,0.00016314771157772102,0.03919942382363177,0.0411132233175857,0.07210592011999647,-0.3518,0.725024,0,0,4.0628,0,0.0
2015-08-21,0.0032988819893548676,0.0033852174051454795,0.0026829833425930814,0.0,0.0,0.0033852174051454795,0.8313182613174266,0.8530747860966609,0.6761118023334565,-0.1886,0.85044,0,1,5.8346,1,0.01282051282051282
2015-08-24,0.0017132184781329396,0.0017130976774042796,0.001202672578480513,1.2080072865996473e-07,7.051098860496883e-05,0.0017130976774042796,0.4317310564895008,0.43170061470587845,0.30307348977708926,0.0005,0.999595,0,0,3.2824,0,0.0
2015-08-25,0.004288044879128417,0.003953875251150351,0.0029994162151518178,0.00033416962797806586,0.0779305341524453,0.003953875251150351,1.080587309540361,0.9963765632898886,0.7558528862182581,0.5615,0.574475,0,0,2.6919,0,0.0
2015-08-26,0.007286824396360947,0.007284487373138268,0.006717087101775946,2.3370232226788135e-06,0.00032071902590725363,0.007284487373138268,1.8362797478829584,1.8356908180308436,1.6927059496475385,0.0023,0.998156,0,0,2.9719,0,0.0
2015-08-27,0.0011794442471381894,0.0012480920407832333,0.0013063007928207136,0.0,0.0,0.0012480920407832333,0.29721995027882375,0.3145191942773748,0.32918779979081986,-0.4193,0.674965,0,0,2.3088,0,0.0
2015-08-28,2.886696306194996e-07,2.993644456847244e-07,1.908622824306726e-07,0.0,0.0,2.993644456847244e-07,7.27447469161139e-05,7.543984031255055e-05,4.8097295172529496e-05,-0.2669,0.789526,0,0,2.5175,0,0.0
2015-08-31,0.601333875718098,0.6722798937189127,0.394445365496464,0.0,0.0,0.6722798937189127,151.5361366809607,169.414533217166,99.40023210510893,-0.85,0.395309,0,3,1060.2257,1,0.038461538461538464
2015-09-01,0.0012539434420965083,0.0011880824732354962,0.001480420934547034,6.586096886101209e-05,0.05252307767435981,0.0011880824732354962,0.3159937474083201,0.299396783255345,0.3730660755058526,0.3784,0.70512,0,0,2.9778,0,0.0
2015-09-02,0.0003345767195396492,0.00036264973503887893,0.0001897914740359482,0.0,0.0,0.00036264973503887893,0.0843133333239916,0.09138773322979749,0.047827451457058946,-0.6045,0.545495,0,0,2.873,0,0.0
2015-09-03,2.53704368752407e-07,2.6967905255806016e-07,2.0743815764387609e-07,0.0,0.0,2.6967905255806016e-07,6.393350092560656e-05,6.795912124463116e-05,5.227441572625677e-05,-0.4537,0.650079,0,0,2.2407,0,0.0
2015-09-04,0.0001657080098528527,0.0001507841244392378,0.00021751502565792982,1.4923885413614896e-05,0.09006133944162288,0.0001507841244392378,0.04175841848291888,0.03799759935868793,0.05481378646579831,0.6489,0.516421,0,3,34.2793,1,0.038461538461538464
2015-09-08,0.0014374718134092825,0.0014199370945110427,0.0018505775515199087,1.7534718898239805e-05,0.012198304497153258,0.0014199370945110427,0.3622428969791392,0.35782414781678273,0.466345542983017,0.0879,0.929967,0,1,6.4763,1,0.01282051282051282
2015-09-09,0.0007379975105737072,0.000761879770490118,0.0006923501795659796,0.0,0.0,0.000761879770490118,0.18597537266457423,0.19199370216350975,0.17447224525062685,-0.2332,0.815642,0,0,2.3056,0,0.0
2015-09-10,4.357093310712427e-06,3.503773076638244e-06,5.26163445693825e-06,8.533202340741834e-07,0.19584617022775833,3.503773076638244e-06,0.0010979875142995317,0.0008829508153128375,0.001325931883148439,1.411,0.158236,0,0,2.5601,0,0.0
2015-09-11,5.63501616015355e-05,5.643075864809217e-05,5.115554410043444e-05,0.0,0.0,5.643075864809217e-05,0.014200240723586945,0.014220551179319226,0.012891197113309478,-0.0103,0.991778,0,1,11.3603,1,0.01282051282051282
2015-09-14,8.953014202188213e-05,9.263128463973988e-05,5.528108447312336e-05,0.0,0.0,9.263128463973988e-05,0.022561595789514298,0.02334308372921445,0.013930833287227088,-0.2496,0.802928,0,0,2.5811,0,0.0
2015-09-15,0.00783514138851158,0.008047626137998535,0.009360564175143287,0.0,0.0,0.008047626137998535,1.9744556299049179,2.0280017867756306,2.3588621721361083,-0.1954,0.845088,0,3,16.7574,1,0.038461538461538464
2015-09-16,0.060620673819181375,0.05278803256378879,0.04231982746199752,0.007832641255392583,0.1292074264734583,0.05278803256378879,15.276409802433706,13.302584206074776,10.664596520423375,0.9309,0.351899,0,2,6.0249,1,0.02564102564102564
2015-09-17,1.0856813958693257e-05,1.0338449843819396e-05,1.1413873801971371e-05,5.183641148738611e-07,0.04774550518232764,1.0338449843819396e-05,0.0027359171175907007,0.002605289360642488,0.0028762961980967855,0.344,0.730849,0,0,3.1601,0,0.0
2015-09-18,0.0003934538890316056,0.0003630196338847762,0.0003489204526346115,3.0434255146829365e-05,0.07735151670348113,0.0003630196338847762,0.0991503800359646,0.0914809477389636,0.08792795406392209,0.5573,0.577322,0,1,9.4258,1,0.01282051282051282
2015-09-21,2.3097334828968834e-05,2.2009170148139443e-05,2.350455728725697e-05,1.0881646808293916e-06,0.04711212967967535,2.2009170148139443e-05,0.005820528376900146,0.00554631087733114,0.005923148436388756,0.3394,0.734284,0,0,2.6247,0,0.0
2015-09-22,0.00036245875012639423,0.00033820310924995834,0.00032189581656826764,2.4255640876435895e-05,0.06691972755812324,0.00033820310924995834,0.09133960503185135,0.0852271835309895,0.08111774577520345,0.4821,0.629705,0,3,5.9325,1,0.038461538461538464
2015-09-23,2.030841487829022e-06,2.076040387723029e-06,3.827671379381765e-06,0.0,0.0,2.076040387723029e-06,0.0005117720549329135,0.0005231621777062034,0.0009645731876042048,-0.1604,0.872604,0,0,2.4119,0,0.0
2015-09-24,8.328466985697686e-06,6.3907905155928946e-06,6.587142086946882e-06,1.937676470104791e-06,0.2326570112813455,6.3907905155928946e-06,0.002098773680395817,0.0016104792099294095,0.0016599598059106142,1.6762,0.09369,0,1,6.5754,1,0.01282051282051282
2015-09-25,2.8293640636051835e-07,2.942988267375173e-07,1.79274865649505e-07,0.0,0.0,2.942988267375173e-07,7.129997440285063e-05,7.416330433785436e-05,4.517726614367526e-05,-0.2893,0.772325,0,0,2.8667,0,0.0
2015-09-28,0.0004030497257938242,0.0003914285289992739,0.000390093139558524,1.162119679455029e-05,0.028833158843685286,0.0003914285289992739,0.1015685309000437,0.09863998930781702,0.09830347116874805,0.2077,0.835435,0,3,14.3902,1,0.038461538461538464
2015-09-29,8.442873556272296e-06,9.536381158095612e-06,1.1575340477693314e-05,0.0,0.0,9.536381158095612e-06,0.0021276041361806184,0.002403168051840094,0.002916985800378715,-0.9332,0.350741,0,0,2.1345,0,0.0
2015-09-30,0.00022981387293868433,0.00020239730450968761,0.0002161284858360657,2.7416568428996713e-05,0.11929901341079004,0.00020239730450968761,0.05791309598054845,0.051004120736441276,0.054464378430688555,0.8595,0.390052,0,2,6.7086,1,0.02564102564102564
2015-10-01,3.858856750431191e-06,3.444271778527347e-06,3.6995408676364513e-06,4.145849719038439e-07,0.10743722591420166,3.444271778527347e-06,0.0009724319011086602,0.0008679564881888915,0.0009322842986443857,0.7741,0.438894,0,0,3.2313,0,0.0
2015-10-02,0.0006483679697943183,0.0006681218381986416,0.0007074696458312794,0.0,0.0,0.0006681218381986416,0.1633887283881682,0.16836670322605768,0.1782823507494824,-0.2195,0.826254,0,1,17.012,1,0.01282051282051282
2015-10-05,0.0009027530938756291,0.0007854307698527642,0.0008277347374196254,0.00011732232402286496,0.12996058910108557,0.0007854307698527642,0.22749377965665854,0.19792855400289658,0.2085891538297456,0.9363,0.349099,0,0,4.3052,0,0.0
2015-10-06,1.524488688201685e-05,1.4490469333773267e-05,1.3728371963518485e-05,7.544175482435834e-07,0.049486592101048395,1.4490469333773267e-05,0.0038417114942682464,0.003651598272110863,0.0034595497348066584,0.3565,0.721436,0,0,2.6778,0,0.0
2015-10-07,6.028618287025579e-05,5.850750287481219e-05,6.318719257771254e-05,1.7786799954435954e-06,0.02950394072498536,5.850750287481219e-05,0.015192118083304458,0.014743890724452672,0.01592317252958356,0.2126,0.831663,0,1,5.0903,1,0.01282051282051282
2015-10-08,0.00010278278778654088,0.00010296405346635415,0.00012930364331669936,0.0,0.0,0.00010296405346635415,0.025901262522208302,0.025946941473521244,0.03258451811580824,-0.0127,0.989862,0,0,2.8702,0,0.0
2015-10-09,2.359357895248499e-06,2.1459958916466926e-06,1.609262672416902e-06,2.133620036018066e-07,0.09043219496257872,2.1459958916466926e-06,0.0005945581896026218,0.0005407909646949666,0.0004055341934490593,0.6515,0.514695,0,0,3.1645,0,0.0
2015-10-12,3.778317397504414e-07,3.3834884918707084e-07,4.42821643656578e-07,3.948289056337054e-08,0.10449833063553202,3.3834884918707084e-07,9.521359841711123e-05,8.526390999514185e-05,0.00011159105420145765,0.7529,0.451517,0,0,3.0877,0,0.0
2015-10-13,0.00017625822761093305,0.0001790058981089678,0.00012217219804298165,0.0,0.0,0.0001790058981089678,0.044417073357955125,0.04510948632345988,0.030787393906831377,-0.1123,0.910574,0,4,11.4634,1,0.05128205128205128
2015-10-14,7.784870259843446,6.373092994361649,4.07871747172555,1.4117772654817973,0.18134884954524685,6.373092994361649,1961.7873054805484,1606.0194345791356,1027.8368028748387,1.3066,0.191356,0,3,254.9749,1,0.038461538461538464
2015-10-15,4.601933438653187e-05,4.959572218559475e-05,4.0621866879676884e-05,0.0,0.0,4.959572218559475e-05,0.011596872265406032,0.012498121990769877,0.010236710453678575,-0.5599,0.575535,0,0,2.1842,0,0.0
2015-10-16,7.700030413213355e-05,8.677166121335027e-05,6.635445468572972e-05,0.0,0.0,8.677166121335027e-05,0.019404076641297657,0.02186645862576427,0.01672132258080389,-0.9143,0.360565,0,0,2.8142,0,0.0
2015-10-19,1.6044751878189713e-07,1.6398909901862272e-07,1.9365364595300122e-07,0.0,0.0,1.6398909901862272e-07,4.043277473303807e-05,4.1325252952692926e-05,4.8800718780156306e-05,-0.159,0.873644,0,0,3.9642,0,0.0
2015-10-20,3.009044943244173e-06,2.9720756583853385e-06,1.4951686163207455e-06,3.6969284858834435e-08,0.012286048653340391,2.9720756583853385e-06,0.0007582793256975316,0.0007489630659131053,0.00037678249131282786,0.0885,0.929465,0,0,4.5518,0,0.0
2015-10-21,2.1648363816631037e-05,1.566765892240746e-05,1.697146707328067e-05,5.980704894223578e-06,0.27626589559452497,1.566765892240746e-05,0.005455387681791021,0.003948250048446679,0.004276809702466729,1.9904,0.046543,0,2,5.3716,1,0.02564102564102564
2015-10-22,0.0006901151567196898,0.0007790903731782262,0.0007697017140513946,0.0,0.0,0.0007790903731782262,0.17390901949336182,0.196330774040913,0.19396483194095146,-0.9289,0.352941,0,1,9.0072,1,0.01282051282051282
2015-10-23,5.700752738702722e-05,5.006099204251388e-05,6.891277556036503e-05,6.946535344513339e-06,0.12185294716432768,5.006099204251388e-05,0.01436589690153086,0.012615369994713499,0.017366019441211987,0.8779,0.379985,0,0,2.7669,0,0.0
2015-10-26,3.422996646665124e-05,3.6739659319945335e-05,3.9702118599052874e-05,0.0,0.0,3.6739659319945335e-05,0.008625951549596113,0.009258394148626224,0.010004933886961324,-0.5282,0.59733,0,0,3.0768,0,0.0
2015-10-27,2.2478652483382527e-05,2.313686260793723e-05,1.2841687433711705e-05,0.0,0.0,2.313686260793723e-05,0.005664620425812397,0.005830489377200181,0.0032361052332953496,-0.211,0.832913,0,0,2.4347,0,0.0
2015-10-28,0.00035462647738151136,0.0003611910752632205,0.00035572794001301753,0.0,0.0,0.0003611910752632205,0.08936587230014086,0.09102015096633156,0.08964344088328041,-0.1334,0.893901,0,1,4.9714,1,0.01282051282051282
2015-10-29,6.940887521554555e-08,6.807789919374305e-08,1.0148225078494817e-07,1.3309760218025018e-09,0.01917560026825126,6.807789919374305e-08,1.749103655431748e-05,1.7155630596823248e-05,2.557352719780694e-05,0.1382,0.890117,0,0,3.0364,0,0.0
2015-10-30,7.153206507719911e-06,6.741714942309197e-06,3.5492084032244654e-06,4.1149156541071357e-07,0.05752546182486977,6.741714942309197e-06,0.0018026080399454174,0.0016989121654619177,0.0008944005176125653,0.4145,0.678538,0,3,11.4962,1,0.038461538461538464
2015-11-02,0.007392452370745476,0.008098122180602626,0.006131213951901714,0.0,0.0,0.008098122180602626,1.8628979974278599,2.040726789511862,1.545065915879232,-0.6878,0.491607,0,3,45.4241,1,0.038461538461538464
2015-11-03,8.768789359855034e-06,9.084960067880425e-06,1.323305839529681e-05,0.0,0.0,9.084960067880425e-06,0.0022097349186834684,0.002289409937105867,0.003334730715614796,-0.2598,0.795035,0,0,2.8008,0,0.0
2015-11-04,8.845538183714965e-05,9.47348048203404e-05,0.00012144476373333144,0.0,0.0,9.47348048203404e-05,0.02229075622296171,0.02387317081472578,0.030604080460799522,-0.5115,0.609025,0,1,5.1674,1,0.01282051282051282
2015-11-05,4.134846903342732e-06,4.768420816924602e-06,3.3785179477378435e-06,0.0,0.0,4.768420816924602e-06,0.0010419814196423684,0.0012016420458649997,0.0008513865228299366,-1.104,0.269605,0,0,2.4223,0,0.0
2015-11-06,1.2191165465126105e-05,1.3879027109469961e-05,9.74780272111352e-06,0.0,0.0,1.3879027109469961e-05,0.0030721736972117784,0.00349751483158643,0.002456446285720607,-0.9975,0.318522,0,0,3.5219,0,0.0
2015-11-09,0.00034915164323376927,0.00035264677095489126,0.00022756595241435687,0.0,0.0,0.00035264677095489126,0.08798621409490985,0.0888669862806326,0.057346620008417934,-0.0721,0.942505,0,2,7.9534,1,0.02564102564102564
2015-11-10,1.3734665810554072e-05,1.3835188849625962e-05,1.7707017195821168e-05,0.0,0.0,1.3835188849625962e-05,0.003461135784259626,0.0034864675901057425,0.004462168333346934,-0.0527,0.957946,0,0,2.1071,0,0.0
2015-11-11,4.813140801721183e-06,4.037218538512586e-06,3.7339906284658546e-06,7.759222632085967e-07,0.16120910107637518,4.037218538512586e-06,0.0012129114820337381,0.0010173790717051719,0.0009409656383733954,1.1615,0.245448,0,0,2.9261,0,0.0
2015-11-12,0.00011060242740243476,0.000100015924328344,7.43732315726514e-05,1.058650307409075e-05,0.09571673268846333,0.000100015924328344,0.027871811705413557,0.02520401293074269,0.01874205435630815,0.6896,0.490434,0,0,3.2706,0,0.0
2015-11-13,0.003006268792102281,0.0026909857572826436,0.0024204436356030853,0.0003152830348196376,0.10487519796733985,0.0026909857572826436,0.7575797356097749,0.6781284108352262,0.6099517961719775,0.7556,0.449887,0,2,6.2606,1,0.02564102564102564
2015-11-16,0.008518706331489127,0.009424259892705891,0.005136260679822167,0.0,0.0,0.009424259892705891,2.14671399553526,2.3749134929618845,1.294337691315186,-0.7659,0.443747,0,0,2.6784,0,0.0
2015-11-17,7.382138159181454e-06,6.269045249365236e-06,4.906824577989764e-06,1.1130929098162179e-06,0.1507818920524982,6.269045249365236e-06,0.0018602988161137263,0.0015797994028400395,0.0012365197936534205,1.0864,0.277324,0,0,2.6626,0,0.0
2015-11-18,0.00033333565559548895,0.00034112454637921075,0.00030892669914573095,0.0,0.0,0.00034112454637921075,0.08400058521006322,0.08596338568756111,0.0778495281847242,-0.1684,0.866307,0,3,7.4885,1,0.038461538461538464
2015-11-19,1.5175472844857784e-05,1.5719172139376195e-05,1.1934884486787708e-05,0.0,0.0,1.5719172139376195e-05,0.0038242191569041618,0.003961231379122801,0.0030075908906705023,-0.2581,0.796307,0,0,2.417,0,0.0
2015-11-20,4.370192403683813e-06,4.278771164291576e-06,5.459899986790996e-06,9.142123939223655e-08,0.020919266253794144,4.278771164291576e-06,0.0011012884857283208,0.0010782503334014772,0.001375894796671331,0.1507,0.880198,0,0,2.4055,0,0.0
2015-11-23,1.1386329078595542e-06,1.102928024601851e-06,9.685827000652246e-07,3.570488325770317e-08,0.03135764973381349,1.102928024601851e-06,0.00028693549278060765,0.00027793786219966645,0.0002440828404164366,0.2259,0.82126,0,0,2.3245,0,0.0
2015-11-24,1.1514460618585482e-06,1.0593989665520264e-06,7.449613903754388e-07,9.204709530652172e-08,0.07994036231066386,1.0593989665520264e-06,0.0002901644075883541,0.0002669685395711107,0.00018773027037461058,0.576,0.564647,0,0,3.4935,0,0.0
2015-11-25,9.302159833272327e-09,1.004926785294337e-08,1.227409257010928e-08,0.0,0.0,1.004926785294337e-08,2.3441442779846264e-06,2.5324154989417293e-06,3.0930713276675386e-06,-0.5786,0.562863,0,0,2.4988,0,0.0
2015-11-27,1.6520997320806866e-06,1.6039204687952097e-06,1.9972616318166246e-06,4.817926328547686e-08,0.029162424754088086,1.6039204687952097e-06,0.000416329132484333,0.00040418795813639284,0.0005033099312177894,0.2101,0.833583,0,3,19.0347,1,0.038461538461538464
2015-11-30,0.00018891674674987615,0.0001785675208489722,0.00021126788208074388,1.0349225900903959e-05,0.0547819397918401,0.0001785675208489722,0.04760702018096879,0.04499901525394099,0.053239506284347454,0.3947,0.69307,0,3,6.5895,1,0.038461538461538464
2015-12-01,4.560628410952555e-05,4.2182393608438855e-05,2.5026831511436556e-05,3.4238905010866927e-06,0.07507497032183316,4.2182393608438855e-05,0.011492783595600438,0.010629963189326592,0.006306761540882012,0.5409,0.588577,0,0,2.7721,0,0.0
2015-12-02,0.00129084161706236,0.0013437482585173727,0.001304173601339405,0.0,0.0,0.0013437482585173727,0.3252920874997147,0.33862456114637796,0.32865174753753007,-0.2953,0.767767,0,2,7.0713,1,0.02564102564102564
2015-12-03,9.497319703570822e-05,8.743652501333459e-05,6.220457409143967e-05,7.536672022373639e-06,0.07935577803266122,8.743652501333459e-05,0.023933245652998474,0.022034004303360315,0.015675552671042797,0.5717,0.567497,0,0,4.0244,0,0.0
2015-12-04,4.793038553284964e-05,4.620476339959554e-05,8.083160591072094e-05,1.7256221332541012e-06,0.036002675089453456,4.620476339959554e-05,0.012078457154278108,0.011643600376698076,0.020369564689501678,0.2594,0.795333,0,1,4.7213,1,0.01282051282051282
2015-12-07,0.00019862364164613354,0.0001773544750246087,0.0002089281730564726,2.1269166621524848e-05,0.10708275378585139,0.0001773544750246087,0.05005315769482565,0.04469332770620139,0.052649899610231095,0.7715,0.440406,0,0,3.0914,0,0.0
2015-12-08,0.00024120619143184067,0.0002268812041906868,0.0001267874748957687,1.4324987241153865e-05,0.05938896964762535,0.0002268812041906868,0.06078396024082385,0.057174063456053074,0.03195044367373372,0.4279,0.668735,0,0,2.4803,0,0.0
2015-12-09,2.608867795802204e-05,2.925792186906442e-05,2.5564266869504513e-05,0.0,0.0,2.925792186906442e-05,0.006574346845421554,0.007372996311004234,0.006442195251115138,-0.8752,0.381446,0,0,2.7679,0,0.0
2015-12-10,3.198450746738999e-05,3.1327029819159816e-05,2.6638625243670147e-05,6.574776482301764e-07,0.020556127942391606,3.1327029819159816e-05,0.008060095881782279,0.007894411514428273,0.006712933561404877,0.1481,0.882262,0,0,3.5609,0,0.0
2015-12-11,0.0011934390926840858,0.0012510791346747882,0.0010461717071550746,0.0,0.0,0.0012510791346747882,0.3007466513563896,0.31527194193804664,0.2636352702030788,-0.348,0.727861,0,1,6.7057,1,0.01282051282051282
2015-12-14,2.6138379053282895e-05,2.3518526173291526e-05,1.511271630936959e-05,2.619852879991369e-06,0.10023011658147209,2.3518526173291526e-05,0.00658687152142729,0.005926668595669465,0.0038084045099611363,0.7221,0.470211,0,0,4.094,0,0.0
2015-12-15,0.00012245009721537973,0.00011503366783667865,0.00011497981420792596,7.416429378701077e-06,0.060566953287829815,0.00011503366783667865,0.030857424498275693,0.02898848429484302,0.02897491318039734,0.4364,0.662567,0,1,8.2275,1,0.01282051282051282
2015-12-16,0.00012103379526017823,0.00012279433287452657,0.0001702961201522447,0.0,0.0,0.00012279433287452657,0.030500516405564913,0.030944171884380697,0.04291462227836566,-0.1048,0.916535,0,0,3.0729,0,0.0
2015-12-17,0.0009202458848233274,0.0009982086208479802,0.0005246996495824876,0.0,0.0,0.0009982086208479802,0.23190196297547852,0.251548572453691,0.13222431169478688,-0.6104,0.541606,0,0,3.1409,0,0.0
2015-12-18,0.0006376347950072207,0.0007289570544969933,0.0008280455150400923,0.0,0.0,0.0007289570544969933,0.16068396834181964,0.18369717773324232,0.20866746979010325,-1.0319,0.302132,0,0,2.3746,0,0.0
2015-12-21,0.0007014197358579823,0.0007420683236526686,0.0007132918994053392,0.0,0.0,0.0007420683236526686,0.17675777343621155,0.1870012175604725,0.17974955865014547,-0.4175,0.67629,0,0,2.6495,0,0.0
2015-12-22,0.00015946916863273112,0.00015309157831859486,0.00015286458544568608,6.3775903141362604e-06,0.03999262257917506,0.00015309157831859486,0.04018623049544824,0.038579077736285904,0.03852187553231289,0.2881,0.773241,0,0,4.1038,0,0.0
2015-12-23,0.9727576231775418,0.8941279120840686,0.591384264748537,0.07862971109347316,0.08083176036857571,0.8941279120840686,245.13492104074052,225.3202338451853,149.02883471663134,0.5824,0.560314,0,2,161.0847,1,0.02564102564102564
2015-12-24,2.496276095135888e-06,2.4078862967698074e-06,1.1692214095402353e-06,8.838979836608078e-08,0.03540864855841221,2.4078862967698074e-06,0.0006290615759742438,0.0006067873467859914,0.0002946437952041393,0.2551,0.798637,0,0,3.2594,0,0.0
2015-12-28,8.007970938844975e-05,6.87679319625969e-05,8.526992973867179e-05,1.1311777425852847e-05,0.14125647271926692,6.87679319625969e-05,0.020180086765889334,0.01732951885457442,0.02148802229414529,1.0177,0.30881,0,1,4.7296,1,0.01282051282051282
2015-12-29,0.00015636358027422493,0.00016083601788893396,0.00019942153683379945,0.0,0.0,0.00016083601788893396,0.039403622229104686,0.04053067650801136,0.05025422728211746,-0.2061,0.836731,0,0,3.4423,0,0.0
2015-12-30,9.929734394989703e-05,8.463305482324872e-05,9.351737996555767e-05,1.4664289126648303e-05,0.14768057629383283,8.463305482324872e-05,0.02502293067537405,0.021327529815458678,0.023566379751320532,1.064,0.287326,0,0,2.9015,0,0.0
2015-12-31,2.3743718658089743e-05,2.20967031201988e-05,2.093308857745362e-05,1.6470155378909436e-06,0.06936636557405561,2.20967031201988e-05,0.005983417101838615,0.005568369186290097,0.005275138321518312,0.4998,0.617237,0,0,2.4239,0,0.0
2016-01-04,0.0007515050059934733,0.0007176520984412312,0.0006335937191961664,3.385290755224203e-05,0.04504681570609421,0.0007176520984412312,0.18937926151035525,0.18084832880719026,0.15966561723743392,0.3246,0.74552,0,1,9.6451,1,0.01282051282051282
2016-01-05,2.1152431368870142e-05,2.1434032880094377e-05,1.5366764194102467e-05,0.0,0.0,2.1434032880094377e-05,0.005330412704955276,0.005401376285783783,0.0038724245769138216,-0.0959,0.923586,0,0,2.7319,0,0.0
2016-01-06,0.0005340831961802338,0.0005178827913873533,0.0006578748672185819,1.620040479288049e-05,0.030333110793248637,0.0005178827913873533,0.1345889654374189,0.13050646342961303,0.16578446653908263,0.2185,0.827006,0,2,10.034,1,0.02564102564102564
2016-01-07,0.004892309729270731,0.00536184284557078,0.006020984716698109,0.0,0.0,0.00536184284557078,1.232862051776224,1.3511843970838366,1.5172881486079235,-0.6915,0.48927,0,0,3.0803,0,0.0
2016-01-08,5.9795568846812474e-05,6.644583130532192e-05,8.327264112444018e-05,0.0,0.0,6.644583130532192e-05,0.015068483349396743,0.016744349488941126,0.020984705563358925,-0.8013,0.422963,0,0,2.2197,0,0.0
2016-01-11,2.3830588893942167e-07,2.1111393782587828e-07,3.449030665905059e-07,2.7191951113543394e-08,0.1141047631252308,2.1111393782587828e-07,6.005308401273426e-05,5.320071233212133e-05,8.691557278080749e-05,0.8221,0.41102,0,0,4.1409,0,0.0
2016-01-12,0.0002453765990919383,0.0002681815455311063,0.00011531071127569139,0.0,0.0,0.0002681815455311063,0.06183490297116845,0.06758174947383878,0.02905829924147423,-0.6696,0.503111,0,2,15.9161,1,0.02564102564102564
2016-01-13,0.00032772211657679636,0.0002775379410668643,0.0003535602938690592,5.018417550993205e-05,0.15313026743815117,0.0002775379410668643,0.08258597337735268,0.0699395611488498,0.08909719405500291,1.1033,0.26991,0,0,3.226,0,0.0
2016-01-14,0.0014719715707843916,0.0015972727819694476,0.0010610982593239086,0.0,0.0,0.0015972727819694476,0.3709368358376667,0.4025127410563008,0.267396761349625,-0.6133,0.539674,0,0,4.1903,0,0.0
2016-01-15,0.023447572228248652,0.018783656030075455,0.011752969135659996,0.004663916198173197,0.19890827726528543,0.018783656030075455,5.908788201518661,4.733481319579015,2.9617482221863187,1.4331,0.151832,0,1,6.9502,1,0.01282051282051282
2016-01-19,9.459156662844171e-05,0.0001078947665887873,6.338432813345072e-05,0.0,0.0,0.0001078947665887873,0.02383707479036731,0.0271894811803744,0.015972850689629583,-1.0133,0.310932,0,0,2.4742,0,0.0
2016-01-20,0.000124348762937921,0.00011138403608254521,0.00012188567755155413,1.296472685537578e-05,0.10426100304340942,0.00011138403608254521,0.03133588826035609,0.028068777092801395,0.03071519074299164,0.7512,0.452545,0,0,3.1032,0,0.0
2016-01-21,0.00016786119300767963,0.00016972366171020487,7.822985925662843e-05,0.0,0.0,0.00016972366171020487,0.04230102063793527,0.04277036275097163,0.019713924532670363,-0.0799,0.936286,0,0,3.0516,0,0.0
2016-01-22,0.0028002440336472945,0.002553670855221442,0.0017476981473565658,0.0002465731784258526,0.08805417505582144,0.002553670855221442,0.7056614964791182,0.6435250555158034,0.4404199331338546,0.6344,0.525812,0,4,7.1002,1,0.05128205128205128
2016-01-25,0.0013368482843453737,0.001269796364638777,0.001191194122998601,6.705191970659673e-05,0.05015671594273237,0.001269796364638777,0.3368857676550342,0.3199886838889718,0.3001809189956474,0.3614,0.717824,0,0,4.2867,0,0.0
2016-01-26,0.00011177930614208488,9.443098936064823e-05,0.00012006895793311205,1.734831678143665e-05,0.15520150576157055,9.443098936064823e-05,0.02816838514780539,0.023796609318883354,0.030257377399144237,1.1182,0.263484,0,0,3.7351,0,0.0
2016-01-27,3.953832381780857e-05,3.6816223692743326e-05,4.938511550939107e-05,2.722100125065247e-06,0.06884712839020377,3.6816223692743326e-05,0.00996365760208776,0.009277688370571318,0.01244504910836655,0.496,0.619874,0,0,3.3191,0,0.0
2016-01-28,0.00011358990558172795,0.00010350240968247299,0.00015684387173289896,1.0087495899254955e-05,0.08880626987748248,0.00010350240968247299,0.028624656206595444,0.026082607239983194,0.039524655676690536,0.6398,0.522283,0,0,4.6833,0,0.0
2016-01-29,0.0012827336661910972,0.001268005296360191,0.0010139890097525467,1.4728369830906227e-05,0.01148201704501769,0.001268005296360191,0.3232488838801565,0.3195373346827681,0.25552523045764175,0.0827,0.93407,0,1,5.1014,1,0.01282051282051282
2016-02-01,1.2839070909252173e-07,1.1793124737148153e-07,1.0439242602530934e-07,1.0459461721040204e-08,0.0814652425376073,1.1793124737148153e-07,3.2354458691315476e-05,2.9718674337613346e-05,2.6306891358377955e-05,0.5869,0.557244,0,0,2.7179,0,0.0
2016-02-02,0.0015686697030138563,0.0014064767907059712,0.001720359721810467,0.00016219291230788507,0.10339519651133161,0.0014064767907059712,0.3953047651594918,0.3544321512579047,0.4335306498962377,0.7449,0.456308,0,3,52.3753,1,0.038461538461538464
2016-02-03,0.0023962535427334993,0.002371067536541841,0.002115907081487325,2.5186006191658256e-05,0.010510576502859137,0.002371067536541841,0.6038558927688418,0.5975090192085439,0.5332085845348059,0.0757,0.939637,0,0,2.4766,0,0.0
2016-02-04,2.767533841215678e-06,2.424634637538762e-06,1.5319925059365712e-06,3.42899203676916e-07,0.12390059144704131,2.424634637538762e-06,0.0006974185279863508,0.000611007928659768,0.00038606211149601593,0.8927,0.37203,0,1,5.9018,1,0.01282051282051282
2016-02-05,0.0072933647095991564,0.005894115881094223,0.0054454754629930345,0.0013992488285049336,0.1918523046669339,0.005894115881094223,1.8379279068189873,1.4853172020357441,1.3722598166742448,1.3823,0.166894,0,4,17.5646,1,0.05128205128205128
2016-02-08,0.0019034305482938353,0.0017658643256910822,0.0023138766115868197,0.00013756622260275306,0.0722727827678239,0.0017658643256910822,0.47966449817004647,0.44499781007415273,0.5830969061198785,0.5207,0.602569,0,0,2.3213,0,0.0
2016-02-09,6.253586101389581e-10,6.426387144682719e-10,8.250415110028168e-10,0.0,0.0,6.426387144682719e-10,1.5759036975501744e-07,1.6194495604600451e-07,2.0791046077270982e-07,-0.1988,0.842445,0,0,2.775,0,0.0
2016-02-10,3.9877512213835824e-07,3.6062061056043845e-07,2.837331655972516e-07,3.815451157791979e-08,0.09567902755391611,3.6062061056043845e-07,0.00010049133077886628,9.087639386123048e-05,7.150075773050741e-05,0.6893,0.490605,0,4,44.0083,1,0.05128205128205128
2016-02-11,0.00012916362322688032,0.00013353348242373767,9.66439387725046e-05,0.0,0.0,0.00013353348242373767,0.032549233053173844,0.03365043757078189,0.02435427257067116,-0.2438,0.807423,0,3,25.4136,1,0.038461538461538464
2016-02-12,0.0011825444470852469,0.0011271074240664205,0.0010676801257945281,5.5437023018826406e-05,0.046879441283233764,0.0011271074240664205,0.2980012006654822,0.28403107086473794,0.2690553917002211,0.3378,0.735547,0,0,3.6959,0,0.0
2016-02-16,0.006634121856497595,0.0052952314198372544,0.006744185878411757,0.0013388904366603404,0.20181878859327626,0.0052952314198372544,1.671798707837394,1.3343983177989882,1.6995348413597628,1.4541,0.145929,0,0,3.6955,0,0.0
2016-02-17,0.0002761570700408646,0.0002847168159159646,0.00023114111593987297,0.0,0.0,0.0002847168159159646,0.06959158165029788,0.07174863761082308,0.05824756121684799,-0.2233,0.823287,0,0,2.8526,0,0.0
2016-02-18,5.452915134763415e-05,4.9535624144656815e-05,6.709907347670035e-05,4.993527202977337e-06,0.09157536818365727,4.9535624144656815e-05,0.013741346139603806,0.012482977284453517,0.016908966516128488,0.6598,0.509395,0,0,3.4643,0,0.0
2016-02-19,1.8568979079838276e-06,2.0257453970772267e-06,2.1278832713142555e-06,0.0,0.0,2.0257453970772267e-06,0.00046793827281192457,0.0005104878400634612,0.0005362265843711924,-0.6551,0.512384,0,0,1.7398,0,0.0
2016-02-22,0.001774402654116423,0.0016103602395322995,0.0014868682563579222,0.00016404241458412342,0.09244937394064043,0.0016103602395322995,0.4471494688373386,0.40581078036213947,0.3746908006021964,0.6661,0.505361,0,3,25.991,1,0.038461538461538464
2016-02-23,1.8625691008077624e-05,1.6731739169590414e-05,2.7003747302333258e-05,1.89395183848721e-06,0.10168491123260481,1.6731739169590414e-05,0.004693674134035561,0.004216398270736784,0.006804944320187981,0.7326,0.463792,0,0,3.2692,0,0.0
2016-02-24,0.00010058657821499223,0.00010658373161479463,0.00011157550619761312,0.0,0.0,0.00010658373161479463,0.025347817710178043,0.02685910036692825,0.028117027561798506,-0.4296,0.667514,0,0,3.2982,0,0.0
2016-02-25,0.0004905744135339897,0.0005465293231495355,0.0005280666245860365,0.0,0.0,0.0005465293231495355,0.12362475221056542,0.13772538943368293,0.1330727893956812,-0.8218,0.411203,0,0,2.8296,0,0.0
2016-02-26,1.3483181534686025e-06,1.2041866505598849e-06,1.416231611720307e-06,1.4413150290871765e-07,0.10689717085004233,1.2041866505598849e-06,0.0003397761746740878,0.000303455035941091,0.00035689036615351734,0.7702,0.441198,0,0,3.8689,0,0.0
2016-02-29,1.0878261996234645e-05,1.168478254855132e-05,1.2083718978143332e-05,0.0,0.0,1.168478254855132e-05,0.0027413220230511305,0.0029445652022349325,0.0030450971824921196,-0.5342,0.593226,0,0,3.8808,0,0.0
2016-03-01,0.034817783260377926,0.0271403570829122,0.050491378725905346,0.007677426177465727,0.22050301479077825,0.0271403570829122,8.774081381615238,6.839369984893874,12.723827438928147,1.5887,0.112133,0,3,28.3431,1,0.038461538461538464
2016-03-02,1.9609555860053375e-05,1.8553139328454244e-05,1.3981700213945376e-05,1.0564165315991306e-06,0.05387253465942194,1.8553139328454244e-05,0.0049416080767334504,0.004675391110770469,0.003523388453914235,0.3881,0.697912,0,0,2.7041,0,0.0
2016-03-03,6.20633854261604e-05,6.342670440276093e-05,5.3248534742899865e-05,0.0,0.0,6.342670440276093e-05,0.015639973127392418,0.015983529509495754,0.013418630755210766,-0.1583,0.874249,0,1,4.7172,1,0.01282051282051282
2016-03-04,5.316062258453756e-05,5.5750159351982334e-05,3.9549207796563245e-05,0.0,0.0,5.5750159351982334e-05,0.013396476891303464,0.014049040156699548,0.009966400364733938,-0.351,0.725621,0,0,3.0824,0,0.0
2016-03-07,3.3451049810177866e-06,2.7624879094077637e-06,2.540570219671681e-06,5.826170716100229e-07,0.1741699889080211,2.7624879094077637e-06,0.0008429664552164822,0.0006961469531707564,0.0006402236953572636,1.2549,0.209531,0,0,4.3253,0,0.0
2016-03-08,0.004255169588798732,0.00387917359375308,0.003570279326094834,0.0003759959950456514,0.08836216444746586,0.00387917359375308,1.0723027363772804,0.9775517456257762,0.8997103901758982,0.6366,0.524366,0,3,23.5737,1,0.038461538461538464
2016-03-09,0.0032426388869618017,0.003303127430462064,0.0014350904214500584,0.0,0.0,0.003303127430462064,0.817144999514374,0.8323881124764401,0.36164278620541473,-0.1344,0.893087,0,0,2.6649,0,0.0
2016-03-10,6.902115625343317e-07,5.31503075343853e-07,7.277569294035858e-07,1.587084871904787e-07,0.22994146413060168,5.31503075343853e-07,0.00017393331375865158,0.00013393877498665095,0.00018339474620970362,1.6567,0.097584,0,0,3.8983,0,0.0
2016-03-11,0.013215351529200862,0.013936555022974547,0.013042215378104514,0.0,0.0,0.013936555022974547,3.3302685853586174,3.512011865789586,3.2866382752823378,-0.3932,0.694181,0,3,196.4465,1,0.038461538461538464
2016-03-14,2.254136130604823e-05,2.069806825690054e-05,2.018994881686419e-05,1.8432930491476915e-06,0.08177380870423721,2.069806825690054e-05,0.005680423049124154,0.005215913200738936,0.005087867101849776,0.5892,0.555752,0,0,2.4546,0,0.0
2016-03-15,1.8622922660038625e-06,1.9274681475053178e-06,1.9110332302091875e-06,0.0,0.0,1.9274681475053178e-06,0.00046929765103297333,0.00048572197317134006,0.0004815803740127153,-0.2522,0.800925,0,0,2.339,0,0.0
2016-03-16,0.0017082395792131606,0.001435849898791696,0.0014434248154363198,0.00027238968042146467,0.15945636875330735,0.001435849898791696,0.43047637396171645,0.36183417449550737,0.3637430534899526,1.1488,0.250618,0,2,35.0626,1,0.02564102564102564
2016-03-17,7.121842669441213e-05,8.415287363258095e-05,3.918999773956933e-05,0.0,0.0,8.415287363258095e-05,0.017947043526991856,0.0212065241554104,0.009875879430371472,-1.3085,0.190701,0,0,2.5259,0,0.0
2016-03-18,0.00022025811701253373,0.0002462560986572105,0.00010729776483044737,0.0,0.0,0.0002462560986572105,0.0555050454871585,0.06205653686161704,0.02703903673727274,-0.8504,0.395097,0,0,2.3874,0,0.0
2016-03-21,6.381856171319297e-07,6.38443807936879e-07,9.205442629531211e-07,0.0,0.0,6.38443807936879e-07,0.00016082277551724629,0.00016088783960009352,0.0002319771542641865,-0.0029,0.997674,0,0,2.6216,0,0.0
2016-03-22,3.140277538285414e-07,3.372421398477972e-07,1.9869376867982906e-07,0.0,0.0,3.372421398477972e-07,7.913499396479244e-05,8.498501924164489e-05,5.0070829707316924e-05,-0.5326,0.594304,0,0,2.4884,0,0.0
2016-03-23,1.1242196141198329e-05,1.03702463367395e-05,1.29972279036308e-05,8.719498044588283e-07,0.07756044423589298,1.03702463367395e-05,0.002833033427581979,0.002613302076858354,0.0032753014317149615,0.5588,0.576294,0,1,8.519,1,0.01282051282051282
2016-03-24,2.71641760915562e-07,2.486437215945443e-07,4.081645303744776e-07,2.2998039321017666e-08,0.08466280950577744,2.486437215945443e-07,6.845372375072162e-05,6.265821784182517e-05,0.00010285746165436836,0.61,0.541877,0,0,3.2497,0,0.0
2016-03-28,1.3164181793346642e-06,1.2065656199290434e-06,1.3616698393729533e-06,1.0985255940562074e-07,0.08344800890939745,1.2065656199290434e-06,0.00033173738119233537,0.00030405453622211895,0.00034314079952198423,0.6012,0.54769,0,0,4.0396,0,0.0
2016-03-29,0.01649420553619947,0.01568545539348754,0.010022899941697916,0.000808750142711933,0.049032379333939696,0.01568545539348754,4.156539795122267,3.9527347591588597,2.525770785307875,0.3533,0.723888,0,3,171.0545,1,0.038461538461538464
2016-03-30,6.650127863147764e-05,6.667847169529521e-05,9.131976232182417e-05,0.0,0.0,6.667847169529521e-05,0.016758322215132366,0.016802974867214392,0.02301258010509969,-0.0192,0.984684,0,0,2.4911,0,0.0
2016-03-31,8.449744992398221e-06,7.494044823687472e-06,8.940398048513283e-06,9.557001687107494e-07,0.11310401159638894,7.494044823687472e-06,0.002129335738084352,0.0018884992955692428,0.0022529803082253475,0.8149,0.415135,0,0,2.8984,0,0.0
2016-04-01,0.0015971251018542878,0.0015128587757340856,0.0013053159515768224,8.426632612020218e-05,0.05276125581496802,0.0015128587757340856,0.4024755256672805,0.3812404114849896,0.32893961979735925,0.3801,0.703846,0,2,28.0352,1,0.02564102564102564
2016-04-04,1.81370547625994e-05,1.6680912955917004e-05,2.9740415723129315e-05,1.4561418066823949e-06,0.0802854567875961,1.6680912955917004e-05,0.004570537800175048,0.004203590064891085,0.007494584762228587,0.5784,0.562967,0,0,3.2857,0,0.0
2016-04-05,0.001219867922721699,0.0012489578766510985,0.0008905789271065599,0.0,0.0,0.0012489578766510985,0.30740671652586815,0.31473738491607683,0.22442588963085308,-0.1718,0.863586,0,2,21.1044,1,0.02564102564102564
2016-04-06,0.0003420664050002623,0.0003516836152664047,0.0003285960035646738,0.0,0.0,0.0003516836152664047,0.0862007340600661,0.08862427104713398,0.0828061928982978,-0.2026,0.839477,0,0,2.6406,0,0.0
2016-04-07,0.0003797743067193296,0.0003640735998928718,0.00028163983568131075,1.5700706826457826e-05,0.04134220379663323,0.0003640735998928718,0.09570312529327106,0.09174654717300369,0.07097323859169032,0.2979,0.765809,0,0,3.8843,0,0.0
2016-04-08,3.78123996514542e-06,3.9564210026727226e-06,4.611753818410279e-06,0.0,0.0,3.9564210026727226e-06,0.0009528724712166458,0.000997018092673526,0.0011621619622393903,-0.3338,0.738538,0,0,3.3351,0,0.0
2016-04-11,1.1545683841152184e-05,1.0693209927709438e-05,1.3952334308035105e-05,8.524739134427463e-07,0.07383485043730632,1.0693209927709438e-05,0.0029095123279703505,0.0026946889017827784,0.0035159882456248463,0.532,0.594751,0,0,2.7136,0,0.0
2016-04-12,0.006511800576536109,0.007246816845809151,0.007231776168871884,0.0,0.0,0.007246816845809151,1.6409737452870994,1.826197845143906,1.8224075945557148,-0.8132,0.416082,0,4,18.5952,1,0.05128205128205128
2016-04-13,0.01699964666295299,0.014281788858975485,0.019944128548718375,0.0027178578039775067,0.15987731143498446,0.014281788858975485,4.283910959064154,3.599010792461822,5.025920394277031,1.1519,0.24937,0,0,3.1053,0,0.0
2016-04-14,1.036301077267203e-09,8.18645472485403e-10,5.969850642872066e-10,2.176556047818e-10,0.20982876577668214,8.18645472485403e-10,2.611478714713351e-07,2.0629865906632154e-07,1.5044023620037607e-07,1.5118,0.130592,0,0,3.2571,0,0.0
2016-04-15,3.994773894212844e-06,3.5150396956394657e-06,5.687695524465729e-06,4.797341985733782e-07,0.12009042093169259,3.5150396956394657e-06,0.0010066830213416368,0.0008857900033011454,0.0014332992721653637,0.8652,0.386915,0,3,55.6682,1,0.038461538461538464
2016-04-18,1.204199787694161e-05,1.2401933724511054e-05,1.5719020285793e-05,0.0,0.0,1.2401933724511054e-05,0.0030345834649892858,0.0031252872985767857,0.003961193112019836,-0.2154,0.829493,0,0,2.9473,0,0.0
2016-04-19,0.0005725833896632496,0.0005780014323911234,0.00025998876481658735,0.0,0.0,0.0005780014323911234,0.1442910141951389,0.1456563609625631,0.06551716873378001,-0.0682,0.945646,0,2,15.7328,1,0.02564102564102564
2016-04-20,5.188383476556617e-06,5.653297222000537e-06,4.857306393630231e-06,0.0,0.0,5.653297222000537e-06,0.0013074726360922675,0.0014246308999441354,0.0012240412111948183,-0.6456,0.518541,0,0,3.4485,0,0.0
2016-04-21,3.255089909393137e-05,3.121636520334187e-05,3.011781014160473e-05,1.334533890589498e-06,0.0409983713734018,3.121636520334187e-05,0.008202826571670705,0.007866524031242153,0.007589688155684392,0.2954,0.7677,0,1,5.873,1,0.01282051282051282
2016-04-22,0.0,0.0,0.0,0.0,0.0,0.0,0.0,0.0,0.0,0.0,1.0,0,0,0.0,0,0.0
2016-04-25,0.00014705014331168164,0.00014117968872845812,0.00010830174055170269,5.870454583223518e-06,0.039921447277064454,0.00014117968872845812,0.037056636114543774,0.03557728155957145,0.02729203861902908,0.2876,0.773633,0,4,703.8341,1,0.05128205128205128
2016-04-26,2.0059374886174186e-05,1.7521402552881505e-05,1.5860187272911707e-05,2.537972333292681e-06,0.1265229959144424,1.7521402552881505e-05,0.005054962471315895,0.004415393443326139,0.00399676719277375,0.9116,0.361995,0,0,3.3438,0,0.0
2016-04-27,9.094714722198964e-06,8.878129371826945e-06,1.8737014222709538e-05,2.1658535037201875e-07,0.023814416743490222,8.878129371826945e-06,0.002291868109994139,0.00223728860170039,0.004721727584122803,0.1716,0.86377,0,1,5.5053,1,0.01282051282051282
2016-04-28,0.0009740976959815189,0.0008476515335668027,0.0012110009751344194,0.00012644616241471623,0.12980850155640522,0.0008476515335668027,0.24547261938734277,0.21360818645883428,0.3051722457338737,0.9352,0.349663,0,1,14.1393,1,0.01282051282051282
2016-04-29,7.15255021562718e-06,6.289780659208031e-06,1.0302081866522508e-05,8.627695564191489e-07,0.12062403056047126,6.289780659208031e-06,0.0018024426543380493,0.0015850247261204238,0.0025961246303636723,0.8691,0.384809,0,0,2.9682,0,0.0
2016-05-02,4.1611109022566825e-05,4.578196277834754e-05,2.8297664449867692e-05,0.0,0.0,4.578196277834754e-05,0.010485999473686839,0.01153705462014358,0.007131011441366658,-0.7222,0.470193,0,0,4.2033,0,0.0
2016-05-03,9.981844403591878e-05,9.794156989145372e-05,0.00012866441733011354,1.8768741444650584e-06,0.01880287900487412,9.794156989145372e-05,0.02515424789705153,0.02468127561264634,0.03242343316718861,0.1355,0.89224,0,0,3.0058,0,0.0
2016-05-04,0.002949727230736757,0.0030305002112758217,0.003071558388334852,0.0,0.0,0.0030305002112758217,0.7433312621456628,0.7636860532415071,0.7740327138603827,-0.1973,0.843601,0,1,5.3981,1,0.01282051282051282
2016-05-05,7.318292890024112e-09,7.965106860811375e-09,6.338317769534208e-09,0.0,0.0,7.965106860811375e-09,1.8442098082860763e-06,2.0072069289244668e-06,1.5972560779226204e-06,-0.6367,0.524324,0,0,3.2624,0,0.0
2016-05-06,6.065607303140726e-05,5.083137179327919e-05,5.3586347246682395e-05,9.82470123812807e-06,0.16197390607642878,5.083137179327919e-05,0.015285330403914629,0.012809505691906356,0.013503759506163964,1.167,0.243216,0,2,94.6174,1,0.02564102564102564
2016-05-09,5.846092208691658e-06,5.57516429375624e-06,4.8295723940378614e-06,2.7092791493541793e-07,0.046343413500937146,5.57516429375624e-06,0.0014732152365902979,0.0014049414020265725,0.0012170522432975411,0.3339,0.738459,0,0,3.1743,0,0.0
2016-05-10,0.0002598197849250158,0.00023804363798638674,0.0002422465641169994,2.1776146938629087e-05,0.08381250435220394,0.00023804363798638674,0.06547458580110399,0.05998699677256946,0.06104613415748385,0.6039,0.545943,0,2,7.7855,1,0.02564102564102564
2016-05-11,0.00013900753983101192,0.00011015572337988505,0.00011842471988836839,2.8851816451126865e-05,0.2075557648070425,0.00011015572337988505,0.035029900037415004,0.02775924229173103,0.029843029411868834,1.4954,0.134811,0,0,3.2885,0,0.0
2016-05-12,2.8711318214039376e-08,3.232872161531342e-08,2.413785440766194e-08,0.0,0.0,3.232872161531342e-08,7.235252189937923e-06,8.146837847058981e-06,6.082739310730809e-06,-0.9077,0.364029,0,0,3.1667,0,0.0
2016-05-13,1.529644198721262e-05,1.7309557818724313e-05,1.8182908771598135e-05,0.0,0.0,1.7309557818724313e-05,0.0038547033807775806,0.004362008570318527,0.00458209301044273,-0.9482,0.343028,0,4,13.3468,1,0.05128205128205128
2016-05-16,0.00038363888448451027,0.00040575617758344655,0.0004968564284313854,0.0,0.0,0.00040575617758344655,0.0966769988900966,0.10225055675102852,0.12520781996470912,-0.4154,0.677874,0,0,3.8955,0,0.0
2016-05-17,8.390826424945403e-05,8.472980683182946e-05,0.000133442394327019,0.0,0.0,8.472980683182946e-05,0.02114488259086242,0.021351911321621026,0.033627483370408794,-0.0705,0.943762,0,0,2.5503,0,0.0
2016-05-18,2.3371286103398758e-08,2.497833668072922e-08,4.163828863693711e-08,0.0,0.0,2.497833668072922e-08,5.889564098056487e-06,6.2945408435437635e-06,1.0492848736508151e-05,-0.4954,0.620323,0,0,2.6554,0,0.0
2016-05-19,5.856289740122204e-05,6.337328847653907e-05,7.307058107059839e-05,0.0,0.0,6.337328847653907e-05,0.014757850145107953,0.015970068696087848,0.018413786429790795,-0.5918,0.553981,0,2,55.3807,1,0.02564102564102564
2016-05-20,8.564903460967067e-05,8.050478592031041e-05,8.127032741712591e-05,5.14424868936026e-06,0.06006195694723526,8.050478592031041e-05,0.02158355672163701,0.020287206051918225,0.02048012250911573,0.4327,0.665208,0,0,2.8311,0,0.0
2016-05-23,1.4336681719749675e-06,1.2684445535297464e-06,1.3683908017645737e-06,1.652236184452211e-07,0.11524528927243054,1.2684445535297464e-06,0.0003612843793376918,0.0003196480274894961,0.0003448344820446726,0.8303,0.406359,0,0,2.8324,0,0.0
2016-05-24,0.00021324876598031656,0.0002094566654313308,0.00023049156219307832,3.7921005489857705e-06,0.01778252039945343,0.0002094566654313308,0.05373868902703977,0.05278307968869536,0.05808387367265574,0.1281,0.898055,0,2,15.0517,1,0.02564102564102564
2016-05-25,4.353493488261145e-05,5.1764297646509715e-05,7.150663646787164e-05,0.0,0.0,5.1764297646509715e-05,0.010970803590418085,0.013044603006920449,0.018019672389903655,-1.3619,0.173225,0,0,2.8321,0,0.0
2016-05-26,2.434749217251469e-07,2.0440390327647103e-07,2.9045783404898233e-07,3.90710184486759e-08,0.16047179602746126,2.0440390327647103e-07,6.135568027473703e-05,5.15097836256707e-05,7.319537418034355e-05,1.1562,0.247614,0,0,3.4973,0,0.0
2016-05-27,1.1943440913337081e-05,1.210496532456326e-05,1.2039017094618951e-05,0.0,0.0,1.210496532456326e-05,0.0030097471101609447,0.0030504512617899418,0.0030338323078439758,-0.0974,0.922378,0,2,18.9012,1,0.02564102564102564
2016-05-31,7.85901735757548e-05,7.645277646342243e-05,6.116091519809933e-05,2.137397112332367e-06,0.02719674722534282,7.645277646342243e-05,0.01980472374109021,0.01926609966878245,0.01541255062992103,0.1959,0.844652,0,1,4.853,1,0.01282051282051282
2016-06-01,6.587129161134393e-06,5.140398204550119e-06,5.776318094853726e-06,1.4467309565842741e-06,0.21962993309595197,5.140398204550119e-06,0.001659956548605867,0.00129538034754663,0.001455632159903139,1.5824,0.113561,0,0,3.401,0,0.0
2016-06-02,1.4225417711878179e-05,1.7048834618414575e-05,1.1634712756892414e-05,0.0,0.0,1.7048834618414575e-05,0.003584805263393301,0.004296306323840473,0.0029319476147368884,-1.43,0.152722,0,0,2.6253,0,0.0
2016-06-03,2.1409354863505944e-06,2.4816793880258287e-06,2.5121691035168617e-06,0.0,0.0,2.4816793880258287e-06,0.0005395157425603498,0.0006253832057825088,0.0006330666140862491,-1.1467,0.251511,0,0,2.8707,0,0.0
2016-06-06,8.135214181119506e-06,7.528801620026169e-06,9.697377268926676e-06,6.064125610933371e-07,0.0745416743862806,7.528801620026169e-06,0.0020500739736421156,0.0018972580082465946,0.0024437390717695225,0.5371,0.591228,0,0,2.5389,0,0.0
2016-06-07,3.7728932170400056e-06,3.6090026340177683e-06,4.64002792337857e-06,1.6389058302223723e-07,0.043438955240790264,3.6090026340177683e-06,0.0009507690906940814,0.0009094686637724776,0.0011692870366913997,0.313,0.754305,0,0,2.6387,0,0.0
2016-06-08,3.147764001391341e-05,3.3771671303093855e-05,3.6449522948735466e-05,0.0,0.0,3.3771671303093855e-05,0.00793236528350618,0.008510461168379651,0.009185279783081337,-0.5251,0.599534,0,0,3.4747,0,0.0
2016-06-09,3.187125981475752e-07,3.1354792756155023e-07,4.079663854364741e-07,5.16467058602496e-09,0.016204738724808168,3.1354792756155023e-07,8.031557473318894e-05,7.901407774551066e-05,0.00010280752912999147,0.1168,0.907057,0,0,3.7086,0,0.0
2016-06-10,0.19334286879008708,0.19279499245311058,0.1208273320870373,0.000547876336976505,0.0028337033602646197,0.19279499245311058,48.72240293510195,48.58433809818386,30.4484876859334,0.0204,0.983711,0,4,471.257,1,0.05128205128205128
2016-06-13,7.127826398479585e-05,6.089159667797867e-05,7.010209084336088e-05,1.0386667306817177e-05,0.145719979421956,6.089159667797867e-05,0.017962122524168553,0.015344682362850625,0.01766572689252694,1.0499,0.293773,0,0,4.3557,0,0.0
2016-06-14,2.253338996702447e-06,2.3258914723059127e-06,2.769949488485693e-06,0.0,0.0,2.3258914723059127e-06,0.0005678414271690167,0.00058612465102109,0.0006980272710983945,-0.232,0.816555,0,0,3.083,0,0.0
2016-06-15,7.081602630848766e-05,8.321012637202914e-05,6.027435261487072e-05,0.0,0.0,8.321012637202914e-05,0.01784563862973889,0.020968951845751344,0.01518913685894742,-1.261,0.20732,0,1,4.8783,1,0.01282051282051282
2016-06-16,9.55785466815856e-06,8.397765765324866e-06,7.0607153326752286e-06,1.1600889028336938e-06,0.12137543640656372,8.397765765324866e-06,0.002408579376375957,0.0021162369728618662,0.0017793002638341576,0.8745,0.381855,0,0,4.585,0,0.0
2016-06-17,2.2400121492568297e-05,2.232403284638895e-05,5.313188264052411e-05,7.60886461793462e-08,0.003396795986476868,2.232403284638895e-05,0.005644830616127211,0.005625656277290015,0.013389234425412075,0.0245,0.980475,0,0,3.1655,0,0.0
2016-06-20,0.0017419998683484235,0.0018047985613471047,0.0021037012055270627,0.0,0.0,0.0018047985613471047,0.4389839668238027,0.4548092374594704,0.5301327037928198,-0.2597,0.795071,0,3,12.5267,1,0.038461538461538464
2016-06-21,2.6426824724058767e-06,2.749269324478327e-06,2.123546287795049e-06,0.0,0.0,2.749269324478327e-06,0.000665955983046281,0.0006928158697685384,0.0005351336645243523,-0.2906,0.771366,0,0,2.7769,0,0.0
2016-06-22,1.32601381637556e-06,1.0910534841197777e-06,8.040012467519198e-07,2.3496033225578232e-07,0.17719284079947697,1.0910534841197777e-06,0.00033415548172664115,0.00027494547799818397,0.0002026083141814838,1.2766,0.201731,0,0,2.8395,0,0.0
2016-06-23,0.0005561603837173485,0.0005918309187478614,0.00038357015817311324,0.0,0.0,0.0005918309187478614,0.1401524166967718,0.14914139152446107,0.09665967985962454,-0.4621,0.644014,0,3,13.701,1,0.038461538461538464
2016-06-24,0.06922420165653341,0.06973395008641765,0.026075741370283564,0.0,0.0,0.06973395008641765,17.44449881744642,17.572955421777248,6.5710868253114585,-0.0531,0.957689,0,2,8.6793,1,0.02564102564102564
2016-06-27,0.0002811961356571305,0.00025470851776087863,0.00041744932482992014,2.6487617896251857e-05,0.09419623687273085,0.00025470851776087863,0.07086142618559689,0.06418654647574142,0.10519722985713988,0.6787,0.497351,0,0,2.9202,0,0.0
2016-06-28,0.0008318532380826877,0.0008928296134100896,0.0007361398414616422,0.0,0.0,0.0008928296134100896,0.2096270159968373,0.22499306257934257,0.18550724004833385,-0.5281,0.597413,0,0,2.9026,0,0.0
2016-06-29,0.003987142823137156,0.0037307550559878225,0.004893771240226511,0.00025638776714933306,0.06430363256546172,0.0037307550559878225,1.0047599914305632,0.9401502741089313,1.233230352537081,0.4633,0.643154,0,1,4.9339,1,0.01282051282051282
2016-06-30,0.0002799000185888597,0.00027852982582564047,0.0002975127260928867,1.3701927632192275e-06,0.004895293559578452,0.00027852982582564047,0.07053480468439265,0.0701895161080614,0.07497320697540745,0.0353,0.971865,0,0,2.808,0,0.0
2016-07-01,8.748504797363207e-06,8.0596215121634e-06,4.975456702766046e-06,6.888832851998063e-07,0.07874296493092972,8.0596215121634e-06,0.002204623208935528,0.002031024621065177,0.0012538150890970437,0.5673,0.570493,0,0,2.6275,0,0.0
2016-07-05,0.0002604254730613804,0.00022614183587460178,0.00016942109390525643,3.42836371867786e-05,0.13164471452089282,0.00022614183587460178,0.06562721921146786,0.05698774264039965,0.04269411566412462,0.9485,0.342889,0,1,14.2643,1,0.01282051282051282
2016-07-06,0.0001048651383336409,9.643517655941517e-05,9.223717470043136e-05,8.429961774225728e-06,0.08038860032793933,9.643517655941517e-05,0.026426014860077507,0.02430166449297262,0.023243768024508702,0.5792,0.562466,0,0,2.532,0,0.0
2016-07-07,6.996475123097223e-06,6.138270678651633e-06,5.972286581157311e-06,8.582044444455894e-07,0.12266238451274478,6.138270678651633e-06,0.0017631117310205001,0.0015468442110202116,0.0015050162184516423,0.8838,0.376828,0,0,3.9634,0,0.0
2016-07-08,0.006846455464230838,0.006600761038829543,0.009295082620351914,0.0002456944254012952,0.03588636874204969,0.006600761038829543,1.7253067769861712,1.6633917817850448,2.342360820328682,0.2586,0.79598,0,2,38.3047,1,0.02564102564102564
2016-07-11,3.713329930145908e-05,3.66824560011509e-05,3.440647576236176e-05,4.508433003081827e-07,0.012141212783353589,3.66824560011509e-05,0.00935759142396769,0.009243978912290026,0.008670431892115164,0.0875,0.930294,0,0,3.7904,0,0.0
2016-07-12,2.184860730342121e-05,2.1566749770724527e-05,2.555352044102156e-05,2.8185753269668323e-07,0.012900479919929179,2.1566749770724527e-05,0.005505849040462145,0.005434820942222581,0.006439487151137433,0.0929,0.925947,0,0,2.8512,0,0.0
2016-07-13,1.2142555015817377e-07,1.3045973814299154e-07,8.899627048469606e-08,0.0,0.0,1.3045973814299154e-07,3.059923863985979e-05,3.287585401203387e-05,2.242706016214341e-05,-0.536,0.591932,0,0,2.0271,0,0.0
2016-07-14,6.407084883354901e-05,6.441702016891822e-05,5.374300132622795e-05,0.0,0.0,6.441702016891822e-05,0.01614585390605435,0.01623308908256739,0.013543236334209443,-0.0389,0.968949,0,3,33.4416,1,0.038461538461538464
2016-07-15,3.04750835889361e-06,3.2975788400945012e-06,2.4206192799771443e-06,0.0,0.0,3.2975788400945012e-06,0.0007679721064411898,0.0008309898677038143,0.0006099960585542404,-0.5912,0.554383,0,0,3.0517,0,0.0
2016-07-18,4.336335477488762e-06,4.501062002818867e-06,3.6656053152929523e-06,0.0,0.0,4.501062002818867e-06,0.001092756540327168,0.0011342676247103546,0.000923732539453824,-0.2737,0.784322,0,0,3.3223,0,0.0
2016-07-19,7.861223101494216e-07,6.98976723590941e-07,8.285844705145437e-07,8.714558655848065e-08,0.11085485627174257,6.98976723590941e-07,0.00019810282215765423,0.00017614213434491712,0.00020880328656966502,0.7987,0.424473,0,0,3.2414,0,0.0
2016-07-20,9.644970454426213e-06,9.454227553113745e-06,6.7337475004554364e-06,1.9074290131246814e-07,0.019776409107456046,9.454227553113745e-06,0.002430532554515406,0.002382465343384664,0.00169690437011477,0.1425,0.886697,0,0,3.884,0,0.0
2016-07-21,5.021366720929809e-06,4.427299868276014e-06,6.390855195227157e-06,5.940668526537946e-07,0.11830777701812904,4.427299868276014e-06,0.0012653844136743119,0.0011156795668055555,0.0016104955091972436,0.8524,0.394002,0,0,3.4114,0,0.0
2016-07-22,0.00012756437817352677,0.00011439355703652619,0.00015810269499287531,1.3170821137000583e-05,0.10324842422573324,0.00011439355703652619,0.03214622329972874,0.0288271763732046,0.039841879138204576,0.7439,0.456947,0,1,7.0268,1,0.01282051282051282
2016-07-25,0.00010163821660345032,9.806928358336239e-05,4.967773773075383e-05,3.568933020087938e-06,0.035114085077843624,9.806928358336239e-05,0.02561283058406948,0.02471345946300732,0.012518789908149966,0.253,0.800276,0,0,2.6298,0,0.0
2016-07-26,7.722871997386936e-07,6.53695584358894e-07,7.428040215751663e-07,1.1859161537979961e-07,0.1535587561999853,6.53695584358894e-07,0.00019461637433415078,0.00016473128725844128,0.0001871866134369419,1.1064,0.268572,0,0,2.677,0,0.0
2016-07-27,8.386986572682339e-05,8.763353895977116e-05,0.00015349297723343979,0.0,0.0,8.763353895977116e-05,0.021135206163159496,0.022083651817862333,0.038680230262826826,-0.3233,0.746456,0,2,18.0308,1,0.02564102564102564
2016-07-28,1.1722684885187946e-06,1.1120688566909472e-06,8.862666123384041e-07,6.019963182784734e-08,0.05135306550024754,1.1120688566909472e-06,0.00029541165910673624,0.0002802413518861187,0.00022333918630927782,0.37,0.711392,0,0,2.4468,0,0.0
2016-07-29,1.5172998832267666e-06,1.4479470558440758e-06,2.021012081868997e-06,6.935282738269076e-08,0.04570802544792674,1.4479470558440758e-06,0.0003823595705731452,0.0003648826580727071,0.0005092950446309872,0.3293,0.741916,0,0,2.9146,0,0.0
2016-08-01,3.150881465327224e-07,3.216052847468303e-07,2.678021091165807e-07,0.0,0.0,3.216052847468303e-07,7.940221292624605e-05,8.104453175620124e-05,6.748613149737835e-05,-0.149,0.881538,0,0,2.3226,0,0.0
2016-08-02,0.9526456706863605,0.9536182061792947,0.7503350267957862,0.0,0.0,0.9536182061792947,240.06670901296286,240.31178795718228,189.08442675253812,-0.0074,0.994131,0,3,1038.5458,1,0.038461538461538464
2016-08-03,3.821581963226454e-06,3.712876621677629e-06,4.511610484867428e-06,1.0870534154882495e-07,0.028445108373899623,3.712876621677629e-06,0.0009630386547330664,0.0009356449086627626,0.001136925842186592,0.2049,0.837618,0,0,2.6939,0,0.0
2016-08-04,2.3977644029634338e-05,2.4778230161474835e-05,1.5280835511471694e-05,0.0,0.0,2.4778230161474835e-05,0.006042366295467853,0.006244114000691659,0.003850770548890867,-0.2406,0.809897,0,1,5.3228,1,0.01282051282051282
2016-08-05,0.0005435647510950799,0.0005450529752110465,0.0004925425471772515,0.0,0.0,0.0005450529752110465,0.13697831727596013,0.13735334975318372,0.12412072188866739,-0.0197,0.984262,0,1,13.1516,1,0.01282051282051282
2016-08-08,2.0110637232932375e-05,1.8353628565757463e-05,1.471023797347875e-05,1.757008667174912e-06,0.08736712613614148,1.8353628565757463e-05,0.005067880582698959,0.004625114398570881,0.003706979969316645,0.6295,0.529047,0,0,3.0524,0,0.0
2016-08-09,2.333497324384328e-06,2.487577725116064e-06,1.5212203720792244e-06,0.0,0.0,2.487577725116064e-06,0.0005880413257448507,0.0006268695867292481,0.00038334753376396453,-0.4757,0.634266,0,0,2.8913,0,0.0
2016-08-10,3.573219798978294e-06,3.7947027026165774e-06,2.4007148286059404e-06,0.0,0.0,3.7947027026165774e-06,0.00090045138934253,0.0009562650810593775,0.0006049801368086969,-0.4466,0.655177,0,0,2.9545,0,0.0
2016-08-11,1.3453902833222367e-05,1.2714124851605673e-05,8.411223857761595e-06,7.397779816166939e-07,0.05498612081572375,1.2714124851605673e-05,0.0033903835139720367,0.0032039594626046297,0.002119628412155922,0.3962,0.691985,0,0,4.1888,0,0.0
2016-08-12,3.0848783363436896e-06,3.161035632352371e-06,3.5416393316875254e-06,0.0,0.0,3.161035632352371e-06,0.0007773893407586098,0.0007965809793527975,0.0008924931115852564,-0.1779,0.858828,0,0,2.8161,0,0.0
2016-08-15,5.864568452920674e-05,6.106403886488062e-05,2.6028612436777597e-05,0.0,0.0,6.106403886488062e-05,0.014778712501360099,0.015388137793949916,0.006559210334067955,-0.2971,0.766389,0,1,8.474,1,0.01282051282051282
2016-08-16,0.00016625466599065117,0.00017716982297617486,0.00011071284141889428,0.0,0.0,0.00017716982297617486,0.0418961758296441,0.044646795389996066,0.02789963603756136,-0.473,0.636201,0,0,3.7741,0,0.0
2016-08-17,8.648427433017188e-07,9.202826248279354e-07,1.0356240343778426e-06,0.0,0.0,9.202826248279354e-07,0.0002179403713120331,0.0002319112214566397,0.0002609772566632163,-0.4619,0.644185,0,0,2.6694,0,0.0
2016-08-18,1.406436938329905e-05,1.3302849655972694e-05,1.0854139814582134e-05,7.615197273263562e-07,0.05414531234406585,1.3302849655972694e-05,0.0035442210845913606,0.0033523181133051187,0.002735243233274698,0.3901,0.696459,0,0,4.1022,0,0.0
2016-08-19,5.588740126036802e-07,4.974137787872108e-07,4.804458372869303e-07,6.146023381646937e-08,0.10997133962053371,4.974137787872108e-07,0.0001408362511761274,0.00012534827225437712,0.00012107235099630644,0.7923,0.428174,0,0,3.1581,0,0.0
2016-08-22,2.494252445006522e-09,2.089162914673177e-09,2.3464529116496263e-09,4.0508953033334517e-10,0.1623441071639893,2.089162914673177e-09,6.285516161416435e-07,5.264690544976406e-07,5.913061337357058e-07,1.1697,0.24214,0,0,3.2378,0,0.0
2016-08-23,5.618950644543163e-06,5.976905773191944e-06,5.549967351295703e-06,0.0,0.0,5.976905773191944e-06,0.0014159755624248772,0.0015061802548443698,0.001398591772526517,-0.459,0.646248,0,3,47.4092,1,0.038461538461538464
2016-08-24,5.9347441163389456e-05,5.128606541799145e-05,7.336010361431829e-05,8.061375745398008e-06,0.1358335835806408,5.128606541799145e-05,0.014955555173174142,0.012924088485333845,0.018486746110808208,0.9787,0.327752,0,2,11.3295,1,0.02564102564102564
2016-08-25,5.915207954240572e-07,6.768747239342311e-07,3.469751059686934e-07,0.0,0.0,6.768747239342311e-07,0.0001490632404468624,0.00017057243043142623,8.743772670411073e-05,-1.0396,0.298517,0,0,2.3271,0,0.0
2016-08-26,4.4979548290389725e-05,4.488127412510814e-05,5.161946691108275e-05,9.827416528158738e-08,0.0021848632730204903,4.488127412510814e-05,0.01133484616917821,0.01131008107952725,0.013008105661592852,0.0157,0.987441,0,2,14.5234,1,0.02564102564102564
2016-08-29,0.00011418238601494409,0.00010736157397513906,8.446868829627966e-05,6.820812039805033e-06,0.059736113582144076,0.00010736157397513906,0.02877396127576591,0.02705511664173504,0.021286109450662474,0.4304,0.666915,0,0,3.387,0,0.0
2016-08-30,9.439370951688353e-05,9.785839785920275e-05,6.661963622463761e-05,0.0,0.0,9.785839785920275e-05,0.02378721479825465,0.024660316260519094,0.016788148328608678,-0.2644,0.791434,0,0,2.7922,0,0.0
2016-08-31,1.0759246276462178e-05,8.11271159220317e-06,1.8103264130392724e-05,2.646534684259009e-06,0.24597768006027595,8.11271159220317e-06,0.002711330061668469,0.002044403321235199,0.004562022560858967,1.7722,0.076359,0,0,3.2405,0,0.0
2016-09-01,3.070801912099544e-08,3.525008472692451e-08,2.3304234151088943e-08,0.0,0.0,3.525008472692451e-08,7.73842081849085e-06,8.883021351184976e-06,5.872667006074413e-06,-1.0656,0.286589,0,0,2.525,0,0.0
2016-09-02,0.0005115549769727192,0.00046396793518869696,0.0005119680311790235,4.7587041784022237e-05,0.09302429618143607,0.00046396793518869696,0.12891185419712523,0.11691991966755164,0.1290159438571139,0.6702,0.502718,0,4,87.1623,1,0.05128205128205128
2016-09-06,0.0007427087771171248,0.0007982499691754218,0.000984360919028031,0.0,0.0,0.0007982499691754218,0.18716261183351546,0.2011589922322063,0.24805895159506383,-0.5388,0.590033,0,0,2.6126,0,0.0
2016-09-07,1.930033298245964e-08,1.897071787729874e-08,1.0952479588183907e-08,3.2961510516090065e-10,0.01707732338799828,1.897071787729874e-08,4.863683911579829e-06,4.780620905079282e-06,2.7600248562223447e-06,0.123,0.902077,0,0,2.5195,0,0.0
2016-09-08,0.0032149134294710614,0.002942552961208476,0.00357768666953017,0.00027236046826258553,0.08471782340424583,0.002942552961208476,0.8101581842267075,0.7415233462245359,0.9015770407216028,0.6104,0.541614,0,2,263.7773,1,0.02564102564102564
2016-09-09,0.008872045437669751,0.007881502011735651,0.006581950209036835,0.0009905434259341005,0.11164769531236977,0.007881502011735651,2.2357554502927774,1.986138506957384,1.6586514526772824,0.8044,0.421167,0,0,2.8377,0,0.0
2016-09-12,0.00012052739793892565,0.00012172967239715137,0.00015433330903435351,0.0,0.0,0.00012172967239715137,0.030372904280609264,0.030675877444082147,0.03889199387665709,-0.0719,0.942707,0,0,3.0907,0,0.0
2016-09-13,8.239425650088996e-05,9.348582934135463e-05,8.952560790990511e-05,0.0,0.0,9.348582934135463e-05,0.020763352638224267,0.023558428994021365,0.02256045319329609,-0.9699,0.332107,0,0,2.6943,0,0.0
2016-09-14,1.4784564946708509e-05,1.614188516832351e-05,9.853432959213007e-06,0.0,0.0,1.614188516832351e-05,0.003725710366570544,0.004067755062417524,0.002483065105721678,-0.6614,0.508326,0,0,2.5588,0,0.0
2016-09-15,0.0005623945542976611,0.0006063149169590653,0.0004437642700515622,0.0,0.0,0.0006063149169590653,0.14172342768301058,0.15279135907368444,0.11182859605299367,-0.5627,0.573667,0,1,7.2088,1,0.01282051282051282
2016-09-16,3.079799060288621e-05,2.9618477771658204e-05,1.9992853160314342e-05,1.1795128312280043e-06,0.03829836849223204,2.9618477771658204e-05,0.007761093631927325,0.007463856398457867,0.005038198996399215,0.2759,0.782601,0,0,2.8112,0,0.0
2016-09-19,1.2534565915248332e-08,1.1306574015372488e-08,1.5314117281539926e-08,1.2279918998758437e-09,0.09796062724077799,1.1306574015372488e-08,3.1587106106425796e-06,2.849256651873867e-06,3.859157554948061e-06,0.7058,0.480322,0,0,2.6259,0,0.0
2016-09-20,7.221080697634897e-09,5.3015531101261704e-09,8.345916488075014e-09,1.9195275875087265e-09,0.2657859511508003,5.3015531101261704e-09,1.819712335803994e-06,1.3359913837517949e-06,2.1031709549949036e-06,1.9149,0.055501,0,0,4.0204,0,0.0
2016-09-21,0.0019427685768233758,0.0017800952432436682,0.0021378501517989837,0.0001626733335797076,0.08373273864762745,0.0017800952432436682,0.4895776813594907,0.4485840012974044,0.5387382382533439,0.6033,0.546325,0,2,1060.5746,1,0.02564102564102564
2016-09-22,0.0003322082983296657,0.00033966317403786336,0.0003071618258094881,0.0,0.0,0.00033966317403786336,0.08371649117907574,0.08559511985754156,0.077404780103991,-0.1617,0.871559,0,0,3.3703,0,0.0
2016-09-23,7.291970707159724e-06,6.593060672869754e-06,7.968491750909538e-06,6.989100342899698e-07,0.09584650933350924,6.593060672869754e-06,0.0018375766182042504,0.001661451289563178,0.0020080599212292036,0.6906,0.489846,0,0,3.2489,0,0.0
2016-09-26,0.0015279195571806143,0.0014348307100197778,0.0013389471379605818,9.308884716083656e-05,0.06092522781217818,0.0014348307100197778,0.38503572840951483,0.361577338924984,0.3374146787660666,0.439,0.660695,0,1,22.0154,1,0.01282051282051282
2016-09-27,4.915250548872968e-05,4.865630925875098e-05,5.5368474124910125e-05,4.961962299786943e-07,0.010095034117791502,4.865630925875098e-05,0.012386431383159879,0.012261389933205248,0.013952855479477352,0.0727,0.942019,0,0,3.2302,0,0.0
2016-09-28,0.00012468765753333416,0.00011716799652828505,0.0002154691302552391,7.519661005049111e-06,0.06030798150755871,0.00011716799652828505,0.03142128969840021,0.029526335125127832,0.05429822082432026,0.4345,0.663921,0,0,4.2238,0,0.0
2016-09-29,1.042326902746202,0.9508167534070427,0.6043903977545929,0.09151014933915935,0.08779409712823416,0.9508167534070427,262.66637949204295,239.60582185857479,152.30638023415742,0.6325,0.527036,0,3,132.8005,1,0.038461538461538464
2016-09-30,0.00018082227208456562,0.00017758170654628568,0.00013140046260746733,3.240565538279946e-06,0.01792127420477909,0.00017758170654628568,0.04556721256531054,0.04475059004966399,0.03311291657708177,0.1291,0.897264,0,0,2.6571,0,0.0
2016-10-03,2.928200232262456e-05,2.7883037339543984e-05,2.5138246042410186e-05,1.3989649830805768e-06,0.04777558993034042,2.7883037339543984e-05,0.007379064585301389,0.007026525409565084,0.006334838002687367,0.3442,0.730686,0,0,3.4181,0,0.0
2016-10-04,5.0658942284138434e-05,5.1815266585001095e-05,4.9849003303002474e-05,0.0,0.0,5.1815266585001095e-05,0.012766053455602885,0.013057447179420275,0.012561948832356623,-0.1645,0.869374,0,0,2.7806,0,0.0
2016-10-05,1.4788328162904207e-05,1.6054531047235648e-05,1.3725416914392315e-05,0.0,0.0,1.6054531047235648e-05,0.00372665869705186,0.004045741823903383,0.0034588050624268633,-0.6169,0.53731,0,0,2.4954,0,0.0
2016-10-06,5.367736519797715e-07,5.363568229141776e-07,4.817240123352559e-07,4.168290655938987e-10,0.0007765438700514625,5.363568229141776e-07,0.00013526696029890242,0.00013516191937437276,0.00012139445110848448,0.0056,0.995536,0,0,2.8907,0,0.0
2016-10-07,4.2904727242533204e-05,3.724021322897663e-05,6.063088038792302e-05,5.6645140135565706e-06,0.13202540245765051,3.724021322897663e-05,0.010811991265118366,0.009384533733702112,0.0152789818577566,0.9512,0.341495,0,2,5.7988,1,0.02564102564102564
2016-10-10,0.001943417597826851,0.0020566638360932084,0.0020872411797758068,0.0,0.0,0.0020566638360932084,0.48974123465236646,0.5182792866954885,0.5259847773035033,-0.4198,0.674606,0,1,5.0262,1,0.01282051282051282
2016-10-11,8.429183805831117e-05,8.215484141161754e-05,0.0001001790711141757,2.1369966466936217e-06,0.025352355228781952,8.215484141161754e-05,0.021241543190694413,0.02070302003572762,0.025245125920772275,0.1827,0.855066,0,0,3.5644,0,0.0
2016-10-12,2.1633900793018872e-06,1.96870278466655e-06,3.904677566900178e-06,1.9468729463533727e-07,0.08999172479631452,1.96870278466655e-06,0.0005451742999840756,0.0004961131017359706,0.0009839787468588449,0.6484,0.516745,0,0,3.8481,0,0.0
2016-10-13,2.3220813714362372e-05,1.7686047950984973e-05,1.5678624947853736e-05,5.534765763377399e-06,0.23835364225847233,1.7686047950984973e-05,0.005851645056019318,0.004456884083648213,0.003951013486859141,1.7173,0.085927,0,1,4.7827,1,0.01282051282051282
2016-10-14,7.304467372495902e-07,7.729859463929286e-07,3.902196445096593e-07,0.0,0.0,7.729859463929286e-07,0.00018407257778689672,0.00019479245849101802,9.833535041643414e-05,-0.4196,0.674788,0,0,2.7082,0,0.0
2016-10-17,0.026084752640643367,0.02733255234382023,0.01085277502538601,0.0,0.0,0.02733255234382023,6.573357665442129,6.887803190642698,2.734899306397274,-0.3447,0.730357,0,2,466.5601,1,0.02564102564102564
2016-10-18,4.1469299645604945e-05,4.070352705337629e-05,6.0974356770705226e-05,7.65772592228654e-07,0.018466011731736624,4.070352705337629e-05,0.010450263510692446,0.010257288817450826,0.015365537906217717,0.133,0.894159,0,0,2.5155,0,0.0
2016-10-19,3.266348291742257e-06,2.897675694773619e-06,2.869567057059532e-06,3.6867259696863816e-07,0.11286992419968342,2.897675694773619e-06,0.0008231197695190487,0.0007302142750829519,0.000723130898379002,0.8132,0.416101,0,0,2.0682,0,0.0
2016-10-20,0.00014285999096931478,0.0001397213415016312,0.0001407431496214138,3.138649467683568e-06,0.021970108106668003,0.0001397213415016312,0.03600071772426733,0.035209778058411065,0.03546727370459628,0.1583,0.874228,0,2,6.6204,1,0.02564102564102564
2016-10-21,1.2370683770059038e-07,1.1092452830665641e-07,1.1187036496565652e-07,1.2782309393933965e-08,0.10332659297522394,1.1092452830665641e-07,3.1174123100548774e-05,2.7952981133277415e-05,2.819133197134544e-05,0.7444,0.456607,0,0,2.5142,0,0.0
2016-10-24,5.9871043432372785e-06,6.036589434464749e-06,4.195801911910472e-06,0.0,0.0,6.036589434464749e-06,0.0015087502944957942,0.0015212205374851167,0.0010573420818014388,-0.0595,0.952514,0,2,11.4829,1,0.02564102564102564
2016-10-25,9.879075948705087e-05,9.51553827648044e-05,5.197583039300262e-05,3.6353767222464713e-06,0.0367987522752493,9.51553827648044e-05,0.024895271390736818,0.023979156456730707,0.01309790925903666,0.2651,0.790912,0,1,5.8601,1,0.01282051282051282
2016-10-26,5.4924293521466696e-06,5.23413912175578e-06,4.787740963888896e-06,2.5829023039088967e-07,0.047026582738539255,5.23413912175578e-06,0.0013840921967409607,0.0013190030586824565,0.0012065107229000018,0.3388,0.734748,0,0,4.4679,0,0.0
2016-10-27,5.203723114999106e-06,5.2394805233659235e-06,4.4981856293173085e-06,0.0,0.0,5.2394805233659235e-06,0.0013113382249797748,0.0013203490918882127,0.0011335427785879617,-0.0495,0.960515,0,0,3.3686,0,0.0
2016-10-28,3.7531967778523023e-06,3.3547455213978866e-06,3.191590756391237e-06,3.984512564544157e-07,0.10616313875215551,3.3547455213978866e-06,0.0009458055880187802,0.0008453958713922675,0.0008042808706105917,0.7649,0.444341,0,0,3.7557,0,0.0
2016-10-31,7.725041872954141e-10,7.370501360236744e-10,5.279854046820045e-10,3.54540512717397e-11,0.045835629404549307,7.370501360236744e-10,1.9467105519844436e-07,1.8573663427796595e-07,1.3305232197986515e-07,0.3302,0.741222,0,0,2.8212,0,0.0
2016-11-01,0.0009532878585937684,0.00100645053907235,0.0012059522480303544,0.0,0.0,0.00100645053907235,0.24022854036562963,0.2536255358462322,0.3038999665036493,-0.4018,0.687835,0,4,321.3663,1,0.05128205128205128
2016-11-02,0.00020071927772672335,0.00017815054084909565,0.00021321096930666678,2.25687368776277e-05,0.1124393083753292,0.00017815054084909565,0.05058125798713428,0.044893936293972106,0.05372916426528003,0.8101,0.417882,0,0,3.6423,0,0.0
2016-11-03,0.03034008073471859,0.03316942245458421,0.03966587754275683,0.0,0.0,0.03316942245458421,7.645700345149085,8.35869445855522,9.99580114077472,-0.6719,0.501662,0,2,22.0442,1,0.02564102564102564
2016-11-04,5.1369688272770634e-06,5.723694100817035e-06,3.3740019393977202e-06,0.0,0.0,5.723694100817035e-06,0.00129451614447382,0.001442370913405893,0.0008502484887282255,-0.8229,0.410563,0,0,3.0659,0,0.0
2016-11-07,0.044561639162981864,0.04146738450668491,0.027581975373191445,0.003094254656296952,0.0694376309836907,0.04146738450668491,11.22953306907143,10.449780895684597,6.950657794044244,0.5003,0.616876,0,3,101.1217,1,0.038461538461538464
2016-11-08,6.577012759201894e-05,6.501447646672718e-05,3.7607993435129496e-05,7.556511252917612e-07,0.01148927547305203,6.501447646672718e-05,0.016574072153188773,0.016383648069615248,0.009477214345652633,0.0828,0.934028,0,0,2.1605,0,0.0
2016-11-09,0.012819051985508163,0.012502739133849446,0.010365541932398921,0.00031631285165871666,0.024675214047936666,0.012502739133849446,3.230401100348057,3.1506902617300603,2.612116566964528,0.1778,0.858896,0,3,27.6802,1,0.038461538461538464
2016-11-10,1.5229573231448817e-05,1.488936784173419e-05,7.746978256933056e-06,3.40205389714627e-07,0.022338470172863306,1.488936784173419e-05,0.003837852454325102,0.003752120696117016,0.00195223852074713,0.1609,0.872138,0,0,3.0764,0,0.0
2016-11-11,4.0806911205565613e-05,4.507677501584949e-05,3.33040806918913e-05,0.0,0.0,4.507677501584949e-05,0.010283341623802535,0.011359347303994072,0.008392628334356608,-0.7539,0.450922,0,0,2.6252,0,0.0
2016-11-14,4.220435184988315e-06,4.528162914372738e-06,3.4939221234823205e-06,0.0,0.0,4.528162914372738e-06,0.0010635496666170554,0.0011410970544219298,0.0008804683751175448,-0.5253,0.599355,0,0,2.4162,0,0.0
2016-11-15,0.00017596011432193556,0.0001608115617385063,0.00017447319231081814,1.5148552583429248e-05,0.08609083118474632,0.0001608115617385063,0.044341948809127764,0.04052451355810359,0.04396724446232617,0.6203,0.535083,0,2,12.791,1,0.02564102564102564
2016-11-16,6.736727322923632e-05,7.339930775989695e-05,8.238762763361864e-05,0.0,0.0,7.339930775989695e-05,0.016976552853767552,0.018496625555494032,0.0207616821636719,-0.6451,0.518854,0,0,3.5796,0,0.0
2016-11-17,2.1331284644605046e-05,2.2642261100578252e-05,1.1379818242293995e-05,0.0,0.0,2.2642261100578252e-05,0.0053754837304404715,0.00570584979734572,0.002867714197058087,-0.4428,0.657917,0,0,2.585,0,0.0
2016-11-18,7.817110588803888e-06,7.115856152952246e-06,5.232907483151659e-06,7.01254435851642e-07,0.08970761487606478,7.115856152952246e-06,0.00196991186837858,0.001793195750543966,0.0013186926857542182,0.6463,0.51807,0,0,3.3412,0,0.0
2016-11-21,6.331829085894602e-05,6.179536457117692e-05,7.335686956881589e-05,1.5229262877691064e-06,0.02405191680094158,6.179536457117692e-05,0.015956209296454398,0.015572431871936583,0.018485931131341605,0.1733,0.862424,0,0,3.1339,0,0.0
2016-11-22,4.574537000770768e-06,4.38141683519569e-06,6.895291273282965e-06,1.9312016557507787e-07,0.042216321198455205,4.38141683519569e-06,0.0011527833241942336,0.001104117042469314,0.001737613400867307,0.3042,0.761006,0,0,2.5945,0,0.0
2016-11-23,3.022544786978552e-07,2.868504089123126e-07,3.9851714846036646e-07,1.5404069785542573e-08,0.05096374051482787,2.868504089123126e-07,7.616812863185951e-05,7.228630304590278e-05,0.00010042632141201235,0.3672,0.713483,0,0,2.5573,0,0.0
2016-11-25,0.00013282307988071973,0.00012935292267362186,0.00015602160734122934,3.4701572070978634e-06,0.026126161086522298,0.00012935292267362186,0.033471416129941374,0.03259693651375271,0.039317445049989797,0.1882,0.850694,0,2,30.8808,1,0.02564102564102564
2016-11-28,3.1607823847369594e-05,2.8993906758914802e-05,4.011588696298415e-05,2.613917088454792e-06,0.082698417277275,2.8993906758914802e-05,0.007965171609537138,0.00730646450324653,0.010109203514672005,0.5958,0.551293,0,0,4.0162,0,0.0
2016-11-29,2.45705356049213e-06,2.5310368160523146e-06,1.4901314930176303e-06,0.0,0.0,2.5310368160523146e-06,0.0006191774972440168,0.0006378212776451833,0.0003755131362404428,-0.2169,0.828255,0,0,2.3987,0,0.0
2016-11-30,1.5986955418204806e-05,1.3182327636890202e-05,1.3719077913821684e-05,2.8046277813146042e-06,0.17543225289091888,1.3182327636890202e-05,0.004028712765387611,0.003321946564496331,0.0034572076342830643,1.264,0.206247,0,1,4.7404,1,0.01282051282051282
2016-12-01,2.9583969357479287e-05,2.917336700960981e-05,2.434850514310766e-05,4.1060234786947686e-07,0.013879217120215585,2.917336700960981e-05,0.00745516027808478,0.007351688486421672,0.00613582329606313,0.1,0.920347,0,0,4.1349,0,0.0
2016-12-02,6.032705424758582e-08,6.306237873011409e-08,1.0559250931621739e-07,0.0,0.0,6.306237873011409e-08,1.5202417670391626e-05,1.5891719439988748e-05,2.6609312347686783e-05,-0.3267,0.743917,0,0,3.4995,0,0.0
2016-12-05,0.0004911395136018156,0.00040794166333493276,0.0006776921134756803,8.319785026688286e-05,0.16939759028416668,0.00040794166333493276,0.12376715742765754,0.10280129916040305,0.17077841259587143,1.2205,0.222286,0,5,38.9445,1,0.0641025641025641
2016-12-06,6.979649203437662e-06,7.805180374825743e-06,8.341233486565121e-06,0.0,0.0,7.805180374825743e-06,0.0017588715992662908,0.0019669054544560875,0.0021019908386144107,-0.8522,0.394126,0,0,2.9934,0,0.0
2016-12-07,0.0005083288238428608,0.0004477807147501528,0.0005022755942545944,6.054810909270807e-05,0.1191120907051164,0.0004477807147501528,0.12809886360840095,0.1128407401170385,0.12657344975215779,0.8582,0.390795,0,2,12.0943,1,0.02564102564102564
2016-12-08,1.68141519679715e-05,1.681288287969799e-05,1.5069947824441464e-05,1.2690882735094645e-09,7.547738360218869e-05,1.681288287969799e-05,0.004237166295928818,0.004236846485683894,0.0037976268517592488,0.0005,0.999566,0,0,2.9114,0,0.0
2016-12-09,0.058328046229802,0.049934508119588834,0.040514025096293635,0.008393538110213164,0.14390226747867113,0.049934508119588834,14.698667649910103,12.583496046136386,10.209534324265997,1.0368,0.299836,0,4,38.8224,1,0.05128205128205128
2016-12-12,1.0489372794387176e-06,1.0090610976830423e-06,1.2194805087607933e-06,3.987618175567528e-08,0.03801575606241852,1.0090610976830423e-06,0.0002643321944185568,0.00025428339661612666,0.0003073090882077199,0.2739,0.784165,0,0,3.4675,0,0.0
2016-12-13,0.00013583007688731786,0.00013782271911666496,0.0001311867640087453,0.0,0.0,0.00013782271911666496,0.0342291793756041,0.03473132521739957,0.03305906453020382,-0.1057,0.915824,0,3,27.3317,1,0.038461538461538464
2016-12-14,0.035114587693965284,0.03319691508898001,0.029339687803580004,0.0019176726049852724,0.054611850255619765,0.03319691508898001,8.848876098879252,8.365622602422963,7.393601326502161,0.3935,0.693975,0,3,12.4233,1,0.038461538461538464
2016-12-15,0.0014246200972480277,0.0012112815424874786,0.001822746226514444,0.0002133385547605491,0.14975118982450764,0.0012112815424874786,0.35900426450650297,0.3052429487068446,0.4593320490816399,1.0789,0.280621,0,0,3.2969,0,0.0
2016-12-16,1.7250959732936031e-06,1.63304565501949e-06,2.322331375050558e-06,9.205031827411312e-08,0.05335950366799849,1.63304565501949e-06,0.000434724185269988,0.00041152750506491146,0.0005852275065127406,0.3844,0.70065,0,0,2.5209,0,0.0
2016-12-19,2.6045832357244722e-05,2.5494454727044654e-05,3.0802484186449887e-05,5.513776302000682e-07,0.021169513858027546,2.5494454727044654e-05,0.00656354975402567,0.006424602591215253,0.007762226014985371,0.1525,0.878775,0,2,11.9136,1,0.02564102564102564
2016-12-20,0.00016828390161040515,0.00015874123007950667,0.0001322111330305848,9.542671530898486e-06,0.05670578934094944,0.00015874123007950667,0.0424075432058221,0.04000278998003568,0.03331720552370737,0.4086,0.682868,0,0,3.4577,0,0.0
2016-12-21,6.074552500629973e-06,6.418008720080431e-06,5.39131788814876e-06,0.0,0.0,6.418008720080431e-06,0.0015307872301587532,0.0016173381974602687,0.0013586121078134877,-0.4074,0.683744,0,0,2.4555,0,0.0
2016-12-22,4.720180159436204e-06,4.264867782273373e-06,5.472808534763486e-06,4.553123771628311e-07,0.09646078440286289,4.264867782273373e-06,0.0011894854001779235,0.00107474668113289,0.0013791477507603986,0.695,0.487068,0,0,4.1236,0,0.0
2016-12-23,0.0020023937615655497,0.0019222218806604463,0.0011072705174466136,8.01718809051034e-05,0.04003801969617797,0.0019222218806604463,0.5046032279145185,0.48439991392643245,0.27903217039654665,0.2885,0.772991,0,3,30.2127,1,0.038461538461538464
2016-12-27,4.8334604991071124e-05,4.0221408582348754e-05,8.278269993774342e-05,8.11319640872237e-06,0.16785481628258486,4.0221408582348754e-05,0.012180320457749923,0.010135794962751885,0.020861240384311343,1.2094,0.226525,0,0,3.2871,0,0.0
2016-12-28,7.230737899520293e-05,6.739645617794503e-05,7.040500193595089e-05,4.910922817257904e-06,0.06791731103496915,6.739645617794503e-05,0.01822145950679114,0.016983906956842147,0.017742060487859625,0.4893,0.624608,0,0,3.4094,0,0.0
2016-12-29,2.566538751875163e-05,2.2859915826439112e-05,2.8167637874239546e-05,2.8054716923125195e-06,0.10930953530131786,2.2859915826439112e-05,0.006467677654725411,0.005760698788262656,0.007098244744308366,0.7876,0.430959,0,0,2.9004,0,0.0
2016-12-30,2.964556109153532e-05,2.6293365331610088e-05,4.072357722943215e-05,3.352195759925232e-06,0.11307580370966833,2.6293365331610088e-05,0.007470681395066901,0.006625928063565742,0.010262341461816902,0.8147,0.415252,0,0,2.7548,0,0.0
2017-01-03,0.00032410324385089494,0.00032892215768784677,0.00022769927497071123,0.0,0.0,0.00032892215768784677,0.08167401745042553,0.08288838373733738,0.05738021729261923,-0.1071,0.914691,0,0,4.4381,0,0.0
2017-01-04,9.647576142891846e-06,8.781232627486582e-06,1.4342424497385035e-05,8.663435154052638e-07,0.08979907624201477,8.781232627486582e-06,0.002431189188008745,0.0022128706221266185,0.003614290973341029,0.647,0.517643,0,0,3.1487,0,0.0
2017-01-05,1.9272810886553453e-07,1.9841776833376992e-07,2.1675154408680806e-07,0.0,0.0,1.9841776833376992e-07,4.85674834341147e-05,5.000127762011002e-05,5.462138910987563e-05,-0.2127,0.831564,0,0,2.5965,0,0.0
2017-01-06,1.4567780615401625e-05,1.3547746755268234e-05,1.3923666023058443e-05,1.0200338601333916e-06,0.07001984839304375,1.3547746755268234e-05,0.0036710807150812097,0.003414032182327595,0.0035087638378107277,0.5045,0.613926,0,3,6.5427,1,0.038461538461538464
2017-01-09,0.0001394690820420039,0.00014348544320164357,7.944474357252176e-05,0.0,0.0,0.00014348544320164357,0.03514620867458498,0.03615833168681418,0.020020075380275483,-0.2075,0.835635,0,0,3.9967,0,0.0
2017-01-10,0.0,0.0,0.0,0.0,0.0,0.0,0.0,0.0,0.0,0.0,1.0,0,0,0.0,0,0.0
2017-01-11,5.704536050590829e-06,5.426807250208354e-06,5.110620438513254e-06,2.777288003824745e-07,0.04868559848405396,5.426807250208354e-06,0.0014375430847488888,0.0013675554270525052,0.0012878763505053401,0.3508,0.725761,0,3,400.6149,1,0.038461538461538464
2017-01-12,3.442320531847548e-05,2.9895890948968333e-05,4.175556146678546e-05,4.527314369507144e-06,0.13151925266988457,2.9895890948968333e-05,0.00867464774025582,0.00753376451914002,0.010522401489629936,0.9476,0.343349,0,0,2.8771,0,0.0
2017-01-13,0.00019745891144613975,0.00019694273785980738,0.00026872399921419913,5.161735863323672e-07,0.0026140809748112144,0.00019694273785980738,0.049759645684427214,0.04962956994067146,0.06771844780197818,0.0188,0.984974,0,0,4.102,0,0.0
2017-01-17,8.114571263223919e-06,7.223401263477513e-06,9.024015629296431e-06,8.911699997464056e-07,0.10982341038298227,7.223401263477513e-06,0.0020448719583324275,0.0018202971183963333,0.0022740519385827007,0.7913,0.428796,0,0,2.3664,0,0.0
2017-01-18,1.1582353843005459e-05,1.240876773643496e-05,1.6585696310646144e-05,0.0,0.0,1.240876773643496e-05,0.0029187531684373757,0.0031270094695816097,0.004179595470282828,-0.5141,0.607203,0,0,3.1419,0,0.0
2017-01-19,3.771968754809691e-06,4.2680329124898675e-06,2.5806937179874648e-06,0.0,0.0,4.2680329124898675e-06,0.0009505361262120421,0.0010755442939474466,0.0006503348169328412,-0.9475,0.343371,0,0,2.2676,0,0.0
2017-01-20,0.000629067606839554,0.0006384526745346958,0.0004136611785792181,0.0,0.0,0.0006384526745346958,0.1585250369235676,0.16089007398274333,0.10424261700196297,-0.1075,0.914402,0,1,21.732,1,0.01282051282051282
2017-01-23,0.00017013524154441134,0.00017342280967284752,0.00012660060495230915,0.0,0.0,0.00017342280967284752,0.04287408086919166,0.043702548037557576,0.031903352447981904,-0.1392,0.889276,0,0,2.7704,0,0.0
2017-01-24,0.002709962425535085,0.0028342973511977145,0.0037034248699722235,0.0,0.0,0.0028342973511977145,0.6829105312348414,0.714242932501824,0.9332630672330003,-0.3306,0.740977,0,0,4.1242,0,0.0
2017-01-25,3.218005151623819e-05,3.4848819844339744e-05,3.7612301535766976e-05,0.0,0.0,3.4848819844339744e-05,0.008109372982092024,0.008781902600773616,0.009478299987013277,-0.5975,0.550167,0,0,2.8293,0,0.0
2017-01-26,1.4261432319267692e-06,1.488453028370136e-06,1.2586499603703095e-06,0.0,0.0,1.488453028370136e-06,0.0003593880944455459,0.00037509016314927427,0.000317179790013318,-0.3148,0.752925,0,0,2.4742,0,0.0
2017-01-27,2.542347345321109e-06,2.5977487606648827e-06,2.4629321565537223e-06,0.0,0.0,2.5977487606648827e-06,0.0006406715310209194,0.0006546326876875504,0.000620658903451538,-0.157,0.875243,0,0,2.4667,0,0.0
2017-01-30,7.835032710480092e-05,8.343214406780427e-05,9.392129084118622e-05,0.0,0.0,8.343214406780427e-05,0.01974428243040983,0.021024900305086677,0.023668165291978925,-0.4673,0.640283,0,1,13.559,1,0.01282051282051282
2017-01-31,2.880573138183278e-09,2.8262006020084936e-09,3.791088404254689e-09,5.437253617478456e-11,0.018869046027082406,2.8262006020084936e-09,7.259044308221861e-07,7.122025517061404e-07,9.553542778721818e-07,0.1359,0.891863,0,0,2.4713,0,0.0
2017-02-01,2.1920521599046993e-06,2.240383016702198e-06,2.4515656641402444e-06,0.0,0.0,2.240383016702198e-06,0.0005523971442959843,0.0005645765202089538,0.0006177945473633416,-0.1589,0.873785,0,4,61.1888,1,0.05128205128205128
2017-02-02,1.6739681787719979e-07,1.353511842151486e-07,1.5513494707660517e-07,3.204563366205118e-08,0.1914339987726681,1.353511842151486e-07,4.218399810505435e-05,3.4108498422217445e-05,3.90940066633045e-05,1.3792,0.167821,0,0,3.6761,0,0.0
2017-02-03,4.6112120132392114e-05,4.193169269883595e-05,5.8559640606684825e-05,4.180427433556164e-06,0.09065788627579666,4.193169269883595e-05,0.011620254273362813,0.010566786560106659,0.014757029432884575,0.6532,0.513646,0,4,12.9099,1,0.05128205128205128
2017-02-06,3.1399485185280656e-06,2.6076234714988846e-06,5.945939727881928e-06,5.32325047029181e-07,0.1695329953198491,2.6076234714988846e-06,0.0007912670266690726,0.0006571211148177189,0.001498376811426246,1.2214,0.221916,0,0,2.7171,0,0.0
2017-02-07,5.710418707871595e-10,5.485510303868713e-10,5.093229875474745e-10,2.249084040028822e-11,0.039316773035057116,5.485510303868713e-10,1.439025514383642e-07,1.3823485965749158e-07,1.2834939286196357e-07,0.2833,0.776971,0,0,2.6273,0,0.0
2017-02-08,0.0009981236062575267,0.001000631296597524,0.0010024243825350982,0.0,0.0,0.001000631296597524,0.25152714877689675,0.25215908674257603,0.25261094439884474,-0.0181,0.985558,0,3,1867.5479,1,0.038461538461538464
2017-02-09,3.7811859847686685e-05,3.59141777248858e-05,4.618201340455895e-05,1.897682122800883e-06,0.05018748298173171,3.59141777248858e-05,0.009528588681617045,0.009050372786671222,0.011637867377948856,0.3616,0.717658,0,0,3.3139,0,0.0
2017-02-10,0.001757371678477918,0.001718310023307073,0.0012160997390232525,3.9061655170844834e-05,0.02222731572779716,0.001718310023307073,0.4428576629764353,0.4330141258733824,0.3064571342338596,0.1601,0.872768,0,0,4.3832,0,0.0
2017-02-13,4.390835610256174e-06,3.84153560737194e-06,5.356677942900466e-06,5.493000028842336e-07,0.12510144458602065,3.84153560737194e-06,0.0011064905737845558,0.000968066973057729,0.0013498828416109174,0.9013,0.367413,0,0,4.0546,0,0.0
2017-02-14,0.0005394655688836113,0.0005405621188877306,0.0004582798475235602,0.0,0.0,0.0005405621188877306,0.13594532335867004,0.13622165395970812,0.11548652157593717,-0.0146,0.988315,0,2,9.6296,1,0.02564102564102564
2017-02-15,0.013105593458032774,0.012996601385683005,0.014587561083221044,0.000108992072349769,0.008316454549766943,0.012996601385683005,3.302609551424259,3.275143549192117,3.676065392971703,0.0599,0.952221,0,2,5.0071,1,0.02564102564102564
2017-02-16,1.575271016549462e-06,1.6866529430280274e-06,2.13781931518434e-06,0.0,0.0,1.6866529430280274e-06,0.00039696829617046444,0.0004250365416430629,0.0005387304674264537,-0.5094,0.610454,0,0,2.1871,0,0.0
2017-02-17,5.630717153825083e-06,5.382311234975048e-06,5.425085633936775e-06,2.4840591885003536e-07,0.04411620544020432,5.382311234975048e-06,0.0014189407227639208,0.001356342431213712,0.0013671215797520673,0.3178,0.7506,0,0,3.8773,0,0.0
2017-02-21,5.888975104712728e-05,6.0767975516636494e-05,7.366966067404411e-05,0.0,0.0,6.0767975516636494e-05,0.014840217263876075,0.015313529830192397,0.018564754489859114,-0.2298,0.818256,0,1,5.4687,1,0.01282051282051282
2017-02-22,2.8073299846092e-05,2.958630805353935e-05,2.8982754426185597e-05,0.0,0.0,2.958630805353935e-05,0.007074471561215184,0.007455749629491916,0.00730365411539877,-0.3883,0.697793,0,0,3.216,0,0.0
2017-02-23,2.9538033434243185e-05,2.5483400764392416e-05,3.7175175940079545e-05,4.054632669850769e-06,0.13726819497340245,2.5483400764392416e-05,0.0074435844254292826,0.006421816992626889,0.009368144336900044,0.989,0.322669,0,0,2.9768,0,0.0
2017-02-24,1.5405923107283056e-06,1.401822148937936e-06,1.3684045231852979e-06,1.3877016179036953e-07,0.09007579146554053,1.401822148937936e-06,0.000388229262303533,0.00035325918153235986,0.00034483793984269506,0.649,0.516353,0,0,4.0198,0,0.0
2017-02-27,7.3848598574745195e-06,7.249826049839403e-06,1.1415338925133918e-05,1.3503380763511621e-07,0.018285220296120133,7.249826049839403e-06,0.0018609846840835788,0.0018269561645595297,0.0028766654091337473,0.1317,0.895189,0,1,5.4312,1,0.01282051282051282
2017-02-28,5.254447005349296e-05,5.4101033855776685e-05,7.460163209820951e-05,0.0,0.0,5.4101033855776685e-05,0.013241206453480226,0.013633460531655725,0.018799611288748797,-0.2134,0.830989,0,1,6.6359,1,0.01282051282051282
2017-03-01,9.297609027316367e-05,7.834908511975785e-05,4.797479398895548e-05,1.4627005153405826e-05,0.1573200696341568,7.834908511975785e-05,0.023429974748837245,0.019743969450178978,0.012089648085216781,1.1335,0.257022,0,0,2.7312,0,0.0
2017-03-02,8.010700087913877e-05,5.758600609943708e-05,7.448661655655523e-05,2.2520994779701695e-05,0.28113640819662916,5.758600609943708e-05,0.02018696422154297,0.014511673537058144,0.01877062737225192,2.0255,0.042813,0,1,5.7671,1,0.01282051282051282
2017-03-03,8.986986966432548e-07,7.473909831846953e-07,4.839421338646684e-07,1.5130771345855956e-07,0.16836292926737487,7.473909831846953e-07,0.0002264720715541002,0.0001883425277625432,0.00012195341773389643,1.213,0.225123,0,0,4.0176,0,0.0
2017-03-06,0.0007311948985017844,0.0007173749338162872,0.00034996885817936105,1.3819964685497159e-05,0.01890052118103353,0.0007173749338162872,0.18426111442244966,0.18077848332170438,0.08819215226119899,0.1362,0.891684,0,5,15.5657,1,0.0641025641025641
2017-03-07,3.3355669814311575e-05,3.064818802747212e-05,2.8241148988622576e-05,2.7074817868394542e-06,0.08117005956533732,3.064818802747212e-05,0.008405628793206516,0.007723343382922974,0.007116769545132889,0.5848,0.558674,0,0,3.4343,0,0.0
2017-03-08,1.454232979538221e-06,1.2467408288158208e-06,1.5372562370928802e-06,2.0749215072240013e-07,0.14268140728515188,1.2467408288158208e-06,0.00036646671084363165,0.00031417868886158683,0.0003873885717474058,1.028,0.303955,0,0,2.7243,0,0.0
2017-03-09,3.160913864732787e-07,2.5875681318183924e-07,4.0786584282649443e-07,5.733457329143949e-08,0.18138549280207464,2.5875681318183924e-07,7.965502939126624e-05,6.520671692182349e-05,0.0001027821923922766,1.3068,0.191266,0,0,3.796,0,0.0
2017-03-10,9.2476276203568e-05,9.715467027081915e-05,6.346914624110488e-05,0.0,0.0,9.715467027081915e-05,0.023304021603299137,0.024482976908246426,0.015994224852758428,-0.3645,0.715491,0,3,15.9445,1,0.038461538461538464
2017-03-13,1.7576054260892314e-06,1.6880540003743138e-06,1.2863994161592147e-06,6.955142571491764e-08,0.03957167240772628,1.6880540003743138e-06,0.00044291656737448633,0.0004253896080943271,0.0003241726528721221,0.2851,0.775563,0,0,3.5316,0,0.0
2017-03-14,0.018221958088924288,0.01742565451805785,0.00967541710127823,0.0007963035708664391,0.04370021964361503,0.01742565451805785,4.591933438408921,4.391264938550578,2.4382051095221136,0.3149,0.752875,0,3,24.8671,1,0.038461538461538464
2017-03-15,0.00027940773714204534,0.0002673079252948294,0.00033893261566818284,1.2099811847215926e-05,0.043305213834359244,0.0002673079252948294,0.07041074975979543,0.06736159717429702,0.08541101914838208,0.312,0.755037,0,0,3.5342,0,0.0
2017-03-16,2.475611152459265e-06,2.555549246546844e-06,2.614089151672828e-06,0.0,0.0,2.555549246546844e-06,0.0006238540104197348,0.0006439984101298047,0.0006587504662215527,-0.2326,0.816038,0,0,2.8029,0,0.0
2017-03-17,1.8449062037772472e-06,1.7933594993265716e-06,1.4756520610913391e-06,5.1546704450675596e-08,0.027939998469917248,1.7933594993265716e-06,0.0004649163633518663,0.00045192659383029604,0.00037186431939501745,0.2013,0.840463,0,0,3.3082,0,0.0
2017-03-20,1.2292358521479811e-05,1.1052753233873086e-05,1.900416770514671e-05,1.2396052876067248e-06,0.10084355940294654,1.1052753233873086e-05,0.0030976743474129126,0.002785293814936018,0.004789050261696971,0.7266,0.467498,0,0,3.0566,0,0.0
2017-03-21,0.0009636546615961841,0.0010421059306907983,0.0011936376382060564,0.0,0.0,0.0010421059306907983,0.2428409747222384,0.26261069453408115,0.3007966848279262,-0.5865,0.557511,0,2,20.3323,1,0.02564102564102564
2017-03-22,6.569201781226853e-06,7.098167890819471e-06,6.545272737732758e-06,0.0,0.0,7.098167890819471e-06,0.001655438848869167,0.0017887383084865065,0.0016494087299086552,-0.5801,0.561817,0,0,2.5238,0,0.0
2017-03-23,4.074104182922619e-07,4.072988551007021e-07,3.706537622683282e-07,1.1156319155980737e-10,0.00027383422886733153,4.072988551007021e-07,0.00010266742540965,0.00010263931148537692,9.340474809161871e-05,0.002,0.998426,0,0,2.7543,0,0.0
2017-03-24,2.3404775698867268e-07,2.3447344611591412e-07,1.6661765691428812e-07,0.0,0.0,2.3447344611591412e-07,5.8980034761145515e-05,5.9087308421210356e-05,4.198764954240061e-05,-0.0131,0.989545,0,0,3.4858,0,0.0
2017-03-27,1.6383591034180917e-06,1.6237047229146831e-06,1.4605622343277127e-06,1.4654380503408564e-08,0.00894454184573666,1.6237047229146831e-06,0.0004128664940613591,0.0004091735901745001,0.0003680616830505836,0.0644,0.948617,0,0,4.2168,0,0.0
2017-03-28,2.5792369127260065e-05,2.6017276206457806e-05,4.3798464521954454e-05,0.0,0.0,2.6017276206457806e-05,0.006499677020069537,0.006556353604027367,0.011037213059532522,-0.0628,0.949906,0,1,7.5031,1,0.01282051282051282
2017-03-29,5.050389869871429e-06,4.967413250830573e-06,4.5712447216613086e-06,8.297661904085566e-08,0.0164297420098433,4.967413250830573e-06,0.0012726982472076,0.0012517881392093044,0.0011519536698586497,0.1184,0.905772,0,0,2.3145,0,0.0
2017-03-30,1.954972591608204e-06,2.169374442302469e-06,2.7373613841505033e-06,0.0,0.0,2.169374442302469e-06,0.0004926530930852675,0.0005466823594602222,0.0006898150688059269,-0.7901,0.429441,0,0,2.6668,0,0.0
2017-03-31,2.352041905569021e-05,1.991833752137014e-05,2.856559332429766e-05,3.6020815343200674e-06,0.1531469899683458,1.991833752137014e-05,0.005927145602033932,0.005019421055385276,0.007198529517723011,1.1034,0.269857,0,2,6.2341,1,0.02564102564102564
2017-04-03,3.79684200049068e-05,3.595248818430223e-05,4.715490303583336e-05,2.015931820604571e-06,0.05309496068704159,3.595248818430223e-05,0.009568041841236514,0.009060027022444163,0.011883035565030007,0.3825,0.702063,0,0,3.373,0,0.0
2017-04-04,4.93825543319134e-07,4.6534602872025966e-07,6.19797527730377e-07,2.8479514598874354e-08,0.05767108913882247,4.6534602872025966e-07,0.00012444403691642177,0.00011726719923750543,0.00015618897698805502,0.4155,0.67777,0,0,3.056,0,0.0
2017-04-05,1.070599104740605e-05,1.0810712910490098e-05,8.029548144427611e-06,0.0,0.0,1.0810712910490098e-05,0.0026979097439463243,0.002724299653443505,0.002023446132395758,-0.0705,0.943816,0,1,8.4517,1,0.01282051282051282
2017-04-06,0.0004382349844153626,0.00044666906351298655,0.0004935312304378415,0.0,0.0,0.00044666906351298655,0.11043521607267137,0.11256060400527261,0.12436987007033606,-0.1387,0.889719,0,1,8.8436,1,0.01282051282051282
2017-04-07,0.0005314749358321653,0.0005050583130688262,0.0006603849913472287,2.641662276333908e-05,0.04970436220528908,0.0005050583130688262,0.13393168382970566,0.12727469489334423,0.16641701781950163,0.3581,0.720262,0,0,2.4508,0,0.0
2017-04-10,2.2574873938424305e-06,2.3192086912458166e-06,2.1977749710374112e-06,0.0,0.0,2.3192086912458166e-06,0.0005688868232482925,0.0005844405901939458,0.0005538392927014276,-0.197,0.84384,0,0,3.16,0,0.0
2017-04-11,5.755500668232587e-06,6.643666650071154e-06,5.466016943095727e-06,0.0,0.0,6.643666650071154e-06,0.001450386168394612,0.0016742039958179307,0.0013774362696601231,-1.1118,0.266218,0,0,2.7111,0,0.0
2017-04-12,0.001873917639628943,0.0019406693508991612,0.0023645011109593066,0.0,0.0,0.0019406693508991612,0.4722272451864936,0.4890486764265886,0.5958542799617452,-0.2566,0.797453,0,3,13.5059,1,0.038461538461538464
2017-04-13,3.9960430557050615e-05,3.6575934447051395e-05,3.424176456824915e-05,3.384496109999219e-06,0.08469618515423812,3.6575934447051395e-05,0.010070028500376756,0.009217135480656951,0.008628924671198787,0.6102,0.541718,0,0,2.5578,0,0.0
2017-04-17,0.00016187252042211886,0.00013163848165225167,0.00020627365822086354,3.0234038769867195e-05,0.18677684454562343,0.00013163848165225167,0.04079187514637395,0.03317289737636742,0.05198096187165761,1.3457,0.178403,0,0,3.686,0,0.0
2017-04-18,5.8065593639760095e-06,4.88904893408114e-06,2.8483628167887934e-06,9.175104298948697e-07,0.1580127256726923,4.88904893408114e-06,0.0014632529597219544,0.0012320403313884473,0.0007177874298307759,1.1384,0.254934,0,0,3.3514,0,0.0
2017-04-19,0.0001573297137818069,0.00019084869751728555,9.404214699628355e-05,0.0,0.0,0.00019084869751728555,0.03964708787301534,0.04809387177435596,0.02369862104306345,-1.535,0.12479,0,1,8.3075,1,0.01282051282051282
2017-04-20,0.00011752608887968794,0.00010733165431053455,0.0001605452479011116,1.0194434569153385e-05,0.08674188496860127,0.00010733165431053455,0.02961657439768136,0.02704757688625471,0.04045740247108012,0.625,0.532,0,0,2.9125,0,0.0
2017-04-21,2.1045102263904924e-05,1.9822608345581542e-05,1.376084946660675e-05,1.2224939183233818e-06,0.05808923353776634,1.9822608345581542e-05,0.005303365770504041,0.004995297303086549,0.003467734065584901,0.4185,0.675567,0,0,2.5812,0,0.0
2017-04-24,0.00016650093166860924,0.00016235709102677647,0.00020205127117096624,4.1438406418327735e-06,0.024887792370991448,0.00016235709102677647,0.04195823478048953,0.04091398693874767,0.05091692033508349,0.1793,0.857693,0,1,6.3804,1,0.01282051282051282
2017-04-25,1.957730155643602e-05,2.1704940870750434e-05,2.387066796359248e-05,0.0,0.0,2.1704940870750434e-05,0.004933479992221877,0.0054696450994291095,0.006015408326825305,-0.783,0.433622,0,0,2.0511,0,0.0
2017-04-26,9.472313002845126e-08,9.743657032020923e-08,1.4416265124825347e-07,0.0,0.0,9.743657032020923e-08,2.3870228767169718e-05,2.4554015720692725e-05,3.6328988114559876e-05,-0.2064,0.836489,0,0,2.4999,0,0.0
2017-04-27,7.212288887086384e-07,6.991778006178795e-07,7.301811226953417e-07,2.2051088090758937e-08,0.030574284893047615,6.991778006178795e-07,0.00018174967995457687,0.00017619280575570563,0.0001840056429192261,0.2203,0.825652,0,1,5.8396,1,0.01282051282051282
2017-04-28,6.723154520856611e-05,6.383023748545378e-05,4.089045251715351e-05,3.4013077231123353e-06,0.05059094896554629,6.383023748545378e-05,0.01694234939255866,0.01608521984633435,0.010304394034322685,0.3645,0.715487,0,2,16.8271,1,0.02564102564102564
2017-05-01,4.866708767719433e-05,4.930846224979398e-05,4.949302617568659e-05,0.0,0.0,4.930846224979398e-05,0.012264106094652972,0.012425732486948083,0.012472242596273022,-0.095,0.924354,0,0,3.2231,0,0.0
2017-05-02,1.7071665553661732e-06,1.937582560612056e-06,1.4373573799765217e-06,0.0,0.0,1.937582560612056e-06,0.0004302059719522757,0.0004882708052742381,0.0003622140597540835,-0.9724,0.330838,0,0,2.0947,0,0.0
2017-05-03,1.2920367145354411e-06,1.2290796404700904e-06,1.647284007538423e-06,6.295707406535071e-08,0.0487269631196387,1.2290796404700904e-06,0.0003255932520629312,0.0003097280693984628,0.0004151155698996826,0.3511,0.725538,0,0,3.0872,0,0.0
2017-05-04,3.20865671019525e-06,3.431736429267676e-06,3.7428550174406337e-06,0.0,0.0,3.431736429267676e-06,0.0008085814909692031,0.0008647975801754544,0.0009431994643950397,-0.5009,0.616436,0,0,3.0312,0,0.0
2017-05-05,3.1801528319476843e-06,2.8274106995558948e-06,5.056331698130908e-06,3.5274213239178956e-07,0.11091983313767961,2.8274106995558948e-06,0.0008013985136508165,0.0007125074962880855,0.0012741955879289888,0.7992,0.424201,0,0,3.1392,0,0.0
2017-05-08,2.0157956665320286e-08,1.8369580423206906e-08,3.949381953046381e-08,1.7883762421133797e-09,0.08871373016987265,1.8369580423206906e-08,5.079805079660712e-06,4.62913426664814e-06,9.95244252167688e-06,0.6392,0.522717,0,0,3.7144,0,0.0
2017-05-09,1.1130953880239517e-06,1.1333718134729003e-06,6.735289814431406e-07,0.0,0.0,1.1333718134729003e-06,0.00028050003778203584,0.00028560969699517087,0.00016972930332367144,-0.1312,0.895582,0,1,12.8396,1,0.01282051282051282
2017-05-10,2.775919897331174e-06,2.543693485153313e-06,3.1298490249419087e-06,2.32226412177861e-07,0.0836574314495518,2.543693485153313e-06,0.0006995318141274558,0.0006410107582586348,0.000788721954285361,0.6027,0.546686,0,0,3.7185,0,0.0
2017-05-11,9.818767205217878e-06,9.730529921447054e-06,1.115458255661954e-05,8.823728377082464e-08,0.008986594033652174,9.730529921447054e-06,0.0024743293357149055,0.0024520935402046577,0.002810954804268124,0.0647,0.948376,0,0,4.0736,0,0.0
2017-05-12,4.061346266353284e-06,4.688048001286678e-06,1.704212896218978e-06,0.0,0.0,4.688048001286678e-06,0.0010234592591210276,0.0011813880963242429,0.0004294616498471825,-1.1118,0.266241,0,0,2.1208,0,0.0
2017-05-15,0.00031909303435330064,0.0003412645980231209,0.0004098707075167044,0.0,0.0,0.0003412645980231209,0.08041144465703176,0.08599867870182647,0.10328741829420951,-0.5006,0.616645,0,2,10.0486,1,0.02564102564102564
2017-05-16,2.324087235747032e-06,2.493686789079409e-06,2.8082160660050654e-06,0.0,0.0,2.493686789079409e-06,0.0005856699834082521,0.0006284090708480111,0.0007076704486332764,-0.5258,0.59905,0,0,2.2573,0,0.0
2017-05-17,0.00011085663782685642,0.00012048776047874557,7.71940459510485e-05,0.0,0.0,0.00012048776047874557,0.027935872732367816,0.030362915640643882,0.019452899579664222,-0.6259,0.531351,0,3,7.4146,1,0.038461538461538464
2017-05-18,0.000277509317059597,0.00024942511529080333,0.00034089671022681343,2.8084201768793673e-05,0.10120093251341708,0.00024942511529080333,0.06993234789901845,0.06285512905328244,0.08590597097715698,0.7291,0.465922,0,0,3.9419,0,0.0
2017-05-19,0.00011570797248506093,0.00012127010568677058,0.00012112268563857135,0.0,0.0,0.00012127010568677058,0.029158409066235354,0.030560066633066187,0.03052291678091998,-0.3463,0.729089,0,0,2.6356,0,0.0
2017-05-22,0.06999451504963342,0.05940525733099815,0.08770298566299337,0.010589257718635267,0.15128696457108232,0.05940525733099815,17.63861779250762,14.970124847411533,22.10115238707433,1.09,0.275718,0,2,42.2413,1,0.02564102564102564
2017-05-23,0.00012685800278055656,0.00011322479859159097,0.0002342009006782052,1.3633204188965591e-05,0.1074682226006708,0.00011322479859159097,0.031968216700700255,0.028532649245080925,0.059018626970907706,0.7743,0.438762,0,0,3.1048,0,0.0
2017-05-24,0.000105442083179145,0.00010240433518190299,8.87407497455731e-05,3.0377479972420177e-06,0.02880963536419591,0.00010240433518190299,0.026571404961144542,0.025805892465839555,0.02236266893588442,0.2076,0.835567,0,0,2.5624,0,0.0
2017-05-25,0.0031835633203899016,0.00304912883884032,0.0020705960940844504,0.00013443448154958158,0.04222767634189518,0.00304912883884032,0.8022579567382552,0.7683804673877607,0.5217902157092815,0.3042,0.760944,0,2,5.6055,1,0.02564102564102564
2017-05-26,2.6957757824751708e-06,2.717311781073564e-06,2.1020168916035113e-06,0.0,0.0,2.717311781073564e-06,0.0006793354971837431,0.0006847625688305381,0.0005297082566840848,-0.0576,0.954101,0,0,2.6767,0,0.0
2017-05-30,1.6555649149341696e-06,1.5492305926223938e-06,1.4363992216300205e-06,1.0633432231177582e-07,0.06422838338998058,1.5492305926223938e-06,0.00041720235856341077,0.0003904061093408432,0.0003619726038507652,0.4628,0.643542,0,0,3.2408,0,0.0
2017-05-31,4.2647373703945605e-08,4.172593245838152e-08,3.1825454662453034e-08,9.214412455640864e-10,0.021605542381533754,4.172593245838152e-08,1.0747138173394293e-05,1.0514934979512142e-05,8.020014574938164e-06,0.1557,0.876298,0,0,2.3845,0,0.0
2017-06-01,8.563299722018129e-05,8.967656764672502e-05,7.779465092931687e-05,0.0,0.0,8.967656764672502e-05,0.021579515299485687,0.022598495046974705,0.019604252034187853,-0.3402,0.7337,0,4,25.2968,1,0.05128205128205128
2017-06-02,1.744159968241712e-05,1.6909206254147466e-05,1.3657263578285762e-05,5.323934282696526e-07,0.03052434452339908,1.6909206254147466e-05,0.0043952831199691135,0.004261119976045161,0.003441630421728012,0.2199,0.825932,0,0,2.5896,0,0.0
2017-06-05,1.9083128876192093e-06,1.690701301624968e-06,1.1177749578706804e-06,2.1761158599424138e-07,0.11403343412531108,1.690701301624968e-06,0.00048089484768004074,0.0004260567280094919,0.00028167928938341145,0.8216,0.411312,0,0,2.582,0,0.0
2017-06-06,1.4622341494517431e-05,1.6308757950904782e-05,7.929164511056478e-06,0.0,0.0,1.6308757950904782e-05,0.0036848300566183927,0.004109807003628005,0.0019981494567862324,-0.8309,0.406008,0,0,2.8859,0,0.0
2017-06-07,4.2880764904006395e-06,4.292109071538473e-06,3.515789694977483e-06,0.0,0.0,4.292109071538473e-06,0.0010805952755809612,0.0010816114860276952,0.0008859790031343258,-0.0068,0.994594,0,0,3.551,0,0.0
2017-06-08,2.928824341225819e-07,2.733561326032268e-07,2.9149278978139126e-07,1.952630151935512e-08,0.06666919068964032,2.733561326032268e-07,7.380637339889064e-05,6.888574541601315e-05,7.34561830249106e-05,0.4803,0.630988,0,0,2.8878,0,0.0
2017-06-09,0.00021921550448230555,0.0002226649006026276,0.0002384287613994392,0.0,0.0,0.0002226649006026276,0.055242307129541,0.05611155495186215,0.06008404787265868,-0.1134,0.909738,0,2,37.6683,1,0.02564102564102564
2017-06-12,1.3679522863854678e-08,1.4363322018114621e-08,1.834314544434759e-08,0.0,0.0,1.4363322018114621e-08,3.4472397616913787e-06,3.6195571485648846e-06,4.6224726519755924e-06,-0.3601,0.718758,0,0,2.2648,0,0.0
2017-06-13,8.163566980694483e-06,8.794287098396501e-06,9.57707305749387e-06,0.0,0.0,8.794287098396501e-06,0.00205721887913501,0.0022161603487959184,0.0024134224104884554,-0.5566,0.577771,0,2,22.712,1,0.02564102564102564
2017-06-14,7.255841551880456e-06,7.91683165037382e-06,8.663289162313123e-06,0.0,0.0,7.91683165037382e-06,0.001828472071073875,0.0019950415758942025,0.002183148868902907,-0.6563,0.511606,0,1,5.1268,1,0.01282051282051282
2017-06-15,2.4139296638937024e-06,2.4106019217811286e-06,3.9700261648813816e-06,3.3277421125737282e-09,0.0013785574550041284,2.4106019217811286e-06,0.000608310275301213,0.0006074716842888444,0.0010004465935501083,0.0099,0.992075,0,0,3.1891,0,0.0
2017-06-16,6.161641844175834e-08,5.722949021276468e-08,8.114966699892999e-08,4.386928228993665e-09,0.07119623541418327,5.722949021276468e-08,1.55273374473231e-05,1.4421831533616699e-05,2.0449716083730358e-05,0.513,0.607984,0,0,3.3359,0,0.0
2017-06-19,0.0002462245997882041,0.00022479620697729298,0.00017203785743689936,2.1428392810911117e-05,0.08702783045364039,0.00022479620697729298,0.06204859914662743,0.05664864415827783,0.04335354007409864,0.627,0.530648,0,4,24.3855,1,0.05128205128205128
2017-06-20,0.0001457070097723589,0.00015017211660207206,0.00013194682674044143,0.0,0.0,0.00015017211660207206,0.03671816646263445,0.03784337338372216,0.033250600338591244,-0.2208,0.825259,0,0,2.4321,0,0.0
2017-06-21,1.9080419817071017e-07,1.8045778900043608e-07,2.3830162710064973e-07,1.034640917027409e-08,0.054224985846650434,1.8045778900043608e-07,4.8082657939018966e-05,4.547536282810989e-05,6.005201002936373e-05,0.3907,0.696034,0,0,3.6851,0,0.0
2017-06-22,2.8041065101269237e-06,2.7238539400098667e-06,3.809590671498709e-06,8.025257011705699e-08,0.028619648079550444,2.7238539400098667e-06,0.0007066348405519848,0.0006864111928824864,0.0009600168492176746,0.2062,0.836636,0,1,7.671,1,0.01282051282051282
2017-06-23,1.978725480888573e-06,1.9995384358667767e-06,2.200951504886146e-06,0.0,0.0,1.9995384358667767e-06,0.0004986388211839204,0.0005038836858384277,0.0005546397792313088,-0.0758,0.939592,0,0,2.2229,0,0.0
2017-06-26,3.9165149947691367e-07,3.519338127021625e-07,2.079020843304328e-07,3.971768677475119e-08,0.10141052802624177,3.519338127021625e-07,9.869617786818225e-05,8.868732080094494e-05,5.239132525126907e-05,0.7306,0.464998,0,0,3.3571,0,0.0
2017-06-27,0.0001801768432068117,0.0001793185157779058,0.0002502992204855869,8.583274289059126e-07,0.004763805430628488,0.0001793185157779058,0.04540456448811655,0.04518826597603226,0.0630754035623679,0.0343,0.97262,0,3,21.8034,1,0.038461538461538464
2017-06-28,5.966144664872841e-05,5.466374392397845e-05,4.12429745064823e-05,4.9977027247499585e-06,0.08376770798749596,5.466374392397845e-05,0.01503468455547956,0.01377526346884257,0.01039322957563354,0.6035,0.546157,0,0,3.4535,0,0.0
2017-06-29,0.00035372585808994143,0.00034844427010973455,0.00024022405210217187,5.281587980206887e-06,0.014931302997737423,0.00034844427010973455,0.08913891623866524,0.08780795606765311,0.06053646112974731,0.1076,0.914331,0,0,4.2015,0,0.0
2017-06-30,0.00041652176493926654,0.00041638590788049134,0.00032073300730367933,1.3585705877519833e-07,0.00032617037063798436,0.00041638590788049134,0.10496348476469516,0.10492924878588382,0.0808247178405272,0.0023,0.998125,0,0,3.1394,0,0.0
2017-07-03,2.1780577589517374e-05,1.8856975612760735e-05,3.8324240518259424e-05,2.923601976756639e-06,0.13422976642887346,1.8856975612760735e-05,0.005488705552558378,0.004751957854415705,0.009657708610601374,0.9671,0.333496,0,0,3.427,0,0.0
2017-07-05,0.00037520136608022486,0.0003584332139223598,0.00020140505530416144,1.6768152157865042e-05,0.04469107425794562,0.0003584332139223598,0.09455074425221667,0.09032516990843467,0.05075407393664868,0.322,0.747461,0,2,6.1667,1,0.02564102564102564
2017-07-06,0.00016829649272613752,0.00019004369696934499,0.0001528301270295761,0.0,0.0,0.00019004369696934499,0.042410716166986655,0.04789101163627494,0.03851319201145318,-0.931,0.351854,0,0,2.246,0,0.0
2017-07-07,1.2404372892359108e-05,1.1966386178424657e-05,1.1451832660804131e-05,4.379867139344504e-07,0.03530905451054189,1.1966386178424657e-05,0.0031259019688744953,0.003015529316963014,0.002885861830522641,0.2544,0.799191,0,0,2.6632,0,0.0
2017-07-10,6.151372469105191e-07,7.358843878766617e-07,3.5171290759134486e-07,0.0,0.0,7.358843878766617e-07,0.0001550145862214508,0.00018544286574491872,8.86316527130189e-05,-1.4142,0.15729,0,0,2.1777,0,0.0
2017-07-11,2.8604334087480375e-06,2.5539418428370403e-06,1.9973701238874604e-06,3.064915659109972e-07,0.10714860825812234,2.5539418428370403e-06,0.0007208292190045055,0.0006435933443949341,0.00050333727121964,0.772,0.440125,0,0,3.7911,0,0.0
2017-07-12,0.0001989010097322395,0.00019774696102382137,0.00019385109913383229,1.1540487084181407e-06,0.005802125912631589,0.00019774696102382137,0.05012305445252436,0.04983223417800298,0.04885047698172574,0.0418,0.966656,0,1,7.3439,1,0.01282051282051282
2017-07-13,3.2028763519163806e-05,3.0546598286454065e-05,2.312935247485561e-05,1.4821652327097408e-06,0.046276066372242214,3.0546598286454065e-05,0.00807124840682928,0.007697742768186425,0.005828596823663613,0.3334,0.738826,0,0,3.2675,0,0.0
2017-07-14,0.0019242756763770232,0.0020777553292133646,0.0023503631155211875,0.0,0.0,0.0020777553292133646,0.48491747044700984,0.5235943429617679,0.5922915051113392,-0.5747,0.565527,0,2,13.2709,1,0.02564102564102564
2017-07-17,7.716427065452405e-07,8.028040862202859e-07,9.128896346158176e-07,0.0,0.0,8.028040862202859e-07,0.0001944539620494006,0.00020230662972751205,0.00023004818792318602,-0.291,0.771088,0,0,2.5233,0,0.0
2017-07-18,2.192205755379545e-07,2.187756943095034e-07,2.8472217639416353e-07,4.4488122845110567e-10,0.002029367900305424,2.187756943095034e-07,5.5243585035564535e-05,5.513147496599486e-05,7.17499884513292e-05,0.0146,0.988334,0,0,3.138,0,0.0
2017-07-19,0.0010952134219461495,0.0010021035322815746,0.0012474921224845342,9.310988966457494e-05,0.08501529264872154,0.0010021035322815746,0.27599378233042965,0.2525300901349568,0.3143680148661026,0.6125,0.540196,0,2,38.1276,1,0.02564102564102564
2017-07-20,3.747760272781917e-05,3.1665475235130405e-05,3.3597965034301375e-05,5.812127492688767e-06,0.15508268711359727,3.1665475235130405e-05,0.009444355887410431,0.007979699759252862,0.008466687188643946,1.1173,0.26385,0,0,4.0729,0,0.0
2017-07-21,4.5273002467209115e-06,4.6846542041723506e-06,3.070228968301492e-06,0.0,0.0,4.6846542041723506e-06,0.0011408796621736697,0.0011805328594514323,0.000773697700011976,-0.2504,0.802267,0,0,2.6152,0,0.0
2017-07-24,3.024498267801746e-08,3.4818331816645525e-08,3.6640916525242024e-08,0.0,0.0,3.4818331816645525e-08,7.6217356348604e-06,8.774219617794673e-06,9.23351096436099e-06,-1.0894,0.275977,0,0,3.9368,0,0.0
2017-07-25,0.005105798781033929,0.005523881118196515,0.0048019606329174165,0.0,0.0,0.005523881118196515,1.28666129282055,1.3920180417855217,1.2100940794951889,-0.59,0.555221,0,4,445.7361,1,0.05128205128205128
2017-07-26,2.7645255886062703e-09,2.7185334783578863e-09,2.738189984179882e-09,4.599211024838399e-11,0.016630513359871833,2.7185334783578863e-09,6.966604483287801e-07,6.850704365461873e-07,6.900238760133302e-07,0.1198,0.904626,0,0,2.0105,0,0.0
2017-07-27,9.081141254763691e-06,7.773870243742069e-06,1.1275360213868373e-05,1.3072710110216224e-06,0.14395446898058092,7.773870243742069e-06,0.00228844759620045,0.0019590153014230013,0.0028413907738948302,1.0372,0.299661,0,4,28.694,1,0.05128205128205128
2017-07-28,0.0004127787324817669,0.0003992794098965924,0.0005042268089808726,1.3499322585174489e-05,0.032703532159489936,0.0003992794098965924,0.10402024058540527,0.10061841129394129,0.1270651558631799,0.2356,0.813726,0,2,7.9298,1,0.02564102564102564
2017-07-31,3.478005903430125e-07,3.357680875716686e-07,5.169554419510993e-07,1.2032502771343889e-08,0.03459588197821945,3.357680875716686e-07,8.764574876643916e-05,8.46135580680605e-05,0.00013027277137167703,0.2493,0.803163,0,0,3.2251,0,0.0
2017-08-01,2.6267393383091793e-06,2.747313721253731e-06,3.870766796581787e-06,0.0,0.0,2.747313721253731e-06,0.0006619383132539132,0.0006923230577559402,0.0009754332327386102,-0.3307,0.740857,0,1,6.3669,1,0.01282051282051282
2017-08-02,1.178543997499278e-07,1.298350492418046e-07,1.2566106986012603e-07,0.0,0.0,1.298350492418046e-07,2.9699308736981806e-05,3.2718432408934757e-05,3.166658960475176e-05,-0.7324,0.463921,0,0,2.5315,0,0.0
2017-08-03,6.79454753791211e-05,6.300371278982793e-05,6.81286635823681e-05,4.941762589293178e-06,0.07273129651368118,6.300371278982793e-05,0.017122259795538518,0.015876935623036638,0.01716842322275676,0.524,0.600269,0,4,11.7719,1,0.05128205128205128
2017-08-04,2.9063464490641774e-06,2.860203404843452e-06,2.1881782018998146e-06,4.61430442207255e-08,0.015876644148511296,2.860203404843452e-06,0.0007323993051641727,0.0007207712580205498,0.0005514209068787532,0.1144,0.90893,0,0,2.0986,0,0.0
2017-08-07,2.067854284941677e-06,1.9838245300672817e-06,2.15040775270374e-06,8.402975487439518e-08,0.04063618739972184,1.9838245300672817e-06,0.0005210992798053025,0.000499923781576955,0.0005419027536813424,0.2928,0.769694,0,0,3.6596,0,0.0
2017-08-08,3.755819412843612e-06,3.5449724537398764e-06,4.814755226065784e-06,2.1084695910373564e-07,0.056138722283608576,3.5449724537398764e-06,0.0009464664920365903,0.0008933330583424489,0.0012133183169685776,0.4045,0.685869,0,0,2.7298,0,0.0
2017-08-09,3.447127514659005e-08,3.405439759206729e-08,1.2783380635240758e-08,4.1687755452276505e-10,0.012093125642274353,3.405439759206729e-08,8.686761336940694e-06,8.581708193200956e-06,3.221411920080671e-06,0.0871,0.930569,0,0,3.4051,0,0.0
2017-08-10,0.002907239677115275,0.0024929055817860084,0.0017350007791160293,0.00041433409532926676,0.1425180381405203,0.0024929055817860084,0.7326243986330493,0.6282122066100742,0.43722019633723935,1.0268,0.304509,0,2,404.9537,1,0.02564102564102564
2017-08-11,2.089258873784257e-06,1.7436060369715104e-06,1.7967594835680688e-06,3.456528368127467e-07,0.16544272024268045,1.7436060369715104e-06,0.0005264932361936327,0.0004393887213168206,0.0004527833898591533,1.192,0.233269,0,0,3.0224,0,0.0
2017-08-14,0.00026658046519248993,0.0002674442915325347,0.0001960704279375261,0.0,0.0,0.0002674442915325347,0.06717827722850746,0.06739596146619874,0.04940974784025658,-0.0233,0.981374,0,1,10.2462,1,0.01282051282051282
2017-08-15,4.6020699331155385e-08,4.2287224612626894e-08,4.3850078657209916e-08,3.73347471852849e-09,0.08112422558897198,4.2287224612626894e-08,1.1597216231451157e-05,1.0656380602381977e-05,1.1050219821616899e-05,0.5845,0.558896,0,1,4.6868,1,0.01282051282051282
2017-08-16,1.4608843667431076e-06,1.3422102164669606e-06,1.0738157706718945e-06,1.1867415027614699e-07,0.0812344027654399,1.3422102164669606e-06,0.00036814286041926314,0.0003382369745496741,0.00027060157420931744,0.5853,0.558362,0,1,13.0444,1,0.01282051282051282
2017-08-17,0.001254706178414708,0.0013549391234801878,0.0005875366200098779,0.0,0.0,0.0013549391234801878,0.31618595696050644,0.34144465911700733,0.14805922824248924,-0.5756,0.564914,0,2,32.6865,1,0.02564102564102564
2017-08-18,7.360251451168155e-06,7.651499676612144e-06,6.551145071479217e-06,0.0,0.0,7.651499676612144e-06,0.0018547833656943752,0.0019281779185062603,0.0016508885580127626,-0.2851,0.77557,0,1,5.1864,1,0.01282051282051282
2017-08-21,6.525892321860678e-05,6.312134495249783e-05,4.8363552715440064e-05,2.137578266108944e-06,0.0327553402343625,6.312134495249783e-05,0.016445248651088908,0.015906578928029453,0.012187615284290897,0.236,0.813436,0,0,3.5837,0,0.0
2017-08-22,4.9268038809221383e-05,4.462591954516142e-05,5.1026388338275113e-05,4.642119264059966e-06,0.09422171618833335,4.462591954516142e-05,0.012415545779923789,0.011245731725380678,0.012858649861245328,0.6788,0.497235,0,1,4.8905,1,0.01282051282051282
2017-08-23,0.0014436072869322587,0.0014925845541875003,0.0013826464676140778,0.0,0.0,0.0014925845541875003,0.3637890363069292,0.37613130765525005,0.34842690983874763,-0.2444,0.806893,0,2,6.9084,1,0.02564102564102564
2017-08-24,0.015165202465660275,0.014353235559787873,0.015546166475591275,0.0008119669058724022,0.053541448434826985,0.014353235559787873,3.8216310213463895,3.617015361066544,3.9176339518490013,0.3858,0.699678,0,0,2.9817,0,0.0
2017-08-25,2.9822069683566753e-06,2.880468607089774e-06,3.3236980747054866e-06,1.0173836126690129e-07,0.0341151128111845,2.880468607089774e-06,0.0007515161560258821,0.0007258780889866231,0.0008375719148257826,0.2458,0.805843,0,0,3.2998,0,0.0
2017-08-28,5.304580002464435e-09,5.27655195964459e-09,4.971681334471286e-09,2.8028042819844968e-11,0.005282748126844939,5.27655195964459e-09,1.3367541606210376e-06,1.3296910938304368e-06,1.2528636962867642e-06,0.0381,0.969639,0,0,2.3795,0,0.0
2017-08-29,3.068202096089234e-06,2.629380171331366e-06,3.84917618407707e-06,4.3882192475786817e-07,0.1430224502795123,2.629380171331366e-06,0.000773186928214487,0.0006626038031755042,0.0009699923983874217,1.0304,0.302801,0,3,18.6712,1,0.038461538461538464
2017-08-30,1.7179248915606296e-05,1.5950007334819467e-05,1.5763946939956103e-05,1.2292415807868297e-06,0.07155385635726383,1.5950007334819467e-05,0.004329170726732787,0.004019401848374506,0.003972514628868938,0.5155,0.606183,0,2,5.287,1,0.02564102564102564
2017-08-31,7.090800649169402e-05,7.688169895399681e-05,9.879681873078709e-05,0.0,0.0,7.688169895399681e-05,0.017868817635906892,0.019374188136407195,0.024896798320158346,-0.607,0.54387,0,0,2.9501,0,0.0
2017-09-01,0.00010288551600778416,9.994996618444407e-05,6.94818459406055e-05,2.935549823340094e-06,0.02853219684086337,9.994996618444407e-05,0.02592715003396161,0.025187391478479905,0.017509425177032585,0.2056,0.837128,0,0,2.6328,0,0.0
2017-09-05,0.0001700775195537606,0.00018785691368483694,0.00021154768862145402,0.0,0.0,0.00018785691368483694,0.04285953492754767,0.04733994224857891,0.05331001753260641,-0.7532,0.45135,0,0,2.3393,0,0.0
2017-09-06,3.2428277401649044e-05,2.975437145489709e-05,1.7140624644903844e-05,2.6739059467519528e-06,0.08245599453765572,2.975437145489709e-05,0.008171925905215559,0.007498101606634067,0.004319437410515769,0.5941,0.55246,0,0,3.423,0,0.0
2017-09-07,3.112731229849003e-07,3.298494301317918e-07,4.368890071839315e-07,0.0,0.0,3.298494301317918e-07,7.844082699219489e-05,8.312205639321153e-05,0.00011009602981035073,-0.43,0.667218,0,0,2.5876,0,0.0
2017-09-08,1.8323852729441306e-06,1.7633638375788883e-06,2.3237164296019673e-06,6.902143536524234e-08,0.03766751387759757,1.7633638375788883e-06,0.00046176108878192093,0.00044436768706987987,0.0005855765402596958,0.2714,0.786094,0,0,3.2574,0,0.0
2017-09-11,0.004020209126461319,0.003573452619168355,0.0029029398572194623,0.0004467565072929641,0.11112767846857802,0.003573452619168355,1.0130926998682523,0.9005100600304254,0.7315408440193045,0.8007,0.423334,0,2,32.0878,1,0.02564102564102564
2017-09-12,1.4960394933960468e-05,1.3947140637456149e-05,1.465431261831874e-05,1.0132542965043187e-06,0.06772910964235956,1.3947140637456149e-05,0.003770019523358038,0.0035146794406389495,0.0036928867798163225,0.488,0.625569,0,0,3.5316,0,0.0
2017-09-13,3.2103762977988425e-07,2.9769746465326525e-07,2.5412554259115323e-07,2.3340165126618997e-08,0.07270204567787329,2.9769746465326525e-07,8.090148270453084e-05,7.501976109262284e-05,6.403963673297062e-05,0.5238,0.600416,0,0,2.5164,0,0.0
2017-09-14,4.947913607241327e-08,5.1901695024464346e-08,2.8968663788271305e-08,0.0,0.0,5.1901695024464346e-08,1.2468742290248145e-05,1.3079227146165016e-05,7.300103274644369e-06,-0.3527,0.724277,0,0,2.6141,0,0.0
2017-09-15,1.3219661091178168e-06,1.3217770550655996e-06,8.313987628773197e-07,1.8905405221715913e-10,0.00014300964896420143,1.3217770550655996e-06,0.0003331354594976898,0.0003330878178765311,0.00020951248824508458,0.001,0.999178,0,3,6.7398,1,0.038461538461538464
2017-09-18,3.085063711497285e-05,3.196536961091713e-05,3.947943021527241e-05,0.0,0.0,3.196536961091713e-05,0.007774360552973159,0.008055273141951117,0.009948816414248647,-0.2603,0.794608,0,2,5.4509,1,0.02564102564102564
2017-09-19,2.8425288034990204e-07,3.0722960672580573e-07,4.459002079731107e-07,0.0,0.0,3.0722960672580573e-07,7.163172584817531e-05,7.742186089490304e-05,0.0001123668524092239,-0.5824,0.560314,0,0,2.4029,0,0.0
2017-09-20,4.185628365511384e-08,4.056503398802337e-08,4.6151293405575527e-08,1.2912496670904704e-09,0.030848864387135504,4.056503398802337e-08,1.0547783481088687e-05,1.0222388564981888e-05,1.1630125938205033e-05,0.2223,0.824112,0,0,2.4571,0,0.0
2017-09-21,0.00012364210886307581,0.00011354399342662332,0.0001446613486904928,1.0098115436452495e-05,0.08167213781482204,0.00011354399342662332,0.031157811433495105,0.028613086343509078,0.03645465987000419,0.5884,0.556244,0,4,182.3448,1,0.05128205128205128
2017-09-22,9.642956866580771e-08,8.511074108790373e-08,1.690939436278716e-07,1.1318827577903982e-08,0.11737800299748108,8.511074108790373e-08,2.4300251303783543e-05,2.144790675415174e-05,4.2611673794223645e-05,0.8457,0.397729,0,0,3.0741,0,0.0
2017-09-25,0.008931502863448553,0.008403463814973826,0.008965427227256236,0.000528039048474727,0.059120962786292405,0.008403463814973826,2.2507387215890353,2.1176728813734043,2.2592876612685715,0.426,0.670142,0,4,449.2797,1,0.05128205128205128
2017-09-26,1.0543616548523908e-07,1.0689589667619802e-07,8.611017706581725e-08,0.0,0.0,1.0689589667619802e-07,2.6569913702280248e-05,2.69377659624019e-05,2.169976462058595e-05,-0.0997,0.920545,0,0,2.5724,0,0.0
2017-09-27,6.960776459641988e-06,6.38253736146343e-06,7.896289187010728e-06,5.782390981785579e-07,0.08307105083176992,6.38253736146343e-06,0.001754115667829781,0.0016083994150887845,0.001989864875126704,0.5985,0.5495,0,2,7.9466,1,0.02564102564102564
2017-09-28,2.8980882519048386e-05,2.9828220866600206e-05,2.2580151198627282e-05,0.0,0.0,2.9828220866600206e-05,0.0073031823948001935,0.007516711658383252,0.005690198102054075,-0.2107,0.833159,0,0,2.9893,0,0.0
2017-09-29,2.7230655561247328e-05,2.938780197725165e-05,1.808741776231761e-05,0.0,0.0,2.938780197725165e-05,0.006862125201434327,0.0074057260982674155,0.004558029276104038,-0.5707,0.568172,0,0,2.8317,0,0.0
2017-10-02,0.019231060348703755,0.01896254649507376,0.010053237579719604,0.00026851385362999455,0.013962509021720734,0.01896254649507376,4.846227207873346,4.778561716758587,2.53341587008934,0.1006,0.91987,0,2,48.9568,1,0.02564102564102564
2017-10-03,1.711176702196722e-05,1.7252058592787096e-05,1.0397142138344042e-05,0.0,0.0,1.7252058592787096e-05,0.00431216528953574,0.0043475187653823485,0.0026200798188626986,-0.0591,0.952897,0,0,2.1687,0,0.0
2017-10-04,1.1454434104185501e-06,1.1871845261325526e-06,9.412709388126415e-07,0.0,0.0,1.1871845261325526e-06,0.00028865173942547464,0.0002991705005854033,0.00023720027658078566,-0.2625,0.792898,0,0,2.8947,0,0.0
2017-10-05,6.3811774099531735e-06,5.94748896686093e-06,9.039832700992055e-06,4.336884430922439e-07,0.06796369184973569,5.94748896686093e-06,0.0016080567073081997,0.0014987672196489542,0.0022780378406499976,0.4897,0.624372,0,0,4.0432,0,0.0
2017-10-06,8.303481849948959e-06,7.5960613108501336e-06,9.694717344897907e-06,7.074205390988253e-07,0.08519564041770422,7.5960613108501336e-06,0.002092477426187138,0.0019142074503342337,0.0024430687709142726,0.6138,0.539337,0,0,3.2818,0,0.0
2017-10-09,5.203266866158455e-07,5.240516696408351e-07,6.939778164006307e-07,0.0,0.0,5.240516696408351e-07,0.00013112232502719308,0.00013206102074949045,0.00017488240973295894,-0.0516,0.958865,0,0,3.361,0,0.0
2017-10-10,4.239072791498716e-06,4.83281520752157e-06,3.1810790773429528e-06,0.0,0.0,4.83281520752157e-06,0.0010682463434576765,0.0012178694322954357,0.0008016319274904241,-1.0091,0.312911,0,2,6.6732,1,0.02564102564102564
2017-10-11,3.7760796208440145e-06,3.498286233234719e-06,4.907192334123071e-06,2.777933876092953e-07,0.07356659338147395,3.498286233234719e-06,0.0009515720644526917,0.0008815681307751492,0.0012366124681990138,0.53,0.59609,0,0,3.5208,0,0.0
2017-10-12,1.402077901502517e-05,1.2241611895742695e-05,9.053728452829586e-06,1.7791671192824758e-06,0.12689501706580208,1.2241611895742695e-05,0.003533236311786343,0.003084886197727159,0.0022815395701130557,0.9143,0.360585,0,0,3.8401,0,0.0
2017-10-13,4.910076007753894e-07,4.629198180524995e-07,4.3158057248641297e-07,2.8087782722889876e-08,0.057204258089439367,4.629198180524995e-07,0.00012373391539539813,0.00011665579414922988,0.00010875830426657606,0.4121,0.680234,0,0,3.4674,0,0.0
2017-10-16,2.769205969414038e-06,3.0122429535561796e-06,2.749408468763671e-06,0.0,0.0,3.0122429535561796e-06,0.0006978399042923375,0.0007590852242961572,0.0006928509341284451,-0.6323,0.527177,0,0,4.2396,0,0.0
2017-10-17,1.116076598834011e-06,9.51525821421051e-07,1.644540323378263e-06,1.6455077741296015e-07,0.1474366814501695,9.51525821421051e-07,0.0002812513029061708,0.00023978450699810484,0.0004144241614913223,1.0622,0.288122,0,0,2.6415,0,0.0
2017-10-18,1.9955614006684112e-06,2.0081263950498255e-06,1.3430059687160318e-06,0.0,0.0,2.0081263950498255e-06,0.0005028814729684396,0.000506047851552556,0.00033843750411644,-0.0454,0.963817,0,0,3.6679,0,0.0
2017-10-19,4.7594432144529725e-07,4.565157257734232e-07,3.595948855081964e-07,1.9428595671874046e-08,0.04082106661512182,4.565157257734232e-07,0.00011993796900421491,0.00011504196289490265,9.06179111480655e-05,0.2941,0.768676,0,0,3.1001,0,0.0
2017-10-20,0.00048136087577420507,0.0004806483700535825,0.0004130208594126476,7.125057206225404e-07,0.001480190341594296,0.0004806483700535825,0.12130294069509967,0.1211233892535028,0.10408125657198719,0.0107,0.991491,0,4,18.8708,1,0.05128205128205128
2017-10-23,0.00013805233378844873,0.00013947527175958919,0.00011626100906254416,0.0,0.0,0.00013947527175958919,0.03478918811468908,0.035147768483416476,0.029297774283761128,-0.0743,0.940802,0,0,2.8242,0,0.0
2017-10-24,0.0005416550914878873,0.0005374153980602936,0.000596859011464714,4.239693427593731e-06,0.007827293579241187,0.0005374153980602936,0.1364970830549476,0.13542868031119398,0.15040847088910791,0.0564,0.955028,0,0,4.1196,0,0.0
2017-10-25,1.393696751699168e-05,1.339733314370714e-05,2.0164115482565065e-05,5.396343732845403e-07,0.038719637819847885,1.339733314370714e-05,0.0035121158142819037,0.0033761279522141995,0.005081357101606396,0.279,0.78027,0,0,2.8079,0,0.0
2017-10-26,5.872173140037229e-05,5.830639342064356e-05,7.098396701443738e-05,4.153379797287328e-07,0.007072985805270615,5.830639342064356e-05,0.014797876312893816,0.014693211142002177,0.01788795968763822,0.051,0.959358,0,0,3.6571,0,0.0
2017-10-27,0.00026288946914341664,0.0002891424987753491,0.00028877011615406097,0.0,0.0,0.0002891424987753491,0.06624814622414099,0.07286390969138797,0.07277006927082337,-0.7195,0.471837,0,0,3.1612,0,0.0
2017-10-30,0.0001037930730745521,9.871748234745185e-05,0.00011029247812746596,5.075590727100253e-06,0.04890105406700428,9.871748234745185e-05,0.02615585441478713,0.024876805551557867,0.02779370448812142,0.3523,0.724597,0,0,3.0547,0,0.0
2017-10-31,1.7556373005247816e-05,1.6386042280627027e-05,9.527119512935171e-06,1.1703307246207893e-06,0.06666130057783931,1.6386042280627027e-05,0.00442420599732245,0.0041292826547180105,0.002400834117259663,0.4803,0.631028,0,0,3.5275,0,0.0
2017-11-01,5.03000805023394e-06,5.46791246587448e-06,4.110725890284072e-06,0.0,0.0,5.46791246587448e-06,0.0012675620286589529,0.0013779139414003688,0.0010359029243515862,-0.6272,0.530504,0,0,2.6107,0,0.0
2017-11-02,4.574313953816259e-06,4.113564203390934e-06,2.42731103159355e-06,4.607497504253248e-07,0.10072541026955971,4.113564203390934e-06,0.0011527271163616973,0.0010366181792545155,0.0006116823799615746,0.7257,0.46802,0,0,2.7427,0,0.0
2017-11-03,1.0135247365470311e-05,9.695796840617286e-06,1.2322144534803656e-05,4.3945052485302515e-07,0.043358634046915444,9.695796840617286e-06,0.0025540823360985184,0.0024433408038355563,0.003105180422770521,0.3124,0.754744,0,0,4.651,0,0.0
2017-11-06,7.362699360661432e-07,6.709395531738616e-07,8.034492963946737e-07,6.533038289228158e-08,0.08873144340225947,6.709395531738616e-07,0.00018554002388866808,0.00016907676739981312,0.0002024692226914578,0.6393,0.522634,0,0,3.4576,0,0.0
2017-11-07,2.3354611734823e-06,2.109217310301371e-06,2.8666175087007933e-06,2.2624386318092923e-07,0.0968732723440292,2.109217310301371e-06,0.0005885362157175396,0.0005315227621959454,0.0007223876121925999,0.698,0.485208,0,0,4.568,0,0.0
2017-11-08,4.569128894123266e-06,4.2335474474255e-06,3.0381196949001684e-06,3.355814466977659e-07,0.07344537241748911,4.2335474474255e-06,0.0011514204813190632,0.001066853956751226,0.0007656061631148424,0.5292,0.596696,0,0,2.6821,0,0.0
2017-11-09,0.00030268328529483343,0.0003215596864454865,0.00019660603145319397,0.0,0.0,0.0003215596864454865,0.07627618789429802,0.0810330409842626,0.04954471992620488,-0.4493,0.653204,0,1,8.6303,1,0.01282051282051282
2017-11-10,6.840474140455462e-08,6.462627752345752e-08,6.943770091257195e-08,3.7784638810971e-09,0.05523606357470925,6.462627752345752e-08,1.7237994833947762e-05,1.6285821935911294e-05,1.7498300629968132e-05,0.398,0.690657,0,0,2.9601,0,0.0
2017-11-13,9.388590857793359e-06,1.0865706218708269e-05,8.499098392549304e-06,0.0,0.0,1.0865706218708269e-05,0.002365924896163926,0.0027381579671144837,0.0021417727949224244,-1.1335,0.25699,0,2,10.4733,1,0.02564102564102564
2017-11-14,2.60720299729406e-06,2.7350426581599482e-06,2.293393449019582e-06,0.0,0.0,2.7350426581599482e-06,0.0006570151553181032,0.0006892307498563069,0.0005779351491529346,-0.3533,0.723883,0,0,2.9999,0,0.0
2017-11-15,0.0002931768213381965,0.00031515087232759974,0.0002550006857315252,0.0,0.0,0.00031515087232759974,0.07388055897722551,0.07941801982655514,0.06426017280434435,-0.54,0.58919,0,3,10.3002,1,0.038461538461538464
2017-11-16,0.000345706333344687,0.00033874806819727534,0.0002836702368157762,6.958265147411673e-06,0.02012767616943323,0.00033874806819727534,0.08711799600286113,0.08536451318571339,0.07148489967757561,0.145,0.884699,0,0,3.2189,0,0.0
2017-11-17,6.081898753133962e-05,6.284372606282363e-05,5.884911605785225e-05,0.0,0.0,6.284372606282363e-05,0.015326384857897585,0.015836618967831555,0.014829977246578767,-0.2399,0.810442,0,0,4.4076,0,0.0
2017-11-20,2.540921333555979e-05,2.754257074161623e-05,1.3955248937786235e-05,0.0,0.0,2.754257074161623e-05,0.006403121760561067,0.006940727826887289,0.0035167227323221312,-0.6049,0.545236,0,0,2.6791,0,0.0
2017-11-21,0.00012637211302102898,0.00011918763740325825,0.00016555393645315252,7.184475617770731e-06,0.05685174829452641,0.00011918763740325825,0.0318457724812993,0.030035284625621078,0.04171959198619444,0.4096,0.682096,0,0,3.1677,0,0.0
2017-11-22,6.133828233410573e-07,5.908995442903058e-07,3.262631219515812e-07,2.248327905075147e-08,0.036654502768408,5.908995442903058e-07,0.00015457247148194643,0.00014890668516115706,8.221830673179847e-05,0.2641,0.791712,0,0,2.742,0,0.0
2017-11-24,8.355244142595037e-06,8.419991587083927e-06,7.718856535146854e-06,0.0,0.0,8.419991587083927e-06,0.002105521523933949,0.00212183787994515,0.0019451518468570073,-0.0558,0.955476,0,1,6.2628,1,0.01282051282051282
2017-11-27,9.819982752842872e-07,1.0342758776161869e-06,9.331555467290909e-07,0.0,0.0,1.0342758776161869e-06,0.00024746356537164036,0.00026063752115927907,0.00023515519777573093,-0.3836,0.70131,0,0,2.6656,0,0.0
2017-11-28,1.2919778790760821e-05,1.1822346676463112e-05,2.460904161254376e-05,1.0974321142977093e-06,0.08494201387878947,1.1822346676463112e-05,0.0032557842552717268,0.002979231362468704,0.006201478486361028,0.612,0.540545,0,0,3.6288,0,0.0
2017-11-29,2.3594679461696623e-07,2.3573051110598278e-07,1.700080048091222e-07,2.1628351098345253e-10,0.0009166583283160735,2.3573051110598278e-07,5.945859224347549e-05,5.940408879870766e-05,4.284201721189879e-05,0.0066,0.994731,0,0,2.834,0,0.0
2017-11-30,0.00017380034922923767,0.00016581944558099974,0.00020495874700982882,7.980903648237931e-06,0.04591995147139433,0.00016581944558099974,0.043797688005767894,0.04178650028641193,0.05164960424647686,0.3308,0.740763,0,2,56.0618,1,0.02564102564102564
2017-12-01,1.779592741602954e-06,2.06856037327971e-06,3.3391719142351526e-06,0.0,0.0,2.06856037327971e-06,0.0004484573708839444,0.0005212772140664869,0.0008414713223872585,-1.1699,0.242041,0,0,2.5679,0,0.0
2017-12-04,1.535675540333864e-05,1.4857002688608349e-05,2.3693546619202262e-05,4.997527147302907e-07,0.032542856160799806,1.4857002688608349e-05,0.0038699023616413373,0.003743964677529304,0.00597077374803897,0.2345,0.814625,0,1,4.9805,1,0.01282051282051282
2017-12-05,4.91357792161186e-06,4.002946712557788e-06,4.192363675544253e-06,9.106312090540723e-07,0.18532951715678295,4.002946712557788e-06,0.0012382216362461886,0.0010087425715645626,0.0010564756462371518,1.3353,0.181792,0,0,3.2512,0,0.0
2017-12-06,3.704933402601046e-08,3.973098621189449e-08,3.110003278677732e-08,0.0,0.0,3.973098621189449e-08,9.336432174554636e-06,1.0012208525397413e-05,7.837208262267884e-06,-0.5215,0.602038,0,0,2.3437,0,0.0
2017-12-07,2.096360048907281e-05,1.92767327101257e-05,1.6946022858417155e-05,1.6868677789471096e-06,0.0804665066652017,1.92767327101257e-05,0.005282827323246348,0.004857736642951676,0.004270397760321123,0.5797,0.562087,0,3,40.0941,1,0.038461538461538464
2017-12-08,8.866158883975163e-05,8.978302407741619e-05,0.00010410590511422701,0.0,0.0,8.978302407741619e-05,0.02234272038761741,0.02262532206750888,0.026234688088785207,-0.0911,0.92739,0,0,3.6815,0,0.0
2017-12-11,3.0864261619466624e-06,3.220249885635977e-06,3.1379628324983875e-06,0.0,0.0,3.220249885635977e-06,0.000777779392810559,0.0008115029711802662,0.0007907666337895937,-0.3124,0.754744,0,0,2.1153,0,0.0
2017-12-12,1.3757862884097048e-05,1.4715945709045828e-05,1.4601387443149777e-05,0.0,0.0,1.4715945709045828e-05,0.003466981446792456,0.0037084183186795487,0.003679549635673744,-0.5017,0.615855,0,1,6.6665,1,0.01282051282051282
2017-12-13,1.6316821086001276e-08,1.8925440875944998e-08,2.6705275113570053e-08,0.0,0.0,1.8925440875944998e-08,4.111838913672322e-06,4.769211100738139e-06,6.7297293286196535e-06,-1.1518,0.249411,0,0,2.4917,0,0.0
2017-12-14,2.232104469324998e-05,2.0649978449769318e-05,2.1128948121059526e-05,1.6710662434806628e-06,0.07486505186385616,2.0649978449769318e-05,0.005624903262698995,0.005203794569341868,0.005324494926507,0.5394,0.58962,0,2,64.5502,1,0.02564102564102564
2017-12-15,4.4574367895457795e-05,4.040493444417612e-05,4.635688285079716e-05,4.169433451281676e-06,0.09353881063488369,4.040493444417612e-05,0.011232740709655364,0.010182043479932382,0.011681934478400885,0.6739,0.500358,0,0,3.3935,0,0.0
2017-12-18,0.0002744600982865558,0.00029096117245852224,0.0001649157453242469,0.0,0.0,0.00029096117245852224,0.06916394476821205,0.0733222154595476,0.04155876782171022,-0.4332,0.664894,0,1,7.5163,1,0.01282051282051282
2017-12-19,0.00015468057558503474,0.00016753410176425707,0.00020941704103905962,0.0,0.0,0.00016753410176425707,0.03897950504742875,0.04221859364459278,0.052773094341843026,-0.5987,0.549375,0,0,2.7091,0,0.0
2017-12-20,1.3395883600321546e-06,1.34007359540707e-06,1.2597207571464276e-06,0.0,0.0,1.34007359540707e-06,0.00033757626672810295,0.00033769854604258164,0.00031744963080089977,-0.0026,0.997918,0,0,2.7535,0,0.0
2017-12-21,0.00686911789604826,0.005815361451695584,0.0033442806674652513,0.0010537564443526756,0.1534049145968927,0.005815361451695584,1.7310177098041615,1.4654710858272872,0.8427587282012433,1.1052,0.269052,0,3,42.1179,1,0.038461538461538464
2017-12-22,3.748961262776128e-07,3.1158895351418014e-07,3.792000222799444e-07,6.330717276343266e-08,0.16886545221622598,3.1158895351418014e-07,9.447382382195842e-05,7.85204162855734e-05,9.555840561454599e-05,1.2166,0.223742,0,0,3.2553,0,0.0
2017-12-26,2.95889993755971e-06,2.7894102660160247e-06,3.5019319505883977e-06,1.6948967154368519e-07,0.05728129299369791,2.7894102660160247e-06,0.0007456427842650469,0.0007029313870360383,0.0008824868515482763,0.4127,0.679827,0,0,4.2451,0,0.0
2017-12-27,1.098143260668464e-06,1.0530039199964371e-06,8.783315638217695e-07,4.5139340672026815e-08,0.0411051100376826,1.0530039199964371e-06,0.0002767321016884529,0.00026535698783910214,0.00022133955408308592,0.2962,0.767113,0,0,2.8267,0,0.0
2017-12-28,6.035339305460948e-06,6.394577644721591e-06,4.706926523234738e-06,0.0,0.0,6.394577644721591e-06,0.001520905504976159,0.0016114335664698409,0.0011861454838551539,-0.4288,0.668035,0,0,2.8668,0,0.0
2017-12-29,2.0168870577268682e-05,1.8534684625906035e-05,1.6680709782537384e-05,1.634185951362647e-06,0.08102515527960699,1.8534684625906035e-05,0.005082555385471707,0.004670740525728321,0.0042035388651994205,0.5838,0.559376,0,0,3.1771,0,0.0
2018-01-02,0.00011130709875969623,0.00010441032121402537,0.00011378071766580035,6.896777545670858e-06,0.06196170379571913,0.00010441032121402537,0.02804938888744345,0.026311400945934395,0.02867274085178169,0.4464,0.655293,0,1,5.4191,1,0.01282051282051282
2018-01-03,0.002144748819004866,0.0019758598239725234,0.0023283327249124268,0.0001688889950323424,0.0787453493187884,0.0019758598239725234,0.5404767023892262,0.4979166756410759,0.5867398466779316,0.5673,0.570481,0,1,7.306,1,0.01282051282051282
2018-01-04,8.048135016204024e-06,8.127791221914256e-06,8.337476349193145e-06,0.0,0.0,8.127791221914256e-06,0.002028130024083414,0.0020482033879223923,0.0021010440399966725,-0.0713,0.943152,0,0,2.5401,0,0.0
2018-01-05,2.2821002039353438e-05,2.192743906685196e-05,1.9601896091916585e-05,8.935629725014784e-07,0.039155289141348575,2.192743906685196e-05,0.0057508925139170665,0.0055257146448466936,0.00493967781516298,0.2821,0.777863,0,0,3.7017,0,0.0
2018-01-08,2.23086395508333e-06,2.2863945215898748e-06,2.9724330282281636e-06,0.0,0.0,2.2863945215898748e-06,0.0005621777166809992,0.0005761714194406484,0.0007490531231134972,-0.1793,0.85767,0,0,4.3901,0,0.0
2018-01-09,3.399226570556493e-05,3.21947173287783e-05,3.7051329127068205e-05,1.7975483767866305e-06,0.052881097702506284,3.21947173287783e-05,0.008566050957802362,0.008113068766852131,0.009336934940021187,0.381,0.703206,0,1,6.6005,1,0.01282051282051282
2018-01-10,4.273632127470228e-06,4.629706289768197e-06,5.080514014041321e-06,0.0,0.0,4.629706289768197e-06,0.0010769552961224975,0.0011666859850215858,0.0012802895315384129,-0.6003,0.54831,0,0,2.7625,0,0.0
2018-01-11,1.0604502572441341e-05,1.1407988813842822e-05,1.4626026605168708e-05,0.0,0.0,1.1407988813842822e-05,0.002672334648255218,0.002874813181088391,0.0036857587045025144,-0.5459,0.585138,0,0,2.9581,0,0.0
2018-01-12,0.0006224783308976774,0.0006105165678758916,0.00033994987484647796,1.196176302178584e-05,0.01921635245570621,0.0006105165678758916,0.1568645393862147,0.15385017510472468,0.08566736846131244,0.1384,0.889885,0,3,8.0634,1,0.038461538461538464
2018-01-16,4.757638722124994e-05,4.875885663793963e-05,3.1246109526079726e-05,0.0,0.0,4.875885663793963e-05,0.011989249579754984,0.012287231872760786,0.007874019600572092,-0.1791,0.857884,0,0,2.4286,0,0.0
2018-01-17,7.77611940593298e-05,8.3829701859951e-05,8.512250455499966e-05,0.0,0.0,8.3829701859951e-05,0.01959582090295111,0.021125084868707653,0.021450871147859915,-0.5623,0.573936,0,0,3.0251,0,0.0
2018-01-18,1.9991259108481652e-06,1.7783565043242167e-06,2.2566308298643586e-06,2.207694065239486e-07,0.11043291215077648,1.7783565043242167e-06,0.0005037797295337377,0.0004481458390897026,0.0005686709691258184,0.7956,0.426238,0,0,3.8319,0,0.0
2018-01-19,4.803240372369966e-05,4.8549153231130637e-05,5.448243091786498e-05,0.0,0.0,4.8549153231130637e-05,0.012104165738372313,0.01223438661424492,0.013729572591301975,-0.0775,0.938217,0,0,4.004,0,0.0
2018-01-22,0.0007782981279175703,0.0005766091714336245,0.0005883957398930437,0.00020168895648394575,0.25914100135952745,0.0005766091714336245,0.19613112823522771,0.14530551120127339,0.148275726453047,1.8671,0.061894,0,2,6.5277,1,0.02564102564102564
2018-01-23,4.519214323642343e-06,4.445254255907024e-06,5.84156379596427e-06,7.396006773531834e-08,0.016365687943301822,4.445254255907024e-06,0.0011388420095578703,0.0011202040724885701,0.001472074076582996,0.1179,0.906138,0,0,2.4336,0,0.0
2018-01-24,3.045496126836647e-05,3.199053077257544e-05,2.2497725108497417e-05,0.0,0.0,3.199053077257544e-05,0.007674650239628351,0.00806161375468901,0.0056694267273413495,-0.3633,0.716401,0,0,3.3695,0,0.0
2018-01-25,2.4128221209972426e-06,2.6878445372262256e-06,2.679250290567097e-06,0.0,0.0,2.6878445372262256e-06,0.0006080311744913052,0.0006773368233810088,0.0006751710732229084,-0.8212,0.411517,0,0,3.1141,0,0.0
2018-01-26,4.8278362025396776e-05,4.868709071861217e-05,4.252092048139084e-05,0.0,0.0,4.868709071861217e-05,0.012166147230399988,0.012269146861090267,0.010715271961310493,-0.061,0.951362,0,1,9.3236,1,0.01282051282051282
2018-01-29,4.556082701973792e-05,4.515944861011791e-05,4.0893965704033134e-05,4.013784096200095e-07,0.008809725965606327,4.515944861011791e-05,0.011481328408973956,0.011380181049749714,0.01030527935741635,0.0635,0.949391,0,0,3.6295,0,0.0
2018-01-30,0.005503708105305353,0.0060829624755652355,0.003049107359592262,0.0,0.0,0.0060829624755652355,1.386934442536949,1.5329065438424394,0.76837505461725,-0.7583,0.448278,0,3,6.9065,1,0.038461538461538464
2018-01-31,9.181042135849659e-06,7.717475360383585e-06,6.558721981746329e-06,1.463566775466074e-06,0.15941181778693697,7.717475360383585e-06,0.002313622618234114,0.0019448037908166634,0.0016527979394000748,1.1485,0.250751,0,0,2.6578,0,0.0
2018-02-01,2.1057691507447397e-06,2.0715056200034094e-06,3.2593446731951204e-06,3.4263530741330313e-08,0.0162712586315332,2.0715056200034094e-06,0.0005306538259876744,0.0005220194162408591,0.0008213548576451703,0.1172,0.906677,0,0,3.2811,0,0.0
2018-02-02,0.004051126009982358,0.003931521210772588,0.0033174279625845424,0.00011960479920977013,0.029523840750825505,0.003931521210772588,1.0208837545155542,0.9907433451146922,0.8359918465713047,0.2127,0.831551,0,2,61.1651,1,0.02564102564102564
2018-02-05,0.010487457822400738,0.011769642468404139,0.004501470998986619,0.0,0.0,0.011769642468404139,2.642839371244986,2.965949902037843,1.134370691744628,-0.8808,0.3784,0,0,3.5084,0,0.0
2018-02-06,29.136844218289735,28.959100599358354,29.112419676587496,0.17774361893138035,0.006100304398092684,28.959100599358354,7342.484743009013,7297.693351038305,7336.329758500049,0.044,0.964943,0,2,94.9147,1,0.02564102564102564
2018-02-07,6.275544594327642e-05,5.350070993282048e-05,6.843176710944341e-05,9.254736010455947e-06,0.1474730316050676,5.350070993282048e-05,0.01581437237770566,0.01348217890307076,0.01724480531157974,1.0625,0.288004,0,1,4.7769,1,0.01282051282051282
2018-02-08,0.0006070302957185689,0.0005572984046534117,0.0005989078821142564,4.973189106515722e-05,0.08192653864888377,0.0005572984046534117,0.15297163452107937,0.14043919797265975,0.1509247862927926,0.5903,0.555014,0,0,3.3422,0,0.0
2018-02-09,0.027532472864229912,0.02817810182053375,0.04374332489737954,0.0,0.0,0.02817810182053375,6.938183161785938,7.1008816587745045,11.023317874139643,-0.169,0.865836,0,4,10.0962,1,0.05128205128205128
2018-02-12,0.00041303092368940095,0.0004202579209743737,0.0004613027665077068,0.0,0.0,0.0004202579209743737,0.10408379276972904,0.10590499608554217,0.1162482971599421,-0.1261,0.89968,0,0,1.9384,0,0.0
2018-02-13,2.993454792388739e-06,2.937489598560674e-06,2.6050225588640256e-06,5.596519382806515e-08,0.018695847779133443,2.937489598560674e-06,0.0007543506076819622,0.0007402473788372899,0.0006564656848337345,0.1347,0.892849,0,1,4.8424,1,0.01282051282051282
2018-02-14,0.0010511693424276305,0.0009790669561321212,0.0006859428786863834,7.210238629550936e-05,0.06859255052130747,0.0009790669561321212,0.2648946742917629,0.24672487294529455,0.1728576054289686,0.4942,0.621169,0,3,26.0439,1,0.038461538461538464
2018-02-15,8.126382565466749e-05,7.968962739196001e-05,7.337678312682916e-05,1.5741982627074757e-06,0.019371451327256192,7.968962739196001e-05,0.020478484064976207,0.020081786102773922,0.018490949347960948,0.1396,0.889002,0,0,2.289,0,0.0
2018-02-16,3.6547403839322184e-08,3.275198427623909e-08,1.8290440777796218e-08,3.795419563083091e-09,0.10384638354574666,3.275198427623909e-08,9.20994576750919e-06,8.25350003761225e-06,4.609191076004647e-06,0.7482,0.454345,0,0,3.2152,0,0.0
2018-02-20,0.00043058846240766227,0.0004707171230760037,0.0003566303804193631,0.0,0.0,0.0004707171230760037,0.10850829252673089,0.11862071501515294,0.0898708558656795,-0.6714,0.501934,0,3,169.0362,1,0.038461538461538464
2018-02-21,6.846750629543118e-06,6.383736648285453e-06,4.8441472746128555e-06,4.6301398125766515e-07,0.06762535086854932,6.383736648285453e-06,0.0017253811586448657,0.0016087016353679342,0.0012207251132024396,0.4872,0.626098,0,0,2.0802,0,0.0
2018-02-22,1.8647698784200842e-06,1.8452511509121695e-06,1.343192868009162e-06,1.951872750791467e-08,0.010467091551993666,1.8452511509121695e-06,0.0004699220093618612,0.00046500329002986673,0.0003384846027383088,0.0754,0.939886,0,0,2.1622,0,0.0
2018-02-23,9.296669071313257e-05,9.414630178119189e-05,8.765377381801838e-05,0.0,0.0,9.414630178119189e-05,0.023427606059709408,0.023724868048860356,0.02208875100214063,-0.0914,0.92716,0,2,8.3792,1,0.02564102564102564
2018-02-26,0.00020602474355116247,0.00019285353460907182,0.00015348858832970873,1.3171208942090653e-05,0.06393022823925805,0.00019285353460907182,0.05191823537489294,0.0485990907214861,0.0386791242590866,0.4606,0.645083,0,0,2.768,0,0.0
2018-02-27,0.00021756771378180113,0.00023430550519843506,0.0002541861382654643,0.0,0.0,0.00023430550519843506,0.054827063873013886,0.05904498731000563,0.064054906842897,-0.5543,0.579391,0,0,2.4774,0,0.0
2018-02-28,0.00012198485688366394,0.00011711973173767116,9.775449243751392e-05,4.865125145992773e-06,0.03988302507703544,0.00011711973173767116,0.03074018393468331,0.029514172397893133,0.024634132094253507,0.2873,0.773845,0,0,3.5817,0,0.0
2018-03-01,0.00018191316295542478,0.00019453382257258065,0.00019262764686176281,0.0,0.0,0.00019453382257258065,0.04584211706476705,0.04902252328829032,0.04854216700916423,-0.4998,0.617181,0,0,3.7548,0,0.0
2018-03-02,0.009606226171583025,0.009192830947476542,0.00858175308691433,0.00041339522410648206,0.043034092335484116,0.009192830947476542,2.420768995238922,2.3165933987640885,2.162601777902411,0.3101,0.756522,0,1,5.9403,1,0.01282051282051282
2018-03-05,0.01162518099762512,0.012173814871488048,0.009606418719393842,0.0,0.0,0.012173814871488048,2.9295456114015304,3.067801347614988,2.420817517287248,-0.34,0.733842,0,0,3.3977,0,0.0
2018-03-06,1.0563876914085464e-05,1.0305812537140453e-05,4.495413882729637e-06,2.5806437694501143e-07,0.024428943522805998,1.0305812537140453e-05,0.002662096982349537,0.002597064759359394,0.0011328442984478685,0.176,0.86029,0,0,2.5468,0,0.0
2018-03-07,7.109821959037306e-07,7.553986447932e-07,8.148668491235066e-07,0.0,0.0,7.553986447932e-07,0.00017916751336774012,0.0001903604584878864,0.00020534644597912366,-0.4501,0.652641,0,0,2.6247,0,0.0
2018-03-08,0.0008569421189782354,0.0008531204724090905,0.0005791868153744423,3.821646569144893e-06,0.004459632080217921,0.0008531204724090905,0.21594941398251533,0.21498635904709082,0.14595507747435946,0.0321,0.974368,0,2,49.5853,1,0.02564102564102564
2018-03-09,0.00023773623630902473,0.0002570672825285194,0.00017046587384669633,0.0,0.0,0.0002570672825285194,0.05990953154987423,0.06478095519718688,0.042957400209367474,-0.5858,0.557981,0,0,2.1452,0,0.0
2018-03-12,1.3639900269986812e-05,1.2948353989316535e-05,1.7945004321858025e-05,6.915462806702769e-07,0.05070024093150533,1.2948353989316535e-05,0.0034372548680366767,0.003262985205307767,0.004522141089108222,0.3653,0.714899,0,0,2.9394,0,0.0
2018-03-13,0.0004931564639656154,0.000536213074880621,0.00024690773953694594,0.0,0.0,0.000536213074880621,0.12427542891933509,0.1351256948699165,0.06222075036331037,-0.629,0.529325,0,0,3.8154,0,0.0
2018-03-14,0.00012876368031919703,0.00010980694418354721,7.123683658203442e-05,1.895673613564982e-05,0.14722114140754697,0.00010980694418354721,0.03244844744043765,0.027671349934253898,0.017951682818672675,1.0607,0.288828,0,0,3.9138,0,0.0
2018-03-15,3.8054682180473086e-07,3.594040043985232e-07,4.494763558287115e-07,2.1142817406207664e-08,0.05555889744931086,3.594040043985232e-07,9.589779909479217e-05,9.056980910842785e-05,0.0001132680416688353,0.4003,0.688943,0,0,2.395,0,0.0
2018-03-16,2.708788094069841e-06,2.0973156672614977e-06,3.0019508305922755e-06,6.114724268083432e-07,0.2257364473841822,2.0973156672614977e-06,0.0006826145997055999,0.0005285235481498975,0.0007564916093092534,1.6264,0.103868,0,0,3.7199,0,0.0
2018-03-19,0.0001062603309112543,0.00011691141920160455,6.525660180249454e-05,0.0,0.0,0.00011691141920160455,0.026777603389636084,0.029461677638804345,0.016444663654228624,-0.7222,0.470185,0,1,13.0235,1,0.01282051282051282
2018-03-20,2.9508942868872757e-06,2.707208536788192e-06,2.7028190347253105e-06,2.4368575009908387e-07,0.08258027696947984,2.707208536788192e-06,0.0007436253602955935,0.0006822165512706243,0.0006811103967507782,0.595,0.551861,0,0,2.6164,0,0.0
2018-03-21,2.1990662455054806e-06,1.9428260109430204e-06,2.250849072842237e-06,2.562402345624602e-07,0.11652223691029534,1.9428260109430204e-06,0.0005541646938673811,0.0004895921547576411,0.0005672139663562437,0.8395,0.401179,0,0,3.3988,0,0.0
2018-03-22,0.00045065462939002706,0.0004165573721940136,0.00035957939559608617,3.409725719601348e-05,0.07566161511866283,0.0004165573721940136,0.11356496660628682,0.10497245779289142,0.09061400769021372,0.5451,0.585667,0,2,13.7683,1,0.02564102564102564
2018-03-23,0.006031655651422912,0.006002328277472016,0.0046904326121180685,2.9327373950895422e-05,0.004862242747414574,0.006002328277472016,1.5199772241585738,1.5125867259229482,1.1819890182537534,0.035,0.972055,0,1,8.9951,1,0.01282051282051282
2018-03-26,0.0045870418952436666,0.004138491191306951,0.0033637916035629627,0.00044855070393671516,0.09778648507746,0.004138491191306951,1.155934557601404,1.0428997802093518,0.8476754840978666,0.7045,0.481102,0,0,3.7259,0,0.0
2018-03-27,0.0004731805468159477,0.00040551199732220524,0.000577624425445012,6.766854949374245e-05,0.14300788526933145,0.00040551199732220524,0.11924149779761882,0.10218902332519572,0.14556135521214303,1.0303,0.30285,0,0,4.4068,0,0.0
2018-03-28,7.99406829186281e-06,8.162473972326608e-06,9.01533725289275e-06,0.0,0.0,8.162473972326608e-06,0.002014505209549428,0.002056943441026305,0.002271864987728973,-0.1518,0.879362,0,0,2.537,0,0.0
2018-03-29,7.747037805081076e-05,8.326906727668884e-05,5.5328785048044614e-05,0.0,0.0,8.326906727668884e-05,0.019522535268804313,0.020983804953725586,0.013942853832107242,-0.5393,0.589693,0,0,4.5319,0,0.0
2018-04-02,0.29609338048805206,0.18775594773528792,0.21706132040725057,0.10833743275276414,0.3658894115559935,0.18775594773528792,74.61553188298912,47.31449882929255,54.699452742627145,2.6362,0.008385,1,4,127.2197,1,0.05128205128205128
2018-04-03,0.00025874733996961527,0.0002512010673657114,9.965349726519697e-05,7.546272603903845e-06,0.0291646382746403,0.0002512010673657114,0.06520432967234305,0.06330266897615928,0.025112681310829638,0.2101,0.83357,0,0,4.273,0,0.0
2018-04-04,0.0001337914931163696,0.00012423737626978144,0.00014966195521825748,9.554116846588148e-06,0.0714104951864738,0.00012423737626978144,0.033715456265325135,0.03130781881998492,0.037714812715000885,0.5145,0.606904,0,0,3.7192,0,0.0
2018-04-05,0.00025578777444370924,0.00019594650432606592,0.0002418177035289929,5.9841270117643326e-05,0.23394890554811712,0.00019594650432606592,0.06445851915981472,0.04937851909016861,0.06093806128930621,1.6856,0.091882,0,0,4.118,0,0.0
2018-04-06,0.0028863429448042436,0.0027415174544462113,0.0026045864390110474,0.0001448254903580323,0.050176120120638844,0.0027415174544462113,0.7273584220906694,0.6908623985204453,0.656355782630784,0.3615,0.71772,0,1,7.4185,1,0.01282051282051282
2018-04-09,1.0445202223130044e-05,1.018668389571341e-05,1.1681586568185695e-05,2.5851832741663373e-07,0.02474995669248121,1.018668389571341e-05,0.002632190960228771,0.0025670443417197793,0.002943759815182795,0.1783,0.858473,0,0,2.6852,0,0.0
2018-04-10,0.0007146022834785984,0.0007372164055963023,0.0008067791532283009,0.0,0.0,0.0007372164055963023,0.1800797754366068,0.18577853421026816,0.20330834661353184,-0.228,0.819646,0,1,5.6377,1,0.01282051282051282
2018-04-11,2.884735791335389e-06,2.690928085267132e-06,4.293585857001669e-06,1.9380770606825725e-07,0.06718384382602223,2.690928085267132e-06,0.000726953419416518,0.0006781138774873172,0.0010819836359644206,0.484,0.628354,0,0,3.3127,0,0.0
2018-04-12,0.0018757581657178183,0.0016015703657921915,0.0010619707228668844,0.0002741877999256268,0.14617438686427137,0.0016015703657921915,0.4726910577608902,0.4035957321796323,0.26761662216245485,1.0532,0.29227,0,3,21.719,1,0.038461538461538464
2018-04-13,1.639067877248358e-05,1.6736886196300113e-05,2.129688112102815e-05,0.0,0.0,1.6736886196300113e-05,0.004130451050665862,0.004217695321467628,0.005366814042499094,-0.1522,0.879044,0,0,2.837,0,0.0
2018-04-16,0.0003398020827676842,0.0003224606146251848,0.0003088060299938646,1.734146814249941e-05,0.05103402530737693,0.0003224606146251848,0.08563012485745641,0.08126007488554657,0.07781911955845389,0.3677,0.713105,0,1,6.0276,1,0.01282051282051282
2018-04-17,7.982187720286476e-05,5.913493020681941e-05,9.767498858548111e-05,2.0686946996045347e-05,0.2591638716326636,5.913493020681941e-05,0.020115113055121918,0.014902002412118491,0.02461409712354124,1.8672,0.061871,0,0,4.4887,0,0.0
2018-04-18,3.5250683545012276e-07,3.6093318849036406e-07,4.713671545966441e-07,0.0,0.0,3.6093318849036406e-07,8.883172253343093e-05,9.095516349957175e-05,0.00011878452295835431,-0.1722,0.863262,0,0,2.5171,0,0.0
2018-04-19,7.042375212203655e-05,8.777702517235825e-05,6.821967394825405e-05,0.0,0.0,8.777702517235825e-05,0.01774678553475321,0.02211981034343428,0.01719135783496002,-1.7753,0.075841,0,3,14.0392,1,0.038461538461538464
2018-04-20,0.15622615187943367,0.17601752391398445,0.14891720389267937,0.0,0.0,0.17601752391398445,39.368990273617285,44.356416026324084,37.5271353809552,-0.9127,0.361384,0,3,51.3747,1,0.038461538461538464
2018-04-23,2.9056380127436296e-08,2.786124151935806e-08,2.842953548892618e-08,1.1951386080782356e-09,0.04113029470780721,2.786124151935806e-08,7.3222077921139465e-06,7.021032862878231e-06,7.164242943209397e-06,0.2963,0.766974,0,0,2.4788,0,0.0
2018-04-24,0.0025818869778522244,0.0023985654094947242,0.0023434238875492514,0.00018332156835750013,0.07100294081772533,0.0023985654094947242,0.6506355184187606,0.6044384831926705,0.5905428196624114,0.5116,0.608958,0,3,476.712,1,0.038461538461538464
2018-04-25,0.00010838510725720536,0.00010471045745395393,7.899181142415794e-05,3.674649803251428e-06,0.033903641029090735,0.00010471045745395393,0.02731304702881575,0.02638703527839639,0.019905936478887803,0.2443,0.807023,0,1,4.9166,1,0.01282051282051282
2018-04-26,0.000464394521022062,0.0003317099367375978,0.00037448123030622496,0.00013268458428446423,0.28571522270919636,0.0003317099367375978,0.11702741929755962,0.08359090405787464,0.09436927003716869,2.0585,0.039541,0,0,3.6937,0,0.0
2018-04-27,3.6955922677057545e-06,3.5703775204241004e-06,3.5146397977902216e-06,1.2521474728165403e-07,0.03388217755883836,3.5703775204241004e-06,0.0009312892514618501,0.0008997351351468733,0.0008856892290431359,0.2441,0.807143,0,0,2.7398,0,0.0
2018-04-30,0.0014889842013981272,0.0013736791798112577,0.0008880645289041795,0.00011530502158686945,0.07743871385684387,0.0013736791798112577,0.375224018752328,0.34616715331243697,0.22379226128385324,0.5579,0.576893,0,2,21.3524,1,0.02564102564102564
2018-05-01,9.032956397253209e-06,9.532074790451057e-06,6.201444180199322e-06,0.0,0.0,9.532074790451057e-06,0.0022763050121078084,0.002402082847193666,0.0015627639334102293,-0.3981,0.690555,0,0,2.6652,0,0.0
2018-05-02,5.0781937753118823e-05,5.352713242541679e-05,3.0923414090984296e-05,0.0,0.0,5.352713242541679e-05,0.012797048313785944,0.01348883737120503,0.007792700350928042,-0.3895,0.696921,0,1,5.6997,1,0.01282051282051282
2018-05-03,3.133336860962607e-05,3.253475604643451e-05,1.5884931575114306e-05,0.0,0.0,3.253475604643451e-05,0.00789600888962577,0.008198758523701496,0.0040030027569288055,-0.2762,0.782359,0,0,3.2038,0,0.0
2018-05-04,0.00022562880748696056,0.0002443803731124557,0.0001690646308656805,0.0,0.0,0.0002443803731124557,0.05685845948671406,0.06158385402433883,0.04260428697815148,-0.5988,0.549323,0,0,3.102,0,0.0
2018-05-07,5.6713198275390515e-05,5.995224073480109e-05,3.544657229384182e-05,0.0,0.0,5.995224073480109e-05,0.01429172596539841,0.015107964665169874,0.008932536218048138,-0.4115,0.680717,0,0,2.5436,0,0.0
2018-05-08,0.0,0.0,0.0,0.0,0.0,0.0,0.0,0.0,0.0,0.0,1.0,0,0,0.0,0,0.0
2018-05-09,0.00012626392414647608,0.00012510790588076163,9.705852783590505e-05,1.1560182657144487e-06,0.00915557047963919,0.00012510790588076163,0.03181850888491197,0.03152719228195193,0.024458749014648073,0.066,0.947407,0,3,705.7572,1,0.038461538461538464
2018-05-10,0.0001503644857909129,0.000153941217228211,0.00018060657848237784,0.0,0.0,0.000153941217228211,0.03789185041931005,0.038793186741509174,0.045512857777559215,-0.1714,0.863924,0,0,2.8272,0,0.0
2018-05-11,0.0002640772702152577,0.0002809041959008394,0.00012379756045203654,0.0,0.0,0.0002809041959008394,0.06654747209424494,0.07078785736701153,0.031196985233913208,-0.4591,0.646172,0,0,3.7751,0,0.0
2018-05-14,2.288467177329674e-07,2.2150340588859684e-07,1.6816874242417723e-07,7.343311844370569e-09,0.03208820222074124,2.2150340588859684e-07,5.7669372868707786e-05,5.58188582839264e-05,4.237852309089266e-05,0.2312,0.817168,0,0,3.5255,0,0.0
2018-05-15,0.0004148133882990403,0.00038654158699859167,0.0003441891102016902,2.8271801300448643e-05,0.06815546949490439,0.00038654158699859167,0.10453297385135817,0.0974084799236451,0.08673565577082593,0.491,0.623394,0,3,78.2172,1,0.038461538461538464
2018-05-16,1.0888836481661692e-05,1.0808555536925492e-05,1.1765365702079206e-05,8.02809447362006e-08,0.007372774630111325,1.0808555536925492e-05,0.0027439867933787463,0.002723755995305224,0.00296487215692396,0.0531,0.957637,0,0,2.2887,0,0.0
2018-05-17,1.8948599719926218e-06,1.9629952256517766e-06,1.1096716087161796e-06,0.0,0.0,1.9629952256517766e-06,0.0004775047129421407,0.0004946747968642477,0.00027963724539647723,-0.2591,0.795582,0,0,2.5714,0,0.0
2018-05-18,1.7216992412559187e-05,1.7933189293588165e-05,9.857951598484655e-06,0.0,0.0,1.7933189293588165e-05,0.004338682087964915,0.004519163701984218,0.002484203802818133,-0.2997,0.764401,0,1,6.3093,1,0.01282051282051282
2018-05-21,0.00015504141577623207,0.00014473985020421344,0.0001478955091335243,1.030156557201863e-05,0.06644395920921348,0.00014473985020421344,0.03907043677561048,0.036474442251461785,0.03726966830164812,0.4787,0.632142,0,1,7.755,1,0.01282051282051282
2018-05-22,7.25503726641082e-05,7.691439894785228e-05,6.12651057067977e-05,0.0,0.0,7.691439894785228e-05,0.018282693911355268,0.019382428534858775,0.015438806638113022,-0.4334,0.664739,0,0,2.9962,0,0.0
2018-05-23,8.457896023162299e-07,8.214059304612087e-07,1.361311035317079e-06,2.4383671855021195e-08,0.028829442876576752,8.214059304612087e-07,0.00021313897978368992,0.0002069942944762246,0.0003430503808999039,0.2077,0.835455,0,0,3.1843,0,0.0
2018-05-24,5.433316711553253e-06,5.7926328841887415e-06,5.970549741648308e-06,0.0,0.0,5.7926328841887415e-06,0.0013691958113114197,0.0014597434868155628,0.0015045785348953736,-0.4765,0.633742,0,0,3.9515,0,0.0
2018-05-25,5.713692640358185e-05,5.788309474549054e-05,5.011092204670335e-05,0.0,0.0,5.788309474549054e-05,0.014398505453702625,0.014586539875863617,0.012627952355769245,-0.0941,0.925038,0,1,5.5627,1,0.01282051282051282
2018-05-29,0.01100210535377765,0.012257211943002437,0.006249131058511973,0.0,0.0,0.012257211943002437,2.7725305491519676,3.088817409636614,1.574781026745017,-0.8219,0.411126,0,2,15.9732,1,0.02564102564102564
2018-05-30,0.00013352691705605815,0.00014244284900084437,0.00010547640217390597,0.0,0.0,0.00014244284900084437,0.033648783098126654,0.03589559794821278,0.026580053347824303,-0.4811,0.630458,0,0,2.6907,0,0.0
2018-05-31,0.007991378436781939,0.008534976006860935,0.005267788680179048,0.0,0.0,0.008534976006860935,2.0138273660690484,2.1508139537289557,1.32748274740512,-0.4901,0.624069,0,2,10.1841,1,0.02564102564102564
2018-06-01,0.001076952571970508,0.001044385661526968,0.0011181917477467737,3.2566910443539935e-05,0.030239874309146358,0.001044385661526968,0.27139204813656803,0.26318518670479596,0.281784320432187,0.2179,0.827529,0,0,2.6764,0,0.0
2018-06-04,2.5895320450865667e-05,2.459437099310402e-05,3.283984149294698e-05,1.3009494577616468e-06,0.050238783875693374,2.459437099310402e-05,0.006525620753618148,0.006197781490262213,0.008275640056222638,0.362,0.717382,0,0,3.0821,0,0.0
2018-06-05,2.9978640904664044e-06,3.164587695827256e-06,2.991837963970061e-06,0.0,0.0,3.164587695827256e-06,0.0007554617507975339,0.0007974760993484686,0.0007539431669204554,-0.4007,0.68865,0,0,2.3782,0,0.0
2018-06-06,7.132085765631758e-05,7.710304895171722e-05,7.190390086940152e-05,0.0,0.0,7.710304895171722e-05,0.01797285612939203,0.01942996833583274,0.018119783019089182,-0.5841,0.559144,0,1,11.5474,1,0.01282051282051282
2018-06-07,7.471092552289986e-08,7.46849724550743e-08,7.41825567420383e-08,2.595306782555902e-11,0.00034737516994665297,7.46849724550743e-08,1.8827153231770765e-05,1.8820613058678725e-05,1.8694004298993654e-05,0.0025,0.998003,0,0,2.5963,0,0.0
2018-06-08,1.1565637708752802e-05,1.1124031924195677e-05,9.833162673040525e-06,4.4160578455712486e-07,0.038182567835438296,1.1124031924195677e-05,0.002914540702605706,0.0028032560448973108,0.0024779569936062124,0.2751,0.783242,0,2,10.5904,1,0.02564102564102564
2018-06-11,5.716947066786315e-06,4.682353927308503e-06,3.926825006738368e-06,1.0345931394778121e-06,0.18096948361110285,4.682353927308503e-06,0.0014406706608301512,0.0011799531896817426,0.0009895599016980687,1.3038,0.192286,0,0,3.1965,0,0.0
2018-06-12,9.023717136782205e-06,8.545691101901312e-06,1.1428950976343662e-05,4.780260348808936e-07,0.05297439787401808,8.545691101901312e-06,0.002273976718469116,0.0021535141576791306,0.002880095646038603,0.3817,0.702707,0,0,3.3227,0,0.0
2018-06-13,1.7656470300143734e-05,1.9391179947866928e-05,1.8182660639663542e-05,0.0,0.0,1.9391179947866928e-05,0.004449430515636221,0.004886577346862466,0.004582030481195213,-0.7079,0.479036,0,0,3.6085,0,0.0
2018-06-14,3.558699373177571e-05,4.0088209477352625e-05,1.7641406428511e-05,0.0,0.0,4.0088209477352625e-05,0.008967922420407478,0.010102228788292861,0.004445634419984772,-0.9113,0.362139,0,0,3.4223,0,0.0
2018-06-15,4.931023100698576e-07,4.075560204424356e-07,5.204768346726322e-07,8.554628962742198e-08,0.17348553108536768,4.075560204424356e-07,0.0001242617821376041,0.00010270411715149377,0.00013116016233750331,1.2499,0.211327,0,0,3.0259,0,0.0
2018-06-18,8.786044493917996e-05,8.857772290743822e-05,0.00011239838429996116,0.0,0.0,8.857772290743822e-05,0.02214083212467335,0.02232158617267443,0.028324392843590212,-0.0588,0.953097,0,3,8.1671,1,0.038461538461538464
2018-06-19,3.9954010244789104e-05,3.991752776126774e-05,3.460768071732429e-05,3.648248352136114e-08,0.0009131119100367994,3.991752776126774e-05,0.010068410581686855,0.010059216995839471,0.00872113554076572,0.0066,0.994751,0,0,2.8189,0,0.0
2018-06-20,1.3573768980849633e-05,1.4871386236448662e-05,8.014354652797618e-06,0.0,0.0,1.4871386236448662e-05,0.0034205897831741075,0.0037475893315850627,0.0020196173725049995,-0.6888,0.490975,0,0,2.4315,0,0.0
2018-06-21,1.4100135036934836e-05,1.2935368826229073e-05,1.931138045699642e-05,1.1647662107057626e-06,0.08260673568359173,1.2935368826229073e-05,0.0035532340293075787,0.0032597129442097266,0.004866467875163098,0.5952,0.551734,0,0,3.2032,0,0.0
2018-06-22,1.194583975526504e-06,1.2184913564491702e-06,1.2691803919762978e-06,0.0,0.0,1.2184913564491702e-06,0.000301035161832679,0.0003070598218251909,0.000319833458778027,-0.1442,0.88535,0,0,4.5157,0,0.0
2018-06-25,7.161224295136044e-05,7.870260317465269e-05,6.942014900714196e-05,0.0,0.0,7.870260317465269e-05,0.01804628522374283,0.019833056000012478,0.017493877549799773,-0.7133,0.47563,0,1,4.7741,1,0.01282051282051282
2018-06-26,4.432571229065887e-06,3.929939963737812e-06,5.1081504663971815e-06,5.026312653280748e-07,0.11339494075971289,3.929939963737812e-06,0.0011170079497246034,0.0009903448708619286,0.0012872539175320897,0.817,0.413936,0,0,3.0595,0,0.0
2018-06-27,0.0001821593988557451,0.00016124823282749474,0.0001113071420583352,2.091116602825037e-05,0.11479597563897471,0.00016124823282749474,0.04590416851164777,0.040634554672528675,0.02804939979870047,0.8271,0.408192,0,3,14.4918,1,0.038461538461538464
2018-06-28,0.0008954012016428251,0.0008975947432036153,0.0004572874890724044,0.0,0.0,0.0008975947432036153,0.22564110281399194,0.22619387528731105,0.1152364472462459,-0.0177,0.985918,0,1,5.6669,1,0.01282051282051282
2018-06-29,1.2576836769221683e-06,1.175729010119097e-06,9.72377011563125e-07,8.19546668030712e-08,0.0651631273775493,1.175729010119097e-06,0.0003169362865843864,0.0002962837105500125,0.0002450390069139075,0.4695,0.638722,0,0,3.4656,0,0.0
2018-07-02,2.5780328785352538e-05,2.4758687611084407e-05,3.377409641682784e-05,1.021641174268131e-06,0.039628708506614645,2.4758687611084407e-05,0.00649664285390884,0.006239189277993271,0.008511072297040616,0.2855,0.775249,0,3,7.5878,1,0.038461538461538464
2018-07-03,8.34232302137276e-05,7.074655365060269e-05,0.00013092996486353318,1.2676676563124913e-05,0.1519561922823114,7.074655365060269e-05,0.021022654013859356,0.017828131519951877,0.03299435114561036,1.0948,0.273599,0,1,4.7767,1,0.01282051282051282
2018-07-05,0.00026043833606977974,0.0002973275133366984,0.0001992772637702322,0.0,0.0,0.0002973275133366984,0.06563046068958449,0.074926533360848,0.05021787047009851,-1.0205,0.307489,0,0,2.7803,0,0.0
2018-07-06,0.004226092613281028,0.00363042967193355,0.0026470454389828837,0.0005956629413474781,0.14094886120918965,0.00363042967193355,1.064975338546819,0.9148682773272546,0.6670554506236867,1.0155,0.309865,0,2,5.1288,1,0.02564102564102564
2018-07-09,0.0014803738722088578,0.0013562519155829185,0.001397912969287506,0.0001241219566259393,0.08384500623271107,0.0013562519155829185,0.37305421579663217,0.34177548272689545,0.3522740682604515,0.6041,0.545787,0,0,3.0747,0,0.0
2018-07-10,1.0862370120216062e-05,1.18676109468673e-05,1.4600376010954885e-05,0.0,0.0,1.18676109468673e-05,0.0027373172702944474,0.00299063795861056,0.003679294754760631,-0.6668,0.504928,0,0,2.6208,0,0.0
2018-07-11,0.00019947956377404927,0.0001896351942703462,0.00012947530680688016,9.844369503703062e-06,0.049350265601660954,0.0001896351942703462,0.05026885007106042,0.04778806895612724,0.0326277773153338,0.3556,0.722172,0,3,9.3706,1,0.038461538461538464
2018-07-12,5.208311503143815e-05,5.3157935019959515e-05,8.031800942597255e-05,0.0,0.0,5.3157935019959515e-05,0.013124944987922414,0.013395799625029799,0.020240138375345083,-0.1487,0.881804,0,0,2.3914,0,0.0
2018-07-13,4.3004683586059736e-07,4.2620146913404235e-07,4.6165318631104783e-07,3.845366726555001e-09,0.008941718585468014,4.2620146913404235e-07,0.00010837180263687054,0.00010740277022177868,0.00011633660295038406,0.0644,0.948633,0,0,2.8242,0,0.0
2018-07-16,1.4749050283515276e-05,1.4339885756758616e-05,1.294788089440567e-05,4.0916452675666014e-07,0.02774175225859953,1.4339885756758616e-05,0.0037167606714458494,0.003613651210703171,0.003262865985390229,0.1999,0.84158,0,2,8.0285,1,0.02564102564102564
2018-07-17,2.358880625947502e-05,2.1317134812529764e-05,2.256554572340067e-05,2.271671446945257e-06,0.09630293816711673,2.1317134812529764e-05,0.005944379177387706,0.005371917972757501,0.005686517522296969,0.6938,0.487781,0,0,3.104,0,0.0
2018-07-18,0.0007544178027307168,0.0006948750905439385,0.0004945129714120131,5.9542712186778294e-05,0.07892538046203318,0.0006948750905439385,0.19011328628814064,0.1751085228170725,0.12461726879582731,0.5686,0.5696,0,1,13.593,1,0.01282051282051282
2018-07-19,9.949322333206837e-06,9.459719043288929e-06,1.3256542474355245e-05,4.896032899179083e-07,0.04920970738621084,9.459719043288929e-06,0.002507229227968123,0.00238384919890881,0.0033406487035375215,0.3545,0.72293,0,0,2.9724,0,0.0
2018-07-20,4.8989430988766995e-06,4.998232187255585e-06,4.5880716088339205e-06,0.0,0.0,4.998232187255585e-06,0.0012345336609169283,0.0012595545111884075,0.001156194045426148,-0.146,0.883904,0,0,3.3555,0,0.0
2018-07-23,0.00023042919919463918,0.00024966879606496957,0.00019998654556910024,0.0,0.0,0.00024966879606496957,0.05806815819704907,0.06291653660837233,0.05039660948341326,-0.6016,0.547467,0,0,4.0134,0,0.0
2018-07-24,1.2060006933639311e-05,1.3463753987811938e-05,9.62001568641006e-06,0.0,0.0,1.3463753987811938e-05,0.003039121747277106,0.0033928660049286083,0.002424243952975335,-0.8386,0.401686,0,0,2.001,0,0.0
2018-07-25,0.0005981336514727781,0.0006271406752213337,0.0004751050209198323,0.0,0.0,0.0006271406752213337,0.15072968017114008,0.15803945015577608,0.11972646527179774,-0.3494,0.726787,0,2,5.2679,1,0.02564102564102564
2018-07-26,3.453946520668409e-05,3.656817419581471e-05,4.432472723865172e-05,0.0,0.0,3.656817419581471e-05,0.008703945232084391,0.009215179897345306,0.011169831264140234,-0.4232,0.672164,0,0,2.3388,0,0.0
2018-07-27,0.00026527525244163735,0.0002378871667427524,0.00024928563530728337,2.7388085698884935e-05,0.10324402801828075,0.0002378871667427524,0.06684936361529262,0.05994756601917361,0.0628199800974354,0.7439,0.456967,0,1,5.8038,1,0.01282051282051282
2018-07-30,0.0005712370541539653,0.0006322719550415042,0.0003723863135484368,0.0,0.0,0.0006322719550415042,0.14395173764679925,0.15933253267045908,0.09384135101420607,-0.7698,0.441413,0,0,3.3857,0,0.0
2018-07-31,0.00012893749419875828,0.00014820141830166,0.0001631697577566439,0.0,0.0,0.00014820141830166,0.03249224853808709,0.037346757412018323,0.041118778954674265,-1.0764,0.281734,0,0,2.718,0,0.0
2018-08-01,5.0983699546776276e-05,4.955969777839604e-05,3.5209612804840226e-05,1.4240017683802338e-06,0.027930529818520088,4.955969777839604e-05,0.012847892285787622,0.012489043840155803,0.008872822426819736,0.2012,0.840516,0,0,3.3705,0,0.0
2018-08-02,0.00022066833512954934,0.00022198646168075653,0.00021106390685959276,0.0,0.0,0.00022198646168075653,0.05560842045264643,0.055940588343550646,0.05318810452861737,-0.043,0.965672,0,1,5.1532,1,0.01282051282051282
2018-08-03,0.0004940609505409915,0.0004197449120844452,0.0006262057620389452,7.431603845654627e-05,0.15041876558904774,0.0004197449120844452,0.12450335953632985,0.10577571784528018,0.1578038520338142,1.0837,0.278482,0,0,4.3444,0,0.0
2018-08-06,6.355095301231e-05,6.069374766973575e-05,5.284912432528532e-05,2.8572053425742532e-06,0.044959283255146795,6.069374766973575e-05,0.016014840159102123,0.01529482441277341,0.0133179793299719,0.3239,0.745997,0,0,2.7464,0,0.0
2018-08-07,8.98405362229783e-06,8.475506336187577e-06,9.394331562387843e-06,5.085472861102524e-07,0.05660554254067776,8.475506336187577e-06,0.002263981512819053,0.0021358275967192693,0.0023673715537217365,0.4078,0.683398,0,0,2.442,0,0.0
2018-08-08,7.957851399291397e-08,7.012986788927835e-08,4.975558535050908e-08,9.448646103635626e-09,0.11873214134578612,7.012986788927835e-08,2.005378552621432e-05,1.7672726708098143e-05,1.2538407508328288e-05,0.8554,0.392308,0,0,3.6994,0,0.0
2018-08-09,2.3508935974856486e-06,1.8307473112806674e-06,2.2880604485278526e-06,5.201462862049812e-07,0.22125461803404248,1.8307473112806674e-06,0.0005924251865663835,0.0004613483224427282,0.0005765912330290188,1.5941,0.110915,0,3,9.2527,1,0.038461538461538464
2018-08-10,0.00011585246092360561,0.00012039965430394068,0.00011781238602347343,0.0,0.0,0.00012039965430394068,0.029194820152748616,0.03034071288459305,0.029688721277915303,-0.2828,0.77734,0,2,11.5849,1,0.02564102564102564
2018-08-13,3.5158291585079843e-05,3.9400727472093025e-05,4.2908530368167356e-05,0.0,0.0,3.9400727472093025e-05,0.00885988947944012,0.009928983322967442,0.010812949652778174,-0.8694,0.384641,0,0,2.5051,0,0.0
2018-08-14,5.7108531998494726e-05,5.4853576710731957e-05,3.8232327611719256e-05,2.254955287762769e-06,0.0394854353520551,5.4853576710731957e-05,0.01439135006362067,0.013823101331104454,0.009634546558153252,0.2845,0.776039,0,0,2.8112,0,0.0
2018-08-15,0.0002472381668790102,0.0002252545387761914,0.0002175519920311448,2.198362810281883e-05,0.08891680557015312,0.0002252545387761914,0.062304018053510574,0.05676414377160023,0.05482310199184849,0.6406,0.521765,0,0,3.0558,0,0.0
2018-08-16,8.209743978828601e-05,6.656101568466424e-05,0.00010203232542323795,1.5536424103621777e-05,0.1892437078969041,6.656101568466424e-05,0.020688554826648074,0.016773375952535387,0.025712146006655962,1.3635,0.172738,0,0,3.0853,0,0.0
2018-08-17,7.674612209923705e-06,7.976051483663715e-06,5.9587659045030186e-06,0.0,0.0,7.976051483663715e-06,0.0019340022769007736,0.002009964973883256,0.0015016090079347606,-0.283,0.777188,0,0,2.5825,0,0.0
2018-08-20,2.315522891189236e-05,2.5315942934765538e-05,1.5256423294650983e-05,0.0,0.0,2.5315942934765538e-05,0.005835117685796874,0.006379617619560915,0.0038446186702520476,-0.6723,0.501387,0,0,2.5454,0,0.0
2018-08-21,0.000521897593306885,0.0005108095026028911,0.0007933694911663137,1.1088090703993822e-05,0.021245721047477812,0.0005108095026028911,0.13151819351333502,0.12872399465592857,0.19992911177391107,0.1531,0.878342,0,2,7.734,1,0.02564102564102564
2018-08-22,2.185279181766112e-07,2.3340354387735506e-07,3.880134841283711e-07,0.0,0.0,2.3340354387735506e-07,5.506903538050602e-05,5.8817693057093475e-05,9.777939800034952e-05,-0.4904,0.623821,0,0,2.2066,0,0.0
2018-08-23,1.8717954078479234e-07,2.0471935540959966e-07,3.228363614338046e-07,0.0,0.0,2.0471935540959966e-07,4.716924427776767e-05,5.158927756321911e-05,8.135476308131876e-05,-0.6751,0.499595,0,0,2.1315,0,0.0
2018-08-24,3.6249223352344586e-05,3.832459074947347e-05,4.17629660122203e-05,0.0,0.0,3.832459074947347e-05,0.009134804284790835,0.009657796868867315,0.010524267435079516,-0.4125,0.679978,0,2,24.4456,1,0.02564102564102564
2018-08-27,0.0002622509968613811,0.0002915460098911323,0.00031306808975964715,0.0,0.0,0.0002915460098911323,0.06608725120906804,0.07346959449256533,0.07889315861943108,-0.8048,0.420925,0,1,5.2566,1,0.01282051282051282
2018-08-28,1.6783849231622896e-07,1.7238915258550268e-07,2.1940394412766476e-07,0.0,0.0,1.7238915258550268e-07,4.2295300063689696e-05,4.344206645154667e-05,5.528979392017152e-05,-0.1953,0.845123,0,0,3.679,0,0.0
2018-08-29,1.5203123608574304e-05,1.3411324148788656e-05,1.2156294052209465e-05,1.7917994597856478e-06,0.1178573159082774,1.3411324148788656e-05,0.0038311871493607245,0.0033796536854947415,0.003063386101156785,0.8491,0.395805,0,3,8.6705,1,0.038461538461538464
2018-08-30,0.007313390706729623,0.007780122039576958,0.005402241011101257,0.0,0.0,0.007780122039576958,1.842974458095865,1.9605907539733933,1.3613647347975169,-0.4598,0.64566,0,3,13.1032,1,0.038461538461538464
2018-08-31,2.522815973236902e-09,3.132259956287953e-09,2.9089870012055225e-09,0.0,0.0,3.132259956287953e-09,6.357496252556993e-07,7.893295089845641e-07,7.330647243037916e-07,-1.7398,0.081896,0,0,2.1877,0,0.0
2018-09-04,8.2753444999212e-07,7.547116224366975e-07,1.0482921867074858e-06,7.282282755542245e-08,0.08799964709199574,7.547116224366975e-07,0.00020853868139801424,0.00019018732885404778,0.00026416963105028643,0.634,0.526069,0,3,35.889,1,0.038461538461538464
2018-09-05,3.7513409483721194e-05,2.8351352463650273e-05,2.805030044576286e-05,9.16205702007092e-06,0.24423417924229418,2.8351352463650273e-05,0.009453379189897741,0.007144540820839869,0.007068675712332241,1.7597,0.078466,0,1,8.7432,1,0.01282051282051282
2018-09-06,0.010822623024699324,0.00959759590241554,0.006063788806924454,0.0012250271222837839,0.11319133257943505,0.00959759590241554,2.72730100222423,2.4185941674087164,1.5280747793449625,0.8155,0.414775,0,2,34.7633,1,0.02564102564102564
2018-09-07,0.00029758931719798724,0.0002998129798770401,0.00023420171825369707,0.0,0.0,0.0002998129798770401,0.07499250793389278,0.07555287092901411,0.05901883299993166,-0.0538,0.957066,0,0,2.6153,0,0.0
2018-09-10,5.083099081962374e-05,4.726361927086538e-05,3.3298881113950355e-05,3.5673715487583618e-06,0.0701810336775909,4.726361927086538e-05,0.012809409686545183,0.011910432056258075,0.00839131804071549,0.5056,0.61311,0,0,3.0045,0,0.0
2018-09-11,1.1288219961908714e-05,1.2163195755899099e-05,1.031699922374986e-05,0.0,0.0,1.2163195755899099e-05,0.002844631430400996,0.003065125330486573,0.0025998838043849648,-0.5585,0.576531,0,0,2.234,0,0.0
2018-09-12,1.2915870146605474e-06,1.3199133138413423e-06,1.0029436110140253e-06,0.0,0.0,1.3199133138413423e-06,0.0003254799276944579,0.0003326181550880183,0.0002527417899755344,-0.158,0.874448,0,0,2.5823,0,0.0
2018-09-13,1.477503943304405e-05,1.5497107886847535e-05,1.3791493422127408e-05,0.0,0.0,1.5497107886847535e-05,0.0037233099371271005,0.003905271187485579,0.0034754563423761067,-0.3521,0.72476,0,1,5.4823,1,0.01282051282051282
2018-09-14,1.4683382305602811e-06,1.4589133571208282e-06,1.134238953010417e-06,9.424873439452958e-09,0.006418730252039009,1.4589133571208282e-06,0.00037002123410119085,0.0003676461659944487,0.0002858282161586251,0.0462,0.963115,0,0,3.4891,0,0.0
2018-09-17,5.0090580619415424e-05,4.7876736999499624e-05,5.0950892308240045e-05,2.213843619915801e-06,0.04419680403666347,4.7876736999499624e-05,0.012622826316092687,0.012064937723873905,0.012839624861676491,0.3184,0.75016,0,2,10.1498,1,0.02564102564102564
2018-09-18,2.94210841642968e-05,3.3697014825439365e-05,2.5476832146402954e-05,0.0,0.0,3.3697014825439365e-05,0.007414113209402794,0.008491647736010719,0.006420161700893544,-1.0471,0.295048,0,0,2.1853,0,0.0
2018-09-19,2.444516028343346e-06,2.4977571691701405e-06,2.247370037288155e-06,0.0,0.0,2.4977571691701405e-06,0.0006160180391425232,0.0006294348066308754,0.0005663372493966151,-0.1569,0.875309,0,0,2.5656,0,0.0
2018-09-20,0.00014106925332408836,0.00015478657893863105,0.00018760850668921654,0.0,0.0,0.00015478657893863105,0.03554945183767027,0.03900621789253503,0.047277343685682566,-0.7006,0.483565,0,3,8.4129,1,0.038461538461538464
2018-09-21,5.632576476384583e-06,5.337520325933553e-06,8.318990377399857e-06,2.950561504510301e-07,0.052383860086806934,5.337520325933553e-06,0.001419409272048915,0.0013450551221352554,0.002096385575104764,0.3774,0.705866,0,0,3.0239,0,0.0
2018-09-24,4.840901143357576e-06,4.38297759722095e-06,3.5701479100170477e-06,4.5792354613662553e-07,0.09459467111207018,4.38297759722095e-06,0.0012199070881261092,0.0011045103544996796,0.000899677273324296,0.6815,0.495534,0,0,3.541,0,0.0
2018-09-25,1.883837426488308,1.9002611508638028,1.5153727930506566,0.0,0.0,1.9002611508638028,474.7270314750536,478.8658100176783,381.87394384876546,-0.0628,0.949915,0,4,51.5846,1,0.05128205128205128
2018-09-26,1.8909308261670105e-06,1.8004426606631386e-06,1.2867458115650683e-06,9.048816550387192e-08,0.047853742928054055,1.8004426606631386e-06,0.00047651456819408666,0.00045371155048711095,0.0003242599445143972,0.3448,0.730263,0,0,2.9841,0,0.0
2018-09-27,9.849219240962817e-06,8.619153307917039e-06,1.0790656118832178e-05,1.2300659330457782e-06,0.12488967684263423,8.619153307917039e-06,0.00248200324872263,0.002172026633595094,0.0027192453419457086,0.8998,0.368225,0,2,7.1832,1,0.02564102564102564
2018-09-28,4.510798077174817e-08,4.7644655221652554e-08,2.391564990591398e-08,0.0,0.0,4.7644655221652554e-08,1.136721115448054e-05,1.2006453115856444e-05,6.026743776290323e-06,-0.4052,0.685363,0,0,2.4987,0,0.0
2018-10-01,1.6871111617730573e-05,1.652525690083629e-05,2.384879515941306e-05,3.4585471689428383e-07,0.020499816741831853,1.652525690083629e-05,0.004251520127668104,0.004164364739010745,0.006009896380172091,0.1477,0.882582,0,2,34.8672,1,0.02564102564102564
2018-10-02,5.579443402311466e-07,6.301094823344573e-07,3.577442276113372e-07,0.0,0.0,6.301094823344573e-07,0.00014060197373824893,0.00015878758954828323,9.015154535805697e-05,-0.9319,0.351402,0,0,2.6527,0,0.0
2018-10-03,2.1735923926850127e-06,1.9893565415913723e-06,8.954731604133895e-07,1.8423585109364034e-07,0.08476095470002147,1.9893565415913723e-06,0.0005477452829566232,0.0005013178484810258,0.00022565923642417417,0.6107,0.541409,0,0,3.0439,0,0.0
2018-10-04,2.319815399770436e-05,2.1349850987826476e-05,1.867240692600333e-05,1.8483030098778835e-06,0.07967456938109034,2.1349850987826476e-05,0.005845934807421498,0.0053801624489322715,0.0047054465453528396,0.574,0.565942,0,1,6.7293,1,0.01282051282051282
2018-10-05,0.0286844737127591,0.028464917866044534,0.025668015140310366,0.00021955584671456627,0.007654170298033105,0.028464917866044534,7.228487375615293,7.1731593022432225,6.468339815358212,0.0551,0.956022,0,2,33.874,1,0.02564102564102564
2018-10-08,0.0,0.0,0.0,0.0,0.0,0.0,0.0,0.0,0.0,0.0,1.0,0,0,0.0,0,0.0
2018-10-09,3.15524476672366e-05,3.040822086649372e-05,4.902281685921518e-05,1.1442268007428807e-06,0.03626427897277658,3.040822086649372e-05,0.007951216812143624,0.007662871658356417,0.012353749848522225,0.2613,0.793879,0,2,1321.7974,1,0.02564102564102564
2018-10-10,0.007331288449086281,0.006390448644899771,0.00694776403742569,0.0009408398041865105,0.12833212205358496,0.006390448644899771,1.847484689169743,1.6103930585147421,1.7508365374312738,0.9246,0.355171,0,3,10.911,1,0.038461538461538464
2018-10-11,0.0002166749033945112,0.00020038327022645294,0.000306897600532369,1.629163316805825e-05,0.07518929436514361,0.00020038327022645294,0.05460207565541682,0.050496584097066144,0.07733819533415699,0.5417,0.58801,0,0,2.6242,0,0.0
2018-10-12,0.1556134129782688,0.15493773202120312,0.11635705934880418,0.0006756809570656885,0.004342048311450532,0.15493773202120312,39.21458007052374,39.044308469343186,29.321978955898654,0.0313,0.975043,0,3,37.7902,1,0.038461538461538464
2018-10-15,0.11292206254586432,0.12601869653544726,0.10985916056322956,0.0,0.0,0.12601869653544726,28.456359761557806,31.75671152693271,27.68450846193385,-0.8356,0.403376,0,0,2.7636,0,0.0
2018-10-16,0.0123725523854908,0.013546533684213562,0.006159937961109794,0.0,0.0,0.013546533684213562,3.1178832011436812,3.4137264884218177,1.552304366199668,-0.6836,0.494207,0,0,3.4459,0,0.0
2018-10-17,2.0221034278149762e-07,2.0222181798313568e-07,2.595787047419756e-07,0.0,0.0,2.0222181798313568e-07,5.09570063809374e-05,5.095989813175019e-05,6.541383359497785e-05,-0.0004,0.999674,0,0,3.2474,0,0.0
2018-10-18,0.003712731037135304,0.0035476366406103263,0.004477903577835185,0.00016509439652497753,0.04446710381905153,0.0035476366406103263,0.9356082213580966,0.8940044334338022,1.1284317016144667,0.3204,0.748683,0,4,48.2375,1,0.05128205128205128
2018-10-19,1.488675428469931e-07,1.4736626078571656e-07,1.5885149573291076e-07,1.5012820612765325e-09,0.01008461581315771,1.4736626078571656e-07,3.751462079744226e-05,3.7136297718000574e-05,4.003057692469351e-05,0.0727,0.942079,0,0,3.0495,0,0.0
2018-10-22,0.10172837565132596,0.10514845326322207,0.07611826491706664,0.0,0.0,0.10514845326322207,25.635550664134144,26.49741022233196,19.18180275910079,-0.2422,0.808608,0,3,371.9548,1,0.038461538461538464
2018-10-23,3.526640573121415e-05,3.407757621864628e-05,2.2731376380526687e-05,1.1888295125678702e-06,0.033709969990099446,3.407757621864628e-05,0.008887134244265966,0.008587549207098864,0.0057283068478927255,0.2429,0.808104,0,0,2.7152,0,0.0
2018-10-24,0.0005187557762044155,0.0005280922624393597,0.0007202978660056209,0.0,0.0,0.0005280922624393597,0.1307264556035127,0.13307925013471864,0.18151506223341646,-0.1297,0.896827,0,1,4.9478,1,0.01282051282051282
2018-10-25,0.0002728330040687281,0.0002631527155111792,0.00031695483076905217,9.68028855754887e-06,0.035480636058347684,0.0002631527155111792,0.06875391702531948,0.06631448430881716,0.07987261735380115,0.2556,0.798236,0,0,2.4635,0,0.0
2018-10-26,0.11363914997690068,0.12125893306482323,0.08565051624142003,0.0,0.0,0.12125893306482323,28.637065794178973,30.557251132335455,21.58393009283785,-0.4831,0.629026,0,1,8.0188,1,0.01282051282051282
2018-10-29,9.515145563306117e-05,9.418904629395278e-05,0.00016421230783576776,9.624093391083944e-07,0.010114499274769874,9.418904629395278e-05,0.023978166819531414,0.0237356396660761,0.041381501574613476,0.0729,0.941907,0,0,2.2438,0,0.0
2018-10-30,0.0001482915236281228,0.0001463827221855006,0.00013271878782407942,1.908801442622183e-06,0.012871952374951765,0.0001463827221855006,0.03736946395428694,0.03688844599074615,0.03344513453166802,0.0927,0.92611,0,0,2.5723,0,0.0
2018-10-31,0.0007755697650807764,0.0007643740763786828,0.0011258324215999102,1.1195688702093595e-05,0.014435437263973427,0.0007643740763786828,0.19544358080035568,0.1926222672474281,0.28370977024317734,0.104,0.917166,0,1,6.0332,1,0.01282051282051282
2018-11-01,0.00015110617076302102,0.00013901075292666542,0.00010806533703285253,1.2095417836355602e-05,0.08004582271679002,0.00013901075292666542,0.038078755032281295,0.035030709737519684,0.02723246493227884,0.5767,0.564133,0,0,2.8346,0,0.0
2018-11-02,8.791937306993308e-05,8.813400850736214e-05,0.00015605124083688628,0.0,0.0,8.813400850736214e-05,0.022155682013623137,0.022209770143855258,0.039324912690895344,-0.0176,0.985967,0,0,3.1455,0,0.0
2018-11-05,0.00010772331547295855,0.00010678292525808732,5.8975661569356416e-05,9.403902148712265e-07,0.008729681239504818,0.00010678292525808732,0.027146275499185555,0.026909297165038003,0.014861866715477817,0.0629,0.94985,0,0,2.5607,0,0.0
2018-11-06,2.6643741526740993e-05,2.7241270244560415e-05,2.108712658115963e-05,0.0,0.0,2.7241270244560415e-05,0.00671422286473873,0.006864800101629225,0.005313955898452227,-0.1616,0.871637,0,0,3.2587,0,0.0
2018-11-07,0.0005353913960608402,0.0006239940533266466,0.0007884432902409416,0.0,0.0,0.0006239940533266466,0.13491863180733174,0.15724650143831495,0.1986877091407173,-1.1923,0.233132,0,1,5.3955,1,0.01282051282051282
2018-11-08,3.314635807063592e-06,3.4630073330868907e-06,2.9986448724037684e-06,0.0,0.0,3.4630073330868907e-06,0.0008352882233800251,0.0008726778479378964,0.0007556585078457496,-0.3225,0.747071,0,0,2.3782,0,0.0
2018-11-09,0.029508558506237636,0.03226046574587919,0.01663998111858607,0.0,0.0,0.03226046574587919,7.4361567435718845,8.129637367961555,4.19327524188369,-0.6719,0.501645,0,3,115.4376,1,0.038461538461538464
2018-11-12,6.920594977337708e-05,6.461168503310832e-05,9.976646002077025e-05,4.59426474026876e-06,0.06638540022827247,6.461168503310832e-05,0.017439899342891023,0.016282144628343296,0.025141147925234104,0.4783,0.632442,0,0,2.4955,0,0.0
2018-11-13,8.113967282302122e-07,7.452469182458203e-07,1.152922630063632e-06,6.614980998439188e-08,0.0815257520238258,7.452469182458203e-07,0.00020447197551401347,0.00018780222339794672,0.00029053650277603525,0.5874,0.556952,0,0,3.5016,0,0.0
2018-11-14,0.0006791142175683294,0.0006392502201183236,0.0007025294354962281,3.9863997450005845e-05,0.058699989427470525,0.0006392502201183236,0.171136782827219,0.16109105546981756,0.17703741774504947,0.4229,0.672353,0,2,39.1343,1,0.02564102564102564
2018-11-15,0.0011081208481731883,0.0011237014466527985,0.0011691799299321922,0.0,0.0,0.0011237014466527985,0.27924645373964346,0.2831727645565052,0.29463334234291244,-0.1013,0.919311,0,0,2.7682,0,0.0
2018-11-16,5.454485858020765e-06,4.706163704437562e-06,6.494780637245706e-06,7.483221535832028e-07,0.1371938686556377,4.706163704437562e-06,0.0013745304362212329,0.0011859532535182656,0.0016366847205859178,0.9885,0.322931,0,0,4.452,0,0.0
2018-11-19,0.03325125763842341,0.03699906765433887,0.04409848450672269,0.0,0.0,0.03699906765433887,8.3793169248827,9.323765048893396,11.112818095694118,-0.8121,0.416755,0,3,98.0396,1,0.038461538461538464
2018-11-20,0.00025366204038908437,0.00022888029527011052,0.00031317913850210184,2.478174511897385e-05,0.09769591454545577,0.00022888029527011052,0.06392283417804927,0.05767783440806785,0.07892114290252966,0.7039,0.481509,0,0,2.8392,0,0.0
2018-11-21,0.00016155402078594627,0.00014499501447061807,0.0001227153726303228,1.65590063153282e-05,0.10249826115296798,0.00014499501447061807,0.040711613238058456,0.036538743646595755,0.030924273902841345,0.7385,0.460224,0,0,3.0791,0,0.0
2018-11-23,1.220744518602966e-05,1.1582851091446027e-05,1.551052423505282e-05,6.245940945836318e-07,0.051165009049839144,1.1582851091446027e-05,0.0030762761868794743,0.002918878475044399,0.003908652107233311,0.3686,0.712401,0,0,3.5513,0,0.0
2018-11-26,0.00015575119263849232,0.00015309321830209586,0.00013129643663338422,2.6579743363964613e-06,0.01706551503268589,0.00015309321830209586,0.03924930054490006,0.03857949101212816,0.033086702031612826,0.123,0.902144,0,1,4.7641,1,0.01282051282051282
2018-11-27,0.000235994618136599,0.00023516680441835217,0.0002364040063062631,8.278137182468474e-07,0.0035077652247981557,0.00023516680441835217,0.05947064377042295,0.05926203471342475,0.0595738095891783,0.0253,0.979837,0,0,4.5829,0,0.0
2018-11-28,0.0029615396535552316,0.0030004250087231855,0.003810174597761605,0.0,0.0,0.0030004250087231855,0.7463079926959184,0.7561071021982427,0.9601639986359244,-0.0946,0.924633,0,2,5.6457,1,0.02564102564102564
2018-11-29,0.0001142808332278271,0.00012173987397083716,0.00011705718120668288,0.0,0.0,0.00012173987397083716,0.02879876997341243,0.03067844824065096,0.029498409664084086,-0.4703,0.638175,0,0,2.4056,0,0.0
2018-11-30,0.0008190359031162003,0.0008477957355895343,0.001073982359978587,0.0,0.0,0.0008477957355895343,0.20639704758528246,0.21364452536856265,0.27064355471460394,-0.253,0.800275,0,1,5.6236,1,0.01282051282051282
2018-12-03,0.6709807123100726,0.6661677879138446,0.5821585203185038,0.004812924396228047,0.007172969815556683,0.6661677879138446,169.08713950213829,167.87428255428884,146.70394712026297,0.0517,0.958784,0,4,39.9255,1,0.05128205128205128
2018-12-04,0.06348589970508986,0.05689548054321077,0.06871491811221027,0.006590419161879087,0.10380917955624251,0.05689548054321077,15.998446725682644,14.337661096889114,17.316159364276988,0.7479,0.454507,0,0,2.5954,0,0.0
2018-12-06,1.4685990409923026e-06,1.529824189471813e-06,2.227778620480422e-06,0.0,0.0,1.529824189471813e-06,0.00037008695833006027,0.00038551569574689685,0.0005614002123610663,-0.3004,0.7639,0,0,2.4396,0,0.0
2018-12-07,0.0023890377675700293,0.0022861451468899705,0.0029363106646484627,0.00010289262068005883,0.04306864547463631,0.0022861451468899705,0.6020375174276474,0.5761085770162726,0.7399502874914126,0.3103,0.756333,0,3,62.3797,1,0.038461538461538464
2018-12-10,5.2726981068269795e-06,4.787754143093748e-06,5.082668067249999e-06,4.849439637332312e-07,0.09197262235300627,4.787754143093748e-06,0.0013287199229203989,0.0012065140440596245,0.0012808323529469997,0.6626,0.507559,0,0,3.2234,0,0.0
2018-12-11,3.4809982301601966e-07,2.174303202063419e-07,4.395615428783259e-07,1.3066950280967777e-07,0.3753783219399753,2.174303202063419e-07,8.772115540003695e-05,5.479244069199816e-05,0.00011076950880533814,2.7045,0.00684,1,0,3.4288,0,0.0
2018-12-12,3.871762607490718e-05,3.505101877155085e-05,4.896397023924705e-05,3.666607303356328e-06,0.09470124024549657,3.505101877155085e-05,0.009756841770876608,0.008832856730430815,0.012338920500290257,0.6823,0.495048,0,3,14.8353,1,0.038461538461538464
2018-12-13,3.162396920499788e-05,3.293876603481675e-05,1.3036709587246167e-05,0.0,0.0,3.293876603481675e-05,0.007969240239659465,0.00830056904077382,0.003285250815986034,-0.2995,0.764524,0,0,2.4842,0,0.0
2018-12-14,0.004484360164531098,0.004711266529010262,0.002727590097479526,0.0,0.0,0.004711266529010262,1.1300587614618367,1.187239165310586,0.6873527045648405,-0.3646,0.715441,0,3,7.378,1,0.038461538461538464
2018-12-17,0.0021396288288337267,0.002233254786144442,0.001363299338744137,0.0,0.0,0.002233254786144442,0.5391864648660991,0.5627802061083994,0.3435514333635225,-0.3153,0.752559,0,0,2.3722,0,0.0
2018-12-18,2.555619152946601e-07,2.5065749861861127e-07,5.383396474873489e-07,4.904416676048841e-09,0.01919064301795949,2.5065749861861127e-07,6.440160265425435e-05,6.316568965189003e-05,0.00013566159116681193,0.1383,0.890031,0,0,3.2624,0,0.0
2018-12-19,5.3076056862672446e-05,4.4708124024912884e-05,8.713793073014727e-05,8.367932837759562e-06,0.15765927566456658,4.4708124024912884e-05,0.013375166329393456,0.011266447254278047,0.02195875854399711,1.1359,0.255998,0,2,14.3218,1,0.02564102564102564
2018-12-20,0.0007114187031379937,0.0007376403511451027,0.000624547621287119,0.0,0.0,0.0007376403511451027,0.17927751319077442,0.18588536848856588,0.15738600056435398,-0.2656,0.790581,0,1,6.6696,1,0.01282051282051282
2018-12-21,0.3433265049044664,0.33088258901174605,0.28864583874320277,0.01244391589272037,0.03624513608743011,0.33088258901174605,86.51827923592553,83.38241243096,72.7387513632871,0.2611,0.793986,0,3,24.8189,1,0.038461538461538464
2018-12-24,0.0557443632157833,0.06647841793093016,0.05548189427355043,0.0,0.0,0.06647841793093016,14.04757953037739,16.752561318594402,13.981437356934709,-1.3873,0.165337,0,0,2.2924,0,0.0
2018-12-26,0.0007572356751443231,0.0007403171695887104,0.0006297615268581957,1.691850555561277e-05,0.022342457029703177,0.0007403171695887104,0.19082339013636943,0.18655992673635502,0.15869990476826532,0.161,0.872115,0,0,2.4628,0,0.0
2018-12-27,7.3867266097998e-05,7.724992364182637e-05,0.00010213934177255354,0.0,0.0,7.724992364182637e-05,0.018614551056695496,0.019466980757740247,0.025739114126683494,-0.3299,0.74145,0,0,3.1742,0,0.0
2018-12-28,5.418159973264282e-07,4.815773264978071e-07,8.13755358834249e-07,6.023867082862116e-08,0.11117899793817135,4.815773264978071e-07,0.0001365376313262599,0.00012135748627744738,0.00020506635042623074,0.801,0.42312,0,0,3.1945,0,0.0
2018-12-31,2.5010445231492983e-05,2.204801923340687e-05,2.960797481822394e-05,2.962425998086114e-06,0.11844754670373883,2.204801923340687e-05,0.006302632198336232,0.005556100846818531,0.007461209654192433,0.8534,0.393444,0,3,6.9259,1,0.038461538461538464
2019-01-02,8.259224992768404e-07,8.916586023257764e-07,1.285654934865519e-06,0.0,0.0,8.916586023257764e-07,0.00020813246981776377,0.00022469796778609567,0.0003239850435861108,-0.5734,0.566349,0,0,2.2638,0,0.0
2019-01-03,0.04579175143318161,0.04485237461868653,0.05686317591677695,0.0009393768144950743,0.020514105380862745,0.04485237461868653,11.539521361161764,11.302798403909007,14.32952033102779,0.1478,0.882501,0,4,37.6299,1,0.05128205128205128
2019-01-04,0.021443974078329302,0.022388938913977842,0.019555097358423472,0.0,0.0,0.022388938913977842,5.403881467738985,5.6420126063224165,4.927884534322715,-0.3175,0.750871,0,0,3.8484,0,0.0
2019-01-07,6.505739543767196e-05,5.757774813838467e-05,4.5337176999627184e-05,7.479647299287285e-06,0.11496997588050022,5.757774813838467e-05,0.016394463650293335,0.014509592530872938,0.01142496860390605,0.8283,0.407481,0,0,3.066,0,0.0
2019-01-08,8.059132647983702e-05,7.814120448153669e-05,8.56032236131349e-05,2.450121998300329e-06,0.03040180717848729,7.814120448153669e-05,0.02030901427291893,0.019691583529347245,0.021572012350509994,0.219,0.82662,0,0,3.3075,0,0.0
2019-01-09,6.565348327603179e-06,6.745460880136325e-06,8.305667919741687e-06,0.0,0.0,6.745460880136325e-06,0.001654467778556001,0.001699856141794354,0.002093028315774905,-0.1977,0.843315,0,0,2.3981,0,0.0
2019-01-10,0.00020812140667542936,0.00022140646548080112,0.00018415435162605535,0.0,0.0,0.00022140646548080112,0.052446594482208196,0.05579442930116188,0.04640689660976595,-0.4599,0.645585,0,2,6.2146,1,0.02564102564102564
2019-01-11,1.4377512129066432e-06,1.3812206810148425e-06,9.691303931617102e-07,5.653053189180066e-08,0.03931868884243639,1.3812206810148425e-06,0.0003623133056524741,0.00034806761161574034,0.000244220859076751,0.2833,0.77696,0,0,2.8991,0,0.0
2019-01-14,5.552133580115981e-05,4.514285735810531e-05,7.100641778170232e-05,1.0378478443054497e-05,0.18692774779943153,4.514285735810531e-05,0.013991376621892272,0.011376000054242538,0.017893617280988983,1.3468,0.178053,0,1,14.7509,1,0.01282051282051282
2019-01-15,0.0270929864243032,0.026008914497674184,0.03851211468201063,0.0010840719266290155,0.04001300962586238,0.026008914497674184,6.827432578924406,6.554246453413894,9.70505289986668,0.2883,0.773128,0,4,33.7138,1,0.05128205128205128
2019-01-16,1.3496748870009634e-05,1.4234032696894438e-05,1.400506006618307e-05,0.0,0.0,1.4234032696894438e-05,0.003401180715242428,0.0035869762396173984,0.0035292751366781338,-0.3936,0.693896,0,0,2.5697,0,0.0
2019-01-17,0.0006325294814054647,0.0005651508305012645,0.00040960111431547093,6.737865090420021e-05,0.10652254602894397,0.0005651508305012645,0.1593974293141771,0.14241800928631865,0.10321948080749868,0.7675,0.442801,0,3,9.3596,1,0.038461538461538464
2019-01-18,6.578155543815506e-05,6.215615885116836e-05,0.00011524569485733833,3.6253965869867004e-06,0.05511266049770561,6.215615885116836e-05,0.016576951970415078,0.01566335203049443,0.02904191510404926,0.3971,0.691312,0,0,3.9932,0,0.0
2019-01-22,0.30981128199814006,0.33474952160798976,0.3913799569546517,0.0,0.0,0.33474952160798976,78.0724430635313,84.35687944521342,98.62774915257224,-0.5799,0.561949,0,3,64.8127,1,0.038461538461538464
2019-01-23,2.129031990678474e-06,2.012189476191365e-06,1.6674981422609113e-06,1.168425144871089e-07,0.05488055610161019,2.012189476191365e-06,0.0005365160616509755,0.0005070717480002239,0.0004202095318497496,0.3954,0.692546,0,0,3.1677,0,0.0
2019-01-24,4.852034614106316e-07,4.4028153721968206e-07,4.401941859893041e-07,4.492192419094955e-08,0.09258349368913127,4.4028153721968206e-07,0.00012227127227547918,0.00011095094737935988,0.00011092893486930463,0.667,0.504744,0,0,2.7372,0,0.0
2019-01-25,8.73621530758137e-05,6.269169558678418e-05,8.624498086518168e-05,2.467045748902952e-05,0.2823929623761368,6.269169558678418e-05,0.02201526257510505,0.01579830728786961,0.021733735178025782,2.0346,0.041893,0,2,24.6305,1,0.02564102564102564
2019-01-28,5.141939678192914e-05,5.537460283158114e-05,3.938503913034644e-05,0.0,0.0,5.537460283158114e-05,0.012957687989046144,0.013954399913558447,0.009925029860847303,-0.5542,0.579445,0,0,2.0903,0,0.0
2019-01-29,1.4587883138879275e-05,1.398226068551199e-05,7.832467366831961e-06,6.056224533672851e-07,0.04151544169131388,1.398226068551199e-05,0.0036761465509975774,0.0035235296927490214,0.0019737817764416544,0.2991,0.764856,0,0,2.9678,0,0.0
2019-01-30,0.0008358370480189127,0.0009012392695893374,0.000770086998013538,0.0,0.0,0.0009012392695893374,0.210630936100766,0.22711229593651303,0.1940619234994116,-0.5638,0.57292,0,1,9.9464,1,0.01282051282051282
2019-01-31,4.1236741573653175e-05,4.363023519625529e-05,4.6686147301863354e-05,0.0,0.0,4.363023519625529e-05,0.0103916588765606,0.010994819269456332,0.011764909120069566,-0.4182,0.675812,0,0,2.8498,0,0.0
2019-02-01,1.1097991521303624e-06,1.1859694457935362e-06,1.3868867091807267e-06,0.0,0.0,1.1859694457935362e-06,0.0002796693863368513,0.00029886430033997113,0.00034949545071354316,-0.4945,0.620957,0,0,2.8641,0,0.0
2019-02-04,0.0013290485501284484,0.0014269059687204988,0.0013670233748083649,0.0,0.0,0.0014269059687204988,0.33492023463236903,0.3595803041175657,0.34448989045170797,-0.5305,0.595775,0,2,62.6539,1,0.02564102564102564
2019-02-05,3.951180813899672e-05,3.672865648951525e-05,4.833973507273379e-05,2.7831516494814757e-06,0.07043847675237441,3.672865648951525e-05,0.009956975651027175,0.009255621435357842,0.012181613238328915,0.5075,0.611808,0,0,2.7218,0,0.0
2019-02-06,6.39148373642256e-05,6.622830851295739e-05,7.968936902748811e-05,0.0,0.0,6.622830851295739e-05,0.016106539015784852,0.016689533745265262,0.020081720994927003,-0.2608,0.794258,0,0,3.5584,0,0.0
2019-02-07,0.00015827452272792054,0.00015710408250839614,0.00015577805578580368,1.1704402195243982e-06,0.007395000736419375,0.00015710408250839614,0.03988517972743598,0.03959022879211583,0.03925607005802253,0.0533,0.957509,0,0,2.73,0,0.0
2019-02-08,4.143603627801278e-07,3.584027301715897e-07,3.4591199160160047e-07,5.595763260853808e-08,0.13504548839470545,3.584027301715897e-07,0.0001044188114205922,9.03174880032406e-05,8.716982188360332e-05,0.973,0.330566,0,0,3.2049,0,0.0
2019-02-11,3.3606804768206923e-07,3.108415307232014e-07,2.605192277516376e-07,2.5226516958867855e-08,0.0750634940434409,3.108415307232014e-07,8.468914801588144e-05,7.833206574224675e-05,6.565084539341267e-05,0.5408,0.588634,0,0,2.5568,0,0.0
2019-02-12,0.00026316121054299215,0.0002437201389762439,0.00026698597377722305,1.9441071566748247e-05,0.07387514084146173,0.0002437201389762439,0.06631662505683403,0.06141747502201347,0.06728046539186021,0.5323,0.59455,0,2,25.2038,1,0.02564102564102564
2019-02-13,1.2169620792705212e-05,1.2577399500747816e-05,8.85281110177877e-06,0.0,0.0,1.2577399500747816e-05,0.0030667444397617133,0.0031695046741884495,0.00223090839764825,-0.2414,0.809232,0,1,5.3732,1,0.01282051282051282
2019-02-14,8.011294523988433e-06,7.544709803949516e-06,8.441194131316573e-06,4.6658472003891646e-07,0.058240857379659706,7.544709803949516e-06,0.002018846220045085,0.0019012668705952781,0.0021271809210917764,0.4196,0.674768,0,0,2.2966,0,0.0
2019-02-15,0.0024928475663924267,0.002347289299260477,0.002859054375203969,0.00014555826713194987,0.058390360098995946,0.002347289299260477,0.6281975867308915,0.5915169034136402,0.7204817025514001,0.4207,0.673981,0,2,30.0105,1,0.02564102564102564
2019-02-19,6.15193558267929e-05,5.503036648986367e-05,5.475779251547467e-05,6.488989336929223e-06,0.10547882279066904,5.503036648986367e-05,0.01550287766835181,0.013867652355445645,0.013798963713899617,0.76,0.447283,0,0,3.3223,0,0.0
2019-02-20,2.9121256934635434e-06,2.9109524520891287e-06,1.9539255209238024e-06,1.1732413744147222e-09,0.0004028812953255565,2.9109524520891287e-06,0.0007338556747528129,0.0007335600179264604,0.0004923892312727982,0.0029,0.997684,0,0,2.73,0,0.0
2019-02-21,7.859633340418235e-05,8.052089126236862e-05,6.338935210251881e-05,0.0,0.0,8.052089126236862e-05,0.019806276017853952,0.020291264598116893,0.01597411672983474,-0.1764,0.859963,0,1,11.9307,1,0.01282051282051282
2019-02-22,0.001328333186334604,0.0013770097579084441,0.0007264732490506444,0.0,0.0,0.0013770097579084441,0.3347399629563202,0.3470064589929279,0.18307125876076238,-0.264,0.791766,0,1,4.7153,1,0.01282051282051282
2019-02-25,1.3712208420741877e-05,1.2675156814042764e-05,1.1289213645122211e-05,1.0370516066991137e-06,0.07562979640103876,1.2675156814042764e-05,0.003455476522026953,0.0031941395171387766,0.002844881838570797,0.5449,0.585825,0,0,4.0179,0,0.0
2019-02-26,3.3163248321862987e-06,3.145352758669573e-06,2.8079277359713327e-06,1.7097207351672562e-07,0.05155466687180485,3.145352758669573e-06,0.0008357138577109473,0.0007926288951847324,0.0007075977894647758,0.3714,0.71031,0,0,2.3438,0,0.0
2019-02-27,5.005355661780391e-06,5.035021912485319e-06,9.664106095287274e-06,0.0,0.0,5.035021912485319e-06,0.0012613496267686586,0.0012688255219463005,0.002435354736012393,-0.0427,0.965939,0,0,2.9853,0,0.0
2019-02-28,2.573679544024023e-05,3.0229565432274795e-05,2.2739967449461275e-05,0.0,0.0,3.0229565432274795e-05,0.006485672450940538,0.007617850488933248,0.005730471797264242,-1.2577,0.208496,0,0,2.822,0,0.0
2019-03-01,0.00020086740967285616,0.00021317148047075575,0.00013333364759268796,0.0,0.0,0.00021317148047075575,0.05061858723755975,0.05371921307863045,0.03360007919335737,-0.4413,0.658976,0,0,3.3353,0,0.0
2019-03-04,0.0008936084730742213,0.000794899850597168,0.0008548001373568765,9.870862247705339e-05,0.11046070548885019,0.000794899850597168,0.22518933521470377,0.20031476235048631,0.21540963461393287,0.7958,0.426122,0,0,3.7675,0,0.0
2019-03-05,7.939179964232022e-06,7.715066118338462e-06,6.89929553093621e-06,2.2411384589355987e-07,0.028228837068111724,7.715066118338462e-06,0.0020006733509864696,0.0019441966618212925,0.001738622473795925,0.2034,0.838836,0,0,3.1987,0,0.0
2019-03-06,0.0040787519541098625,0.0040170474112376404,0.0032828240737510068,6.17045428722221e-05,0.015128290112106134,0.0040170474112376404,1.0278454924356855,1.0122959476318854,0.8272716665852538,0.109,0.913206,0,4,9.2543,1,0.05128205128205128
2019-03-07,2.0339959980947914e-05,2.0807240181247455e-05,2.5904853085165966e-05,0.0,0.0,2.0807240181247455e-05,0.005125669915198874,0.005243424525674359,0.006528022977461824,-0.1655,0.868535,0,0,2.3605,0,0.0
2019-03-08,9.158795457593548e-06,9.672401087803419e-06,1.0288987316108527e-05,0.0,0.0,9.672401087803419e-06,0.002308016455313574,0.0024374450741264614,0.002592824803659349,-0.404,0.686192,0,0,2.9911,0,0.0
2019-03-11,0.008679372385201806,0.006494777757946892,0.011412152344139758,0.0021845946272549136,0.25169960799560964,0.006494777757946892,2.187201841070855,1.6366839950026169,2.8758623907232193,1.8134,0.069764,0,4,47.375,1,0.05128205128205128
2019-03-12,2.2038601392435754e-05,2.5285350238644228e-05,1.2229303267480467e-05,0.0,0.0,2.5285350238644228e-05,0.00555372755089381,0.006371908260138346,0.0030817844234050777,-1.0614,0.288501,0,0,2.6937,0,0.0
2019-03-13,2.809965290324028e-05,2.9154616630378664e-05,2.7942538165299834e-05,0.0,0.0,2.9154616630378664e-05,0.007081112531616551,0.007346963390855423,0.007041519617655558,-0.2705,0.78678,0,0,3.3325,0,0.0
2019-03-14,1.6503396576192456e-07,1.568644100564302e-07,2.6667881467374556e-07,8.16955570549435e-09,0.049501968675411206,1.568644100564302e-07,4.158855937200499e-05,3.952983133422041e-05,6.720306129778388e-05,0.3567,0.721353,0,0,3.1919,0,0.0
2019-03-15,3.901882825357541e-05,3.7460279922654294e-05,4.935608946522497e-05,1.5585483309211155e-06,0.03994349294266181,3.7460279922654294e-05,0.009832744719901003,0.009439990540508883,0.012437734545236692,0.2878,0.773512,0,3,18.5279,1,0.038461538461538464
2019-03-18,7.465748711505673e-05,7.859798272975129e-05,4.196107071794574e-05,0.0,0.0,7.859798272975129e-05,0.018813686752994295,0.019806691647897324,0.010574189820922326,-0.3803,0.703741,0,0,4.1028,0,0.0
2019-03-19,7.386481021332385e-08,8.277369128855058e-08,6.110700210033739e-08,0.0,0.0,8.277369128855058e-08,1.861393217375761e-05,2.0858970204714744e-05,1.539896452928502e-05,-0.869,0.384868,0,0,2.4162,0,0.0
2019-03-20,2.76113743724771e-06,2.5450781150573707e-06,2.2607163319085054e-06,2.1605932219033928e-07,0.07825008673078566,2.5450781150573707e-06,0.0006958066341864229,0.0006413596849944574,0.0005697005156409434,0.5638,0.572907,0,0,3.8316,0,0.0
2019-03-21,0.00017852967846564063,0.00018076614667684332,0.00015183181430549316,0.0,0.0,0.00018076614667684332,0.044989478973341435,0.045553068962564516,0.03826161720498428,-0.0903,0.928084,0,2,16.4944,1,0.02564102564102564
2019-03-22,0.0004985283672854767,0.000487063625318329,0.0004134006005151332,1.1464741967147699e-05,0.02299717066568726,0.000487063625318329,0.12562914855594012,0.12274003358021891,0.10417695132981357,0.1657,0.868401,0,0,2.7091,0,0.0
2019-03-25,1.8436658689478332e-07,2.076664961743233e-07,1.28690350425547e-07,0.0,0.0,2.076664961743233e-07,4.6460379897485397e-05,5.233195703592947e-05,3.242996830723784e-05,-0.9105,0.362547,0,0,2.4991,0,0.0
2019-03-26,0.00013369492151938886,0.00013647675586459925,0.000179875364376487,0.0,0.0,0.00013647675586459925,0.03369112022288599,0.03439214247787901,0.04532859182287473,-0.1499,0.880834,0,4,23.67,1,0.05128205128205128
2019-03-27,9.685500651508826e-06,1.0312748791871245e-05,1.4611884681787242e-05,0.0,0.0,1.0312748791871245e-05,0.0024407461641802243,0.0025988126955515537,0.003682194939810385,-0.4666,0.640791,0,0,1.974,0,0.0
2019-03-28,2.2759566726572233e-06,2.3798072106663703e-06,3.410025432663494e-06,0.0,0.0,2.3798072106663703e-06,0.0005735410815096202,0.0005997114170879253,0.0008593264090312005,-0.3287,0.742345,0,0,2.686,0,0.0
2019-03-29,1.058951970062824e-05,1.1863037355602716e-05,1.0428153444543547e-05,0.0,0.0,1.1863037355602716e-05,0.0026685589645583166,0.0029894854136118844,0.002627894668024974,-0.8665,0.386237,0,0,2.4596,0,0.0
2019-04-01,0.0001156015832865491,0.00010581159475765507,0.00010326023037482159,9.789988528894033e-06,0.08468732145250672,0.00010581159475765507,0.029131598988210373,0.026664521878929075,0.02602157805445504,0.6102,0.54176,0,1,4.8445,1,0.01282051282051282
2019-04-02,2.4239544554026787e-06,2.2528745880062517e-06,2.4341177622410893e-06,1.7107986739642695e-07,0.07057880004152402,2.2528745880062517e-06,0.0006108365227614751,0.0005677243961775755,0.0006133976760847545,0.5085,0.611099,0,0,3.2346,0,0.0
2019-04-03,1.407395460561153e-05,1.2499222269981522e-05,1.720484452599467e-05,1.5747323356300083e-06,0.1118898183110749,1.2499222269981522e-05,0.0035466365606141056,0.0031498040120353436,0.004335620820550656,0.8061,0.420161,0,0,4.3206,0,0.0
2019-04-04,1.364681303869532e-06,1.2368455679658107e-06,1.4999002232424406e-06,1.2783573590372126e-07,0.0936743559590722,1.2368455679658107e-06,0.00034389968857512205,0.0003116850831273843,0.00037797485625709506,0.6749,0.499737,0,0,3.1668,0,0.0
2019-04-05,8.015170751595713e-06,8.153208420924738e-06,6.678610926206984e-06,0.0,0.0,8.153208420924738e-06,0.0020198230294021196,0.002054608522073034,0.00168300995340416,-0.1241,0.901251,0,0,4.476,0,0.0
2019-04-08,6.902805874036259e-06,6.359995993796757e-06,5.4621207520128856e-06,5.428098802395023e-07,0.07863610993973914,6.359995993796757e-06,0.0017395070802571373,0.0016027189904367827,0.001376454429507247,0.5666,0.571016,0,0,2.8238,0,0.0
2019-04-09,6.389473087849105e-06,5.415120195504188e-06,7.192086819095737e-06,9.74352892344917e-07,0.15249344139259424,5.415120195504188e-06,0.0016101472181379744,0.0013646102892670552,0.0018124058784121256,1.0987,0.271907,0,0,3.593,0,0.0
2019-04-10,2.984110580637648e-06,2.6211570948015617e-06,4.015175764345756e-06,3.629534858360862e-07,0.12162865765177922,2.6211570948015617e-06,0.0007519958663206873,0.0006605315878899935,0.0010118242926151306,0.8763,0.380862,0,0,3.5753,0,0.0
2019-04-11,1.2172482628783609e-08,1.258378456835681e-08,2.0056354691768478e-08,0.0,0.0,1.258378456835681e-08,3.0674656224534695e-06,3.1711137112259163e-06,5.054201382325656e-06,-0.2434,0.807675,0,0,3.2886,0,0.0
2019-04-12,0.0010867437371333793,0.0010054797552917186,0.0008074897280102204,8.126398184166075e-05,0.07477750180667429,0.0010054797552917186,0.2738594217576116,0.25338089833351307,0.20348741145857552,0.5388,0.590055,0,2,370.9295,1,0.02564102564102564
2019-04-15,1.248170376533853e-05,1.413218247431725e-05,7.703020548856754e-06,0.0,0.0,1.413218247431725e-05,0.0031453893488653096,0.003561309983527947,0.001941161178311902,-0.9527,0.340741,0,0,2.6198,0,0.0
2019-04-16,8.510441657119095e-07,7.876955612436854e-07,7.063974682732656e-07,6.334860446822405e-08,0.07443624265844008,7.876955612436854e-07,0.0002144631297594012,0.00019849928143340873,0.00017801216200486294,0.5363,0.591753,0,0,2.6543,0,0.0
2019-04-17,0.068419140323073,0.06823622856951331,0.0736879136569648,0.0001829117535596947,0.002673400348108991,0.06823622856951331,17.241623361414398,17.195529599517354,18.56935424155513,0.0193,0.984633,0,5,99.807,1,0.0641025641025641
2019-04-18,0.0009867974351940737,0.0011833062686532568,0.0008971917380578555,0.0,0.0,0.0011833062686532568,0.24867295366890657,0.2981931797006207,0.22609231799057958,-1.4347,0.151359,0,0,2.9853,0,0.0
2019-04-22,5.9217903435903184e-06,4.9032282248897e-06,6.1277428661213375e-06,1.018562118700618e-06,0.17200236543340866,4.9032282248897e-06,0.0014922911665847603,0.0012356135126722046,0.001544191202262577,1.2392,0.215257,0,0,3.2631,0,0.0
2019-04-23,0.0006451238867143836,0.0007032465120319478,0.0006087206673450569,0.0,0.0,0.0007032465120319478,0.16257121945202466,0.17721812103205084,0.15339760817095435,-0.6491,0.516263,0,2,12.2,1,0.02564102564102564
2019-04-24,0.00011605195014351777,0.00010937385670820592,6.407722302230715e-05,6.678093435311848e-06,0.05754399964420471,0.00010937385670820592,0.02924509143616648,0.027562211890467894,0.016147460201621402,0.4146,0.678441,0,0,2.4978,0,0.0
2019-04-25,4.852991470409633e-07,4.527747544770166e-07,6.777999906188548e-07,3.2524392563946675e-08,0.06701912777537516,4.527747544770166e-07,0.00012229538505432273,0.00011409923812820819,0.00017080559763595142,0.4829,0.629196,0,0,3.3031,0,0.0
2019-04-26,3.772882106985557e-05,3.5574258283756465e-05,3.704843065271102e-05,2.154562786099102e-06,0.05710654793594912,3.5574258283756465e-05,0.009507662909603603,0.00896471308750663,0.009336204524483176,0.4114,0.68075,0,2,17.2352,1,0.02564102564102564
2019-04-29,6.714881005533387e-06,5.91909454589902e-06,5.865435131610545e-06,7.957864596343669e-07,0.11851086273423724,5.91909454589902e-06,0.0016921500133944135,0.0014916118255665532,0.0014780896531658573,0.8538,0.393191,0,0,2.6291,0,0.0
2019-04-30,5.805119521145476e-08,5.608093041193998e-08,6.624205707562789e-08,1.9702647995147846e-09,0.033939539966371765,5.608093041193998e-08,1.46289011932866e-05,1.4132394463808874e-05,1.6692998383058228e-05,0.2445,0.806823,0,0,2.8783,0,0.0
2019-05-01,2.3126261799981086e-05,2.5497637886464925e-05,3.134354449573046e-05,0.0,0.0,2.5497637886464925e-05,0.005827817973595234,0.006425404747389161,0.007898573212924077,-0.7388,0.46004,0,2,34.7964,1,0.02564102564102564
2019-05-02,2.2120258745196024e-06,2.1428712680837044e-06,3.060068634630767e-06,6.915460643589796e-08,0.031263004637281655,2.1428712680837044e-06,0.0005574305203789398,0.0005400035595570935,0.0007711372959269533,0.2252,0.82179,0,0,3.2831,0,0.0
2019-05-03,2.815102695529089e-05,2.944057246725893e-05,1.729900481804935e-05,0.0,0.0,2.944057246725893e-05,0.007094058792733304,0.0074190242617492505,0.004359349214148436,-0.33,0.741372,0,0,3.3968,0,0.0
2019-05-06,8.049379364672924e-06,8.01088931414803e-06,9.912736128241372e-06,3.849005052489429e-08,0.004781740802536704,8.01088931414803e-06,0.002028443599897577,0.0020187441071653034,0.0024980095043168255,0.0345,0.972517,0,0,2.4209,0,0.0
2019-05-07,0.0005832691451350963,0.000612814064654285,0.00044626151752634495,0.0,0.0,0.000612814064654285,0.14698382457404427,0.15442914429287982,0.11245790241663893,-0.365,0.715148,0,2,12.3146,1,0.02564102564102564
2019-05-08,3.864756768032318e-06,4.094212253964948e-06,2.1936276802943453e-06,0.0,0.0,4.094212253964948e-06,0.0009739187055441442,0.001031741487999167,0.000552794175434175,-0.4278,0.668828,0,0,2.2815,0,0.0
2019-05-09,0.26743150399055654,0.26581258295381827,0.09740854672441147,0.0016189210367382745,0.0060535913404928835,0.26581258295381827,67.39273900562024,66.98477090436221,24.546953774551692,0.0436,0.965211,0,4,188.325,1,0.05128205128205128
2019-05-10,0.008282463737627989,0.00905063437519637,0.011143857874200667,0.0,0.0,0.00905063437519637,2.087180861882253,2.2807598625494854,2.808252184298568,-0.6682,0.503993,0,0,2.3868,0,0.0
2019-05-13,0.0003856439575603776,0.00034233040391038215,0.0003551510473930651,4.3313553649995435e-05,0.11231487668492578,0.00034233040391038215,0.09718227730521516,0.0862672617854163,0.0894980639430524,0.8092,0.418398,0,0,3.3339,0,0.0
2019-05-14,0.00032603388821324795,0.0003099091994455926,0.00034637929490856264,1.6124688767655334e-05,0.049457094189091215,0.0003099091994455926,0.08216053982973848,0.07809711826028934,0.08728758231695778,0.3563,0.721595,0,0,2.7173,0,0.0
2019-05-15,1.4217893677974967e-05,1.5122874045040238e-05,2.4984822121892254e-05,0.0,0.0,1.5122874045040238e-05,0.0035829092068496915,0.00381096425935014,0.006296175174716848,-0.4586,0.646528,0,0,2.9065,0,0.0
2019-05-16,0.0002534219838996141,0.0002059511854490272,0.0001930776372835388,4.74707984505869e-05,0.18731918017843285,0.0002059511854490272,0.06386233994270275,0.05189969873315486,0.04865556459545178,1.3496,0.177146,0,1,7.7759,1,0.01282051282051282
2019-05-17,7.875264841344862e-05,7.731288356270535e-05,7.145224624837425e-05,1.439764850743271e-06,0.018282113191958237,7.731288356270535e-05,0.019845667400189053,0.01948284665780175,0.01800596605459031,0.1317,0.895207,0,0,2.6348,0,0.0
2019-05-20,4.0698909461031416e-05,3.463666416714455e-05,4.5059785241090274e-05,6.062245293886864e-06,0.14895350330548457,3.463666416714455e-05,0.010256125184179917,0.008728439370120427,0.01135506588075475,1.0732,0.283191,0,0,3.2903,0,0.0
2019-05-21,0.0003020357570103215,0.00028386054461664446,0.0004828639020515069,1.8175212393677022e-05,0.060175697451875614,0.00028386054461664446,0.07611301076660101,0.07153285724339441,0.12168170331697974,0.4336,0.664613,0,1,6.18,1,0.01282051282051282
2019-05-22,6.857304709532727e-05,7.851417661209974e-05,3.8334670097427006e-05,0.0,0.0,7.851417661209974e-05,0.01728040786802247,0.019785572506249134,0.009660336864551606,-1.0445,0.29626,0,0,2.3182,0,0.0
2019-05-23,0.0009368674718874018,0.0008431758376834291,0.0011080560359237007,9.369163420397278e-05,0.10000521622894809,0.0008431758376834291,0.23609060291562525,0.21248031109622412,0.27923012105277256,0.7205,0.471207,0,1,4.8814,1,0.01282051282051282
2019-05-24,7.135916394722183e-05,7.473214311159953e-05,5.47882277623796e-05,0.0,0.0,7.473214311159953e-05,0.0179825093146999,0.01883250006412308,0.013806633396119658,-0.3406,0.73344,0,0,2.387,0,0.0
2019-05-28,4.057137701167238e-05,3.215444988533769e-05,5.623052976500367e-05,8.416927126334691e-06,0.20745972995822676,3.215444988533769e-05,0.010223987006941439,0.008102921371105097,0.014170093500780925,1.4947,0.134992,0,0,3.1155,0,0.0
2019-05-29,1.1526892836792119e-05,1.0691649467428246e-05,1.924778526029234e-05,8.352433693638728e-07,0.07246040270605261,1.0691649467428246e-05,0.002904776994871614,0.002694295665791918,0.00485044188559367,0.5221,0.601627,0,0,4.1393,0,0.0
2019-05-30,5.564605544051246e-05,5.602232100406601e-05,4.534198936776296e-05,0.0,0.0,5.602232100406601e-05,0.01402280597100914,0.014117624893024634,0.011426181320676266,-0.0487,0.961145,0,0,3.6328,0,0.0
2019-05-31,0.000242693289406291,0.00024188175511599428,0.00028183418210098404,8.115342902967142e-07,0.0033438678462768,0.00024188175511599428,0.06115870893038533,0.060954202289230555,0.07102221388944797,0.0241,0.980779,0,0,3.2776,0,0.0
2019-06-03,3.0377100480058506e-06,2.949259425510801e-06,3.2346385246014746e-06,8.845062249504958e-08,0.029117523390881524,2.949259425510801e-06,0.0007655029320974743,0.0007432133752287218,0.0008151289081995716,0.2098,0.833835,0,1,5.0019,1,0.01282051282051282
2019-06-04,0.0002939446046892072,0.00026576041418875635,0.0003790631219896811,2.8184190500450863e-05,0.09588265936831139,0.00026576041418875635,0.07407404038168022,0.0669716243755666,0.09552390674139964,0.6908,0.489682,0,3,13.3622,1,0.038461538461538464
2019-06-05,3.126893941949276e-05,3.512177403786945e-05,2.478001108288576e-05,0.0,0.0,3.512177403786945e-05,0.007879772733712175,0.008850687057543102,0.006244562792887211,-0.8877,0.374678,0,0,2.3419,0,0.0
2019-06-06,3.201489435487201e-05,2.9099252274578333e-05,1.918668877283644e-05,2.9156420802936763e-06,0.091071423097748,2.9099252274578333e-05,0.008067753377427746,0.00733301157319374,0.0048350455707547825,0.6561,0.511728,0,0,3.5459,0,0.0
2019-06-07,0.0005004414154187951,0.0005641451682197843,0.0004092400021916966,0.0,0.0,0.0005641451682197843,0.12611123668553637,0.14216458239138563,0.10312848055230754,-0.9171,0.359072,0,0,4.2284,0,0.0
2019-06-10,0.0002025639876615443,0.00021684027594137735,0.00015400813969256954,0.0,0.0,0.00021684027594137735,0.051046124890709164,0.054643749537227095,0.03881005120252753,-0.5078,0.611609,0,0,4.0106,0,0.0
2019-06-11,2.3065061923493082e-07,2.36884341566153e-07,1.3239557681600599e-07,0.0,0.0,2.36884341566153e-07,5.8123956047202565e-05,5.969485407467055e-05,3.3363685357633505e-05,-0.1947,0.845612,0,0,2.6611,0,0.0
2019-06-12,3.632257893785924e-06,3.7080354588368325e-06,2.850298971546812e-06,0.0,0.0,3.7080354588368325e-06,0.0009153289892340529,0.0009344249356268818,0.0007182753408297967,-0.1503,0.880521,0,2,5.0579,1,0.02564102564102564
2019-06-13,0.09365498192119112,0.10011712120507452,0.10824333547892957,0.0,0.0,0.10011712120507452,23.60105544414016,25.22951454367878,27.27732054069025,-0.4971,0.6191,0,3,138.9135,1,0.038461538461538464
2019-06-14,7.864737344282414e-06,8.547717616040523e-06,1.4223482945784849e-05,0.0,0.0,8.547717616040523e-06,0.001981913810759168,0.002154024839242212,0.0035843177023377817,-0.6257,0.531532,0,0,2.4082,0,0.0
2019-06-17,8.371911780562258e-08,9.134165015063906e-08,9.872031186368088e-08,0.0,0.0,9.134165015063906e-08,2.109721768701689e-05,2.3018095837961044e-05,2.4877518589647583e-05,-0.656,0.511837,0,0,2.5137,0,0.0
2019-06-18,9.867132223972341e-05,8.712312694327559e-05,0.00013839391421800924,1.1548195296447815e-05,0.11703699633571658,8.712312694327559e-05,0.0248651732044103,0.021955027989705448,0.03487526638293833,0.8432,0.399102,0,3,55.3202,1,0.038461538461538464
2019-06-19,0.00011040530473376194,9.64620638903777e-05,8.109762243124381e-05,1.3943240843384243e-05,0.12629140194591573,9.64620638903777e-05,0.02782213679290801,0.02430844010037518,0.020436600852673438,0.9099,0.362874,0,0,3.1203,0,0.0
2019-06-20,0.0009108102176317887,0.0007973677497491801,0.0009180603592556476,0.00011344246788260869,0.12455115847626412,0.0007973677497491801,0.22952417484321078,0.20093667293679338,0.23135121053242322,0.8974,0.369525,0,0,4.5689,0,0.0
2019-06-21,6.568361412478443e-06,5.992478716205319e-06,5.165127808949108e-06,5.758826962731238e-07,0.08767523168013285,5.992478716205319e-06,0.0016552270759445677,0.0015101046364837405,0.0013016122078551753,0.6317,0.527595,0,0,3.3288,0,0.0
2019-06-24,2.235613626230819e-05,1.9860880294807893e-05,2.505277691881694e-05,2.495255967500297e-06,0.11161391336182336,1.9860880294807893e-05,0.005633746338101664,0.005004941834291589,0.006313299783541869,0.8042,0.421308,0,0,4.0435,0,0.0
2019-06-25,0.0007691635636729201,0.0008419470579861399,0.0007038088253966935,0.0,0.0,0.0008419470579861399,0.19382921804557587,0.21217065861250725,0.17735982399996675,-0.6818,0.495387,0,1,5.432,1,0.01282051282051282
2019-06-26,0.0005457826581631466,0.0005320059167636614,0.0005180190357171401,1.3776741399485165e-05,0.025242175009021293,0.0005320059167636614,0.13753722985711295,0.13406549102444268,0.1305407970007193,0.1819,0.855689,0,0,3.048,0,0.0
2019-06-27,7.384134563927942e-05,8.013644270979015e-05,0.00010644049333515485,0.0,0.0,8.013644270979015e-05,0.018608019101098414,0.020194383562867117,0.02682300432045902,-0.6142,0.53907,0,0,3.293,0,0.0
2019-06-28,0.00017498090915085202,0.0001744506172295826,0.0001773558966370238,5.302919212694349e-07,0.00303057013940702,0.0001744506172295826,0.04409518910601471,0.04396155554185481,0.044693685952529996,0.0218,0.98258,0,0,2.9585,0,0.0
2019-07-01,0.03461529531094644,0.029557483977648326,0.019183062692494514,0.005057811333298114,0.14611492658716566,0.029557483977648326,8.723054418358503,7.4484859623673785,4.834131798508618,1.0527,0.292466,0,3,32.6634,1,0.038461538461538464
2019-07-02,3.7576138797562555e-05,3.696970044260079e-05,3.8141591814679456e-05,6.064383549617659e-07,0.016138921087394495,3.696970044260079e-05,0.009469186976985764,0.0093163645115354,0.009611681137299223,0.1163,0.907433,0,0,3.614,0,0.0
2019-07-03,2.307990105974094e-05,2.4127290839839643e-05,2.5930137894921468e-05,0.0,0.0,2.4127290839839643e-05,0.005816135067054717,0.00608007729163959,0.00653439474952021,-0.327,0.743698,0,0,3.7546,0,0.0
2019-07-05,5.229039733669247e-07,5.216475189960012e-07,5.258957395346919e-07,1.2564543709235632e-09,0.0024028349985531763,5.216475189960012e-07,0.00013177180128846503,0.0001314551747869923,0.00013252572636274237,0.0173,0.986188,0,0,2.2155,0,0.0
2019-07-08,3.599638112688634e-05,4.23500309061669e-05,1.9020817189209616e-05,0.0,0.0,4.23500309061669e-05,0.009071088043975358,0.010672207788354059,0.0047932459316808234,-1.2717,0.203479,0,1,17.0786,1,0.01282051282051282
2019-07-09,4.013407934122635e-07,3.317817848292424e-07,6.796603904406811e-07,6.955900858302114e-08,0.1733161353359709,3.317817848292424e-07,0.0001011378799398904,8.360900977696908e-05,0.00017127441839105164,1.2487,0.211773,0,0,2.7102,0,0.0
2019-07-10,2.6861145825307903e-05,2.979445724409237e-05,3.691927589052426e-05,0.0,0.0,2.979445724409237e-05,0.006769008747977591,0.007508203225511278,0.009303657524412114,-0.7868,0.431409,0,2,6.8266,1,0.02564102564102564
2019-07-11,7.221843253367996e-06,6.765700292907955e-06,8.06653475530814e-06,4.561429604600411e-07,0.06316156157027523,6.765700292907955e-06,0.0018199044998487351,0.0017049564738128046,0.0020327667583376514,0.4551,0.649062,0,0,3.2962,0,0.0
2019-07-12,0.0005030874424176564,0.0005403602764515419,0.0006210498231409659,0.0,0.0,0.0005403602764515419,0.1267780354892494,0.13617078966578858,0.15650455543152342,-0.5338,0.593487,0,1,12.4773,1,0.01282051282051282
2019-07-15,7.540179649708007e-07,8.965875429584774e-07,4.5977688882042345e-07,0.0,0.0,8.965875429584774e-07,0.00019001252717264179,0.0002259400608255363,0.00011586377598274671,-1.3623,0.17311,0,0,2.1697,0,0.0
2019-07-16,0.0006380380271622592,0.0005793672423850452,0.0002726256050721241,5.867078477721395e-05,0.09195499670482558,0.0005793672423850452,0.1607855828448893,0.14600054508103139,0.06870165247817528,0.6625,0.507641,0,4,17.5949,1,0.05128205128205128
2019-07-17,0.00016219389477466545,0.0001507427374439427,0.000164540097656469,1.1451157330722746e-05,0.07060165412532995,0.0001507427374439427,0.04087286148321569,0.03798716983587356,0.04146410460943019,0.5087,0.610984,0,0,3.8588,0,0.0
2019-07-18,0.00018989286249941557,0.0001976118028109709,0.0001610750460286653,0.0,0.0,0.0001976118028109709,0.04785300134985272,0.04979817430836467,0.04059091159922366,-0.2929,0.769624,0,0,3.2927,0,0.0
2019-07-19,5.461224255895068e-05,5.648163523955753e-05,4.414852017932291e-05,0.0,0.0,5.648163523955753e-05,0.013762285124855571,0.014233372080368496,0.011125427085189375,-0.2466,0.805201,0,0,2.3499,0,0.0
2019-07-22,5.950921015123924e-06,4.893802271459425e-06,6.22960709585911e-06,1.0571187436644994e-06,0.1776394886335081,4.893802271459425e-06,0.0014996320958112288,0.0012332381724077751,0.0015698609881564958,1.2799,0.200596,0,0,3.2019,0,0.0
2019-07-23,6.215992035774938e-05,5.7692833034294915e-05,4.980327071745284e-05,4.46708732345446e-06,0.0718644301003054,5.7692833034294915e-05,0.015664299930152843,0.014538593924642318,0.012550424220798115,0.5178,0.60462,0,1,5.1777,1,0.01282051282051282
2019-07-24,7.76155101658013e-05,8.114360858203395e-05,9.921610427813916e-05,0.0,0.0,8.114360858203395e-05,0.019559108561781925,0.020448189362672554,0.02500245827809107,-0.3275,0.743289,0,0,2.5621,0,0.0
2019-07-25,3.758056030257549e-06,4.164207674629706e-06,6.310654648436885e-06,0.0,0.0,4.164207674629706e-06,0.0009470301196249023,0.001049380334006686,0.001590284971406095,-0.7787,0.436182,0,0,2.6555,0,0.0
2019-07-26,0.00013568751333613814,0.00014637578230959243,8.68626281311379e-05,0.0,0.0,0.00014637578230959243,0.03419325336070681,0.03688669714201729,0.02188938228904675,-0.5675,0.570354,0,2,6.3487,1,0.02564102564102564
2019-07-29,2.471009079918882e-06,2.7323549393613985e-06,2.2960508927318632e-06,0.0,0.0,2.7323549393613985e-06,0.0006226942881395582,0.0006885534447190724,0.0005786048249684295,-0.762,0.446053,0,0,3.0717,0,0.0
2019-07-30,0.00013321381151742642,0.00015290948582644717,0.00011025899943143978,0.0,0.0,0.00015290948582644717,0.03356988050239146,0.03853319042826469,0.027785267856722824,-1.0652,0.286773,0,2,5.8129,1,0.02564102564102564
2019-07-31,9.0913152989947e-05,9.002670205791691e-05,0.00010564032296747672,8.86450932030097e-07,0.009750524463468939,9.002670205791691e-05,0.022910114553466646,0.02268672891859506,0.026621361387804132,0.0703,0.943994,0,0,2.2941,0,0.0
2019-08-01,0.0014501914583157757,0.0013881339780285353,0.0015601013729800804,6.205748028724044e-05,0.04279261189175682,0.0013881339780285353,0.3654482474955755,0.3498097624631909,0.3931455459909802,0.3083,0.757845,0,1,9.3046,1,0.01282051282051282
2019-08-02,2.944378772549788e-05,2.429780029984518e-05,2.078207546655688e-05,5.1459874256527e-06,0.17477327641589657,2.429780029984518e-05,0.007419834506825465,0.006123045675560985,0.005237083017572334,1.2592,0.207957,0,0,3.252,0,0.0
2019-08-05,0.0032882134674985125,0.0032758320479780887,0.00461721357454946,1.238141952042372e-05,0.003765394077677509,0.0032758320479780887,0.8286297938096251,0.8255096760904783,1.163537820786464,0.0271,0.978357,0,2,34.1423,1,0.02564102564102564
2019-08-06,0.0010279690404964921,0.0010593520173624825,0.0008659238050225298,0.0,0.0,0.0010593520173624825,0.259048198205116,0.2669567083753456,0.2182127988656775,-0.22,0.825906,0,0,2.4464,0,0.0
2019-08-07,1.6644772544179215e-07,1.5914646449508623e-07,1.648486151492495e-07,7.301260946705919e-09,0.04386492553383475,1.5914646449508623e-07,4.194482681133162e-05,4.010490905276173e-05,4.1541851017610874e-05,0.316,0.751974,0,0,2.7607,0,0.0
2019-08-08,0.013645603063320652,0.013254188893632066,0.00920594217869006,0.00039141416968858575,0.028684270518759394,0.013254188893632066,3.4386919719568043,3.3400556011952807,2.319897429029895,0.2067,0.836272,0,2,245.7623,1,0.02564102564102564
2019-08-09,7.172202768396263e-05,7.400099514173949e-05,5.941507093520422e-05,0.0,0.0,7.400099514173949e-05,0.018073950976358583,0.018648250775718352,0.014972597875671465,-0.2289,0.818922,0,0,3.232,0,0.0
2019-08-12,5.754105108145631e-05,5.140955507967315e-05,6.563338010794715e-05,6.131496001783156e-06,0.1065586356172856,5.140955507967315e-05,0.01450034487252699,0.012955207880077634,0.01653961178720268,0.7677,0.442646,0,0,2.7425,0,0.0
2019-08-13,0.0031137583504326737,0.0027661675857450015,0.0032788772578607596,0.0003475907646876722,0.11163061659159965,0.0027661675857450015,0.7846671043090337,0.6970742316077404,0.8262770689809115,0.8043,0.421238,0,2,11.5584,1,0.02564102564102564
2019-08-14,0.005752062637086802,0.005291852490531909,0.00286455738142809,0.0004602101465548932,0.08000784683874096,0.005291852490531909,1.449519784545874,1.333546827614041,0.7218684601198786,0.5764,0.564318,0,0,3.4297,0,0.0
2019-08-15,7.3837182125729455e-06,7.012303701204329e-06,1.018337210259297e-05,3.714145113686162e-07,0.05030181954050666,7.012303701204329e-06,0.0018606969895683823,0.0017671005327034909,0.0025662097698534283,0.3624,0.717043,0,0,2.8985,0,0.0
2019-08-16,0.00014492708481284066,0.00014801652972444964,0.00016282636709486886,0.0,0.0,0.00014801652972444964,0.03652162537283585,0.03730016549056131,0.04103224450790695,-0.1536,0.877936,0,1,6.4689,1,0.01282051282051282
2019-08-19,0.00014508457567355594,0.0001564497188203493,7.3779328213865e-05,0.0,0.0,0.0001564497188203493,0.0365613130697361,0.03942532914272802,0.018592390709893977,-0.5644,0.572493,0,0,2.971,0,0.0
2019-08-20,0.005878135750583321,0.006086384317304133,0.0055641547409127174,0.0,0.0,0.006086384317304133,1.4812902091469968,1.5337688479606415,1.4021669947100048,-0.2552,0.798531,0,2,7.2825,1,0.02564102564102564
2019-08-21,0.00010972408156913377,9.728146687336464e-05,0.00014164393213599719,1.2442614695769126e-05,0.11339912263954832,9.728146687336464e-05,0.02765046855542171,0.02451492965208789,0.03569427089827129,0.817,0.413919,0,1,5.3803,1,0.01282051282051282
2019-08-22,7.645949488624171e-07,7.034524616954962e-07,5.410135708739628e-07,6.114248716692097e-08,0.07996705613976915,7.034524616954962e-07,0.00019267792711332913,0.00017727002034726504,0.0001363354198602386,0.5761,0.564517,0,0,3.1046,0,0.0
2019-08-23,4.7523748256678005,4.5802520057131755,8.200496464599471,0.17212281995462497,0.03621827533993011,4.5802520057131755,1197.5984560682857,1154.2235054397202,2066.5251090790666,0.2609,0.794135,0,2,1691.0666,1,0.02564102564102564
2019-08-26,0.0007155844179933467,0.0006645263235243325,0.001323949019655996,5.105809446901419e-05,0.07135160173112841,0.0006645263235243325,0.18032727333432336,0.16746063352813179,0.33363515295331103,0.5141,0.607201,0,0,2.6386,0,0.0
2019-08-27,2.5945905689167814e-05,2.424053195587233e-05,2.5018002844564638e-05,1.7053737332954825e-06,0.06572804541871959,2.424053195587233e-05,0.006538368233670289,0.006108614052879827,0.006304536716830289,0.4736,0.635816,0,0,3.5747,0,0.0
2019-08-28,1.0131038837889908e-05,1.1448955893863632e-05,1.1746028957859972e-05,0.0,0.0,1.1448955893863632e-05,0.002553021787148257,0.002885136885253635,0.002959999297380713,-0.9372,0.34863,0,0,2.8719,0,0.0
2019-08-29,0.00039014797916415484,0.00035692994226412043,0.00031998685698222186,3.321803690003441e-05,0.08514214756682302,0.00035692994226412043,0.09831729074936701,0.08994634545055835,0.0806366879595199,0.6134,0.539592,0,1,5.2116,1,0.01282051282051282
2019-08-30,1.3906229461155216e-06,1.5110596292946925e-06,1.5353819272213565e-06,0.0,0.0,1.5110596292946925e-06,0.00035043698242111145,0.00038078702658226254,0.00038691624565978186,-0.624,0.532641,0,0,2.322,0,0.0
2019-09-03,0.00046904475801689443,0.0005286846174975463,0.0003904349913358396,0.0,0.0,0.0005286846174975463,0.1181992790202574,0.13322852360938167,0.09838961781663158,-0.9161,0.359614,0,2,9.5944,1,0.02564102564102564
2019-09-04,0.00035266339430088786,0.00039033028914130284,0.0004734218220319616,0.0,0.0,0.00039033028914130284,0.08887117536382375,0.09836323286360832,0.11930229915205433,-0.7695,0.441584,0,0,2.7498,0,0.0
2019-09-05,0.019621035830003852,0.021565666079939042,0.04508833764793672,0.0,0.0,0.021565666079939042,4.944501029160971,5.434547852144639,11.362261087280054,-0.7141,0.475189,0,1,11.2445,1,0.01282051282051282
2019-09-06,2.4466555188149225e-07,2.394734834865052e-07,2.1207541161937652e-07,5.1920683949870735e-09,0.021220997946224895,2.394734834865052e-07,6.165571907413604e-05,6.03473178385993e-05,5.344300372808288e-05,0.1529,0.878483,0,0,2.9601,0,0.0
2019-09-09,2.2241482531844772e-07,2.2603959133037417e-07,1.764502384361225e-07,0.0,0.0,2.2603959133037417e-07,5.604853598024883e-05,5.696197701525429e-05,4.446546008590287e-05,-0.1174,0.906529,0,0,3.2787,0,0.0
2019-09-10,8.432272917201485e-07,7.805729614874553e-07,1.0956425448334416e-06,6.265433023269316e-08,0.0743029270340077,7.805729614874553e-07,0.00021249327751347743,0.00019670438629483875,0.0002761019212980273,0.5353,0.592417,0,0,3.1215,0,0.0
2019-09-11,0.0005195621029868392,0.0006054620660568965,0.0004370631213607382,0.0,0.0,0.0006054620660568965,0.13092964995268347,0.1525764406463379,0.11013990658290602,-1.1912,0.233584,0,3,27.188,1,0.038461538461538464
2019-09-12,0.0024212427850827493,0.0024668231521677002,0.0013357176215444122,0.0,0.0,0.0024668231521677002,0.6101531818408529,0.6216394343462605,0.3366008406291919,-0.1356,0.892113,0,0,4.0377,0,0.0
2019-09-13,8.22890885589873e-08,8.060039252030664e-08,1.3737060600184809e-07,1.6886960386806646e-09,0.020521256791091808,8.060039252030664e-08,2.07368503168648e-05,2.0311298915117274e-05,3.461739271246572e-05,0.1479,0.88246,0,0,2.2844,0,0.0
2019-09-16,3.040707404699802e-06,3.08943052856101e-06,2.8856102641347578e-06,0.0,0.0,3.08943052856101e-06,0.00076625826598435,0.0007785364931973746,0.0007271737865619589,-0.1154,0.908091,0,2,13.5934,1,0.02564102564102564
2019-09-17,0.002256814249757485,0.00255768728730478,0.0022008384477825035,0.0,0.0,0.00255768728730478,0.5687171909388862,0.6445371964008046,0.5546112888411908,-0.9605,0.336791,0,2,15.6408,1,0.02564102564102564
2019-09-18,2.9715195236524433e-06,3.0959325653518233e-06,3.970317881647278e-06,0.0,0.0,3.0959325653518233e-06,0.0007488229199604157,0.0007801750064686595,0.001000520106175114,-0.3017,0.762916,0,0,3.4206,0,0.0
2019-09-19,7.257956622371102e-08,7.448649658544854e-08,5.611317956717837e-08,0.0,0.0,7.448649658544854e-08,1.8290050688375175e-05,1.877059713953303e-05,1.414052125092895e-05,-0.1893,0.849863,0,0,2.4563,0,0.0
2019-09-20,0.0002315678154471198,0.00018984300976460173,0.00013185622888661,4.172480568251808e-05,0.18018395786897373,0.00018984300976460173,0.05835508949267419,0.04784043846067964,0.033227769679425714,1.2982,0.194223,0,3,155.2986,1,0.038461538461538464
2019-09-23,6.400670679192388e-06,6.230690011721252e-06,3.618498715657094e-06,1.6998066747113616e-07,0.026556692170872864,6.230690011721252e-06,0.0016129690111564817,0.0015701338829537555,0.0009118616763455877,0.1913,0.848263,0,0,2.7657,0,0.0
2019-09-24,0.00010184536616434506,0.00011006319136174614,9.399003727382289e-05,0.0,0.0,0.00011006319136174614,0.025665032273414955,0.027735924223160027,0.023685489393003367,-0.5813,0.561006,0,1,5.3787,1,0.01282051282051282
2019-09-25,1.665382756453294e-05,1.601821970443849e-05,1.3499799496339304e-05,6.356078600944531e-07,0.03816587024608169,1.601821970443849e-05,0.004196764546262301,0.004036591365518499,0.0034019494730775047,0.275,0.783334,0,0,2.8319,0,0.0
2019-09-26,4.045856357185701e-05,3.961271413840683e-05,3.7015933826819715e-05,8.458494334501833e-07,0.020906560635583108,3.961271413840683e-05,0.010195558020107968,0.00998240396287852,0.009328015324358568,0.1506,0.88027,0,0,3.8844,0,0.0
2019-09-27,2.4627711019072764e-05,2.6488115170105618e-05,2.3358574579608385e-05,0.0,0.0,2.6488115170105618e-05,0.006206183176806337,0.006675005022866616,0.0058863607940613134,-0.5443,0.586264,0,0,2.748,0,0.0
2019-09-30,6.497724426280898e-05,7.227964305898988e-05,7.096225283209207e-05,0.0,0.0,7.227964305898988e-05,0.016374265554227864,0.01821447005086545,0.017882487713687202,-0.8097,0.418111,0,0,3.3392,0,0.0
2019-10-01,0.0002675459523015924,0.0002689770793409137,0.0002529936673331468,0.0,0.0,0.0002689770793409137,0.06742157998000128,0.06778222399391026,0.063754404167953,-0.0385,0.969258,0,0,4.0081,0,0.0
2019-10-02,0.0026128306945640417,0.0028693038859236145,0.0029412402627410493,0.0,0.0,0.0028693038859236145,0.6584333350301386,0.7230645792527509,0.7411925462107444,-0.7072,0.479433,0,0,4.5114,0,0.0
2019-10-03,6.203674386558768e-05,6.743020769195635e-05,3.5669691307101665e-05,0.0,0.0,6.743020769195635e-05,0.015633259454128096,0.016992412338373,0.00898876220938962,-0.6264,0.531064,0,0,2.5449,0,0.0
2019-10-04,0.00011762170363896196,0.00010233977488460717,0.0001523489275433888,1.5281928754354787e-05,0.12992439449217671,0.00010233977488460717,0.029640669317018413,0.02578962327092101,0.03839192974093397,0.9361,0.349233,0,0,2.6858,0,0.0
2019-10-07,2.3595794133085053e-05,2.3927306283803112e-05,3.3928390159878354e-05,0.0,0.0,2.3927306283803112e-05,0.005946140121537434,0.006029681183518384,0.008549954320289346,-0.1012,0.919372,0,0,3.6864,0,0.0
2019-10-08,0.0018132352327423153,0.0016256630948031855,0.0019625898384298146,0.00018757213793912974,0.10344611358119364,0.0016256630948031855,0.4569352786510634,0.40966709989040273,0.4945726392843133,0.7453,0.456086,0,1,6.0462,1,0.01282051282051282
2019-10-09,0.0004679353140993846,0.0005040035987050502,0.0006973496658699762,0.0,0.0,0.0005040035987050502,0.11791969915304491,0.12700890687367267,0.175732115799234,-0.5553,0.578661,0,0,2.1737,0,0.0
2019-10-10,0.00010758282149754026,0.00011479188414207942,9.52954319167072e-05,0.0,0.0,0.00011479188414207942,0.027110871017380144,0.028927554803804014,0.024014448843010214,-0.4828,0.629246,0,0,2.7161,0,0.0
2019-10-11,0.0006228166271918074,0.0005896815238730438,0.0004948447583899979,3.313510331876359e-05,0.053202020978410765,0.0005896815238730438,0.15694979005233545,0.14859974401600703,0.12470087911427946,0.3833,0.701491,0,1,5.1537,1,0.01282051282051282
2019-10-14,3.300496639413768e-07,3.1796035720978253e-07,3.43699821452306e-07,1.208930673159429e-08,0.036628639334419205,3.1796035720978253e-07,8.317251531322695e-05,8.01260100168652e-05,8.66123550059811e-05,0.2639,0.791856,0,0,2.5389,0,0.0
2019-10-15,0.0005092295963760298,0.0005069406570918126,0.0002677303468730574,2.2889392842171665e-06,0.00449490621914293,0.0005069406570918126,0.1283258582867595,0.12774904558713676,0.06746804741201046,0.0324,0.974165,0,3,69.1158,1,0.038461538461538464
2019-10-16,3.9552862783493186e-06,4.478419019920836e-06,2.2990623186835264e-06,0.0,0.0,4.478419019920836e-06,0.0009967321421440283,0.0011285615930200505,0.0005793637043082486,-0.9529,0.340632,0,0,2.4997,0,0.0
2019-10-17,5.342157653379192e-06,5.2737918988291075e-06,6.866100398453429e-06,6.83657545500845e-08,0.012797402508223829,5.2737918988291075e-06,0.0013462237286515563,0.0013289955585049351,0.001730257300410264,0.0922,0.926537,0,1,5.1019,1,0.01282051282051282
2019-10-18,0.005479772210284906,0.005927786547938275,0.005371204611388515,0.0,0.0,0.005927786547938275,1.3809025969917963,1.4938022100804451,1.353543562069906,-0.589,0.555829,0,3,22.776,1,0.038461538461538464
2019-10-21,0.0009988804422230149,0.0009452940930405446,0.0010916866545397981,5.358634918247026e-05,0.053646409383656654,0.0009452940930405446,0.25171787144019975,0.23821411144621724,0.27510503694402916,0.3865,0.699118,0,0,2.7177,0,0.0
2019-10-22,5.2519772306346535e-06,4.831211150635828e-06,5.542841019924891e-06,4.207660799988252e-07,0.08011573192449799,4.831211150635828e-06,0.0013234982621199327,0.0012174652099602287,0.0013967959370210724,0.5772,0.563793,0,0,3.4534,0,0.0
2019-10-23,0.0005244009656028748,0.0005555031952832554,0.000593009752135938,0.0,0.0,0.0005555031952832554,0.13214904333192445,0.13998680521138038,0.14943845753825638,-0.4273,0.669149,0,2,11.6525,1,0.02564102564102564
2019-10-24,0.00016907416048605507,0.00017746833228712687,0.00011476038849167337,0.0,0.0,0.00017746833228712687,0.04260668844248588,0.04472201973635597,0.02891961789990169,-0.3577,0.720566,0,0,2.307,0,0.0
2019-10-25,0.0013137053428104717,0.0016197419399048298,0.001421400837844327,0.0,0.0,0.0016197419399048298,0.33105374638823887,0.4081749688560171,0.35819301113677043,-1.6784,0.093268,0,0,4.5102,0,0.0
2019-10-28,0.0004349598699628594,0.0004566077021316744,0.00026294686971902413,0.0,0.0,0.0004566077021316744,0.10960988723064057,0.11506514093718195,0.06626261116919409,-0.3586,0.719909,0,0,2.744,0,0.0
2019-10-29,1.7394749171206288e-07,1.7474378082293427e-07,1.51646441185616e-07,0.0,0.0,1.7474378082293427e-07,4.383476791143985e-05,4.4035432767379435e-05,3.8214903178775235e-05,-0.033,0.973689,0,0,2.7345,0,0.0
2019-10-30,3.870939066883404e-05,3.534386629961462e-05,3.0784620898353594e-05,3.365524369219418e-06,0.08694335467764767,3.534386629961462e-05,0.009754766448546177,0.008906654307502884,0.007757724466385106,0.6264,0.531047,0,2,27.1122,1,0.02564102564102564
2019-10-31,6.786603081828057e-06,6.288809363241722e-06,8.083996821698122e-06,4.977937185863348e-07,0.07334945616162242,6.288809363241722e-06,0.0017102239766206703,0.001584779959536914,0.002037167199067927,0.5285,0.597175,0,1,4.9203,1,0.01282051282051282
2019-11-01,0.14761309196069794,0.1387893450175752,0.13131267829452054,0.00882374694312274,0.05977618127132173,0.1387893450175752,37.19849917409588,34.97491494442895,33.090794930219175,0.4307,0.666705,0,2,260.5889,1,0.02564102564102564
2019-11-04,4.47833506706935e-06,4.162123550559034e-06,4.733755368772454e-06,3.162115165103165e-07,0.07060915299222892,4.162123550559034e-06,0.0011285404369014763,0.0010488551347408765,0.0011929063529306583,0.5087,0.610946,0,0,2.7842,0,0.0
2019-11-05,1.6048010234361975e-06,1.5720430492626733e-06,1.3684296330478145e-06,3.275797417352417e-08,0.020412470631974208,1.5720430492626733e-06,0.00040440985790592176,0.0003961548484141937,0.00034484426752804927,0.1471,0.883079,0,0,2.4955,0,0.0
2019-11-06,1.9297999947968563e-07,1.9618443663909083e-07,1.4095630260723193e-07,0.0,0.0,1.9618443663909083e-07,4.863095986888078e-05,4.943847803305089e-05,3.5520988257022446e-05,-0.1196,0.904772,0,0,2.6676,0,0.0
2019-11-07,0.00047135896568823365,0.0004512404426186564,0.0006324716116518955,2.0118523069577248e-05,0.04268195683415109,0.0004512404426186564,0.11878245935343489,0.11371259153990142,0.15938284613627765,0.3075,0.758452,0,4,17.8377,1,0.05128205128205128
2019-11-08,4.530039939120034e-05,4.7947410998906505e-05,2.6599969657294065e-05,0.0,0.0,4.7947410998906505e-05,0.011415700646582485,0.01208274757172444,0.006703192353638104,-0.421,0.67376,0,0,2.9196,0,0.0
2019-11-11,0.0005984113367015809,0.0006424090676349233,0.0007700737832783352,0.0,0.0,0.0006424090676349233,0.15079965684879837,0.16188708504400068,0.19405859338614048,-0.5297,0.596302,0,1,5.4094,1,0.01282051282051282
2019-11-12,3.8392837183839484e-06,3.3446843718626875e-06,4.484751293275802e-06,4.94599346521261e-07,0.12882590972035288,3.3446843718626875e-06,0.000967499497032755,0.0008428604617093972,0.001130157325905502,0.9282,0.353323,0,0,3.5678,0,0.0
2019-11-13,7.016394545306682e-08,7.231165131643512e-08,4.280610238700292e-08,0.0,0.0,7.231165131643512e-08,1.768131425417284e-05,1.8222536131741652e-05,1.0787137801524737e-05,-0.2205,0.825455,0,0,2.8768,0,0.0
2019-11-14,2.617387236051774e-06,2.3501302579146835e-06,3.062807494195603e-06,2.6725697813709056e-07,0.10210826749196256,2.3501302579146835e-06,0.0006595815834850471,0.0005922328249945003,0.000771827488537292,0.7357,0.461933,0,2,5.8934,1,0.02564102564102564
2019-11-15,0.0009360188613225446,0.0009010044284039327,0.0006460179001442889,3.501443291861186e-05,0.037407828333427505,0.0009010044284039327,0.23587675305328124,0.22705311595779104,0.1627965108363608,0.2695,0.787533,0,1,44.0496,1,0.01282051282051282
2019-11-18,5.224659072989228e-07,5.706399035257306e-07,6.068057272741988e-07,0.0,0.0,5.706399035257306e-07,0.00013166140863932852,0.0001438012556884841,0.0001529150432730981,-0.6643,0.506488,0,0,3.8965,0,0.0
2019-11-19,3.0811133571891095e-07,2.9592128297893097e-07,2.2868659299085813e-07,1.2190052739979982e-08,0.039563663400678954,2.9592128297893097e-07,7.764405660116556e-05,7.45721633106906e-05,5.762902143369625e-05,0.285,0.775608,0,0,3.014,0,0.0
2019-11-20,1.4151268476685486e-05,1.3666318448410525e-05,1.5728438060530693e-05,4.849500282749605e-07,0.03426901233659113,1.3666318448410525e-05,0.0035661196561247426,0.0034439122489994525,0.003963566391253734,0.2469,0.804985,0,3,7.5891,1,0.038461538461538464
2019-11-21,2.745776255464936e-06,2.819534015905192e-06,3.8191169194695125e-06,0.0,0.0,2.819534015905192e-06,0.0006919356163771639,0.0007105225720081084,0.0009624174637063172,-0.1935,0.846539,0,0,2.8874,0,0.0
2019-11-22,0.00012814231194871288,0.0001189498757000763,0.00011131824063694934,9.192436248636583e-06,0.07173615051193687,0.0001189498757000763,0.032291862611075646,0.02997536867641923,0.028052196640511232,0.5168,0.605265,0,1,16.3841,1,0.01282051282051282
2019-11-25,1.4534872829098045e-05,1.4024062899109401e-05,2.1751201553002833e-05,5.108099299886435e-07,0.035143747100578826,1.4024062899109401e-05,0.0036627879529327074,0.0035340638505755692,0.005481302791356714,0.2532,0.800111,0,0,3.6613,0,0.0
2019-11-26,1.2420194162537585e-05,1.1025266072521712e-05,1.279222919731962e-05,1.3949280900158726e-06,0.11231128591467908,1.1025266072521712e-05,0.0031298889289594714,0.0027783670502754716,0.0032236417577245443,0.8092,0.418412,0,0,3.002,0,0.0
2019-11-27,7.854284856450713e-06,7.978708262194631e-06,7.223447030117799e-06,0.0,0.0,7.978708262194631e-06,0.00197927978382558,0.002010634482073047,0.0018203086515896855,-0.1141,0.909131,0,0,3.187,0,0.0
2019-11-29,1.2458903306707523e-05,9.880434108356396e-06,1.6250314034300275e-05,2.5784691983511276e-06,0.20695794227771316,9.880434108356396e-06,0.0031396436332902958,0.0024898693953058115,0.004095079136643669,1.4911,0.135939,0,0,3.4133,0,0.0
2019-12-02,0.00013210204775708124,0.00011989823509057964,0.00011328268972276965,1.2203812666501603e-05,0.09238170627423692,0.00011989823509057964,0.03328971603478447,0.030214355242826067,0.028547237810137953,0.6656,0.505673,0,0,4.2668,0,0.0
2019-12-03,0.00013412116251252938,0.00011167646440725627,8.10022652291965e-05,2.244469810527311e-05,0.16734643152105047,0.00011167646440725627,0.033798532953157406,0.02814246903062858,0.020412570837757518,1.2057,0.227935,0,0,3.6469,0,0.0
2019-12-04,1.5007118880970942e-05,1.4752168172236303e-05,1.229254804272621e-05,2.549507087346389e-07,0.016988650104535843,1.4752168172236303e-05,0.003781793958004677,0.0037175463794035485,0.0030977221067670048,0.1224,0.902583,0,0,2.9419,0,0.0
2019-12-05,0.00034415038737006104,0.0003249578969164161,0.00030473426977619045,1.9192490453644943e-05,0.055767743121090056,0.0003249578969164161,0.08672589761725538,0.08188939002293685,0.07679303598359999,0.4018,0.687835,0,2,9.2968,1,0.02564102564102564
2019-12-06,8.150406115214448e-05,8.146333383959172e-05,4.2240784954750256e-05,4.0727312552760425e-08,0.0004996967203516106,8.146333383959172e-05,0.020539023410340407,0.020528760127577112,0.010644677808597064,0.0036,0.997127,0,0,3.1665,0,0.0
2019-12-09,2.8967006177834747e-06,2.7745763048490032e-06,4.1045642544561744e-06,1.2212431293447148e-07,0.04215978345326424,2.7745763048490032e-06,0.0007299685556814357,0.0006991932288219488,0.0010343501921229559,0.3038,0.761317,0,0,2.8553,0,0.0
2019-12-10,2.13998873887746e-06,2.124120459137379e-06,2.6931470282263094e-06,1.586827974008101e-08,0.007415119545575381,2.124120459137379e-06,0.0005392771621971199,0.0005352783557026195,0.00067867305111303,0.0534,0.957394,0,1,4.9285,1,0.01282051282051282
2019-12-11,4.997862289543999e-06,5.52093208774493e-06,5.888591581560469e-06,0.0,0.0,5.52093208774493e-06,0.0012594612969650879,0.0013912748861117223,0.001483925078553238,-0.754,0.450823,0,0,2.0874,0,0.0
2019-12-12,0.0007565375015194019,0.0007541458069948442,0.0006886363317732758,2.3916945245576818e-06,0.0031613694186909728,0.0007541458069948442,0.19064745038288927,0.19004474336270075,0.1735363556068655,0.0228,0.981828,0,3,32.4083,1,0.038461538461538464
2019-12-13,9.567733343254116e-07,9.669893917020291e-07,7.513826938442078e-07,0.0,0.0,9.669893917020291e-07,0.0002411068802500037,0.00024368132670891135,0.00018934843884874038,-0.0769,0.938679,0,0,2.6642,0,0.0
2019-12-16,0.05663344467733297,0.04764105689159437,0.05901135577544119,0.008992387785738604,0.15878228557018967,0.04764105689159437,14.27162805868791,12.005546336681782,14.870861655411181,1.144,0.252627,0,5,400.1503,1,0.0641025641025641
2019-12-17,2.192428788803036e-07,2.4319883427058813e-07,2.8666863416075053e-07,0.0,0.0,2.4319883427058813e-07,5.524920547783651e-05,6.12861062361882e-05,7.224049580850913e-05,-0.7872,0.431142,0,0,2.546,0,0.0
2019-12-18,2.212030777469905e-09,2.361016609586144e-09,2.018632957498883e-09,0.0,0.0,2.361016609586144e-09,5.574317559224161e-07,5.949761856157083e-07,5.086955052897185e-07,-0.485,0.627647,0,0,2.4268,0,0.0
2019-12-19,0.000635328759712676,0.0006511469324908167,0.00044553294363672144,0.0,0.0,0.0006511469324908167,0.16010284744759434,0.1640890269876858,0.1122743017964538,-0.1794,0.857638,0,2,414.7706,1,0.02564102564102564
2019-12-20,1.8272710676697623e-05,1.961068148350777e-05,7.512825744886419e-06,0.0,0.0,1.961068148350777e-05,0.004604723090527801,0.004941891733843958,0.0018932320877113776,-0.5276,0.597811,0,0,2.192,0,0.0
2019-12-23,3.187044295156426e-05,3.3305632508390485e-05,1.5600708310925923e-05,0.0,0.0,3.3305632508390485e-05,0.008031351623794194,0.008393019392114402,0.003931378494353333,-0.3244,0.745601,0,0,3.4845,0,0.0
2019-12-24,2.012562446966769e-09,2.33320141822951e-09,1.1053819592472185e-09,0.0,0.0,2.33320141822951e-09,5.071657366356258e-07,5.879667573938365e-07,2.7855625373029904e-07,-1.1473,0.251263,0,0,2.6375,0,0.0
2019-12-26,2.8315504121505532e-05,2.6079062312850218e-05,1.7284271808588616e-05,2.236441808655314e-06,0.0789829388195072,2.6079062312850218e-05,0.007135507038619394,0.006571923702838255,0.004355636495764331,0.5691,0.569319,0,3,270.7781,1,0.038461538461538464
2019-12-27,5.248466726378709e-06,4.49224972122802e-06,4.178922508858301e-06,7.562170051506891e-07,0.14408338672827412,4.49224972122802e-06,0.0013226136150474347,0.001132046929749461,0.0010530884722322919,1.0381,0.299228,0,0,3.4009,0,0.0
2019-12-30,1.763333942567006e-05,1.8157044893017044e-05,2.064539290580531e-05,0.0,0.0,1.8157044893017044e-05,0.004443601535268855,0.004575575313040295,0.005202639012262938,-0.214,0.830563,0,0,2.5223,0,0.0
2019-12-31,2.2947745163803948e-05,2.736899411745381e-05,3.2528031096052624e-05,0.0,0.0,2.736899411745381e-05,0.005782831781278595,0.00689698651759836,0.00819706383620526,-1.3881,0.165102,0,0,2.7187,0,0.0
2020-01-02,5.600928971776158e-05,5.965922155238094e-05,6.517555689055975e-05,0.0,0.0,5.965922155238094e-05,0.014114341008875918,0.015034123831199996,0.016424240336421057,-0.4695,0.638704,0,0,2.4952,0,0.0
2020-01-03,0.00028414541831425056,0.00025441141230801993,0.00026785459693268214,2.9734006006230625e-05,0.10464362254366068,0.00025441141230801993,0.07160464541519114,0.06411167590162102,0.0674993584270359,0.7539,0.450888,0,0,3.6183,0,0.0
2020-01-06,9.579753119268206e-06,8.98527515483902e-06,1.0793981554098256e-05,5.944779644291858e-07,0.06205565999167813,8.98527515483902e-06,0.002414097786055588,0.0022642893390194332,0.0027200833516327605,0.4471,0.654805,0,0,3.0471,0,0.0
2020-01-07,3.276446271526875e-06,2.821208506329946e-06,2.3162360091850344e-06,4.552377651969292e-07,0.13894249700065564,2.821208506329946e-06,0.0008256644604247726,0.0007109445435951464,0.0005836914743146287,1.0011,0.316802,0,0,3.6903,0,0.0
2020-01-08,0.00010799598006317937,0.0001082505506978302,0.00015138719719208065,0.0,0.0,0.0001082505506978302,0.0272149869759212,0.02727913877585321,0.03814957369240432,-0.017,0.98645,0,1,7.335,1,0.01282051282051282
2020-01-09,6.14019463336726e-05,6.621361715919033e-05,4.474408031127738e-05,0.0,0.0,6.621361715919033e-05,0.015473290476085496,0.016685831524115964,0.0112755082384419,-0.5646,0.572351,0,0,2.0767,0,0.0
2020-01-10,2.796058996873371e-05,2.995220469726139e-05,1.4443420279636068e-05,0.0,0.0,2.995220469726139e-05,0.007046068672120895,0.007547955583709871,0.0036397419104682895,-0.5132,0.607817,0,0,3.1568,0,0.0
2020-01-13,0.0002968281551628826,0.0002394009270592129,0.00020489345119358333,5.742722810366972e-05,0.19346961166364854,0.0002394009270592129,0.07480069510104642,0.06032903361892165,0.051633149700783,1.3939,0.163346,0,1,4.8403,1,0.01282051282051282
2020-01-14,4.337209036556323e-06,4.968451463310042e-06,2.4297592500821323e-06,0.0,0.0,4.968451463310042e-06,0.0010929766772121933,0.0012520497687541305,0.0006122993310206974,-1.0486,0.294366,0,0,2.3317,0,0.0
2020-01-15,1.7434240085897638e-06,1.613913364045585e-06,1.6569811717346103e-06,1.295106445441787e-07,0.07428518227402184,1.613913364045585e-06,0.00043934285016462046,0.00040670616773948745,0.0004175592552771218,0.5352,0.592506,0,1,4.7329,1,0.01282051282051282
2020-01-16,4.725631754467466e-05,5.2043143903263996e-05,3.7798682774762794e-05,0.0,0.0,5.2043143903263996e-05,0.011908592021258015,0.013114872263622526,0.009525268059240224,-0.7298,0.465507,0,1,7.186,1,0.01282051282051282
2020-01-17,3.944792394669784e-06,3.998805139969792e-06,4.108809645202826e-06,0.0,0.0,3.998805139969792e-06,0.0009940876834567856,0.0010076988952723875,0.0010354200305911121,-0.0986,0.921417,0,0,2.174,0,0.0
2020-01-21,1.2599729137832796e-06,1.3335642560732272e-06,1.8701644601710601e-06,0.0,0.0,1.3335642560732272e-06,0.0003175131742733865,0.00033605819253045325,0.00047128144396310715,-0.4208,0.673894,0,0,2.4915,0,0.0
2020-01-22,2.850306968226116e-08,2.676378561072077e-08,2.659449321267459e-08,1.7392840715403906e-09,0.061018798049837536,2.676378561072077e-08,7.182773559929812e-06,6.7444739739016334e-06,6.701812289593996e-06,0.4396,0.660207,0,0,2.857,0,0.0
2020-01-23,6.838397451569594e-07,6.920857814478773e-07,7.848410401529989e-07,0.0,0.0,6.920857814478773e-07,0.00017232761577955376,0.0001744056169248651,0.00019777994211855573,-0.0869,0.930768,0,2,7.5006,1,0.02564102564102564
2020-01-24,6.461298429049603e-05,6.137881237974714e-05,9.145824406748509e-05,3.234171910748891e-06,0.0500545191683723,6.137881237974714e-05,0.016282472041205,0.015467460719696279,0.023047477505006242,0.3606,0.718375,0,2,5.593,1,0.02564102564102564
2020-01-27,0.0002281858788800075,0.00021051091646473997,0.00014338804564312358,1.7674962415267537e-05,0.0774586158642331,0.00021051091646473997,0.05750284147776189,0.05304875094911447,0.03613378750206714,0.5581,0.576795,0,1,5.5104,1,0.01282051282051282
2020-01-28,9.955363510331702e-05,9.331948612462184e-05,0.00014486772520370998,6.234148978695179e-06,0.06262100735552606,9.331948612462184e-05,0.02508751604603589,0.023516510503404704,0.03650666675133492,0.4512,0.651866,0,0,3.7584,0,0.0
2020-01-29,9.023269709835586e-05,7.187518085734959e-05,0.00010762349939521681,1.835751624100627e-05,0.2034463850454314,7.187518085734959e-05,0.022738639668785678,0.018112545576052096,0.02712112184759464,1.4658,0.142706,0,0,3.0718,0,0.0
2020-01-30,4.414931026891681e-05,3.987884539729962e-05,5.2462753870933215e-05,4.270464871617185e-06,0.0967277800916408,3.987884539729962e-05,0.011125626187767036,0.010049469040119505,0.01322061397547517,0.6969,0.485864,0,0,2.7566,0,0.0
2020-01-31,0.01931570970173263,0.020030477934093797,0.02147460207564093,0.0,0.0,0.020030477934093797,4.867558844836623,5.047680439391637,5.4115997230615145,-0.2666,0.78977,0,3,20.4777,1,0.038461538461538464
2020-02-03,0.00034060312932923545,0.0002966305232618264,0.00015889382162978733,4.3972606067409074e-05,0.12910217831792697,0.0002966305232618264,0.08583198859096733,0.07475089186198025,0.04004124305070641,0.9302,0.352292,0,0,2.7203,0,0.0
2020-02-04,0.0014416328862277825,0.0014444008048600965,0.0023430102071708586,0.0,0.0,0.0014444008048600965,0.3632914873294012,0.36398900282474433,0.5904385722070563,-0.0138,0.988963,0,0,3.0569,0,0.0
2020-02-05,0.4062417635162503,0.4596989403875803,0.2188563599093231,0.0,0.0,0.4596989403875803,102.37292440609508,115.84413297767024,55.15180269714942,-0.9481,0.343092,0,2,18.242,1,0.02564102564102564
2020-02-06,0.00031842501826000007,0.0003139747026731865,0.0004356677360737614,4.450315586813545e-06,0.013976023608810015,0.0003139747026731865,0.08024310460152001,0.07912162507364301,0.10978826949058787,0.1007,0.919793,0,0,3.4121,0,0.0
2020-02-07,4.546404999386271e-05,4.289643711995689e-05,5.976365120955245e-05,2.567612873905825e-06,0.056475672927879486,4.289643711995689e-05,0.011456940598453404,0.010809902154229136,0.015060440104807218,0.4069,0.684085,0,0,2.7866,0,0.0
2020-02-10,0.0025559050025413376,0.0024870091866541696,0.0031783201416052016,6.889581588716796e-05,0.026955546388347483,0.0024870091866541696,0.6440880606404171,0.6267263150368507,0.8009366756845108,0.1942,0.846012,0,2,14.2202,1,0.02564102564102564
2020-02-11,1.8841016581544367e-06,1.814644419180445e-06,1.0027495014636197e-06,6.945723897399178e-08,0.03686489091949388,1.814644419180445e-06,0.00047479361785491805,0.0004572903936334721,0.00025269287436883217,0.2656,0.790545,0,0,3.6484,0,0.0
2020-02-12,0.00018773522431941395,0.0001688898722169198,0.0001498187998968564,1.8845352102494134e-05,0.10038261104398777,0.0001688898722169198,0.04730927652849232,0.04256024779866379,0.03775433757400781,0.7232,0.469535,0,2,20.1117,1,0.02564102564102564
2020-02-13,2.131002706900541e-06,2.110999056709972e-06,1.6828048507015144e-06,2.0003650190568992e-08,0.009386961705319366,2.110999056709972e-06,0.0005370126821389364,0.000531971762290913,0.00042406682237678165,0.0676,0.946079,0,0,2.9195,0,0.0
2020-02-14,3.972221617615565e-05,3.5355895351280926e-05,3.4608753508593206e-05,4.366320824874722e-06,0.10992137738715466,3.5355895351280926e-05,0.010009998476391222,0.008909685628522793,0.008721405884165487,0.792,0.428384,0,1,8.2512,1,0.01282051282051282
2020-02-18,3.3663778439556256e-05,3.422811900115026e-05,3.0962007495455116e-05,0.0,0.0,3.422811900115026e-05,0.008483272166768177,0.008625485988289865,0.0078024258888546895,-0.1208,0.903864,0,0,2.5238,0,0.0
2020-02-19,1.999189339976643e-05,1.4459574879004452e-05,2.1585501317007195e-05,5.532318520761979e-06,0.2767280783969434,1.4459574879004452e-05,0.00503795713674114,0.003643812869509122,0.005439546331885813,1.9938,0.046178,0,1,5.0833,1,0.01282051282051282
2020-02-20,3.21690941575963e-06,3.370176945787826e-06,3.733324756608112e-06,0.0,0.0,3.370176945787826e-06,0.0008106611727714268,0.0008492845903385321,0.0009407978386652442,-0.3433,0.731398,0,0,2.3271,0,0.0
2020-02-21,0.00027569038665361547,0.00025279497239088106,0.00029431271125565845,2.2895414262734403e-05,0.08304756091641756,0.00025279497239088106,0.0694739774367111,0.06370433304250203,0.07416680323642592,0.5983,0.549613,0,3,13.8442,1,0.038461538461538464
2020-02-24,0.012387786393396555,0.012397477865706845,0.012856233989709216,0.0,0.0,0.012397477865706845,3.1217221711359318,3.124164422158125,3.239770965406722,-0.0056,0.995503,0,4,6.3837,1,0.05128205128205128
2020-02-25,0.0015937016101072073,0.0014743099833286978,0.001457745778578858,0.00011939162677850946,0.07491466780633006,0.0014743099833286978,0.40161280574701624,0.3715261157988318,0.3673519362018722,0.5397,0.589374,0,0,3.174,0,0.0
2020-02-26,1.6622013094470645e-05,1.7489095898439155e-05,1.5993810306474562e-05,0.0,0.0,1.7489095898439155e-05,0.004188747299806603,0.004407252166406667,0.004030440197231589,-0.3758,0.707039,0,0,2.3599,0,0.0
2020-02-27,0.0014581334410195441,0.0013590753447691273,0.0012274836068533821,9.905809625041688e-05,0.0679348634328141,0.0013590753447691273,0.36744962713692514,0.34248698688182005,0.30932586892705227,0.4895,0.624519,0,1,5.9693,1,0.01282051282051282
2020-02-28,1.2505245855903837e-05,1.1477038552517629e-05,1.5170341480668812e-05,1.0282073033862077e-06,0.08222207168191822,1.1477038552517629e-05,0.0031513219556877667,0.0028922137152344427,0.0038229260531285406,0.5924,0.553588,0,0,2.6023,0,0.0
2020-03-02,0.10261197794131545,0.10201645041516832,0.08023826239260817,0.0005955275261471243,0.0058036843075172685,0.10201645041516832,25.858218441211495,25.70814550462242,20.220042122937258,0.0418,0.966647,0,3,34.9891,1,0.038461538461538464
2020-03-03,0.0006908427018624111,0.0006846014473944153,0.0008636554889313207,6.2412544679957575e-06,0.009034262708625253,0.0006846014473944153,0.17409236086932758,0.17251956474339267,0.2176411832106928,0.0651,0.948102,0,0,2.5684,0,0.0
2020-03-04,0.3536807953292381,0.3019445570193843,0.40148590326135764,0.0517362383098538,0.14627946722848423,0.3019445570193843,89.12756042296799,76.09002836888483,101.17444762186213,1.0539,0.291923,0,2,62.7463,1,0.02564102564102564
2020-03-05,0.19216048537430241,0.2088196988263785,0.187938806988118,0.0,0.0,0.2088196988263785,48.42444231432421,52.62256410424738,47.36057936100573,-0.6246,0.532225,0,0,2.729,0,0.0
2020-03-06,3.3846818069017564e-05,3.268032408790346e-05,4.745081986589739e-05,1.1664939811141062e-06,0.034463917531969264,3.268032408790346e-05,0.008529398153392426,0.008235441670151672,0.011957606606206142,0.2483,0.803898,0,0,3.0415,0,0.0
2020-03-09,0.014327960128632092,0.013534920944930882,0.01927182396726175,0.0007930391837012093,0.055349064104463885,0.013534920944930882,3.610645952415287,3.4108000781225822,4.856499639749961,0.3988,0.690057,0,4,13.9803,1,0.05128205128205128
2020-03-10,0.0005314073021294207,0.0005384862788269332,0.0007060341308543106,0.0,0.0,0.0005384862788269332,0.133914640136614,0.13569854226438718,0.17792060097528628,-0.096,0.923539,0,0,2.3765,0,0.0
2020-03-11,0.0017701786603482902,0.0016626424166133332,0.0018614684416606569,0.000107536243734957,0.06074880806271271,0.0016626424166133332,0.44608502240776915,0.41898588898656,0.4690900472984855,0.4377,0.661617,0,0,4.492,0,0.0
2020-03-12,0.02671685839232059,0.02383181887600343,0.0231869074097465,0.002885039516317158,0.10798573222360752,0.02383181887600343,6.732648314864789,6.005618356752865,5.843100667256118,0.778,0.436561,0,0,4.4413,0,0.0
2020-03-13,0.06718536474170175,0.061595592118385126,0.0903629566301238,0.005589772623316627,0.0831992599091134,0.061595592118385126,16.93071191490884,15.522089213833052,22.771465070791198,0.5994,0.548884,0,0,3.9465,0,0.0
2020-03-16,0.4009824689822813,0.404969786610632,0.29880125425605075,0.0,0.0,0.404969786610632,101.04758218353489,102.05238622587926,75.29791607252479,-0.0716,0.942886,0,0,4.2499,0,0.0
2020-03-17,0.012108503637889347,0.013384510672302119,0.0070712699895837654,0.0,0.0,0.013384510672302119,3.051342916748115,3.372896689420134,1.781960037375109,-0.7592,0.447704,0,0,2.7949,0,0.0
2020-03-18,1.875979601335143,1.7548169100909339,1.5869358564507345,0.1211626912442092,0.06458635859255217,1.7548169100909339,472.74685953645604,442.2138613429153,399.9078358255851,0.4653,0.641695,0,5,7.8328,1,0.0641025641025641
2020-03-19,5.269053184761769e-06,5.506753655622324e-06,4.396954876749402e-06,0.0,0.0,5.506753655622324e-06,0.0013278014025599656,0.0013877019212168256,0.0011080326289408494,-0.325,0.745161,0,0,2.759,0,0.0
2020-03-20,0.003157477196528376,0.003221440067199596,0.004622338849865588,0.0,0.0,0.003221440067199596,0.7956842535251508,0.8118028969342982,1.1648293901661282,-0.146,0.88396,0,3,38.7027,1,0.038461538461538464
2020-03-23,0.0057483685902297455,0.00587596415831852,0.0031367909210332245,0.0,0.0,0.00587596415831852,1.4485888847378958,1.480742967896267,0.7904713121003726,-0.1599,0.872941,0,0,3.968,0,0.0
2020-03-24,0.13762190258264095,0.15921346367973382,0.081926078955746,0.0,0.0,0.15921346367973382,34.68071945082552,40.12179284729292,20.64537189684799,-1.1304,0.258324,0,1,7.4104,1,0.01282051282051282
2020-03-25,0.0006695691804329233,0.000620383453912745,0.0005649216799958432,4.918572652017831e-05,0.07345876704617367,0.000620383453912745,0.1687314334690967,0.15633663038601175,0.1423602633589525,0.5293,0.596629,0,0,2.592,0,0.0
2020-03-26,0.0015879403081440556,0.0017069468086968946,0.0012572542184379443,0.0,0.0,0.0017069468086968946,0.400160957652302,0.43015059579161746,0.31682806304636196,-0.54,0.589228,0,0,2.6421,0,0.0
2020-03-27,0.0027133782250410416,0.002209343374697202,0.004649559293485324,0.0005040348503438396,0.18575915642960414,0.002209343374697202,0.6837713127103425,0.5567545304236949,1.1716889419583016,1.3384,0.180781,0,0,3.5151,0,0.0
2020-03-30,0.057648013452549184,0.057952938302291875,0.07161337050596615,0.0,0.0,0.057952938302291875,14.527299390042394,14.604140452177552,18.04656936750347,-0.0381,0.969601,0,1,7.1027,1,0.01282051282051282
2020-03-31,0.00021029162009129332,0.00016541215627653935,0.00015135302139734842,4.487946381475397e-05,0.21341536853373044,0.00016541215627653935,0.052993488263005914,0.04168386338168792,0.0381409613921318,1.5376,0.124144,0,0,3.2475,0,0.0
2020-04-01,0.0039129047463418816,0.003517393057136998,0.0027387016762369923,0.00039551168920488357,0.10107879305612101,0.003517393057136998,0.9860519960781542,0.8863830503985235,0.690152822411722,0.7283,0.46646,0,3,7.2334,1,0.038461538461538464
2020-04-02,0.0001533639131578794,0.0001664083560172761,0.0001683598695851432,0.0,0.0,0.0001664083560172761,0.03864770611578561,0.041934905716353575,0.04242668713545609,-0.6128,0.540004,0,0,2.7061,0,0.0
2020-04-03,0.0007475474042976195,0.0007158168893036708,0.0006266871269370031,3.173051499394863e-05,0.04244615762035296,0.0007158168893036708,0.1883819458830001,0.18038585610452504,0.1579251559881248,0.3058,0.759745,0,0,3.5647,0,0.0
2020-04-06,0.0011619580522133854,0.0011873556515858126,0.0009641815959525332,0.0,0.0,0.0011873556515858126,0.2928134291577731,0.2992136241996248,0.24297376218003838,-0.1575,0.874867,0,0,3.5927,0,0.0
2020-04-07,4.812184679966831e-07,4.837583992609265e-07,4.940225714109766e-07,0.0,0.0,4.837583992609265e-07,0.00012126705393516416,0.00012190711661375348,0.0001244936879955661,-0.038,0.969666,0,0,4.1297,0,0.0
2020-04-08,0.0003441619266783199,0.00032157747575299985,0.0005698304948679982,2.258445092532006e-05,0.065621584228309,0.00032157747575299985,0.08672880552293662,0.08103752388975596,0.14359728470673552,0.4728,0.636363,0,3,21.9009,1,0.038461538461538464
2020-04-09,0.0004997351266861708,0.00043524076725574005,0.0005044731817881946,6.44943594304308e-05,0.1290570861589155,0.00043524076725574005,0.12593325192491506,0.10968067334844649,0.12712724181062504,0.9298,0.35246,0,0,3.7062,0,0.0
2020-04-13,8.582572050358564e-05,8.822953451969788e-05,6.173715394855565e-05,0.0,0.0,8.822953451969788e-05,0.02162808156690358,0.022233842698963866,0.015557762795036024,-0.2018,0.840079,0,0,2.4867,0,0.0
2020-04-14,0.0006384510973957711,0.0006093333378190108,0.0007817443494553247,2.9117759576760267e-05,0.04560687521710611,0.0006093333378190108,0.16088967654373432,0.15355200113039072,0.19699957606274182,0.3286,0.742467,0,0,3.5478,0,0.0
2020-04-15,0.0003538835374583351,0.0003755268586175678,0.0003007594845387791,0.0,0.0,0.0003755268586175678,0.08917865143950045,0.09463276837162708,0.07579139010377234,-0.4406,0.659473,0,0,3.1105,0,0.0
2020-04-16,0.00031649720924691006,0.0003049202549404321,0.0002460401058577288,1.1576954306477983e-05,0.03657837709674096,0.0003049202549404321,0.07975729673022133,0.07683990424498888,0.06200210667614765,0.2635,0.792135,0,0,3.0118,0,0.0
2020-04-17,0.0005827564000470537,0.0006458753816660145,0.0005963395571604762,0.0,0.0,0.0006458753816660145,0.14685461281185752,0.16276059617983565,0.15027756840443998,-0.7804,0.43518,0,0,2.5295,0,0.0
2020-04-20,0.0007583338635572245,0.0007174666159775468,0.000745066607184769,4.0867247579677666e-05,0.05389083817790362,0.0007174666159775468,0.19110013361642056,0.1808015872263418,0.18775678501056178,0.3883,0.697815,0,0,2.8522,0,0.0
2020-04-21,0.00045610103781141745,0.00041239453188341606,0.0006458773990442924,4.370650592800139e-05,0.09582636786335531,0.00041239453188341606,0.1149374615284772,0.10392342203462085,0.16276110455916168,0.6904,0.489937,0,0,3.5586,0,0.0
2020-04-22,0.0017107817911823822,0.0014978525755862707,0.0025422131036754387,0.00021292921559611143,0.12446310603088975,0.0014978525755862707,0.4311170113779603,0.37745884904774024,0.6406377021262105,0.8967,0.369863,0,0,3.2992,0,0.0
2020-04-23,9.193815668718688e-09,9.261749812452754e-09,7.796864094116493e-09,0.0,0.0,9.261749812452754e-09,2.3168415485171093e-06,2.333960952738094e-06,1.964809751717356e-06,-0.0532,0.957548,0,0,2.7334,0,0.0
2020-04-24,0.0001277226170479102,0.00012327935212265906,0.00014776303348957564,4.443264925251141e-06,0.03478839529882188,0.00012327935212265906,0.03218609949607337,0.031066396734910084,0.03723628443937306,0.2506,0.80209,0,3,112.0433,1,0.038461538461538464
2020-04-27,0.04264579503362381,0.03995115732228084,0.08546976968748854,0.0026946377113429704,0.06318648085128237,0.03995115732228084,10.746740348473201,10.067691645214772,21.53838196124711,0.4552,0.648933,0,2,12.3103,1,0.02564102564102564
2020-04-28,0.00018299366742779966,0.00019472497708837507,0.00017457738662011714,0.0,0.0,0.00019472497708837507,0.046114404191805514,0.049070694226270514,0.04399350142826952,-0.4619,0.644166,0,0,2.3589,0,0.0
2020-04-29,0.0007309432756050853,0.0007797231856720471,0.0006467022867850655,0.0,0.0,0.0007797231856720471,0.18419770545248149,0.19649024278935587,0.1629689762698365,-0.4808,0.630648,0,0,3.8375,0,0.0
2020-04-30,5.5336399304157034e-05,5.322155823105036e-05,4.420044743178562e-05,2.114841073106676e-06,0.03821790108287551,5.322155823105036e-05,0.013944772624647573,0.01341183267422469,0.011138512752809977,0.2754,0.783046,0,0,4.2214,0,0.0
2020-05-01,8.42878359337632e-05,7.815686282419871e-05,0.00014499731222835657,6.130973109564483e-06,0.07273852708288683,7.815686282419871e-05,0.021240534655308327,0.019695529431698076,0.036539322681545854,0.5241,0.600233,0,0,2.9062,0,0.0
2020-05-04,0.000114769318238877,0.00011957680754338418,9.998754014361146e-05,0.0,0.0,0.00011957680754338418,0.028921868196197003,0.030133355500932813,0.025196860116190087,-0.3018,0.762808,0,0,2.9089,0,0.0
2020-05-05,0.0001214935843244766,0.00012142942686294548,0.00014109789512402088,6.415746153112345e-08,0.000528072830839391,0.00012142942686294548,0.030616383249768106,0.030600215569462262,0.03555666957125326,0.0038,0.996964,0,0,2.1137,0,0.0
2020-05-06,0.00018540069431004306,0.0001934486793871341,0.00017753465636315726,0.0,0.0,0.0001934486793871341,0.046720974966130854,0.04874906720555779,0.04473873340351563,-0.3127,0.754471,0,0,3.2783,0,0.0
2020-05-07,3.069249838065926e-05,3.0368502627664856e-05,3.0269155946119063e-05,3.2399575299440613e-07,0.010556186675320763,3.0368502627664856e-05,0.007734509591926134,0.007652862662171544,0.0076278272984220035,0.0761,0.939375,0,0,3.2186,0,0.0
2020-05-08,0.000123037289217435,0.0001261046283494081,0.00015404121928009443,0.0,0.0,0.0001261046283494081,0.031005396882793617,0.031778366344050846,0.038818387258583796,-0.1796,0.857454,0,0,4.1499,0,0.0
2020-05-11,1.515848168615285e-07,1.456997775213279e-07,1.2147585110965878e-07,5.885039340200604e-09,0.038823152865129225,1.456997775213279e-07,3.819937384910518e-05,3.671634393537463e-05,3.061191447963401e-05,0.2797,0.779698,0,0,2.7851,0,0.0
2020-05-12,0.0027220104637748935,0.0023604425864542124,0.003116311821325402,0.0003615678773206811,0.1328311856253581,0.0023604425864542124,0.6859466368712731,0.5948315317864615,0.7853105789740012,0.957,0.338557,0,3,90.8635,1,0.038461538461538464
2020-05-13,0.0007496193648183497,0.0007098267781640977,0.000632445081317615,3.979258665425195e-05,0.05308372284487462,0.0007098267781640977,0.18890407993422412,0.17887634809735262,0.15937616049203898,0.3825,0.702123,0,0,3.1283,0,0.0
2020-05-14,0.00010678571200008679,0.00010076084477518557,0.0001261350290834421,6.02486722490122e-06,0.056420161982683244,0.00010076084477518557,0.02690999942402187,0.025391732883346764,0.03178602732902741,0.4065,0.684379,0,0,2.4904,0,0.0
2020-05-15,0.004474539976236199,0.004411429167495542,0.0031097099779202574,6.311080874065681e-05,0.014104423932231493,0.004411429167495542,1.1275840740115222,1.1116801502088767,0.7836469144359048,0.1016,0.919059,0,2,9.8825,1,0.02564102564102564
2020-05-18,0.0009595206613301554,0.0009276802006617498,0.0015264293188908854,3.184046066840565e-05,0.03318371549298629,0.0009276802006617498,0.24179920665519916,0.23377541056676093,0.38466018836050314,0.2391,0.811042,0,0,2.2673,0,0.0
2020-05-19,0.00026038256626560084,0.0002509315333637497,0.0002233298493583244,9.451032901851167e-06,0.03629671909721486,0.0002509315333637497,0.06561640669893141,0.06323474640766492,0.05627912203829775,0.2615,0.793699,0,0,4.5189,0,0.0
2020-05-20,0.001915025035579689,0.0019972606558195296,0.001175131173629006,0.0,0.0,0.0019972606558195296,0.4825863089660816,0.5033096852665214,0.2961330557545095,-0.3094,0.757025,0,1,8.7279,1,0.01282051282051282
2020-05-21,0.0002535424477142914,0.00023434104272293527,0.0001768573200550258,1.9201404991356147e-05,0.07573250589290306,0.00023434104272293527,0.06389269682400144,0.05905394276617969,0.0445680446538665,0.5456,0.585316,0,0,2.7751,0,0.0
2020-05-22,5.601312729296702e-06,5.055855369494686e-06,6.670985812066016e-06,5.454573598020158e-07,0.09738025509071122,5.055855369494686e-06,0.0014115308077827689,0.0012740755531126609,0.001681088424640636,0.7016,0.482926,0,0,2.6752,0,0.0
2020-05-26,0.0005191661285609907,0.0005260863005225235,0.0008973913928686865,0.0,0.0,0.0005260863005225235,0.13082986439736966,0.1325737477316759,0.226142631002909,-0.096,0.923492,0,2,8.4587,1,0.02564102564102564
2020-05-27,0.00026021576221225116,0.0002648483557877667,0.00027378883537289457,0.0,0.0,0.0002648483557877667,0.06557437207748729,0.06674178565851721,0.06899478651396944,-0.1283,0.897938,0,0,3.1662,0,0.0
2020-05-28,4.929264741630612e-05,4.5253455057023464e-05,4.063054515766625e-05,4.039192359282657e-06,0.08194309879983,4.5253455057023464e-05,0.012421747148909142,0.011403870674369912,0.010238897379731896,0.5904,0.554934,0,0,2.6267,0,0.0
2020-05-29,9.48293621236507e-06,1.0061612248303668e-05,1.0342647024823099e-05,0.0,0.0,1.0061612248303668e-05,0.0023896999255159975,0.002535526286572524,0.0026063470502554207,-0.4397,0.660186,0,0,2.4674,0,0.0
2020-06-01,1.8262123964383262e-05,1.8094820040172028e-05,2.048560550615395e-05,1.6730392421123426e-07,0.009161251745759498,1.8094820040172028e-05,0.004602055239024582,0.004559894650123351,0.0051623725875507955,0.066,0.947374,0,0,3.0348,0,0.0
2020-06-02,0.004205308323195856,0.003957385710182312,0.002610861202542881,0.0002479226130135438,0.05895468153597319,0.003957385710182312,1.0597376974453556,0.9972611989659427,0.6579370230408059,0.4248,0.671015,0,4,27.5129,1,0.05128205128205128
2020-06-03,0.0003734492751536326,0.00030704261633721883,0.00039103453455687377,6.640665881641378e-05,0.17781975506921285,0.00030704261633721883,0.09410921733871541,0.07737473931697915,0.09854070270833219,1.2812,0.20014,0,0,3.2847,0,0.0
2020-06-04,1.6656468846296667e-06,1.4181355095200812e-06,2.2307834247379325e-06,2.4751137510958556e-07,0.14859765824072488,1.4181355095200812e-06,0.00041974301492667603,0.00035737014839906043,0.000562157423033959,1.0706,0.284343,0,0,2.8982,0,0.0
2020-06-05,0.0006666503565540716,0.0005424311169892638,0.000648988832473715,0.00012421923956480784,0.18633341774624712,0.0005424311169892638,0.16799588985162606,0.13669264148129448,0.16354518578337618,1.3425,0.179436,0,3,15.2346,1,0.038461538461538464
2020-06-08,0.00043823288956684796,0.000426463068612995,0.00032477366218477445,1.1769820953852982e-05,0.02685745686187289,0.000426463068612995,0.11043468817084569,0.10746869329047473,0.08184296287056317,0.1935,0.846566,0,0,2.8548,0,0.0
2020-06-09,0.0005736406833793169,0.0005410656698614135,0.00035257467504399767,3.257501351790345e-05,0.05678644211428245,0.0005410656698614135,0.14455745221158786,0.1363485488050762,0.08884881811108741,0.4091,0.682441,0,0,4.3485,0,0.0
2020-06-10,0.0002205642662968382,0.00018845406153992076,0.00020683680213215322,3.211020475691744e-05,0.14558207977406928,0.00018845406153992076,0.05558219510680323,0.047490423508060035,0.05212287413730261,1.0489,0.29423,0,0,3.2545,0,0.0
2020-06-11,0.03633053608629165,0.034756546944355426,0.04742602733055386,0.0015739891419362245,0.04332413752867255,0.034756546944355426,9.155295093745496,8.758649829977568,11.951358887299572,0.3121,0.754933,0,3,15.6009,1,0.038461538461538464
2020-06-12,7.50216268326145e-05,7.503347942225749e-05,5.526123843348151e-05,0.0,0.0,7.503347942225749e-05,0.018905449961818855,0.018908436814408888,0.01392583208523734,-0.0011,0.999092,0,0,2.504,0,0.0
2020-06-15,0.00011744877038555013,0.00010785468368925542,0.00013106301023069178,9.594086696294705e-06,0.0816874164209016,0.00010785468368925542,0.02959709013715863,0.027179380289692367,0.03302787857813433,0.5885,0.55617,0,0,2.8419,0,0.0
2020-06-16,0.00301778788584108,0.0026251900044867932,0.0021426090091134086,0.0003925978813542866,0.13009459116268277,0.0026251900044867932,0.7604825472319521,0.6615478811306719,0.5399374702965789,0.9373,0.348602,0,2,8.435,1,0.02564102564102564
2020-06-17,0.10242365714806251,0.10570705040608404,0.09459076518023803,0.0,0.0,0.10570705040608404,25.810761601311754,26.638176702333176,23.83687282541998,-0.231,0.817343,0,2,5.9287,1,0.02564102564102564
2020-06-18,4.843299483486151e-08,4.2333284264283535e-08,6.206288180534675e-08,6.0997105705779785e-09,0.12593862206442585,4.2333284264283535e-08,1.2205114698385102e-05,1.066798763459945e-05,1.563984621494738e-05,0.9074,0.364216,0,1,6.0542,1,0.01282051282051282
2020-06-19,0.0005278094745612072,0.0005139412145137751,0.0006296626717748234,1.3868260047432152e-05,0.026275125191123867,0.0005139412145137751,0.13300798758942423,0.12951318605747134,0.15867499328725548,0.1893,0.849853,0,4,110.2327,1,0.05128205128205128
2020-06-22,0.000164034618133419,0.00017334325057634882,0.0001291607779549088,0.0,0.0,0.00017334325057634882,0.04133672376962159,0.0436824991452399,0.032548516044637016,-0.4089,0.682645,0,0,3.4082,0,0.0
2020-06-23,0.007742556326990635,0.007288028887712973,0.00591351389307569,0.00045452743927766256,0.05870508654027738,0.007288028887712973,1.9511241944016402,1.8365832797036692,1.4902055010550739,0.423,0.672326,0,0,4.2592,0,0.0
2020-06-24,3.118397574853909,3.065264094608116,4.260548662521121,0.053133480245792786,0.017038712662629282,3.065264094608116,785.836188863185,772.4465518412452,1073.6582629553225,0.1228,0.902297,0,2,38.7657,1,0.02564102564102564
2020-06-25,4.361107860618225e-05,4.079541294276971e-05,5.355586718755743e-05,2.8156656634125403e-06,0.06456308096104539,4.079541294276971e-05,0.010989991808757928,0.010280444061577968,0.013496078531264473,0.4652,0.641815,0,0,2.9278,0,0.0
2020-06-26,0.0005482303648364214,0.0006064637923344606,0.00046478787423469774,0.0,0.0,0.0006064637923344606,0.1381540519387782,0.15282887566828407,0.11712654430714384,-0.7653,0.444094,0,1,8.7404,1,0.01282051282051282
2020-06-29,0.00021146481959857287,0.00017528313662451575,0.0001606352589794976,3.618168297405712e-05,0.17110024670600602,0.00017528313662451575,0.05328913453884036,0.04417135042937797,0.0404800852628334,1.2327,0.217673,0,0,3.9148,0,0.0
2020-06-30,6.388630549410243e-05,6.271448304722579e-05,6.291356934952648e-05,1.1718224468766408e-06,0.018342310131590028,6.271448304722579e-05,0.016099348984513814,0.0158040497279009,0.015854219476080674,0.1322,0.894864,0,0,3.7379,0,0.0
2020-07-01,8.78624789398802e-05,9.243008982396425e-05,9.192448230477584e-05,0.0,0.0,9.243008982396425e-05,0.02214134469284981,0.02329238263563899,0.02316496954080351,-0.3745,0.707997,0,0,3.0039,0,0.0
2020-07-02,5.011198172441154e-05,5.58434497886781e-05,4.3644854712808265e-05,0.0,0.0,5.58434497886781e-05,0.012628219394551707,0.014072549346746881,0.010998503387627683,-0.824,0.40992,0,0,3.023,0,0.0
2020-07-06,0.002724358422715458,0.0023429566350893034,0.0020630090808953223,0.0003814017876261548,0.13999691975404693,0.0023429566350893034,0.6865383225242955,0.5904250720425045,0.5198782883856212,1.0086,0.313144,0,2,11.8448,1,0.02564102564102564
2020-07-07,0.00013528244973658922,0.00015398636778313373,0.0001380724869806669,0.0,0.0,0.00015398636778313373,0.034091177333620486,0.0388045646813497,0.03479426671912806,-0.9961,0.319191,0,0,1.9033,0,0.0
2020-07-08,0.00020123336250376712,0.00022628817155866633,0.00016968147779788234,0.0,0.0,0.00022628817155866633,0.050710807350949315,0.057024619232783916,0.04275973240506635,-0.897,0.369697,0,0,3.6874,0,0.0
2020-07-09,0.0012143460744649284,0.0013420971112177373,0.001012522894307502,0.0,0.0,0.0013420971112177373,0.30601521076516197,0.33820847202686977,0.2551557693654905,-0.758,0.448478,0,1,5.3493,1,0.01282051282051282
2020-07-10,0.00010480882635098177,8.781823793076873e-05,9.366714763803307e-05,1.699058842021304e-05,0.16211028068576022,8.781823793076873e-05,0.026411824240447405,0.02213019595855372,0.023604121204784334,1.168,0.242819,0,0,3.2825,0,0.0
2020-07-13,2.2992344571475668e-05,2.4088356132558485e-05,1.9126838392399504e-05,0.0,0.0,2.4088356132558485e-05,0.005794070832011868,0.006070265745404738,0.004819963274884675,-0.3434,0.731266,0,0,2.6517,0,0.0
2020-07-14,0.0005167957034612813,0.00047189685413804786,0.00044641674450605255,4.489884932323346e-05,0.08687930053528012,0.00047189685413804786,0.1302325172722429,0.11891800724278806,0.11249701961552525,0.6259,0.53135,0,1,10.4313,1,0.01282051282051282
2020-07-15,5.034575392635821e-05,4.757979593709725e-05,7.7949864213469e-05,2.7659579892609626e-06,0.05493924946217982,4.757979593709725e-05,0.01268712998944227,0.011990108576148507,0.019643365781794188,0.3958,0.692234,0,0,2.0048,0,0.0
2020-07-16,4.043357643332098e-06,4.138590439191597e-06,5.54151801163763e-06,0.0,0.0,4.138590439191597e-06,0.0010189261261196886,0.0010429247906762825,0.0013964625389326828,-0.1697,0.865251,0,0,2.059,0,0.0
2020-07-17,7.062782379248522e-05,8.219683042247986e-05,0.00011976720250820905,0.0,0.0,8.219683042247986e-05,0.017798211595706277,0.020713601266464925,0.03018133503206868,-1.1802,0.237936,0,1,4.9316,1,0.01282051282051282
2020-07-20,2.5522714964525596e-05,2.2924177421496046e-05,3.359149244263171e-05,2.5985375430295497e-06,0.10181273602077835,2.2924177421496046e-05,0.00643172417106045,0.005776892710217004,0.00846505609554319,0.7335,0.46323,0,0,3.1278,0,0.0
2020-07-21,2.660163253121339e-06,2.8094441576238564e-06,2.475301218185713e-06,0.0,0.0,2.8094441576238564e-06,0.0006703611397865775,0.0007079799277212118,0.0006237759069827997,-0.4043,0.685983,0,0,2.9625,0,0.0
2020-07-22,0.00010674587463296329,9.698061233938891e-05,8.36453501047877e-05,9.765262293574378e-06,0.09148140137190322,9.698061233938891e-05,0.026899960407506748,0.024439114309526003,0.021078628226406503,0.6591,0.509829,0,2,10.1691,1,0.02564102564102564
2020-07-23,0.0002087483395857893,0.00021251410511674245,0.00014977124484278766,0.0,0.0,0.00021251410511674245,0.052604581575618904,0.0535535544894191,0.03774235370038249,-0.13,0.896588,0,0,3.0312,0,0.0
2020-07-24,0.0008205582311002866,0.0009451665130550734,0.0004787554092836976,0.0,0.0,0.0009451665130550734,0.20678067423727223,0.23818196128987848,0.1206463631394918,-1.0941,0.273909,0,0,3.0261,0,0.0
2020-07-27,0.00022563957066683787,0.00024165661615935076,0.00027454848979009835,0.0,0.0,0.00024165661615935076,0.05686117180804314,0.06089746727215639,0.06918621942710479,-0.5114,0.609048,0,0,2.4105,0,0.0
2020-07-28,0.0004547922103311615,0.00043543907654128105,0.0003362865771295222,1.9353133789880436e-05,0.04255379337573628,0.00043543907654128105,0.1146076370034527,0.10973064728840283,0.0847442174366396,0.3066,0.759155,0,0,2.8414,0,0.0
2020-07-29,0.00024530895051782083,0.00023791285139661487,0.000286265951495159,7.396099121205962e-06,0.030150139550323998,0.00023791285139661487,0.06181785553049085,0.05995403855194695,0.07213901977678007,0.2172,0.828033,0,0,3.3413,0,0.0
2020-07-30,1.0416589849542797e-05,9.471791579816428e-06,7.716897816847223e-06,9.447982697263691e-07,0.09070129405801113,9.471791579816428e-06,0.002624980642084785,0.00238689147811374,0.0019446582498455001,0.6535,0.513445,0,0,3.3267,0,0.0
2020-07-31,0.001943035606083924,0.0022064955171885964,0.0012144263556324623,0.0,0.0,0.0022064955171885964,0.48964497273314883,0.5560368703315263,0.3060354416193805,-0.9769,0.328613,0,3,15.12,1,0.038461538461538464
2020-08-03,0.0005052510533761047,0.0004897834018004623,0.000533097554036974,1.546765157564242e-05,0.03061379375990065,0.0004897834018004623,0.12732326545077838,0.1234254172537165,0.13434058361731746,0.2206,0.825431,0,0,2.8363,0,0.0
2020-08-04,9.892879121068382e-05,9.40721981482438e-05,0.00011009544776885485,4.856593062440014e-06,0.049091805872825835,9.40721981482438e-05,0.024930055385092322,0.023706193933357437,0.027744052837751422,0.3537,0.723567,0,0,3.1516,0,0.0
2020-08-05,2.781110275631011e-05,2.5467596030608276e-05,3.04883748503531e-05,2.3435067257018323e-06,0.08426514626087467,2.5467596030608276e-05,0.007008397894590147,0.006417834199713286,0.007683070462288981,0.6071,0.543776,0,0,3.1694,0,0.0
2020-08-06,2.5123569652694732e-05,2.2640882411652096e-05,2.93848895605321e-05,2.482687241042636e-06,0.0988190442896438,2.2640882411652096e-05,0.006331139552479072,0.005705502367736328,0.007404992169254089,0.712,0.476483,0,0,3.32,0,0.0
2020-08-07,1.989232153274889e-06,2.2598694903463884e-06,3.11565575287829e-06,0.0,0.0,2.2598694903463884e-06,0.000501286502625272,0.0005694871115672898,0.0007851452497253291,-0.9802,0.326978,0,0,4.0265,0,0.0
2020-08-10,4.482309770417799e-05,3.9555261929545534e-05,4.173961655477969e-05,5.267835774632453e-06,0.11752502452806626,3.9555261929545534e-05,0.011295420621452853,0.009967926006245475,0.010518383371804482,0.8467,0.397139,0,1,6.059,1,0.01282051282051282
2020-08-11,0.0005282419769745705,0.0005604507190985755,0.00042851542401714445,0.0,0.0,0.0005604507190985755,0.13311697819759177,0.14123358121284102,0.1079858868523204,-0.4393,0.660444,0,1,5.7026,1,0.01282051282051282
2020-08-12,0.00047995494651415855,0.0005004911550405634,0.00031965879409981906,0.0,0.0,0.0005004911550405634,0.12094864652156795,0.126123771070222,0.08055401611315441,-0.3083,0.757872,0,0,2.8362,0,0.0
2020-08-13,5.683903328055674e-06,5.78870091907477e-06,4.582614648337629e-06,0.0,0.0,5.78870091907477e-06,0.0014323436386700298,0.001458752631606842,0.0011548188913810824,-0.1328,0.894321,0,0,2.9714,0,0.0
2020-08-14,8.328314904709008e-10,7.004818961845751e-10,4.896228762319469e-10,1.3234959428632575e-10,0.15872462937515372,7.004818961845751e-10,2.09873535598667e-07,1.7652143783851293e-07,1.2338496481045062e-07,1.1436,0.252799,0,0,2.7092,0,0.0
2020-08-17,1.853983773786417e-06,1.6555094573758558e-06,2.584116655474242e-06,1.984743164105612e-07,0.10705282978414896,1.6555094573758558e-06,0.0004672039109941771,0.00041718838325871565,0.000651197397179509,0.7713,0.440534,0,3,31.0557,1,0.038461538461538464
2020-08-18,8.546844917080264e-07,8.950894264092631e-07,9.496803226011812e-07,0.0,0.0,8.950894264092631e-07,0.00021538049191042265,0.0002255625354551343,0.00023931944129549767,-0.3406,0.733402,0,0,2.8992,0,0.0
2020-08-19,4.584625041199871e-05,4.827253304729242e-05,6.19525187435689e-05,0.0,0.0,4.827253304729242e-05,0.011553255103823674,0.01216467832791769,0.015612034723379362,-0.3813,0.702986,0,2,14.3575,1,0.02564102564102564
2020-08-20,3.096832923832947e-06,2.9182965728972374e-06,3.844806597879679e-06,1.7853635093570968e-07,0.05765125135116561,2.9182965728972374e-06,0.0007804018968059027,0.0007354107363701038,0.0009688912626656792,0.4154,0.677875,0,0,3.0162,0,0.0
2020-08-21,8.865045466412005e-06,9.667061779638831e-06,8.025162730128116e-06,0.0,0.0,9.667061779638831e-06,0.002233991457535825,0.0024360995684689856,0.002022341007992285,-0.6518,0.514522,0,0,3.2918,0,0.0
2020-08-24,2.7382256875760104e-05,2.5374054279153422e-05,3.090347697545334e-05,2.0082025966066816e-06,0.07333955460204854,2.5374054279153422e-05,0.006900328732691546,0.006394261678346663,0.007787676197814242,0.5284,0.597225,0,0,2.6945,0,0.0
2020-08-25,4.413851027321602e-06,4.6671840617092246e-06,2.948330803105239e-06,0.0,0.0,4.6671840617092246e-06,0.0011122904588850436,0.0011761303835507247,0.0007429793623825202,-0.4135,0.679227,0,0,2.214,0,0.0
2020-08-26,1.9729678950684083e-05,1.9423526091647117e-05,4.190809573010583e-05,3.061528590369653e-07,0.0155173758419913,1.9423526091647117e-05,0.004971879095572389,0.004894728575095073,0.010560840123986668,0.1118,0.910983,0,0,3.378,0,0.0
2020-08-27,1.1582771861165358e-05,1.2573339327964447e-05,7.610780860197022e-06,0.0,0.0,1.2573339327964447e-05,0.00291885850901367,0.0031684815106470406,0.0019179167767696494,-0.6162,0.53779,0,0,2.3305,0,0.0
2020-08-28,3.2161848925560497e-05,3.3704389165291566e-05,4.663299288188759e-05,0.0,0.0,3.3704389165291566e-05,0.008104785929241244,0.008493506069653475,0.011751514206235674,-0.3456,0.729678,0,0,2.9519,0,0.0
2020-08-31,1.0777029283847015e-05,1.16968888186014e-05,9.721342963322129e-06,0.0,0.0,1.16968888186014e-05,0.0027158113795294476,0.002947615982287553,0.0024497784267571766,-0.615,0.538584,0,0,3.0802,0,0.0
2020-09-01,0.001314711937934058,0.0012254827006868921,0.0006086843027299334,8.922923724716584e-05,0.06786980068007226,0.0012254827006868921,0.3313074083593826,0.3088216405730968,0.1533884442879432,0.489,0.624851,0,3,19.5267,1,0.038461538461538464
2020-09-02,0.0006588083263106954,0.0006233645218587175,0.0003524040606765803,3.5443804451977816e-05,0.05379987316897172,0.0006233645218587175,0.16601969823029522,0.15708785950839682,0.08880582329049824,0.3876,0.6983,0,0,2.5425,0,0.0
2020-09-03,0.00010764935345397134,0.00010079757298472097,0.00025008333180346937,6.851780469250377e-06,0.06364906230979823,0.00010079757298472097,0.02712763707040078,0.025400988392149684,0.06302099961447429,0.4586,0.646537,0,0,3.4994,0,0.0
2020-09-04,1.4799561749188334e-05,1.50071339962093e-05,1.352653323334304e-05,0.0,0.0,1.50071339962093e-05,0.0037294895607954603,0.003781797767044743,0.003408686374802446,-0.1011,0.91951,0,0,2.7186,0,0.0
2020-09-08,0.019696391369878052,0.01725549111629962,0.02733971571303181,0.002440900253578432,0.12392626687888657,0.01725549111629962,4.963490625209269,4.348383761307504,6.889608359684017,0.8929,0.371931,0,3,61.3926,1,0.038461538461538464
2020-09-09,0.0004490470013829573,0.0004347773704426939,0.0003418834284257438,1.4269630940263382e-05,0.031777588681226564,0.0004347773704426939,0.11315984434850523,0.10956389735155886,0.08615462396328744,0.229,0.818907,0,0,2.7221,0,0.0
2020-09-10,0.0018169669767198432,0.001891116341816117,0.0014132254155248213,0.0,0.0,0.001891116341816117,0.45787567813340047,0.4765613181376615,0.35613280471225495,-0.294,0.76874,0,0,4.2611,0,0.0
2020-09-11,1.0669247061447075e-05,1.0299479508595322e-05,7.010467654983724e-06,3.697675528517529e-07,0.03465732080856701,1.0299479508595322e-05,0.002688650259484663,0.002595468836166021,0.0017666378490558984,0.2497,0.80282,0,0,2.2906,0,0.0
2020-09-14,6.770583705889074e-05,7.729851433996398e-05,5.86103702128802e-05,0.0,0.0,7.729851433996398e-05,0.017061870938840467,0.019479225613670922,0.01476981329364581,-1.0208,0.307356,0,0,3.5517,0,0.0
2020-09-15,6.724107304691811e-05,6.663717179414855e-05,8.336098422519944e-05,6.039012527695652e-07,0.008981136326706905,6.663717179414855e-05,0.016944750407823363,0.016792567292125433,0.021006968024750258,0.0647,0.948407,0,0,2.7066,0,0.0
2020-09-16,8.272170062172892e-05,8.837023997482252e-05,7.315293057879681e-05,0.0,0.0,8.837023997482252e-05,0.020845868556675688,0.022269300473655274,0.018434538505856794,-0.492,0.622741,0,0,2.8859,0,0.0
2020-09-17,3.8874629497315305e-05,3.745906369253133e-05,3.0400202642156426e-05,1.4155658047839719e-06,0.036413614397742794,3.745906369253133e-05,0.009796406633323457,0.009439684050517896,0.007660851065823419,0.2624,0.79305,0,0,3.1409,0,0.0
2020-09-18,0.001584353037503602,0.001880752964363733,0.0018346410730047883,0.0,0.0,0.001880752964363733,0.39925696545090766,0.47394974701966075,0.46232955039720663,-1.3479,0.177701,0,2,5.9297,1,0.02564102564102564
2020-09-21,0.00022281668094716408,0.00021551381418153886,0.0002099362357494183,7.302866765625222e-06,0.0327752244661687,0.00021551381418153886,0.05614980359868535,0.054309481173747794,0.05290393140885341,0.2361,0.813325,0,0,3.8884,0,0.0
2020-09-22,0.004428374069007796,0.004428997108697891,0.0022241317855215387,0.0,0.0,0.004428997108697891,1.1159502653899644,1.1161072713918685,0.5604812099514278,-0.001,0.999191,0,1,8.3405,1,0.01282051282051282
2020-09-23,0.004317684527004948,0.0044530964479972904,0.002805248871192506,0.0,0.0,0.0044530964479972904,1.088056500805247,1.1221803048953172,0.7069227155405114,-0.226,0.821234,0,0,2.9115,0,0.0
2020-09-24,6.867850450151176e-05,7.140232941043939e-05,5.173598121934355e-05,0.0,0.0,7.140232941043939e-05,0.017306983134380963,0.017993387011430724,0.013037467267274575,-0.2857,0.775073,0,1,4.9412,1,0.01282051282051282
2020-09-25,0.001000483170981245,0.0009207610579661447,0.0009693497154961079,7.972211301510027e-05,0.07968361212635643,0.0009207610579661447,0.25212175908727374,0.23203178660746845,0.24427612830501919,0.5741,0.565898,0,0,3.1318,0,0.0
2020-09-28,0.00037730434361110427,0.00034545888983766285,0.00040710344762007753,3.184545377344142e-05,0.08440256315167857,0.00034545888983766285,0.09508069458999828,0.08705564023909104,0.10259006880025953,0.6081,0.54312,0,0,2.6862,0,0.0
2020-09-29,0.00020124604548384442,0.00022146218596589163,0.0001307877169987004,0.0,0.0,0.00022146218596589163,0.050714003461928794,0.05580847086340469,0.0329585046836725,-0.7238,0.469216,0,0,2.4926,0,0.0
2020-09-30,8.447100674536495e-05,9.180003245860545e-05,0.00013610503536742543,0.0,0.0,9.180003245860545e-05,0.02128669369983197,0.023133608179568572,0.03429846891259121,-0.6251,0.531896,0,0,2.4884,0,0.0
2020-10-01,0.0007976082394527491,0.0007888624496388414,0.0010938560773500357,8.745789813907633e-06,0.010965019379618284,0.0007888624496388414,0.20099727634209277,0.19879333730898804,0.275651731492209,0.079,0.937032,0,1,6.493,1,0.01282051282051282
2020-10-02,2.804282034566441e-05,2.603634164802476e-05,4.6297641943609165e-05,2.006478697639651e-06,0.07155052884683676,2.603634164802476e-05,0.007066790727107431,0.00656115809530224,0.01166700576978951,0.5155,0.606199,0,0,2.9336,0,0.0
2020-10-05,0.008977769239898268,0.0082277643800626,0.007825674270089547,0.0007500048598356682,0.08354022471629341,0.0082277643800626,2.2623978484543636,2.0733966237757753,1.9720699160625659,0.6019,0.547248,0,5,8.56,1,0.0641025641025641
2020-10-06,0.0006133546836909637,0.0006070686710260689,0.000639284547780018,6.286012664894836e-06,0.010248576919343198,0.0006070686710260689,0.15456538029012287,0.15298130509856936,0.16109970604056453,0.0738,0.941139,0,0,3.1767,0,0.0
2020-10-07,0.0012127957451024728,0.00113230723972952,0.0015200648183566665,8.048850537295277e-05,0.06636608483466107,0.00113230723972952,0.30562452776582316,0.2853414244118391,0.38305633422588,0.4782,0.632541,0,0,2.6881,0,0.0
2020-10-08,5.2636806622038845e-05,4.2296577134904255e-05,4.0110159854508e-05,1.034022948713459e-05,0.1964448444780905,4.2296577134904255e-05,0.01326447526875379,0.010658737437995872,0.010107760283336016,1.4153,0.156968,0,0,3.7023,0,0.0
2020-10-09,0.00022039623249129982,0.00020937393995134674,0.0001827669964498771,1.1022292539953081e-05,0.05001125638741094,0.00020937393995134674,0.055539850587807554,0.05276223286773938,0.04605728310536903,0.3603,0.718608,0,0,4.3376,0,0.0
2020-10-12,0.009891709223013632,0.011162510243173034,0.005617876885970526,0.0,0.0,0.011162510243173034,2.4927107241994353,2.8129525812796046,1.4157049752645725,-0.9256,0.35465,0,2,13.7183,1,0.02564102564102564
2020-10-13,1.846894762712249e-05,1.8163333540436365e-05,2.7628836452739057e-05,3.056140866861252e-07,0.016547454479207174,1.8163333540436365e-05,0.004654174802034868,0.0045771600521899635,0.006962466786090242,0.1192,0.9051,0,0,4.4939,0,0.0
2020-10-14,0.0013174671967287617,0.0012715943455615171,0.0005997048544811539,4.587285116724451e-05,0.034818970253169636,0.0012715943455615171,0.33200173357564794,0.32044177508150234,0.15112562332925078,0.2509,0.80192,0,1,4.8763,1,0.01282051282051282
2020-10-15,0.0001291816439310736,0.00013461128277688156,9.380625780118066e-05,0.0,0.0,0.00013461128277688156,0.032553774270630546,0.03392204325977415,0.023639176965897526,-0.3028,0.762024,0,0,2.7094,0,0.0
2020-10-16,4.847751067090116e-07,4.940339375200462e-07,6.122647237430462e-07,0.0,0.0,4.940339375200462e-07,0.00012216332689067092,0.00012449655225505165,0.00015429071038324763,-0.1376,0.890552,0,0,2.0715,0,0.0
2020-10-19,0.0005161476996299682,0.000553589817650137,0.0005327173640975741,0.0,0.0,0.000553589817650137,0.130069220306752,0.13950463404783453,0.13424477575258867,-0.5226,0.601221,0,3,23.5799,1,0.038461538461538464
2020-10-20,3.86275449698251e-05,4.166913669356707e-05,4.055195569338875e-05,0.0,0.0,4.166913669356707e-05,0.009734141332395925,0.010500622446778903,0.010219092834733965,-0.5673,0.5705,0,0,2.9654,0,0.0
2020-10-21,3.7515263669769116e-06,3.886386750960457e-06,3.904530325696951e-06,0.0,0.0,3.886386750960457e-06,0.0009453846444781817,0.0009793694612420351,0.0009839416420756317,-0.259,0.795636,0,0,2.4239,0,0.0
2020-10-22,0.07194582161512358,0.06917651174663979,0.0848982783003936,0.0027693098684837963,0.0384916011281352,0.06917651174663979,18.130347047011142,17.432480960153228,21.39436613169919,0.2773,0.781532,0,4,76.4415,1,0.05128205128205128
2020-10-23,1.3495538047598e-05,1.4209946618240927e-05,1.1075021539403822e-05,0.0,0.0,1.4209946618240927e-05,0.003400875587994696,0.003580906547796714,0.002790905427929763,-0.3814,0.702909,0,0,3.8646,0,0.0
2020-10-26,0.00028395460233798884,0.00022988229929785665,0.0003205457597098988,5.407230304013219e-05,0.190425872320761,0.00022988229929785665,0.07155655978917319,0.057930339423059876,0.08077753144689451,1.372,0.17007,0,1,6.5881,1,0.01282051282051282
2020-10-27,0.0002597433535220005,0.00028108517557662034,0.00016410509721936567,0.0,0.0,0.00028108517557662034,0.06545532508754413,0.07083346424530833,0.04135448449928015,-0.592,0.553863,0,0,2.6157,0,0.0
2020-10-28,0.051200185659331196,0.04933066359311644,0.04832164982892049,0.0018695220662147544,0.03651397044958803,0.04933066359311644,12.902446786151462,12.431327225465344,12.177055756887963,0.2631,0.792493,0,2,18.2675,1,0.02564102564102564
2020-10-29,0.22235822684793943,0.2439851301122274,0.20893125753199346,0.0,0.0,0.2439851301122274,56.03427316568074,61.4842527882813,52.65067689806235,-0.7007,0.48346,0,1,5.8223,1,0.01282051282051282
2020-10-30,0.0003278963259936934,0.0003018197448974568,0.00045074157637939376,2.60765810962366e-05,0.07952690820089041,0.0003018197448974568,0.08262987415041073,0.07605857571415911,0.11358687724760723,0.573,0.566662,0,0,3.4852,0,0.0
2020-11-02,7.074193017699866e-05,6.318999410872613e-05,5.3556368572562715e-05,7.5519360682725325e-06,0.10675332073388466,6.318999410872613e-05,0.017826966404603663,0.015923878515398986,0.013496204880285804,0.7691,0.441813,0,0,3.5588,0,0.0
2020-11-03,0.0005714375093594818,0.0005533442434699507,0.0006168628248797131,1.8093265889531154e-05,0.031662720002663076,0.0005533442434699507,0.14400225235858943,0.13944274935442758,0.15544943186968768,0.2281,0.819551,0,2,5.9929,1,0.02564102564102564
2020-11-04,339.2407397873192,337.3637588033517,342.82664185562504,1.8769809839675418,0.005532887898853997,337.3637588033517,85488.66642640445,85015.66721844462,86392.3137476175,0.0399,0.968202,0,2,2850.0452,1,0.02564102564102564
2020-11-05,0.00013873486334995726,0.0001433360071263482,0.00017080480147055235,0.0,0.0,0.0001433360071263482,0.03496118556418923,0.03612067379583974,0.04304280997057919,-0.2389,0.811147,0,0,2.6717,0,0.0
2020-11-06,8.194446939667703e-08,8.30934889205434e-08,1.2416254919621603e-07,0.0,0.0,8.30934889205434e-08,2.0650006287962613e-05,2.0939559207976936e-05,3.128896239744644e-05,-0.101,0.919532,0,0,2.7414,0,0.0
2020-11-09,0.0001439885941487293,0.000148852976024837,0.00013622847358511433,0.0,0.0,0.000148852976024837,0.03628512572547978,0.037510949958258925,0.03432957534344881,-0.2434,0.807696,0,2,26.575,1,0.02564102564102564
2020-11-10,9.444079702632516e-07,9.145624635186309e-07,1.0145882684859805e-06,2.984550674462076e-08,0.031602311799623625,9.145624635186309e-07,0.0002379908085063394,0.00023046974080669498,0.0002556762436584671,0.2277,0.819889,0,0,2.6851,0,0.0
2020-11-11,2.286772574897309e-05,2.0829181706100846e-05,3.849990624876102e-05,2.0385440428722452e-06,0.08914502369431142,2.0829181706100846e-05,0.005762666888741219,0.005248953789937413,0.009701976374687777,0.6423,0.520697,0,0,4.4863,0,0.0
2020-11-12,3.825892049696708e-05,3.709106527762295e-05,5.323899390808005e-05,1.1678552193441314e-06,0.03052504288278778,3.709106527762295e-05,0.009641247965235704,0.009346948449960982,0.013416226464836173,0.2199,0.825929,0,0,3.7339,0,0.0
2020-11-13,0.004992302372858394,0.005264109437134634,0.00958544296070234,0.0,0.0,0.005264109437134634,1.2580601979603152,1.326555578157928,2.41553162609699,-0.3923,0.694862,0,2,17.041,1,0.02564102564102564
2020-11-16,0.0008284509109319977,0.0008502636745639703,0.0008963951470525559,0.0,0.0,0.0008502636745639703,0.20876962955486342,0.2142664459901205,0.22589157705724408,-0.1897,0.849545,0,0,2.4285,0,0.0
2020-11-17,0.00012663002092510827,0.00013515966760792392,0.00012767837830882233,0.0,0.0,0.00013515966760792392,0.031910765273127285,0.03406023623719683,0.032174951333823226,-0.4853,0.62746,0,0,2.5253,0,0.0
2020-11-18,5.9353460651159076e-05,5.670204696900546e-05,6.680041477474096e-05,2.6514136821536154e-06,0.044671593002222766,5.670204696900546e-05,0.014957072084092088,0.014288915836189376,0.01683370452323472,0.3218,0.747567,0,0,2.893,0,0.0
2020-11-19,2.404288502934558e-05,2.231459809768117e-05,1.3248436444552854e-05,1.7282869316644103e-06,0.0718835055639721,2.231459809768117e-05,0.0060588070273950865,0.005623278720615655,0.0033386059840273194,0.5179,0.604524,0,0,2.6629,0,0.0
2020-11-20,9.905043231481023e-05,9.531169595315749e-05,0.00010681859132867184,3.7387363616527485e-06,0.03774578501610376,9.531169595315749e-05,0.024960708943332178,0.024018547380195685,0.026918285014825304,0.272,0.78566,0,0,4.1692,0,0.0
2020-11-23,0.00017975888852155854,0.00016870164935683425,0.0001762251228886106,1.1057239164724293e-05,0.06151150129016676,0.00016870164935683425,0.04529923990743275,0.04251281563792223,0.04440873096792987,0.4432,0.657638,0,0,2.6864,0,0.0
2020-11-24,0.00016688642836366516,0.0001950347365032607,0.00014800696820325073,0.0,0.0,0.0001950347365032607,0.04205537994764362,0.0491487535988217,0.03729775598721918,-1.2152,0.224285,0,0,2.2062,0,0.0
2020-11-25,4.1970591909777594e-07,4.04574243457759e-07,4.473490744768899e-07,1.5131675640016922e-08,0.036052957317322214,4.04574243457759e-07,0.00010576589161263953,0.00010195270935135527,0.00011273196676817626,0.2598,0.795054,0,0,3.689,0,0.0
2020-11-27,0.00013309066533390333,0.00013450515979616847,0.00024635496359878443,0.0,0.0,0.00013450515979616847,0.03353884766414364,0.03389530026863446,0.062081450826893675,-0.0766,0.938963,0,2,15.4527,1,0.02564102564102564
2020-11-30,3.6224130444052423e-06,3.3173396809013887e-06,3.348666735718809e-06,3.050733635038536e-07,0.08421824776630224,3.3173396809013887e-06,0.0009128480871901211,0.00083596959958715,0.0008438640174011399,0.6068,0.544001,0,0,2.8184,0,0.0
2020-12-01,0.0002422113099368023,0.00021570984089115853,0.00019373507225157072,2.650146904564378e-05,0.1094146633497167,0.00021570984089115853,0.06103725010407418,0.05435887990457195,0.04882123820739582,0.7883,0.430516,0,3,9.1157,1,0.038461538461538464
2020-12-02,1.441218000144701e-05,1.3393007242171064e-05,7.917511328824541e-06,1.019172759275945e-06,0.07071606713609954,1.3393007242171064e-05,0.0036318693603646464,0.0033750378250271083,0.0019952128548637845,0.5095,0.610406,0,1,4.9149,1,0.01282051282051282
2020-12-03,1.432730248299014e-07,1.394094910486136e-07,5.464683805170962e-08,3.863533781287799e-09,0.02696604486315426,1.394094910486136e-07,3.610480225713515e-05,3.513119174425063e-05,1.3771003189030824e-05,0.1943,0.845953,0,0,2.3535,0,0.0
2020-12-04,0.0005191718591274349,0.000532804732771286,0.000397101957850247,0.0,0.0,0.000532804732771286,0.1308313085001136,0.13426679265836408,0.10006969337826224,-0.1892,0.849944,0,2,115.8751,1,0.02564102564102564
2020-12-07,4.942972493317122e-05,4.863566256526615e-05,6.517337961632867e-05,7.940623679050701e-07,0.016064470375147112,4.863566256526615e-05,0.012456290683159147,0.01225618696644707,0.016423691663314824,0.1157,0.907858,0,0,2.2881,0,0.0
2020-12-08,2.4670643335881115e-05,2.4328701640479215e-05,2.2063807556553772e-05,3.4194169540189957e-07,0.013860266101950883,2.4328701640479215e-05,0.006217002120642041,0.006130832813400763,0.00556007950425155,0.0999,0.920455,0,0,2.8224,0,0.0
2020-12-09,0.0005430141062141132,0.00040165379329288074,0.0003865488963857306,0.00014136031292123248,0.26032530470795556,0.00040165379329288074,0.13683955476595652,0.10121675590980594,0.09741032188920411,1.8756,0.060712,0,2,8.5034,1,0.02564102564102564
2020-12-10,2.8922097203582493e-06,2.399641771466086e-06,2.09671961538108e-06,4.925679488921632e-07,0.1703084583101021,2.399641771466086e-06,0.0007288368495302789,0.0006047097264094537,0.0005283733430760322,1.227,0.219809,0,0,3.29,0,0.0
2020-12-11,0.0001254294099924737,0.0001324620455924055,6.279004558989541e-05,0.0,0.0,0.0001324620455924055,0.031608211318103374,0.03338043548928619,0.015823091488653643,-0.404,0.686241,0,2,11.6855,1,0.02564102564102564
2020-12-14,9.492305698426506e-06,9.935402988777116e-06,1.2131847713263168e-05,0.0,0.0,9.935402988777116e-06,0.0023920610360034797,0.0025037215531718334,0.0030572256237423184,-0.3363,0.736632,0,0,2.65,0,0.0
2020-12-15,0.0001597299623146418,0.00018106217941847867,0.00022534925816057464,0.0,0.0,0.00018106217941847867,0.04025195050328973,0.04562766921345662,0.05678801305646481,-0.9622,0.335943,0,2,6.0846,1,0.02564102564102564
2020-12-16,0.0004766886061300385,0.0004652142505381458,0.0005538913676372845,1.1474355591892661e-05,0.024070966707124403,0.0004652142505381458,0.1201255287447697,0.11723399113561275,0.1395806246445957,0.1734,0.862316,0,0,3.32,0,0.0
2020-12-17,0.016671446590801744,0.016469732326630498,0.019107336891484795,0.00020171426417124605,0.012099385800776276,0.016469732326630498,4.201204540882039,4.150372546310885,4.815048896654169,0.0872,0.930534,0,1,6.8293,1,0.01282051282051282
2020-12-18,2.7373019074974606e-06,3.0577954417400294e-06,4.283936920601494e-06,0.0,0.0,3.0577954417400294e-06,0.0006898000806893601,0.0007705644513184874,0.0010795521039915765,-0.8436,0.398914,0,0,2.1756,0,0.0
2020-12-21,0.00024006897297717354,0.00022325160920011656,0.00022942308893470514,1.681736377705698e-05,0.07005221665443542,0.00022325160920011656,0.06049738119024773,0.056259405518429374,0.0578146184115457,0.5047,0.613762,0,2,6.1175,1,0.02564102564102564
2020-12-22,1.9122736016574053e-06,2.314093448334309e-06,1.7652340543748694e-06,0.0,0.0,2.314093448334309e-06,0.0004818929476176661,0.0005831515489802459,0.00044483898170246707,-1.5139,0.130047,0,0,2.5903,0,0.0
2020-12-23,5.7334006692255e-07,6.076220090039774e-07,5.688035669346105e-07,0.0,0.0,6.076220090039774e-07,0.0001444816968644826,0.0001531207462690023,0.00014333849886752185,-0.4308,0.666615,0,0,2.6662,0,0.0
2020-12-24,0.007046006025556769,0.00790170693779973,0.004374792511826579,0.0,0.0,0.00790170693779973,1.7755935184403058,1.991230148325532,1.1024477129802979,-0.875,0.381583,0,3,67.3051,1,0.038461538461538464
2020-12-28,0.45568649925667964,0.4548144996423858,0.21200137945855207,0.0008719996142938502,0.0019135954558986302,0.4548144996423858,114.83299781268327,114.61325390988122,53.42434762355512,0.0138,0.989,0,3,8.999,1,0.038461538461538464
2020-12-29,8.585324053860035e-07,9.83558051637593e-07,9.2292159068882e-07,0.0,0.0,9.83558051637593e-07,0.0002163501661572729,0.00024785662901267346,0.00023257624085358262,-1.0492,0.294081,0,0,1.9079,0,0.0
2020-12-30,1.3377080503736897e-06,1.4505154057238453e-06,1.7682878784553716e-06,0.0,0.0,1.4505154057238453e-06,0.0003371024286941698,0.00036552988224240903,0.00044560854537075366,-0.6076,0.543472,0,0,3.8653,0,0.0
2020-12-31,3.404260527532508e-05,3.4548229647971824e-05,3.584584027030809e-05,0.0,0.0,3.4548229647971824e-05,0.00857873652938192,0.0087061538712889,0.009033151748117639,-0.107,0.914781,0,2,9.4275,1,0.02564102564102564
2021-01-04,7.056231829636846e-05,7.799124750330387e-05,9.871023479540885e-05,0.0,0.0,7.799124750330387e-05,0.017781704210684854,0.019653794370832575,0.02487497916844303,-0.7585,0.448132,0,0,4.1096,0,0.0
2021-01-05,0.013219310409054566,0.01423174848310492,0.017269812256859602,0.0,0.0,0.01423174848310492,3.3312662230817507,3.5864006177424397,4.35199268872862,-0.5518,0.581086,0,3,11.3772,1,0.038461538461538464
2021-01-06,0.0001165419602927591,0.00010243956653586527,9.557850320073778e-05,1.4102393756893825e-05,0.12100700554942545,0.00010243956653586527,0.029368573993775293,0.02581477076703805,0.02408578280658592,0.8718,0.383301,0,0,3.403,0,0.0
2021-01-07,0.022090802461996458,0.02394178554126632,0.011975889053092104,0.0,0.0,0.02394178554126632,5.566882220423108,6.033329956399113,3.01792404137921,-0.6037,0.546052,0,3,19.9291,1,0.038461538461538464
2021-01-08,0.0011919970730979884,0.0011745847985715056,0.0012338221221158342,1.741227452648278e-05,0.014607648713952632,0.0011745847985715056,0.3003832624206931,0.2959953692400194,0.3109231747731902,0.1052,0.916181,0,0,2.4186,0,0.0
2021-01-11,2.107233434863382e-05,1.9369926313070963e-05,2.0517728223610882e-05,1.7024080355628555e-06,0.08078876913247433,1.9369926313070963e-05,0.005310228255855722,0.004881221430893883,0.005170467512349943,0.5821,0.560522,0,0,3.1358,0,0.0
2021-01-12,2.509689216824143e-08,2.0391283632509086e-08,2.5695214154503268e-08,4.705608535732345e-09,0.18749018858590702,2.0391283632509086e-08,6.324416826396841e-06,5.13860347539229e-06,6.4751939669348235e-06,1.3508,0.176751,0,0,3.2673,0,0.0
2021-01-13,0.0008107272997553768,0.0007278857211471501,0.0003308581499437264,8.284157860822671e-05,0.10218180457354889,0.0007278857211471501,0.20430327953835495,0.1834272017290818,0.08337625378581905,0.7362,0.46161,0,3,223.5203,1,0.038461538461538464
2021-01-14,1.1807881014400086e-05,1.1808633680511146e-05,9.021882241637478e-06,0.0,0.0,1.1808633680511146e-05,0.0029755860156288217,0.002975775687488809,0.0022735143248926444,-0.0005,0.999634,0,0,2.9713,0,0.0
2021-01-15,0.00013308491412772735,0.00014411719219130083,9.044960239516613e-05,0.0,0.0,0.00014411719219130083,0.03353739836018729,0.03631753243220781,0.022793299803581864,-0.5973,0.550339,0,1,5.473,1,0.01282051282051282
2021-01-19,0.0004874106112769383,0.0004933464065785243,0.00042117524798290323,0.0,0.0,0.0004933464065785243,0.12282747404178845,0.12432329445778813,0.10613616249169161,-0.0877,0.930082,0,0,3.8336,0,0.0
2021-01-20,0.1091413009013037,0.10548242382992185,0.08986648331893264,0.0036588770713818497,0.03352422081405317,0.10548242382992185,27.50360782712853,26.581570805140306,22.646353796371027,0.2415,0.809141,0,2,28.7049,1,0.02564102564102564
2021-01-21,1.702976268094638e-06,1.6080309946307455e-06,1.5360125122872861e-06,9.494527346389257e-08,0.05575251956834473,1.6080309946307455e-06,0.0004291500195598488,0.00040522381064694786,0.0003870751530963961,0.4017,0.687916,0,0,3.6769,0,0.0
2021-01-22,2.0694467849174626e-05,2.0082842075469906e-05,1.5662842376298443e-05,6.1162577370472e-07,0.029555036090192475,2.0082842075469906e-05,0.005215005897992005,0.005060876203018416,0.003947036278827207,0.2129,0.831376,0,0,3.1131,0,0.0
2021-01-25,3.101478035224801e-05,3.256197844559423e-05,3.9103917049711276e-05,0.0,0.0,3.256197844559423e-05,0.007815724648766498,0.008205618568289746,0.009854187096527241,-0.3594,0.719283,0,0,3.398,0,0.0
2021-01-26,2.707931264849045e-06,2.734473983915125e-06,2.815476013270062e-06,0.0,0.0,2.734473983915125e-06,0.0006823986787419593,0.0006890874439466115,0.0007094999553440556,-0.0706,0.9437,0,0,2.3118,0,0.0
2021-01-27,0.0011513108845425943,0.0011736651205069293,0.001200218310409163,0.0,0.0,0.0011736651205069293,0.2901303429047338,0.2957636103677462,0.3024550142231091,-0.1399,0.888747,0,3,47.0812,1,0.038461538461538464
2021-01-28,0.0001263052192514675,0.00013199173727823185,0.00010633927153719407,0.0,0.0,0.00013199173727823185,0.031828915251369806,0.03326191779411443,0.026797496427372905,-0.3244,0.745655,0,0,2.7952,0,0.0
2021-01-29,0.0009806398226726782,0.0009068783936589418,0.0008370735792196848,7.376142901373642e-05,0.07521765609873579,0.0009068783936589418,0.2471212353135149,0.22853335520205334,0.21094254196336057,0.5419,0.587869,0,0,3.5571,0,0.0
2021-02-01,0.00019813083970085253,0.0001886937235995803,0.0001211589005306437,9.43711610127223e-06,0.0476307275933929,0.0001886937235995803,0.04992897160461484,0.04755081834709424,0.030532042933722213,0.3432,0.731471,0,0,3.3123,0,0.0
2021-02-02,5.987384597877976e-05,5.488030813580807e-05,5.805950480282534e-05,4.993537842971689e-06,0.08340098548772851,5.488030813580807e-05,0.015088209186652499,0.013829837650223635,0.014630995210311986,0.6009,0.547916,0,0,2.599,0,0.0
2021-02-03,3.4100475597818984e-06,3.2807344869990183e-06,2.183975482533184e-06,1.293130727828801e-07,0.03792118221071632,3.2807344869990183e-06,0.0008593319850650384,0.0008267450907237527,0.0005503618215983623,0.2732,0.784689,0,0,2.2031,0,0.0
2021-02-04,0.0019685577756819953,0.0021394799942868834,0.002827186425837629,0.0,0.0,0.0021394799942868834,0.4960765594718628,0.5391489585602947,0.7124509793110825,-0.6256,0.531601,0,3,45.837,1,0.038461538461538464
2021-02-05,0.0005779476586654445,0.0005756096624971021,0.0004920763348062133,2.3379961683424105e-06,0.004045342392589325,0.0005756096624971021,0.14564280998369203,0.14505363494926973,0.12400323637116575,0.0291,0.976748,0,0,2.4829,0,0.0
2021-02-08,1.253645551755564e-05,1.2918415363597088e-05,1.0991513083530273e-05,0.0,0.0,1.2918415363597088e-05,0.0031591867904240214,0.0032554406716264663,0.0027698612970496286,-0.2195,0.826249,0,0,2.8378,0,0.0
2021-02-09,0.0024608078447586343,0.002051024645051066,0.002584045613750063,0.0004097831997075681,0.1665238512685404,0.002051024645051066,0.6201235768791759,0.5168582105528687,0.6511794946650159,1.1998,0.230229,0,3,8.9362,1,0.038461538461538464
2021-02-10,1.236563187459683e-06,9.563788557594613e-07,1.0295795277134044e-06,2.801843317002217e-07,0.2265829259343295,9.563788557594613e-07,0.00031161392323984013,0.00024100747165138424,0.0002594540409837779,1.6325,0.102578,0,0,3.1728,0,0.0
2021-02-11,2.2772398891733556e-06,2.090576023727129e-06,1.3905041223227178e-06,1.8666386544622664e-07,0.08196931046411438,2.090576023727129e-06,0.0005738644520716856,0.0005268251579792365,0.0003504070388253249,0.5906,0.554808,0,0,3.3498,0,0.0
2021-02-12,6.138269123714157e-05,6.504798174266869e-05,6.46231609917857e-05,0.0,0.0,6.504798174266869e-05,0.015468438191759675,0.01639209139915251,0.01628503656993,-0.4302,0.667041,0,2,9.6358,1,0.02564102564102564
2021-02-16,5.360304980385887e-05,5.5972664577114096e-05,3.07219722110439e-05,0.0,0.0,5.5972664577114096e-05,0.013507968550572435,0.014105111473432751,0.007741936997183063,-0.3185,0.750106,0,0,2.5606,0,0.0
2021-02-17,5.299007724754462e-06,5.012061225267278e-06,4.2711356015432754e-06,2.8694649948718367e-07,0.05415097698305447,5.012061225267278e-06,0.0013353499466381242,0.001263039428767354,0.0010763261715889055,0.3901,0.696428,0,0,2.5595,0,0.0
2021-02-18,0.0035562661011008002,0.00419050694588688,0.0025176159294744405,0.0,0.0,0.00419050694588688,0.8961790574774017,1.0560077503634937,0.634439214227559,-1.2849,0.198815,0,3,12.2366,1,0.038461538461538464
2021-02-19,7.139489489868612e-07,6.799571390518753e-07,1.0822667931293914e-06,3.3991809934985936e-08,0.04761091443906173,6.799571390518753e-07,0.00017991513514468903,0.00017134919904107258,0.00027273123186860663,0.343,0.731579,0,0,2.6588,0,0.0
2021-02-22,0.0001667821572390951,0.00016602421623874096,0.00011964644834558676,7.57941000354128e-07,0.004544496895570575,0.00016602421623874096,0.04202910362425196,0.04183810249216272,0.030150904983087864,0.0327,0.97388,0,2,12.4891,1,0.02564102564102564
2021-02-23,5.414840869677212e-07,4.963915110620875e-07,8.148580480199744e-07,4.5092575905633716e-08,0.08327574847563947,4.963915110620875e-07,0.00013645398991586573,0.00012509066078764605,0.00020534422810103355,0.6,0.548517,0,0,3.3674,0,0.0
2021-02-24,4.516675684452283e-05,4.171065083383399e-05,5.249323672433079e-05,3.456106010688843e-06,0.07651879779783549,4.171065083383399e-05,0.011382022724819753,0.010511084010126166,0.013228295654531359,0.5513,0.581427,0,3,6.7362,1,0.038461538461538464
2021-02-25,0.0004169801226658419,0.00042036399757468035,0.00043576800110074396,0.0,0.0,0.00042036399757468035,0.10507899091179215,0.10593172738881945,0.10981353627738748,-0.0585,0.953376,0,1,5.2915,1,0.01282051282051282
2021-02-26,5.4258668067102284e-05,4.8584829391507216e-05,0.00010095746112912061,5.673838675595068e-06,0.10457017787476817,4.8584829391507216e-05,0.013673184352909776,0.012243377006659818,0.025441280204538393,0.7534,0.451206,0,0,4.0564,0,0.0
2021-03-01,0.011870466914835055,0.013024248838982596,0.012734030760923455,0.0,0.0,0.013024248838982596,2.9913576625384337,3.282110707423614,3.2089757517527104,-0.7003,0.483747,0,2,25.9691,1,0.02564102564102564
2021-03-02,0.0002626498520516983,0.000216479360970029,0.0002268137881302438,4.617049108166928e-05,0.17578723363146667,0.000216479360970029,0.06618776271702798,0.05455279896444731,0.05715707460882143,1.2665,0.205331,0,0,3.3351,0,0.0
2021-03-03,0.004143570610581933,0.004125942825380867,0.0025352431046733307,1.7627785201066587e-05,0.004254249982320597,0.004125942825380867,1.044179793866647,1.0397375919959784,0.6388812623776794,0.0307,0.975548,0,1,5.3437,1,0.01282051282051282
2021-03-04,0.00011291943814755622,0.00010330412058880812,0.00016261450492317608,9.615317558748105e-06,0.08515201307529872,0.00010330412058880812,0.02845569841318417,0.026032638388379645,0.04097885524064037,0.6135,0.539545,0,0,2.9401,0,0.0
2021-03-05,0.0010374850565464321,0.000956563927687884,0.0008539695028292067,8.092112885854815e-05,0.07799739212622497,0.000956563927687884,0.26144623424970087,0.24105410977734676,0.21520031471296008,0.562,0.574147,0,0,3.8638,0,0.0
2021-03-08,0.0019280833423297237,0.002101342251293088,0.0010866663828917535,0.0,0.0,0.002101342251293088,0.4858770022670904,0.5295382473258582,0.27383992848872185,-0.6474,0.517356,0,0,2.5684,0,0.0
2021-03-09,4.3997808516485085e-05,4.356430384387038e-05,4.415214327276987e-05,4.3350467261470723e-07,0.009852869435517735,4.356430384387038e-05,0.011087447746154241,0.010978204568655335,0.011126340104738007,0.071,0.943407,0,0,3.0962,0,0.0
2021-03-10,9.379809874979938e-05,0.00010370304049102777,7.959096283722788e-05,0.0,0.0,0.00010370304049102777,0.023637120884949445,0.026133166203738997,0.020056922634981426,-0.7608,0.446768,0,0,2.3289,0,0.0
2021-03-11,0.0001663636426445796,0.00016155503038998731,0.00017668123545858913,4.808612254592293e-06,0.02890422540194806,0.00016155503038998731,0.04192363794643406,0.0407118676582768,0.04452367133556446,0.2082,0.835035,0,0,3.5196,0,0.0
2021-03-12,1.8498927988751625e-06,1.8977822770543372e-06,2.9989468423129445e-06,0.0,0.0,1.8977822770543372e-06,0.0004661729853165409,0.000478241133817693,0.000755734604262862,-0.1865,0.852041,0,0,3.3128,0,0.0
2021-03-15,8.385820541981867e-05,8.489539639224218e-05,7.509598891332357e-05,0.0,0.0,8.489539639224218e-05,0.021132267765794306,0.02139363989084503,0.01892418920615754,-0.0891,0.928993,0,2,5.3527,1,0.02564102564102564
2021-03-16,1.3615264494429236e-06,1.525988848025026e-06,6.809550721700731e-07,0.0,0.0,1.525988848025026e-06,0.00034310466525961676,0.0003845491897023066,0.00017160067818685842,-0.8703,0.384145,0,0,2.2055,0,0.0
2021-03-17,0.002030338840316422,0.002389820676962886,0.0017322800600698502,0.0,0.0,0.002389820676962886,0.5116453877597383,0.6022348105946472,0.43653457513760224,-1.2756,0.202081,0,2,37.6961,1,0.02564102564102564
2021-03-18,0.0005259626969982111,0.0005158738359771488,0.0005079220465826958,1.0088861021062393e-05,0.01918170444303392,0.0005158738359771488,0.1325425996435492,0.13000020666624149,0.12799635573883933,0.1382,0.890082,0,0,2.7138,0,0.0
2021-03-19,1.956294479104035e-05,2.008101857542852e-05,1.774870535865072e-05,0.0,0.0,2.008101857542852e-05,0.004929862087342168,0.005060416681007988,0.004472673750379981,-0.1908,0.848682,0,1,4.6951,1,0.01282051282051282
2021-03-22,0.0024941291578291403,0.002390200027739602,0.0016272383916578106,0.0001039291300895381,0.04166950605650561,0.002390200027739602,0.6285205477729433,0.6023304069903798,0.4100640746977683,0.3002,0.764009,0,3,11.442,1,0.038461538461538464
2021-03-23,0.00041825243656069285,0.00034606356457008233,0.0003953809588050393,7.218887199061052e-05,0.17259641667990314,0.00034606356457008233,0.1053996140132946,0.08720801827166075,0.0996360016188699,1.2435,0.213676,0,0,2.7249,0,0.0
2021-03-24,0.0016568706923872896,0.0015352686723852148,0.002780684608719588,0.00012160202000207482,0.07339258307084476,0.0015352686723852148,0.417531414481597,0.38688770544107415,0.7007325213973362,0.5288,0.59696,0,1,4.7149,1,0.01282051282051282
2021-03-25,0.00031338341717969436,0.0003267632570379902,0.0003016264850850237,0.0,0.0,0.0003267632570379902,0.07897262112928298,0.08234434077357354,0.07600987424142597,-0.3076,0.758382,0,0,2.9627,0,0.0
2021-03-26,0.0005012872010939207,0.00048376110118489123,0.0005899263103216574,1.7526099909029476e-05,0.03496219300197854,0.00048376110118489123,0.126324374675668,0.1219077974985926,0.14866143020105768,0.2519,0.801122,0,0,3.2156,0,0.0
2021-03-29,1.1944312437712515e-05,1.1504464964651667e-05,1.5556251744544032e-05,4.398474730608476e-07,0.036824843500178936,1.1504464964651667e-05,0.003009966734303554,0.00289912517109222,0.0039201754396250964,0.2653,0.790767,0,0,2.8372,0,0.0
2021-03-30,0.0011761798030914725,0.0011535539116126411,0.0011129284557276245,2.262589147883137e-05,0.019236762440678443,0.0011535539116126411,0.2963973103790511,0.29069558572638554,0.2804579708433614,0.1386,0.889769,0,2,17.5136,1,0.02564102564102564
2021-03-31,6.558016391404791e-05,6.006649184579451e-05,3.584826732274801e-05,5.513672068253398e-06,0.08407530044305082,6.006649184579451e-05,0.016526201306340072,0.015136755945140216,0.009033763365332499,0.6057,0.544684,0,1,4.8789,1,0.01282051282051282
2021-04-01,3.38812007375587e-05,3.679024582736616e-05,2.5349458665288998e-05,0.0,0.0,3.679024582736616e-05,0.008538062585864791,0.009271141948496271,0.006388063583652828,-0.6186,0.536177,0,0,2.0414,0,0.0
2021-04-05,0.0008053464755668885,0.0006466731756782992,0.000675820542280733,0.00015867329988858924,0.19702488867275816,0.0006466731756782992,0.2029473118428559,0.1629616402709314,0.1703067766547447,1.4195,0.155747,0,1,6.2917,1,0.01282051282051282
2021-04-06,2.1594872648682666e-07,2.4151094695924707e-07,1.367119339673574e-07,0.0,0.0,2.4151094695924707e-07,5.441907907468032e-05,6.086075863373026e-05,3.4451407359774066e-05,-0.8528,0.393749,0,0,2.7648,0,0.0
2021-04-07,1.056688188001843e-06,1.1336229556895587e-06,1.4627911949892926e-06,0.0,0.0,1.1336229556895587e-06,0.0002662854233764644,0.0002856729848337688,0.00036862338113730173,-0.5246,0.599888,0,0,3.8306,0,0.0
2021-04-08,0.05375233932015883,0.051998376448432214,0.05501106083175887,0.0017539628717266192,0.03263044723034402,0.051998376448432214,13.545589508680026,13.103590865004918,13.862787329603236,0.2351,0.814135,0,3,292.3774,1,0.038461538461538464
2021-04-09,8.838959659914407e-06,8.84127403613416e-06,9.933256820599407e-06,0.0,0.0,8.84127403613416e-06,0.0022274178342984305,0.002228001057105808,0.0025031807187910504,-0.0019,0.998495,0,0,2.4742,0,0.0
2021-04-12,8.520859546336664e-07,7.828963879417309e-07,6.500882142232246e-07,6.918956669193556e-08,0.08120012437190978,7.828963879417309e-07,0.00021472566056768394,0.00019728988976131618,0.00016382222998425258,0.585,0.558528,0,0,2.9407,0,0.0
2021-04-13,1.6699839913187768e-05,1.7232586444588505e-05,1.8375185046559723e-05,0.0,0.0,1.7232586444588505e-05,0.004208359658123317,0.0043426117840363035,0.0046305466317330506,-0.2298,0.818215,0,1,7.9943,1,0.01282051282051282
2021-04-14,5.17036435022861e-06,5.216510129714454e-06,5.80972580315107e-06,0.0,0.0,5.216510129714454e-06,0.0013029318162576097,0.0013145605526880425,0.0014640509023940698,-0.0643,0.948729,0,0,2.7291,0,0.0
2021-04-15,0.003320233170046342,0.003612840482348325,0.0014109947388922018,0.0,0.0,0.003612840482348325,0.8366987588516782,0.9104358015517778,0.3555706742008349,-0.6349,0.525463,0,3,28.0044,1,0.038461538461538464
2021-04-16,6.9908093131824994e-06,7.4278392808042455e-06,6.767573643921916e-06,0.0,0.0,7.4278392808042455e-06,0.0017616839469219898,0.0018718154987626698,0.0017054285582683228,-0.4504,0.652417,0,0,2.3743,0,0.0
2021-04-19,0.00011371981730944994,0.00010274343559930332,7.364874999432092e-05,1.0976381710146616e-05,0.09652127371746334,0.00010274343559930332,0.028657393961981383,0.02589134577102444,0.01855948499856887,0.6954,0.486795,0,1,7.7895,1,0.01282051282051282
2021-04-20,8.37753379710766e-05,9.124247856089914e-05,0.00011207005223645057,0.0,0.0,9.124247856089914e-05,0.021111385168711302,0.022993104597346582,0.028241653163585543,-0.6422,0.520754,0,0,2.4295,0,0.0
2021-04-21,0.00026066165560870684,0.0002627148910000543,0.0003064510415134473,0.0,0.0,0.0002627148910000543,0.06568673721339412,0.06620415253201367,0.07722566246138872,-0.0568,0.954743,0,0,4.5364,0,0.0
2021-04-22,5.753644096596205e-05,5.485822979730199e-05,9.144895362694645e-05,2.6782111686600562e-06,0.0465480846077423,5.485822979730199e-05,0.014499183123422436,0.013824273908920102,0.023045136313990505,0.3354,0.737347,0,0,2.951,0,0.0
2021-04-23,0.007106598515827082,0.006938680830178545,0.005335509925190251,0.00016791768564853714,0.02362841875067795,0.006938680830178545,1.7908628259884247,1.7485475692049932,1.3445485011479432,0.1702,0.864823,0,2,6.1411,1,0.02564102564102564
2021-04-26,4.7011959952991515e-05,4.840360971062254e-05,3.223335717359884e-05,0.0,0.0,4.840360971062254e-05,0.011847013908153861,0.012197709647076881,0.008122806007746907,-0.2133,0.831111,0,0,2.8406,0,0.0
2021-04-27,7.023793451024231e-07,6.486640741519977e-07,7.601742306913525e-07,5.371527095042542e-08,0.0764760451014507,6.486640741519977e-07,0.00017699959496581062,0.00016346334668630342,0.00019156390613422083,0.551,0.581638,0,0,2.7652,0,0.0
2021-04-28,5.484318731568186e-07,4.979533879539891e-07,7.574313610661517e-07,5.0478485202829526e-08,0.09204131931820894,4.979533879539891e-07,0.0001382048320355183,0.00012548425376440525,0.00019087270298867023,0.6631,0.507242,0,0,2.5649,0,0.0
2021-04-29,0.00010843067731701566,9.287045470133807e-05,7.751642400702949e-05,1.556022261567758e-05,0.14350387599886266,9.287045470133807e-05,0.027324530683887946,0.023403354584737194,0.01953413884977143,1.0339,0.301176,0,3,14.7788,1,0.038461538461538464
2021-04-30,0.0006800075128417662,0.0006905671567305366,0.0007163168055528549,0.0,0.0,0.0006905671567305366,0.17136189323612508,0.17402292349609524,0.18051183499931944,-0.1119,0.910918,0,0,4.3435,0,0.0
2021-05-03,0.00033490167951717346,0.00033446529108653177,0.0005897320380934518,4.3638843064168964e-07,0.0013030344606446728,0.00033446529108653177,0.08439522323832771,0.084285253353806,0.14861247359954985,0.0094,0.99251,0,0,2.5799,0,0.0
2021-05-04,6.486339975308985e-05,6.539693475360594e-05,4.450094714337861e-05,0.0,0.0,6.539693475360594e-05,0.01634557673777864,0.016480027557908696,0.01121423868013141,-0.0593,0.952743,0,0,2.6955,0,0.0
2021-05-05,1.0916936304677518e-07,1.1018013574875022e-07,5.178429097389928e-08,0.0,0.0,1.1018013574875022e-07,2.7510679487787345e-05,2.7765394208685056e-05,1.3049641325422618e-05,-0.0667,0.946815,0,0,3.1318,0,0.0
2021-05-06,8.295706830761903e-05,8.56449105627265e-05,7.49370290361125e-05,0.0,0.0,8.56449105627265e-05,0.020905181213519995,0.02158251746180708,0.018884131317100348,-0.2334,0.815421,0,2,23.1378,1,0.02564102564102564
2021-05-07,1.4892474136338285e-05,1.60509859220847e-05,1.4882019359572687e-05,0.0,0.0,1.60509859220847e-05,0.0037529034823572476,0.004044848452365344,0.003750268878612317,-0.5605,0.575157,0,0,2.6145,0,0.0
2021-05-10,0.016051531833475678,0.014168749005104234,0.01172910955041722,0.0018827828283714439,0.11729614642308342,0.014168749005104234,4.044986022035871,3.570524749286267,2.9557356067051397,0.8451,0.398059,0,2,104.8464,1,0.02564102564102564
2021-05-11,0.0003160603176449538,0.00031577847850808234,0.0003645099288952868,2.818391368714589e-07,0.0008917257885450112,0.00031577847850808234,0.07964720004652835,0.07957617658403675,0.09185650208161228,0.0064,0.994874,0,0,2.7128,0,0.0
2021-05-12,0.00010700753413351575,0.00010316293539921955,0.00011048798864099321,3.844598734296204e-06,0.03592829915668285,0.00010316293539921955,0.026965898601645968,0.025997059720603326,0.02784297313753029,0.2589,0.795747,0,0,2.7888,0,0.0
2021-05-13,0.0007862564557033712,0.0008424183768964479,0.000880710339171109,0.0,0.0,0.0008424183768964479,0.19813662683724956,0.21228943097790487,0.22193900547111947,-0.5146,0.606809,0,1,4.9618,1,0.01282051282051282
2021-05-14,0.00025387046884722445,0.00025008773844809225,0.0003443468518706428,3.7827303991322067e-06,0.014900237910335136,0.00025008773844809225,0.06397535814950056,0.06302211008891924,0.08677540667140199,0.1074,0.914509,0,0,3.0019,0,0.0
2021-05-17,0.00011784723207832169,0.0001110158871917051,7.372055133607207e-05,6.831344886616583e-06,0.057967800415614744,0.0001110158871917051,0.029697502483737065,0.027976003572309685,0.01857757893669016,0.4176,0.676206,0,0,3.1515,0,0.0
2021-05-18,0.0007016958756066424,0.0008240522454451159,0.0005329006593957874,0.0,0.0,0.0008240522454451159,0.17682736065287388,0.2076611658521692,0.13429096616773842,-1.2563,0.209002,0,2,5.0257,1,0.02564102564102564
2021-05-19,3.4350721025783894e-06,3.2018187871001655e-06,3.0021532451743274e-06,2.332533154782239e-07,0.06790345023607863,3.2018187871001655e-06,0.0008656381698497541,0.0008068583343492417,0.0007565426177839305,0.4892,0.624679,0,0,2.2652,0,0.0
2021-05-20,0.00013654392566808728,0.0001168769743278663,9.273073504185364e-05,1.966695134022098e-05,0.14403387847507607,0.0001168769743278663,0.034409069268357996,0.029452997530622308,0.023368145230547116,1.0377,0.299394,0,1,4.718,1,0.01282051282051282
2021-05-21,3.670875940587156e-07,4.008386502842182e-07,4.3863137404123776e-07,0.0,0.0,4.008386502842182e-07,9.250607370279632e-05,0.00010101133987162299,0.00011053510625839192,-0.6624,0.507698,0,0,2.6289,0,0.0
2021-05-24,0.0019071689769683826,0.0018904252249851096,0.0012625266790007687,1.6743751983273013e-05,0.008779375176870455,0.0018904252249851096,0.4806065821960324,0.4763871566962476,0.3181567231081937,0.0633,0.949565,0,2,136.3613,1,0.02564102564102564
2021-05-25,1.6892496146525904e-06,1.5845285968093753e-06,1.5601777373659779e-06,1.0472101784321509e-07,0.06199258827249378,1.5845285968093753e-06,0.0004256909028924528,0.00039930120639596257,0.0003931647898162264,0.4466,0.655133,0,0,2.3052,0,0.0
2021-05-26,1.5587021200455975e-06,1.5864977078390274e-06,1.3786915148991117e-06,0.0,0.0,1.5864977078390274e-06,0.00039279293425149056,0.00039979742237543494,0.00034743026175457616,-0.1285,0.89777,0,0,2.6217,0,0.0
2021-05-27,1.6057012089523688e-07,1.4109213106729044e-07,1.814794904650667e-07,1.9477989827946433e-08,0.12130443954896887,1.4109213106729044e-07,4.0463670465599694e-05,3.555521702895719e-05,4.573283159719681e-05,0.874,0.382133,0,0,3.8608,0,0.0
2021-05-28,7.791102616262756e-06,6.857254683656252e-06,5.7062378402084325e-06,9.338479326065036e-07,0.11986080260275794,6.857254683656252e-06,0.0019633578592982144,0.0017280281802813755,0.001437971935732525,0.8636,0.387823,0,2,7.2959,1,0.02564102564102564
2021-06-01,1.4993751738844094e-06,1.7085753419354776e-06,1.279928669264419e-06,0.0,0.0,1.7085753419354776e-06,0.00037784254381887115,0.0004305609861677404,0.0003225420246546336,-1.0052,0.314778,0,0,2.6113,0,0.0
2021-06-02,3.438055296766094e-06,3.7592897841955506e-06,3.0774509109576353e-06,0.0,0.0,3.7592897841955506e-06,0.0008663899347850557,0.0009473410256172788,0.0007755176295613241,-0.6732,0.500834,0,0,3.1825,0,0.0
2021-06-03,2.4995201374351876e-05,2.396280304690446e-05,2.3643161526841125e-05,1.0323983274474147e-06,0.04130385951612783,2.396280304690446e-05,0.0062987907463366724,0.006038626367819924,0.005958076704763963,0.2976,0.76602,0,1,7.0961,1,0.01282051282051282
2021-06-04,0.0006459001140708949,0.0006071751168874846,0.0007316790624407583,3.872499718341035e-05,0.05995508636681361,0.0006071751168874846,0.1627668287458655,0.1530081294556461,0.1843831237350711,0.432,0.665768,0,2,8.468,1,0.02564102564102564
2021-06-07,1.6569444636286804e-05,1.352066626368521e-05,1.7195843857610047e-05,3.0487783726015944e-06,0.18400002266369261,1.352066626368521e-05,0.004175500048344274,0.003407207898448673,0.004333352652117732,1.3257,0.184946,0,0,2.9035,0,0.0
2021-06-08,1.7510318119657758e-07,1.4804349543634936e-07,1.7027461994246916e-07,2.7059685760228218e-08,0.15453477795513143,1.4804349543634936e-07,4.412600166153755e-05,3.730696084996004e-05,4.290920422550223e-05,1.1134,0.265541,0,0,3.5563,0,0.0
2021-06-09,1.545542812240469e-05,1.520674974835048e-05,1.7385775033712813e-05,2.4867837405421133e-07,0.016090033611148274,1.520674974835048e-05,0.0038947678868459824,0.003832100936584321,0.004381215308495629,0.1159,0.907712,0,2,15.4645,1,0.02564102564102564
2021-06-10,0.00015107839645524094,0.0001602811049179214,0.0001880063679059442,0.0,0.0,0.0001602811049179214,0.03807175590672072,0.04039083843931619,0.04737760471229794,-0.4389,0.660757,0,1,5.7716,1,0.01282051282051282
2021-06-11,4.409984365418893e-07,4.639997367623377e-07,6.699485785311998e-07,0.0,0.0,4.639997367623377e-07,0.00011113160600855611,0.00011692793366410911,0.00016882704178986237,-0.3758,0.707079,0,0,1.9655,0,0.0
2021-06-14,7.147280548816546e-05,8.378175182517834e-05,6.0803308263150365e-05,0.0,0.0,8.378175182517834e-05,0.018011146983017697,0.021113001459944943,0.015322433682313893,-1.2408,0.21468,0,2,26.9008,1,0.02564102564102564
2021-06-15,1.1269079421096761e-06,1.172624423197175e-06,1.278553829763472e-06,0.0,0.0,1.172624423197175e-06,0.00028398080141163836,0.00029550135464568813,0.0003221955651003949,-0.2923,0.77007,0,0,2.6327,0,0.0
2021-06-16,0.0004243041217564465,0.00046334702613581527,0.00037172390362575166,0.0,0.0,0.00046334702613581527,0.10692463868262451,0.11676345058622545,0.09367442371368942,-0.663,0.507358,0,2,23.9491,1,0.02564102564102564
2021-06-17,1.953937028246857e-05,1.9548578070762157e-05,2.4337396187814185e-05,0.0,0.0,1.9548578070762157e-05,0.00492392131118208,0.0049262416738320635,0.006133023839329174,-0.0034,0.997291,0,0,3.2042,0,0.0
2021-06-18,0.011734541079251955,0.010941424138982431,0.00957906704466643,0.0007931169402695237,0.06758823671462186,0.010941424138982431,2.9571043519714926,2.7572388830235726,2.4139248952559407,0.487,0.626288,0,3,26.2118,1,0.038461538461538464
2021-06-21,0.0013950074505271375,0.0012431498606221708,0.001195606146417818,0.0001518575899049667,0.10885790591206213,0.0012431498606221708,0.35154187753283866,0.31327376487678704,0.30129274889729013,0.7843,0.432865,0,0,4.2379,0,0.0
2021-06-22,1.0750400468660543e-05,1.2123656975873049e-05,8.909914398748098e-06,0.0,0.0,1.2123656975873049e-05,0.0027091009181024568,0.003055161557920008,0.0022452984284845206,-0.9203,0.357395,0,0,2.5004,0,0.0
2021-06-23,3.086268834858052e-06,2.9231077005311515e-06,1.9313319771996134e-06,1.6316113432690032e-07,0.052866775446549594,2.9231077005311515e-06,0.0007777397463842291,0.0007366231405338501,0.00048669565825430256,0.3809,0.703282,0,0,2.686,0,0.0
2021-06-24,0.18217693800730397,0.2113010676738092,0.13379129817659124,0.0,0.0,0.2113010676738092,45.9085883778406,53.247869053799924,33.71540714050099,-1.1518,0.249399,0,3,343.2398,1,0.038461538461538464
2021-06-25,0.0001569227313015475,0.00015445672575659352,6.298618607105747e-05,2.466005544953968e-06,0.015714775729339308,0.00015445672575659352,0.03954452828798997,0.03892309489066157,0.015872518889906484,0.1132,0.909855,0,0,2.9991,0,0.0
2021-06-28,1.0226324624566262e-05,9.766942753272574e-06,1.3750820491369217e-05,4.593818712936877e-07,0.044921498508724816,9.766942753272574e-06,0.002577033805390698,0.0024612695738246886,0.003465206763825043,0.3236,0.746203,0,0,2.4822,0,0.0
2021-06-29,8.589113518075082e-08,9.34433699172645e-08,1.4235700046820374e-07,0.0,0.0,9.34433699172645e-08,2.1644566065549206e-05,2.3547729219150653e-05,3.587396411798734e-05,-0.6335,0.526411,0,0,2.6397,0,0.0
2021-06-30,1.3600507532454194e-06,1.2978398934466323e-06,1.501650610529371e-06,6.221085979878713e-08,0.04574153862184777,1.2978398934466323e-06,0.00034273278981784567,0.00032705565314855134,0.0003784159538534015,0.3296,0.741734,0,0,3.5047,0,0.0
2021-07-01,0.0009738648528010677,0.0008569258491238703,0.000750101782592495,0.00011693900367719737,0.1200772398970716,0.0008569258491238703,0.24541394290586904,0.21594531397921532,0.18902564921330875,0.8651,0.386967,0,2,28.253,1,0.02564102564102564
2021-07-02,0.0002354078154176416,0.00021229394127892168,0.00016183018737117783,2.3113874138719912e-05,0.09818651942173891,0.00021229394127892168,0.05932276948524568,0.05349807320228826,0.040781207217536815,0.7074,0.47931,0,0,3.4262,0,0.0
2021-07-06,1.5514802009715386e-06,1.8433502847233897e-06,1.5271049054432624e-06,0.0,0.0,1.8433502847233897e-06,0.0003909730106448277,0.0004645242717502942,0.0003848304361717021,-1.3554,0.175294,0,0,2.3414,0,0.0
2021-07-07,5.8414241849368264e-05,6.024588962384055e-05,5.195782264756183e-05,0.0,0.0,6.024588962384055e-05,0.014720388946040802,0.015181964185207817,0.013093371307185582,-0.2259,0.821268,0,1,11.1539,1,0.01282051282051282
2021-07-08,0.0001251612477030635,0.00014593016424497342,0.00012516603023088985,0.0,0.0,0.00014593016424497342,0.031540634421172005,0.0367744013897333,0.03154183961818424,-1.1955,0.231875,0,0,3.5028,0,0.0
2021-07-09,0.0001361807747511929,0.000151803479329988,7.578841351392644e-05,0.0,0.0,0.000151803479329988,0.03431755523730061,0.038254476791156976,0.019098680205509463,-0.8265,0.4085,0,0,3.3394,0,0.0
2021-07-12,6.81900032058112e-05,7.400428729990493e-05,7.030840204525048e-05,0.0,0.0,7.400428729990493e-05,0.01718388080786442,0.01864908039957604,0.01771771731540312,-0.6143,0.539002,0,0,1.9609,0,0.0
2021-07-13,1.08109051149095e-05,1.2638811440341689e-05,1.3684523441675878e-05,0.0,0.0,1.2638811440341689e-05,0.0027243480889571937,0.0031849804829661055,0.003448499907302321,-1.2182,0.223154,0,0,3.3168,0,0.0
2021-07-14,6.778276222726595e-06,7.031371427851365e-06,8.074264318820118e-06,0.0,0.0,7.031371427851365e-06,0.001708125608127102,0.0017719055998185438,0.0020347146083426696,-0.269,0.787914,0,0,2.509,0,0.0
2021-07-15,6.573683511360435e-05,5.435336293040935e-05,5.9004869978602294e-05,1.1383472183194999e-05,0.1731673268169225,5.435336293040935e-05,0.016565682448628296,0.013697047458463157,0.014869227234607778,1.2476,0.212165,0,2,7.7468,1,0.02564102564102564
2021-07-16,0.0008694097558233655,0.0007639690576433252,0.0007532828059230882,0.0001054406981800403,0.12127848503253257,0.0007639690576433252,0.21909125846748811,0.19252020252611796,0.18982726709261824,0.8738,0.382235,0,1,7.9402,1,0.01282051282051282
2021-07-19,0.0005671613863083585,0.0005090310687645445,0.00026536341685514444,5.813031754381404e-05,0.10249343281228931,0.0005090310687645445,0.14292466934970635,0.12827582932866521,0.0668715810474964,0.7384,0.460245,0,0,2.7803,0,0.0
2021-07-20,0.09415353269536395,0.0944413102043635,0.09954777646069893,0.0,0.0,0.0944413102043635,23.726690239231715,23.799210171499602,25.08603966809613,-0.022,0.982431,0,3,15.4264,1,0.038461538461538464
2021-07-21,0.0007381213329617223,0.0006962310947108615,0.0007828338987099121,4.189023825086082e-05,0.0567525098157279,0.0006962310947108615,0.18600657590635403,0.1754502358671371,0.19727414247489786,0.4089,0.682621,0,0,2.9536,0,0.0
2021-07-22,1.9966765739995695e-06,2.1644419628054245e-06,1.9534821800684603e-06,0.0,0.0,2.1644419628054245e-06,0.0005031624966478916,0.000545439374626967,0.000492277509377252,-0.6054,0.544938,0,0,2.2177,0,0.0
2021-07-23,0.0004004634377721385,0.0004095417158894391,0.0003034095127950028,0.0,0.0,0.0004095417158894391,0.10091678631857891,0.10320451240413867,0.0764591972243407,-0.1633,0.87026,0,2,38.8786,1,0.02564102564102564
2021-07-26,5.4680518176174513e-05,6.217611028467818e-05,5.998717824402496e-05,0.0,0.0,6.217611028467818e-05,0.013779490580395978,0.015668379791738903,0.01511676891749429,-0.9876,0.323334,0,0,2.4444,0,0.0
2021-07-27,7.1215113368573e-05,8.626481935537191e-05,4.4547146807760744e-05,0.0,0.0,8.626481935537191e-05,0.017946208568880396,0.02173873447755372,0.011225880995555708,-1.5226,0.127867,0,0,2.0704,0,0.0
2021-07-28,1.0226494633371989e-07,8.624296709581466e-08,7.283320478719961e-08,1.602197923790523e-08,0.15666974014616186,8.624296709581466e-08,2.5770766476097414e-05,2.1733227708145295e-05,1.8353967606374303e-05,1.1288,0.258994,0,0,2.9011,0,0.0
2021-07-29,2.524845058653432e-05,2.3773162518626108e-05,2.3390113504811725e-05,1.4752880679082134e-06,0.0584308333860372,2.3773162518626108e-05,0.006362609547806649,0.005990836954693779,0.005894308603212555,0.421,0.673769,0,2,24.3352,1,0.02564102564102564
2021-07-30,6.454176309147276e-05,6.083251647317055e-05,9.831453498052701e-05,3.7092466183022107e-06,0.05747048706393006,6.083251647317055e-05,0.016264524299051137,0.015329794151238979,0.024775262815092805,0.4141,0.678828,0,1,5.2427,1,0.01282051282051282
2021-08-02,6.841773190526837e-06,7.2879824300454e-06,6.970677423011929e-06,0.0,0.0,7.2879824300454e-06,0.001724126844012763,0.0018365715723714408,0.001756610710599006,-0.4699,0.638438,0,0,2.7509,0,0.0
2021-08-03,0.0005449497736207326,0.0004965098813779998,0.0008680301537063318,4.843989224273277e-05,0.08888872791340334,0.0004965098813779998,0.1373273429524246,0.12512049010725595,0.21874359873399563,0.6404,0.521897,0,2,12.9116,1,0.02564102564102564
2021-08-04,6.474771585223939e-06,6.633947280389354e-06,8.034594163728468e-06,0.0,0.0,6.633947280389354e-06,0.0016316424394764327,0.001671754714658117,0.002024717729259574,-0.1771,0.859412,0,0,2.5933,0,0.0
2021-08-05,0.00021142563668402297,0.00019937113963463063,0.0001522295589335369,1.2054497049392344e-05,0.05701530420548084,0.00019937113963463063,0.05327926044437379,0.05024152718792692,0.038361848851251296,0.4108,0.681232,0,2,6.5938,1,0.02564102564102564
2021-08-06,2.004611601089288e-06,2.1163974089777734e-06,1.6301340932520602e-06,0.0,0.0,2.1163974089777734e-06,0.0005051621234745007,0.0005333321470623989,0.0004107937914995192,-0.4018,0.687853,0,0,2.3675,0,0.0
2021-08-09,1.0138983042291141e-05,9.5599741160507e-06,1.5883435157814063e-05,5.790089262404407e-07,0.0571071937607666,9.5599741160507e-06,0.0025550237266573675,0.0024091134772447767,0.004002625659769144,0.4114,0.680746,0,0,4.6171,0,0.0
2021-08-10,3.621844114863815e-06,4.12720712446012e-06,3.933999402811654e-06,0.0,0.0,4.12720712446012e-06,0.0009127047169456814,0.0010400561953639502,0.0009913678495085368,-1.0053,0.314754,0,0,2.7583,0,0.0
2021-08-11,6.084808441755315e-05,6.182841646299395e-05,4.1196163768168104e-05,0.0,0.0,6.182841646299395e-05,0.015333717273223394,0.015580760948674477,0.010381433269578362,-0.1161,0.907591,0,0,4.4293,0,0.0
2021-08-12,2.7168659921183374e-06,3.029630003066579e-06,3.352200395909348e-06,0.0,0.0,3.029630003066579e-06,0.000684650230013821,0.000763466760772778,0.0008447544997691557,-0.8294,0.406872,0,0,2.1791,0,0.0
2021-08-13,0.00015000255231292626,0.00014432832851855344,0.00020813679152395048,5.674223794372818e-06,0.037827514725936665,0.00014432832851855344,0.03780064318285742,0.03637073878667547,0.052450471464035524,0.2725,0.785208,0,1,9.5707,1,0.01282051282051282
2021-08-16,0.0032137531511212385,0.0026982655248548723,0.0026706916339495016,0.0005154876262663663,0.16040050429079114,0.0026982655248548723,0.8098657940825521,0.6799629122634279,0.6730142917552744,1.1557,0.247824,0,2,7.5348,1,0.02564102564102564
2021-08-17,2.9199187704685328e-05,2.9945247943384904e-05,2.9451007800843718e-05,0.0,0.0,2.9945247943384904e-05,0.007358195301580703,0.007546202481732996,0.007421653965812617,-0.1841,0.853945,0,0,2.9413,0,0.0
2021-08-18,0.0001269919502466394,0.00013569315565041217,0.0001507216764035852,0.0,0.0,0.00013569315565041217,0.032001971462153125,0.03419467522390387,0.03798186245370347,-0.4937,0.621549,0,0,2.6705,0,0.0
2021-08-19,3.478602492150509e-05,3.245354063781022e-05,5.253858415947029e-05,2.3324842836948694e-06,0.06705233558320621,3.245354063781022e-05,0.008766078280219282,0.008178292240728175,0.013239723208186513,0.4831,0.629026,0,0,2.8546,0,0.0
2021-08-20,3.619051742142107e-05,3.3928177234811176e-05,4.144137267765124e-05,2.2623401866098927e-06,0.06251195852643049,3.3928177234811176e-05,0.00912001039019811,0.008549900663172415,0.010443225914768112,0.4504,0.652433,0,0,4.1333,0,0.0
2021-08-23,0.00030186678808329575,0.00031763825298791124,0.00045538082799353086,0.0,0.0,0.00031763825298791124,0.07607043059699053,0.08004483975295364,0.11475596865436978,-0.3764,0.706601,0,0,4.3651,0,0.0
2021-08-24,3.227622646496056e-06,3.1838216620317683e-06,2.7176365114504433e-06,4.380098446428764e-08,0.013570660418180565,3.1838216620317683e-06,0.0008133609069170061,0.0008023230588320056,0.0006848444008855117,0.0978,0.922112,0,0,3.1955,0,0.0
2021-08-25,3.7076135882432217e-06,3.3645210066576414e-06,2.582943218219348e-06,3.430925815855804e-07,0.0925372833178294,3.3645210066576414e-06,0.0009343186242372919,0.0008478592936777257,0.0006509016909912757,0.6667,0.504957,0,0,2.6907,0,0.0
2021-08-26,0.00029642783453793744,0.0003049140449474385,0.00021389895253110067,0.0,0.0,0.0003049140449474385,0.07469981430356024,0.0768383393267545,0.053902536037837366,-0.2063,0.836588,0,2,14.8567,1,0.02564102564102564
2021-08-27,0.052072177495374836,0.05810781006791072,0.029964240629152147,0.0,0.0,0.05810781006791072,13.122188728834459,14.643168137113502,7.550988638546341,-0.8351,0.403662,0,2,10.8612,1,0.02564102564102564
2021-08-30,2.392267920387221e-05,2.3367296253666776e-05,2.822680791395342e-05,5.553829502054351e-07,0.023215749467550832,2.3367296253666776e-05,0.006028515159375797,0.005888558655924027,0.0071131555943162615,0.1673,0.867162,0,0,2.4392,0,0.0
2021-08-31,4.193347038882153e-06,4.269977971883336e-06,3.944592850266384e-06,0.0,0.0,4.269977971883336e-06,0.0010567234537983026,0.0010760344489146008,0.0009940373982671288,-0.1317,0.895251,0,0,2.7804,0,0.0
2021-09-01,4.920919558034753e-07,5.106561328130755e-07,4.6341813383880096e-07,0.0,0.0,5.106561328130755e-07,0.00012400717286247578,0.00012868534546889505,0.00011678136972737784,-0.2718,0.785776,0,0,2.9976,0,0.0
2021-09-02,0.00022342972654539972,0.00023410825739120984,0.00018907241704408924,0.0,0.0,0.00023410825739120984,0.05630429108944073,0.05899528086258488,0.04764624909511049,-0.3443,0.730588,0,3,41.0592,1,0.038461538461538464
2021-09-03,4.800326679157977e-07,4.836180365652234e-07,4.498777969498026e-07,0.0,0.0,4.836180365652234e-07,0.00012096823231478102,0.0001218717452144363,0.00011336920483135026,-0.0538,0.957085,0,0,2.522,0,0.0
2021-09-07,4.6379774708651116e-05,4.4340154323999786e-05,8.158598105451907e-05,2.0396203846513304e-06,0.04397650384218836,4.4340154323999786e-05,0.011687703226580082,0.011173718889647946,0.020559667225738806,0.3168,0.751364,0,2,16.0684,1,0.02564102564102564
2021-09-08,4.7199878693052585e-06,4.852160832581446e-06,4.762938008670985e-06,0.0,0.0,4.852160832581446e-06,0.001189436943064925,0.0012227445298105244,0.0012002603781850884,-0.2018,0.840109,0,0,3.2513,0,0.0
2021-09-09,6.377104843046885e-06,6.457489306752333e-06,5.425680735209257e-06,0.0,0.0,6.457489306752333e-06,0.001607030420447815,0.001627287305301588,0.0013672715452727328,-0.0908,0.927638,0,0,3.141,0,0.0
2021-09-10,0.0001198298923309892,0.00010613663017905383,0.00012140028956414912,1.3693262151935379e-05,0.11427250556013109,0.00010613663017905383,0.030197132867409278,0.026746430805121565,0.030592872970165576,0.8233,0.410332,0,0,3.6509,0,0.0
2021-09-13,1.0649732615701617e-05,1.1075208658682373e-05,1.2774418043208965e-05,0.0,0.0,1.1075208658682373e-05,0.0026837326191568073,0.002790952581987958,0.003219153346888659,-0.2878,0.773466,0,0,2.748,0,0.0
2021-09-14,4.060784726553873e-05,3.285312365932457e-05,4.0379742684960915e-05,7.75472360621416e-06,0.1909661293921622,3.285312365932457e-05,0.01023317751091576,0.008278987162149792,0.01017569515661015,1.3759,0.168862,0,0,3.4834,0,0.0
2021-09-15,0.29882163177562554,0.3089822514936176,0.2829656486182017,0.0,0.0,0.3089822514936176,75.30305120745764,77.86352737639163,71.30734345178683,-0.245,0.806473,0,3,99.7634,1,0.038461538461538464
2021-09-16,6.7186205024845405e-06,6.394575796786433e-06,5.541226913204304e-06,3.2404470569810725e-07,0.04823083211016959,6.394575796786433e-06,0.0016930923666261042,0.0016114331007901811,0.0013963891821274846,0.3475,0.728221,0,0,3.3174,0,0.0
2021-09-17,9.322741647153198e-05,8.361920520562627e-05,0.00010755201780180059,9.60821126590571e-06,0.10306207687067684,8.361920520562627e-05,0.023493308950826058,0.02107203971181782,0.02710310848605375,0.7425,0.45776,0,1,4.9182,1,0.01282051282051282
2021-09-20,0.00027731352706582995,0.00028770678373638616,0.0004440402495146392,0.0,0.0,0.00028770678373638616,0.06988300882058915,0.07250210950156931,0.11189814287768908,-0.27,0.787142,0,0,3.9015,0,0.0
2021-09-21,1.2689451608359626e-06,1.3883881963537477e-06,1.1299016514944455e-06,0.0,0.0,1.3883881963537477e-06,0.00031977418053066257,0.00034987382548114443,0.00028473521617660027,-0.6782,0.497664,0,0,2.6969,0,0.0
2021-09-22,8.39676815692431e-05,7.744158706994801e-05,5.245828365466936e-05,6.5260944992950924e-06,0.07772150307844229,7.744158706994801e-05,0.021159855755449264,0.019515279941626898,0.013219487480976679,0.56,0.575502,0,3,8.3387,1,0.038461538461538464
2021-09-23,0.0002600334915837615,0.00025970029811460296,0.0002743708415835076,3.331934691585387e-07,0.0012813482826686683,0.00025970029811460296,0.06552843987910789,0.06544447512487994,0.06914145207904392,0.0092,0.992634,0,1,4.8312,1,0.01282051282051282
2021-09-24,3.842514951176153e-06,3.621068968291607e-06,3.666606213705635e-06,2.2144598288454618e-07,0.057630465481025246,3.621068968291607e-06,0.0009683137676963906,0.0009125093800094849,0.00092398476585382,0.4152,0.677984,0,0,2.722,0,0.0
2021-09-27,0.017479170437673507,0.018966076573374593,0.006378432016007941,0.0,0.0,0.018966076573374593,4.404750950293724,4.7794512964903975,1.6073648680340011,-0.6129,0.539948,0,4,18.7479,1,0.05128205128205128
2021-09-28,0.464043194948415,0.4614954603535231,0.4734906279685217,0.0025477345948918817,0.005490296210829271,0.4614954603535231,116.93888512700057,116.29685600908783,119.31963824806746,0.0396,0.968447,0,2,14.13,1,0.02564102564102564
2021-09-29,1.875619797520886e-06,2.0533505052830878e-06,2.2771670953245866e-06,0.0,0.0,2.0533505052830878e-06,0.0004726561889752633,0.0005174443273313381,0.0005738461080217959,-0.6827,0.494788,0,0,2.5834,0,0.0
2021-09-30,9.35603797676985e-05,8.071874805802997e-05,7.696468114660077e-05,1.2841631709668524e-05,0.1372550176078598,8.071874805802997e-05,0.02357721570146002,0.020341124510623552,0.019395099648943395,0.9889,0.322716,0,1,5.7235,1,0.01282051282051282
2021-10-01,0.00027358126343215365,0.0002554955215823892,0.0002548834837418168,1.808574184976444e-05,0.06610738453637634,0.0002554955215823892,0.06894247838490272,0.06438487143876208,0.06423063790293783,0.4763,0.633868,0,0,3.8414,0,0.0
2021-10-04,8.291685021447293e-05,7.649522241383528e-05,9.757938382843751e-05,6.421627800637646e-06,0.07744659507182018,7.649522241383528e-05,0.020895046254047176,0.01927679604828649,0.024590004724766253,0.558,0.576854,0,0,2.9353,0,0.0
2021-10-05,0.00011459675445211223,0.00012010288374650666,0.00012938576543229994,0.0,0.0,0.00012010288374650666,0.02887838212193228,0.030265926704119678,0.03260521288893958,-0.3462,0.729212,0,0,2.3734,0,0.0
2021-10-06,0.00046132442567354485,0.0004900863199244767,0.0004679097795263676,0.0,0.0,0.0004900863199244767,0.1162537552697333,0.12350175262096813,0.11791326444064464,-0.4492,0.653293,0,0,3.4535,0,0.0
2021-10-07,0.003135380096710974,0.0031280779034077552,0.0017867023548230798,7.302193303218747e-06,0.002328965891105136,0.0031280779034077552,0.7901157843711655,0.7882756316587544,0.45024899341541613,0.0168,0.986612,0,0,3.5825,0,0.0
2021-10-08,3.7251078105300223e-06,4.169305040824805e-06,2.209165442416815e-06,0.0,0.0,4.169305040824805e-06,0.0009387271682535656,0.0010506648702878509,0.0005567096914890373,-0.8591,0.39027,0,0,2.3615,0,0.0
2021-10-11,0.009867408535329376,0.00960741320165631,0.00996420365306474,0.0002599953336730656,0.026348897252589328,0.00960741320165631,2.4865869509030025,2.4210681268173904,2.5109793205723148,0.1898,0.849436,0,3,57.0631,1,0.038461538461538464
2021-10-12,1.4712182260189768e-06,1.576788483479437e-06,1.3460817221492558e-06,0.0,0.0,1.576788483479437e-06,0.00037074699295678215,0.00039735069783681815,0.00033921259398161246,-0.517,0.605161,0,0,2.2147,0,0.0
2021-10-13,1.033397127949164e-05,9.91017423014571e-06,9.335524765985102e-06,4.237970493459298e-07,0.04101008188177351,9.91017423014571e-06,0.002604160762431893,0.002497363905996719,0.002352552241028246,0.2955,0.767636,0,1,4.8138,1,0.01282051282051282
2021-10-14,0.00011993877765619781,0.0001234730659071978,0.00011032337649945988,0.0,0.0,0.0001234730659071978,0.030224571969361846,0.031115212608613847,0.02780149087786389,-0.2123,0.831868,0,1,8.385,1,0.01282051282051282
2021-10-15,1.818741257507941e-05,1.7027071340401575e-05,1.5289127526086532e-05,1.1603412346778356e-06,0.06379913393885471,1.7027071340401575e-05,0.0045832279689200115,0.0042908219777811965,0.003852860136573806,0.4597,0.645761,0,0,1.8688,0,0.0
2021-10-18,0.00016525532253628913,0.00017704427899779463,0.000246854675776871,0.0,0.0,0.00017704427899779463,0.04164434127914486,0.044615158307444246,0.06220737829577149,-0.514,0.60727,0,0,4.3151,0,0.0
2021-10-19,0.0007054518150668567,0.0007032217986441602,0.0004976358942528424,2.2300164226965197e-06,0.003161117984116406,0.0007032217986441602,0.1777738573968479,0.17721189325832837,0.1254042453517163,0.0228,0.98183,0,0,4.1407,0,0.0
2021-10-20,0.0033647244115809147,0.00349987741117171,0.0016124142136682328,0.0,0.0,0.00349987741117171,0.8479105517183905,0.8819691076152709,0.4063283818443947,-0.2894,0.772276,0,0,2.5952,0,0.0
2021-10-21,2.0817247517568894e-05,1.8872407328939402e-05,1.6114139216517422e-05,1.944840188629492e-06,0.09342445938463614,1.8872407328939402e-05,0.005245946374427361,0.00475584664689273,0.00406076308256239,0.6731,0.500882,0,0,3.1473,0,0.0
2021-10-22,3.104203843500086e-07,2.883495129516369e-07,3.5764478647716014e-07,2.2070871398371687e-08,0.07109971319980385,2.883495129516369e-07,7.822593685620216e-05,7.26640772638125e-05,9.012648619224435e-05,0.5123,0.60847,0,0,3.1254,0,0.0
2021-10-25,0.00030550881142630046,0.00032366831303144597,0.00034879581924400873,0.0,0.0,0.00032366831303144597,0.07698822047942772,0.08156441488392438,0.0878965464494902,-0.4283,0.668466,0,4,28.8889,1,0.05128205128205128
2021-10-26,9.519992377465075e-07,1.04214729075329e-06,8.727811536566287e-07,0.0,0.0,1.04214729075329e-06,0.0002399038079121199,0.0002626211172698291,0.00021994085072147044,-0.6822,0.495084,0,0,2.9988,0,0.0
2021-10-27,1.5845288165588364e-05,1.7350219597135128e-05,1.070991316984496e-05,0.0,0.0,1.7350219597135128e-05,0.003993012617728268,0.004372255338478052,0.00269889811880093,-0.6843,0.493795,0,1,7.4158,1,0.01282051282051282
2021-10-28,0.00029382049090349665,0.0003157987645941386,0.0003311076355816259,0.0,0.0,0.0003157987645941386,0.07404276370768116,0.07958128867772293,0.08343912416656972,-0.5389,0.589935,0,1,4.8479,1,0.01282051282051282
2021-10-29,5.4039488639736914e-06,5.030636230808336e-06,7.167169983664758e-06,3.733126331653551e-07,0.06908143905148054,5.030636230808336e-06,0.0013617951137213703,0.0012677203301637008,0.001806126835883519,0.4977,0.618684,0,0,3.1792,0,0.0
2021-11-01,1.278464962596439e-06,1.2668546459147975e-06,1.4771350377348711e-06,1.161031668164147e-08,0.009081443715609021,1.2668546459147975e-06,0.0003221731705743026,0.00031924737077052896,0.0003722380295091875,0.0654,0.947832,0,0,2.8437,0,0.0
2021-11-02,3.2077865038060386e-05,2.5232127854374066e-05,3.406303099180493e-05,6.8457371836863206e-06,0.21340999353148532,2.5232127854374066e-05,0.008083621989591217,0.006358496219302265,0.008583883809934842,1.5376,0.124153,0,1,4.9271,1,0.01282051282051282
2021-11-03,0.0011146490959624482,0.0010993459833522627,0.0017744361540289852,1.530311261018543e-05,0.013729085370353987,0.0010993459833522627,0.28089157218253696,0.2770351878047702,0.44715791081530426,0.0989,0.921206,0,1,6.3515,1,0.01282051282051282
2021-11-04,1.823444256441824e-05,1.5226696238057568e-05,1.822813572844783e-05,3.0077463263606723e-06,0.16494862131300977,1.5226696238057568e-05,0.0045950795262333964,0.003837127451990507,0.004593490203568853,1.1884,0.234668,0,0,3.1069,0,0.0
2021-11-05,9.503945313695996e-06,1.0641474233227324e-05,9.717455392251756e-06,0.0,0.0,1.0641474233227324e-05,0.002394994219051391,0.0026816515067732854,0.0024487987588474426,-0.8623,0.388499,0,0,2.6705,0,0.0
2021-11-08,9.688780458321992e-05,8.811457322078752e-05,9.673801045519465e-05,8.773231362432405e-06,0.09055041869945962,8.811457322078752e-05,0.02441572675497142,0.022204872451638453,0.02437797863470905,0.6524,0.514146,0,2,6.541,1,0.02564102564102564
2021-11-09,1.2545890089245259e-05,1.4884911147895497e-05,1.1461819798140713e-05,0.0,0.0,1.4884911147895497e-05,0.0031615643024898053,0.0037509976092696654,0.0028883785891314594,-1.3432,0.179194,0,0,2.4665,0,0.0
2021-11-10,7.46485600135709e-05,7.83038939801993e-05,6.388901277101647e-05,0.0,0.0,7.83038939801993e-05,0.018811437123419865,0.019732581283010225,0.016100031218296153,-0.3528,0.72424,0,1,5.2338,1,0.01282051282051282
2021-11-11,2.3956758055141006e-07,1.806066386366526e-07,1.9786143180081616e-07,5.896094191475746e-08,0.24611299937182196,1.806066386366526e-07,6.0371030298955336e-05,4.5512872936436454e-05,4.986108081380567e-05,1.7732,0.076197,0,0,3.9717,0,0.0
2021-11-12,3.687696327126314e-05,3.65603547539615e-05,4.6256504306603875e-05,3.1660851730164023e-07,0.008585536351981162,3.65603547539615e-05,0.009292994744358312,0.009213209397998297,0.011656639085264176,0.0619,0.950677,0,4,9.5832,1,0.05128205128205128
2021-11-15,4.6910034417348776e-08,5.4741047154518555e-08,3.7879511269842865e-08,0.0,0.0,5.4741047154518555e-08,1.1821328673171891e-05,1.3794743882938675e-05,9.545636840000403e-06,-1.2027,0.229085,0,0,2.7248,0,0.0
2021-11-16,8.454371433484819e-06,8.786295492610885e-06,1.0080198789451227e-05,0.0,0.0,8.786295492610885e-06,0.002130501601238174,0.002214146464137943,0.0025402100949417092,-0.2829,0.777281,0,3,9.653,1,0.038461538461538464
2021-11-17,6.146312135281099e-06,5.313060679642174e-06,6.452538956065494e-06,8.332514556389253e-07,0.1355693140422493,5.313060679642174e-06,0.001548870658090837,0.0013388912912698277,0.0016260398169285046,0.9767,0.328694,0,0,3.3099,0,0.0
2021-11-18,4.139693732274385e-05,4.5477587447591004e-05,4.141123607488448e-05,0.0,0.0,4.5477587447591004e-05,0.010432028205331451,0.011460352036792933,0.01043563149087089,-0.7102,0.477579,0,0,3.6421,0,0.0
2021-11-19,4.710487733398587e-06,4.1394260944823934e-06,5.979981269693102e-06,5.710616389161935e-07,0.12123192968645022,4.1394260944823934e-06,0.0011870429088164439,0.001043135375809563,0.0015069552799626617,0.8734,0.382418,0,0,3.3509,0,0.0
2021-11-22,0.0068332035722591415,0.006788888109331996,0.00491082529004068,4.43154629271459e-05,0.0064853128480715444,0.006788888109331996,1.7219673002093037,1.710799803551663,1.2375279730902513,0.0467,0.962732,0,3,65.6278,1,0.038461538461538464
2021-11-23,2.3470421699900596e-07,2.3672384087375424e-07,2.767303360779155e-07,0.0,0.0,2.3672384087375424e-07,5.91454626837495e-05,5.965440790018607e-05,6.973604469163471e-05,-0.062,0.950565,0,0,2.7343,0,0.0
2021-11-24,4.714270846104044e-06,4.909183829268409e-06,3.1780395010860496e-06,0.0,0.0,4.909183829268409e-06,0.0011879962532182192,0.001237114324975639,0.0008008659542736845,-0.2979,0.765792,0,0,4.3667,0,0.0
2021-11-26,0.09620791217976814,0.09246351611551881,0.09326067565082169,0.003744396064249325,0.0389198349634057,0.09246351611551881,24.24439386930157,23.30080606111074,23.501690264007067,0.2804,0.779164,0,5,27.5972,1,0.0641025641025641
2021-11-29,2.5494958884404787e-05,2.975781876044811e-05,2.862272001086199e-05,0.0,0.0,2.975781876044811e-05,0.006424729638870006,0.007498970327632923,0.007212925442737221,-1.2047,0.228331,0,0,2.9987,0,0.0
2021-11-30,0.004100807585405701,0.003741008361893358,0.002079405237381295,0.00035979922351234324,0.08773862609528141,0.003741008361893358,1.0334035115222366,0.9427341071971261,0.5240101198200864,0.6321,0.527297,0,2,8.1693,1,0.02564102564102564
2021-12-01,0.0007421122774951816,0.0007553850607131423,0.0009619225897066707,0.0,0.0,0.0007553850607131423,0.18701229392878577,0.19035703529971187,0.24240449260608102,-0.1289,0.89747,0,0,2.9576,0,0.0
2021-12-02,0.0001262031496168687,0.00013108046652259787,0.000155233819834647,0.0,0.0,0.00013108046652259787,0.03180319370345091,0.033032277563694666,0.039118922598331045,-0.2784,0.780675,0,0,2.7844,0,0.0
2021-12-03,0.0003414140966539915,0.00033907766208867774,0.0003919787981381603,2.3364345653137733e-06,0.0068434038938885566,0.00033907766208867774,0.08603635235680586,0.08544757084634678,0.09877865713081639,0.0493,0.960676,0,1,5.3032,1,0.01282051282051282
2021-12-06,0.0002498191532658744,0.0002499583863023644,0.00018021121495248642,0.0,0.0,0.0002499583863023644,0.06295442662300035,0.06298951334819583,0.04541322616802658,-0.004,0.996796,0,0,2.9381,0,0.0
2021-12-07,0.00032557510733900686,0.0003608631009469755,0.0005274335743010804,0.0,0.0,0.0003608631009469755,0.08204492704942973,0.09093750143863782,0.13291326072387227,-0.7809,0.43486,0,0,2.8512,0,0.0
2021-12-08,6.450802579009486e-06,6.447765294717128e-06,8.107223503177538e-06,3.0372842923584515e-09,0.00047083812972411465,6.447765294717128e-06,0.0016256022499103904,0.0016248368542687163,0.0020430203228007393,0.0034,0.997293,0,0,2.6849,0,0.0
2021-12-09,0.0002514966324570437,0.00021953053079332868,0.00013793840119327296,3.1966101663715015e-05,0.12710349726878117,0.00021953053079332868,0.06337715137917502,0.05532169375991883,0.03476047710070478,0.9158,0.359796,0,3,8.6482,1,0.038461538461538464
2021-12-10,0.00013907070893132064,0.00012642266017755903,0.0001285851354034581,1.2648048753761612e-05,0.09094689140515488,0.00012642266017755903,0.0350458186506928,0.03185851036474487,0.03240345412167144,0.6553,0.512305,0,0,4.2075,0,0.0
2021-12-13,3.845154526988151e-05,3.992862131904315e-05,3.279152927633822e-05,0.0,0.0,3.992862131904315e-05,0.00968978940801014,0.010062012572398873,0.008263465377637232,-0.2768,0.781961,0,0,3.223,0,0.0
2021-12-14,2.0480032562546952e-05,2.006836221900566e-05,2.625837355631695e-05,4.116703435412925e-07,0.02010105805168886,2.006836221900566e-05,0.005160968205761832,0.005057227279189426,0.006617110136191872,0.1448,0.88485,0,0,3.1309,0,0.0
2021-12-15,0.011450850506328578,0.012963333270331553,0.011413990681992144,0.0,0.0,0.012963333270331553,2.885614327594802,3.2667599841235515,2.8763256518620204,-0.9516,0.341278,0,2,21.7629,1,0.02564102564102564
2021-12-16,4.159924234857322e-05,4.127669712283908e-05,4.743602030137274e-05,3.225452257341437e-07,0.0077536320319923895,4.127669712283908e-05,0.010483009071840452,0.010401727674955449,0.011953877115945932,0.0559,0.955451,0,0,2.7814,0,0.0
2021-12-17,0.00046680898983308337,0.00042016696016245326,0.0004133607261246034,4.664202967063011e-05,0.09991673379596039,0.00042016696016245326,0.11763586543793701,0.10588207396093822,0.10416690298340006,0.7199,0.4716,0,0,4.5786,0,0.0
2021-12-20,0.0015624282888937438,0.0016520146740131992,0.0015957910507817716,0.0,0.0,0.0016520146740131992,0.39373192880122343,0.4163076978513262,0.40213934479700647,-0.4131,0.679528,0,0,2.9007,0,0.0
2021-12-21,0.0003409102815311668,0.00030358231125405947,0.00019984507753195837,3.7327970277107334e-05,0.10949499674799257,0.00030358231125405947,0.08590939094585404,0.07650274243602298,0.05036095953805351,0.7889,0.430178,0,0,2.7449,0,0.0
2021-12-22,0.00033107534927760875,0.00032970131723563767,0.00039702994883581387,1.374032041971077e-06,0.004150209433649901,0.00032970131723563767,0.0834309880179574,0.08308473194338069,0.10005154710662509,0.0299,0.976146,0,0,2.7854,0,0.0
2021-12-23,8.368895310504851e-05,7.580813258958161e-05,6.556961547076602e-05,7.880820515466903e-06,0.09416798907027439,7.580813258958161e-05,0.021089616182472227,0.019103649412574565,0.016523543098633037,0.6785,0.49748,0,0,2.9511,0,0.0
2021-12-27,0.00019453175822551765,0.0001573698012669633,0.00021118212670860154,3.7161956958554356e-05,0.19103285297221353,0.0001573698012669633,0.049022003072830445,0.03965718991927475,0.05321789593056759,1.3764,0.168713,0,1,5.2097,1,0.01282051282051282
2021-12-28,6.963509507018736e-07,6.352739463234746e-07,7.873723112198771e-07,6.1077004378399e-08,0.08770996378603907,6.352739463234746e-07,0.00017548043957687216,0.0001600890344735156,0.00019841782242740902,0.6319,0.527432,0,1,5.7272,1,0.01282051282051282
2021-12-29,9.920672228542462e-07,9.435354268089511e-07,1.2045071548399077e-06,4.853179604529506e-08,0.04891981713280349,9.435354268089511e-07,0.00025000094015927005,0.00023777092755585569,0.00030353580301965675,0.3525,0.724496,0,0,2.6097,0,0.0
2021-12-30,3.454655864595987e-05,3.8253725171588226e-05,2.8887387329343244e-05,0.0,0.0,3.8253725171588226e-05,0.008705732778781889,0.009639938743240232,0.007279621606994497,-0.7731,0.439439,0,1,9.0242,1,0.01282051282051282
2021-12-31,9.515959550317534e-06,9.86900259074057e-06,5.924996066902357e-06,0.0,0.0,9.86900259074057e-06,0.0023980218066800185,0.0024869886528666235,0.001493099008859394,-0.2673,0.78924,0,0,4.0066,0,0.0
2022-01-03,2.280513480001041e-05,1.827639189618177e-05,2.5973346163410687e-05,4.528742903828642e-06,0.1985843427350507,1.827639189618177e-05,0.005746893969602623,0.004605650757837806,0.006545283233179493,1.4308,0.1525,0,0,4.4534,0,0.0
2022-01-04,8.811751211732105e-08,8.742185963271161e-08,4.46755481756817e-08,6.956524846094429e-10,0.007894510107969715,8.742185963271161e-08,2.2205613053564905e-05,2.2030308627443325e-05,1.1258238140271787e-05,0.0569,0.954642,0,0,3.2472,0,0.0
2022-01-05,0.0012441123614605448,0.0011737374722737542,0.001327603810823455,7.03748891867906e-05,0.05656634505874259,0.0011737374722737542,0.3135163150880573,0.29578184301298605,0.3345561603275106,0.4075,0.683605,0,2,257.939,1,0.02564102564102564
2022-01-06,1.3504377374410708e-06,1.5850207904785693e-06,1.4953372615954793e-06,0.0,0.0,1.5850207904785693e-06,0.00034031030983514986,0.00039942523920059945,0.00037682498992206077,-1.2515,0.21074,0,0,2.2181,0,0.0
2022-01-07,0.00019235107382511407,0.00017249055745841235,0.00020342488597410597,1.986051636670172e-05,0.10325139271906297,0.00017249055745841235,0.048472470603928744,0.043467620479519915,0.051263071265474705,0.7439,0.456935,0,3,19.1301,1,0.038461538461538464
2022-01-10,8.783211578781155e-07,8.984887066018502e-07,1.1425432154340995e-06,0.0,0.0,8.984887066018502e-07,0.0002213369317852851,0.00022641915406366626,0.0002879208902893931,-0.1654,0.868604,0,0,2.7964,0,0.0
2022-01-11,0.10930954567669982,0.10459431453760991,0.11659226302993433,0.0047152311390899065,0.04313649928609902,0.10459431453760991,27.546005510528353,26.357767263477697,29.38125028354345,0.3108,0.755961,0,3,519.387,1,0.038461538461538464
2022-01-12,4.216963352267218e-05,4.043028882727496e-05,2.9342792347856778e-05,1.7393446953972166e-06,0.04124637823128562,4.043028882727496e-05,0.010626747647713389,0.010188432784473291,0.007394383671659908,0.2972,0.766336,0,0,2.1747,0,0.0
2022-01-13,0.18305814602820417,0.20249583393905754,0.12215212748819616,0.0,0.0,0.20249583393905754,46.13065279910745,51.0289501526425,30.782336127025435,-0.765,0.444256,0,2,103.2519,1,0.02564102564102564
2022-01-14,1.713082246053453e-06,1.9558122747955243e-06,1.6729532975935082e-06,0.0,0.0,1.9558122747955243e-06,0.0004316967260054702,0.0004928646932484722,0.00042158423099356403,-1.0209,0.307321,0,0,2.4924,0,0.0
2022-01-18,0.00014460065618912294,0.00017178898818174246,0.00016421346460110834,0.0,0.0,0.00017178898818174246,0.036439365359658984,0.0432908250217991,0.0413817930794793,-1.3547,0.175523,0,2,5.7654,1,0.02564102564102564
2022-01-19,0.0005553316968845529,0.0005167838598268391,0.000624601510593025,3.854783705771383e-05,0.06941407667625607,0.0005167838598268391,0.13994358761490733,0.13022953267636345,0.15739958066944232,0.5001,0.616995,0,0,3.48,0,0.0
2022-01-20,0.0002455180467625719,0.00028112946802981035,0.00018407712145731203,0.0,0.0,0.00028112946802981035,0.061870547784168124,0.07084462594351221,0.04638743460724263,-1.045,0.296011,0,0,4.2677,0,0.0
2022-01-21,0.001247248607851716,0.0011801778700522444,0.0010574095831368958,6.707073779947171e-05,0.05377495498769939,0.0011801778700522444,0.31430664917863244,0.2974048232531656,0.26646721495049774,0.3874,0.698433,0,0,2.6697,0,0.0
2022-01-24,0.00011421577809699915,0.00012348378981690035,8.891850494007024e-05,0.0,0.0,0.00012348378981690035,0.028782376080443785,0.03111791503385889,0.022407463244897702,-0.5846,0.558796,0,0,2.4381,0,0.0
2022-01-25,0.0005209438611637868,0.0005406954059061157,0.000490033282483589,0.0,0.0,0.0005406954059061157,0.13127785301327427,0.13625524228834116,0.12348838718586443,-0.2732,0.784723,0,0,3.8158,0,0.0
2022-01-26,1.502595887293685e-05,1.4011855078419561e-05,1.039347550995758e-05,1.0141037945172883e-06,0.0674901173098288,1.4011855078419561e-05,0.003786541635980086,0.0035309874797617292,0.00261915582850931,0.4863,0.626789,0,0,2.6847,0,0.0
2022-01-27,1.410334789816294e-05,1.3759629951031018e-05,1.5950824194454962e-05,3.437179471319226e-07,0.02437137091437157,1.3759629951031018e-05,0.003554043670337061,0.0034674267476598165,0.004019607697002651,0.1756,0.860616,0,0,2.4569,0,0.0
2022-01-28,0.002508570780406808,0.0026263096114334974,0.0017563740027039443,0.0,0.0,0.0026263096114334974,0.6321598366625156,0.6618300220812413,0.442606248681394,-0.3382,0.735247,0,3,13.9754,1,0.038461538461538464
2022-01-31,0.000369515849786023,0.0003832785196646751,0.00029220678789584903,0.0,0.0,0.0003832785196646751,0.0931179941460778,0.09658618695549812,0.07363611054975396,-0.2683,0.788435,0,0,4.5506,0,0.0
2022-02-01,0.00017453479788543573,0.00016864490085550653,0.00012734475209581512,5.889897029929202e-06,0.03374626187752574,0.00016864490085550653,0.04398276906712981,0.04249851501558764,0.032090877528145406,0.2431,0.807901,0,0,3.3115,0,0.0
2022-02-02,0.0045818079418169936,0.005142066327741856,0.0058933946853157145,0.0,0.0,0.005142066327741856,1.1546156013378823,1.2958007145909478,1.4851354606995602,-0.881,0.378322,0,1,8.5127,1,0.01282051282051282
2022-02-03,0.0005540034416868173,0.000624994284363524,0.00024655303258204497,0.0,0.0,0.000624994284363524,0.13960886730507796,0.15749855965960805,0.06213136421067533,-0.9232,0.355886,0,0,2.404,0,0.0
2022-02-04,7.2254847046523485e-06,7.324933258487052e-06,1.0920263685918998e-05,0.0,0.0,7.324933258487052e-06,0.0018208221455723917,0.001845883181138737,0.0027519064488515876,-0.0992,0.921008,0,0,2.0958,0,0.0
2022-02-07,0.0002361362120489489,0.00020341769426185925,0.00024098627816684665,3.271851778708965e-05,0.13855781527379452,0.00020341769426185925,0.05950632543633512,0.05126125895398853,0.06072854209804536,0.9983,0.318144,0,0,4.0525,0,0.0
2022-02-08,0.0006704880709855554,0.000660967898141352,0.0007358680711023833,9.520172844203418e-06,0.014198869811376025,0.000660967898141352,0.16896299388835997,0.1665639103316207,0.1854387539178006,0.1023,0.918519,0,1,4.712,1,0.01282051282051282
2022-02-09,0.0032140690129696505,0.003313012798249515,0.001897807609724338,0.0,0.0,0.003313012798249515,0.809945391268352,0.8348792251588777,0.47824751765053314,-0.2218,0.824472,0,1,6.2378,1,0.01282051282051282
2022-02-10,0.0010366741644611136,0.0009207815312780517,0.0010279907897349455,0.0001158926331830619,0.11179272817270676,0.0009207815312780517,0.2612418894442006,0.23203694588206902,0.25905367901320625,0.8054,0.420564,0,0,2.9484,0,0.0
2022-02-11,0.00027265475958430127,0.00025560185608299366,0.00021656619372487898,1.705290350130761e-05,0.06254394188740041,0.00025560185608299366,0.06870899941524392,0.0644116677329144,0.0545746808186695,0.4506,0.652267,0,0,2.8046,0,0.0
2022-02-14,0.00017802845861459665,0.00015050743828963844,0.0001551628056365264,2.752102032495821e-05,0.1545877573986589,0.00015050743828963844,0.04486317157087836,0.03792787444898889,0.039101027020404654,1.1138,0.265377,0,0,2.6792,0,0.0
2022-02-15,0.0008322209496246724,0.00090723707337058,0.0006353843279803961,0.0,0.0,0.00090723707337058,0.20971967930541743,0.22862374248938616,0.16011685065105982,-0.6494,0.516056,0,0,3.4574,0,0.0
2022-02-16,7.191200467249188e-07,6.987741512696303e-07,9.76023643637589e-07,2.0345895455288447e-08,0.028292727000481247,6.987741512696303e-07,0.00018121825177467953,0.00017609108611994683,0.00024595795819667244,0.2038,0.838476,0,0,2.9877,0,0.0
2022-02-17,0.0005372359318041935,0.0005153607990954343,0.00048667436680735395,2.1875132708759214e-05,0.04071792553893086,0.0005153607990954343,0.13538345481465677,0.12987092137204945,0.12264194043545319,0.2934,0.769244,0,2,10.4327,1,0.02564102564102564
2022-02-18,0.4663458193175975,0.49533573194148356,0.28537515578538447,0.0,0.0,0.49533573194148356,117.51914646803456,124.82460444925385,71.91453925791689,-0.4479,0.654241,0,2,31.7368,1,0.02564102564102564
2022-02-22,0.0011682126188535238,0.001238976436575908,0.0005107597443305547,0.0,0.0,0.001238976436575908,0.294389579951088,0.3122220620171288,0.1287114555712998,-0.4364,0.662528,0,0,2.9477,0,0.0
2022-02-23,0.004295675611218852,0.004515537397927629,0.0049545975886349375,0.0,0.0,0.004515537397927629,1.0825102540271507,1.1379154242777625,1.2485585923360043,-0.3688,0.712309,0,1,5.2595,1,0.01282051282051282
2022-02-24,0.00017197124914764372,0.00017197979497171953,0.0002473562392444677,0.0,0.0,0.00017197979497171953,0.04333675478520622,0.04333890833287332,0.06233377228960587,-0.0004,0.999714,0,0,3.204,0,0.0
2022-02-25,0.0019626707132613516,0.00153987387965118,0.001094784767593904,0.0004227968336101716,0.2154191380846535,0.00153987387965118,0.4945930197418606,0.38804821767209735,0.2758857614336638,1.552,0.120651,0,1,6.0787,1,0.01282051282051282
2022-02-28,3.201693092438021e-06,3.3888938224370102e-06,3.3018558692704314e-06,0.0,0.0,3.3888938224370102e-06,0.0008068266592943813,0.0008540012432541265,0.0008320676790561487,-0.4213,0.673566,0,0,3.6207,0,0.0
2022-03-01,0.0040795826126060085,0.0038995496509117698,0.003859358512167319,0.00018003296169423868,0.04413024045494317,0.0038995496509117698,1.0280548183767142,0.982686512029766,0.9725583450661645,0.3179,0.750524,0,3,29.635,1,0.038461538461538464
2022-03-02,0.001269001304216625,0.0010971324077667345,0.0016941071409734092,0.0001718688964498906,0.13543634332239848,0.0010971324077667345,0.3197883286625895,0.27647736675721707,0.4269149995252991,0.9758,0.329169,0,0,2.7751,0,0.0
2022-03-03,0.0003443573024711152,0.0003730959352671008,0.00046127403313192994,0.0,0.0,0.0003730959352671008,0.08677804022272104,0.0940201756873094,0.11624105634924635,-0.6013,0.547653,0,0,2.5762,0,0.0
2022-03-04,0.007009863097639797,0.007146609601479118,0.005410881175313849,0.0,0.0,0.007146609601479118,1.766485500605229,1.8009456195727378,1.3635420561790899,-0.1405,0.888226,0,1,5.5199,1,0.01282051282051282
2022-03-07,0.00042395386003558563,0.0004921804107370719,0.0005985107421499503,0.0,0.0,0.0004921804107370719,0.10683637272896758,0.12402946350574212,0.1508247070217875,-1.1595,0.246269,0,0,2.1563,0,0.0
2022-03-08,3.917803987831448e-05,3.9845571789592734e-05,3.333813904155411e-05,0.0,0.0,3.9845571789592734e-05,0.009872866049335249,0.010041084090977368,0.008401211038471634,-0.1228,0.902299,0,0,2.121,0,0.0
2022-03-09,0.000994486389896763,0.0009974416127446965,0.0010600721846849433,0.0,0.0,0.0009974416127446965,0.2506105702539843,0.25135528641166355,0.2671381905406057,-0.0214,0.982919,0,1,6.9662,1,0.01282051282051282
2022-03-10,3.2960891006298944e-05,3.3170032765158793e-05,2.9146227531342236e-05,0.0,0.0,3.3170032765158793e-05,0.008306144533587334,0.008358848256820015,0.007344849337898244,-0.0457,0.963537,0,0,2.1863,0,0.0
2022-03-11,0.00037969621110112226,0.00034507500572514337,0.00029432929702507074,3.46212053759789e-05,0.09118132936959202,0.00034507500572514337,0.09568344519748281,0.08695890144273613,0.07417098285031783,0.6569,0.511218,0,1,5.6761,1,0.01282051282051282
2022-03-14,0.0001534997678249841,0.00016373189562408848,7.763791962192344e-05,0.0,0.0,0.00016373189562408848,0.038681941491895994,0.041260437697270294,0.01956475574472471,-0.4803,0.63104,0,0,2.2144,0,0.0
2022-03-15,0.014813975293333875,0.01283844888526351,0.01555049039688397,0.001975526408070364,0.13335558949028176,0.01283844888526351,3.7331217739201366,3.2352891190864046,3.9187235800147606,0.9608,0.336654,0,1,14.6453,1,0.01282051282051282
2022-03-16,0.0008429085787627791,0.000815135252489839,0.001274616295052228,2.7773326272940123e-05,0.03294939325538294,0.000815135252489839,0.21241296184822034,0.20541408362743943,0.32120330635316147,0.2374,0.812352,0,0,3.5907,0,0.0
2022-03-17,0.0010070277784760585,0.0007773553315563149,0.0006189528194809773,0.0002296724469197436,0.22806962389780225,0.0007773553315563149,0.25377100017596677,0.19589354355219135,0.1559761105092063,1.6432,0.100343,0,0,4.3264,0,0.0
2022-03-18,0.00012462696876152835,0.00011574868932088782,0.0001268644879213386,8.878279440640527e-06,0.07123882942535607,0.00011574868932088782,0.03140599612790514,0.029168669708863733,0.03196985095617733,0.5133,0.607769,0,0,2.9964,0,0.0
2022-03-21,1.2889042978045968e-07,1.2872706733013143e-07,1.0185762487556288e-07,1.6336245032825846e-10,0.001267442300907928,1.2872706733013143e-07,3.248038830467584e-05,3.2439220967193116e-05,2.5668121468641845e-05,0.0091,0.992714,0,0,3.0101,0,0.0
2022-03-22,0.0009036419859108812,0.0007448746586173886,0.0011202148750969769,0.00015876732729349263,0.17569715616716972,0.0007448746586173886,0.22771778044954205,0.18770841397158192,0.2822941485244382,1.2659,0.205563,0,4,79.7519,1,0.05128205128205128
2022-03-23,0.0001806144367556459,0.0001846814350689087,0.000365060196727346,0.0,0.0,0.0001846814350689087,0.04551483806242276,0.04653972163736499,0.09199516957529119,-0.1622,0.871121,0,0,2.9388,0,0.0
2022-03-24,0.03779041085231409,0.040549196717685684,0.034194523542038814,0.0,0.0,0.040549196717685684,9.52318353478315,10.218397572856793,8.61701993259378,-0.526,0.598912,0,2,17.3656,1,0.02564102564102564
2022-03-25,2.0179015317419358e-05,1.9550193123402687e-05,2.0629698479442245e-05,6.288221940166709e-07,0.031162182740981568,1.9550193123402687e-05,0.005085111859989678,0.004926648667097478,0.005198684016819445,0.2245,0.822355,0,0,2.7651,0,0.0
2022-03-28,2.0107609030553727e-05,1.9443706688566596e-05,1.6722438757629038e-05,6.63902341987131e-07,0.03301746657003614,1.9443706688566596e-05,0.005067117475699539,0.004899814085518782,0.004214054566922518,0.2379,0.811971,0,0,2.6994,0,0.0
2022-03-29,0.00013434232601920913,0.00012176489540317529,8.974638281613475e-05,1.2577430616033837e-05,0.0936222476943952,0.00012176489540317529,0.0338542661568407,0.030684753641600174,0.02261608846966596,0.6745,0.499976,0,0,3.4663,0,0.0
2022-03-30,0.00011478984525851512,9.940678620104534e-05,0.00010422756112341438,1.5383059057469782e-05,0.13401062514559006,9.940678620104534e-05,0.02892704100514581,0.025050510122663426,0.026265345403100424,0.9655,0.334286,0,0,2.7839,0,0.0
2022-03-31,0.000556702955731188,0.0004576636548213062,0.0006700032476697897,9.903930090988185e-05,0.17790331398887177,0.0004576636548213062,0.1402891448442594,0.11533124101496917,0.168840818412787,1.2818,0.199929,0,0,4.1227,0,0.0
2022-04-01,0.3358469302653346,0.3268497265228712,0.1395106899018108,0.008997203742463378,0.026789596484709216,0.3268497265228712,84.63342642686432,82.36613108376355,35.15669385525632,0.193,0.846949,0,1,57.0953,1,0.01282051282051282
2022-04-04,0.00019978945234983778,0.0001663127587630222,0.00017730446486452305,3.347669358681559e-05,0.1675598637741744,0.0001663127587630222,0.050346941992159125,0.04191081520828159,0.04468072514585981,1.2072,0.227343,0,0,2.9141,0,0.0
2022-04-05,0.0007160949071844304,0.0007453672029521412,0.0003130254109222137,0.0,0.0,0.0007453672029521412,0.18045591661047644,0.1878325351439396,0.07888240355239785,-0.2945,0.768365,0,0,3.7152,0,0.0
2022-04-06,0.0019170708252993517,0.0017634056783707636,0.0014247638491223782,0.0001536651469285881,0.08015621792399713,0.0017634056783707636,0.48310184797543665,0.44437823094943246,0.3590404899788393,0.5775,0.563596,0,0,3.1404,0,0.0
2022-04-07,0.0005422644355635488,0.0006063220676566755,0.00032818145217256337,0.0,0.0,0.0006063220676566755,0.13665063776201428,0.1527931610494822,0.08270172594748597,-0.8511,0.394714,0,0,2.7757,0,0.0
2022-04-08,0.00013058923390839593,0.00013381252638076965,0.00013633382684215693,0.0,0.0,0.00013381252638076965,0.03290848694491577,0.03372075664795395,0.03435612436422355,-0.1778,0.858854,0,0,2.9761,0,0.0
2022-04-11,0.0004842423028407468,0.00044656566292660093,0.00033556206056275546,3.7676639914145866e-05,0.07780534582649065,0.00044656566292660093,0.12202906031586819,0.11253454705750343,0.08456163926181438,0.5606,0.57509,0,1,5.8951,1,0.01282051282051282
2022-04-12,0.0011472810899418565,0.0010149362600557642,0.0012401982812433627,0.0001323448298860923,0.11535519144436022,0.0010149362600557642,0.2891148346653478,0.2557639375340526,0.3125299668733274,0.8311,0.405912,0,0,3.9613,0,0.0
2022-04-13,0.0005371011544058192,0.0005553961811009176,0.000463285695192993,0.0,0.0,0.0005553961811009176,0.13534949091026643,0.13995983763743122,0.11674799518863423,-0.2454,0.806136,0,0,3.0235,0,0.0
2022-04-14,3.117366083005247e-05,3.489719514919203e-05,3.1212552554275906e-05,0.0,0.0,3.489719514919203e-05,0.007855762529173223,0.008794093177596392,0.007865563243677529,-0.8606,0.389472,0,0,2.255,0,0.0
2022-04-18,5.917187812276699e-08,5.9251392665626937e-08,7.281527368127517e-08,0.0,0.0,5.9251392665626937e-08,1.4911313286937283e-05,1.4931350951737989e-05,1.834944896768134e-05,-0.0097,0.992275,0,0,2.4498,0,0.0
2022-04-19,0.0067584452817735135,0.00626171106718133,0.007877046323044456,0.0004967342145921838,0.07349829639936588,0.00626171106718133,1.7031282110069255,1.577951188929695,1.9850156734072029,0.5295,0.596431,0,2,610.051,1,0.02564102564102564
2022-04-20,1.6250524715011451e-06,1.936858436802965e-06,2.2286252621361263e-06,0.0,0.0,1.936858436802965e-06,0.0004095132228182886,0.0004880883260743471,0.0005616135660583038,-1.3824,0.166845,0,0,2.3929,0,0.0
2022-04-21,0.00024780553622074633,0.0002472965534763661,0.0002167342979747402,5.089827443802066e-07,0.0020539603355465073,0.0002472965534763661,0.06244699512762807,0.06231873147604426,0.05461704308963453,0.0148,0.988193,0,2,20.0448,1,0.02564102564102564
2022-04-22,0.00013137215829186094,0.0001445457611751459,0.0001624611721086033,0.0,0.0,0.0001445457611751459,0.033105783889548955,0.036425531816136766,0.040940215371368036,-0.7225,0.470003,0,0,2.561,0,0.0
2022-04-25,1.909887010153809e-05,1.987041993757058e-05,2.0652523602544733e-05,0.0,0.0,1.987041993757058e-05,0.004812915265587599,0.005007345824267786,0.005204435947841273,-0.2911,0.771008,0,0,2.8602,0,0.0
2022-04-26,0.00017255008949326975,0.00016363030018805503,0.00034468454149151086,8.919789305214721e-06,0.0516939126471373,0.00016363030018805503,0.04348262255230398,0.04123483564738987,0.08686050445586074,0.3724,0.709563,0,3,5.2377,1,0.038461538461538464
2022-04-27,1.274564128173283e-05,1.3574062562253949e-05,1.3960711704461554e-05,0.0,0.0,1.3574062562253949e-05,0.0032119016029966735,0.003420663765687995,0.0035180993495243116,-0.4683,0.639581,0,0,2.5511,0,0.0
2022-04-28,0.008080202567911608,0.008754042697509599,0.005403604958113916,0.0,0.0,0.008754042697509599,2.036211047113725,2.206018759772419,1.3617084494447067,-0.6008,0.54795,0,4,28.0698,1,0.05128205128205128
2022-04-29,0.009965368312187231,0.009201721246381215,0.011008589777164792,0.0007636470658060161,0.0766300895066244,0.009201721246381215,2.5112728146711825,2.3188337540880664,2.7741646238455275,0.5521,0.580878,0,0,2.2417,0,0.0
2022-05-02,3.439991203257632e-05,3.063346667930245e-05,4.05454856705711e-05,3.766445353273869e-06,0.10948996730622804,3.063346667930245e-05,0.008668777832209233,0.007719633603184218,0.010217462388983918,0.7889,0.430199,0,0,3.1423,0,0.0
2022-05-03,5.139160949493063e-05,4.6670623684341936e-05,2.9074472255498243e-05,4.720985810588694e-06,0.09186296683686107,4.6670623684341936e-05,0.012950685592722519,0.011760997168454168,0.0073267670083855575,0.6619,0.508066,0,0,2.9702,0,0.0
2022-05-04,1.4880003442525758,1.3481966360622055,2.069056157687743,0.13980370819037025,0.09395408323006796,1.3481966360622055,374.9760867516491,339.74555228767576,521.4021517373112,0.6769,0.498457,0,3,63.274,1,0.038461538461538464
2022-05-05,0.0030499277021352332,0.0027428050272590462,0.0018668680787939957,0.000307122674876187,0.10069834591832265,0.0027428050272590462,0.7685817809380787,0.6911868668692797,0.4704507558560869,0.7255,0.468139,0,0,3.0641,0,0.0
2022-05-06,0.0001630719619955033,0.0001705373403725715,0.000206890123067033,0.0,0.0,0.0001705373403725715,0.04109413442286683,0.042975409773888015,0.05213631101289232,-0.3298,0.741526,0,0,3.1972,0,0.0
2022-05-09,0.035768795519977956,0.030459217755133227,0.03754136277961667,0.005309577764844729,0.14844161475134737,0.030459217755133227,9.013736471034445,7.675722874293573,9.460423420463401,1.0695,0.284849,0,2,15.3652,1,0.02564102564102564
2022-05-10,7.078375326975562e-06,6.858799258119184e-06,5.492162246662397e-06,2.1957606885637783e-07,0.03102068309360403,6.858799258119184e-06,0.0017837505823978417,0.0017284174130460343,0.001384024886158924,0.2235,0.823148,0,0,3.444,0,0.0
2022-05-11,0.03943855714563351,0.04175365943137207,0.04063351202933073,0.0,0.0,0.04175365943137207,9.938516400699644,10.521922176705761,10.239645031391344,-0.4229,0.672345,0,2,83.114,1,0.02564102564102564
2022-05-12,3.440005336024046e-05,3.2568435269064285e-05,2.9692993884343244e-05,1.8316180911761719e-06,0.053244627813529094,3.2568435269064285e-05,0.008668813446780596,0.0082072456878042,0.007482634458854497,0.3836,0.701263,0,0,2.1648,0,0.0
2022-05-13,0.00232262935959843,0.002187019906810226,0.0020805970483021023,0.00013560945278820414,0.05838617865110604,0.002187019906810226,0.5853025986188044,0.551129016516177,0.5243104561721298,0.4207,0.674003,0,2,6.9362,1,0.02564102564102564
2022-05-16,5.476312210559841e-06,5.178121454013509e-06,5.923633863532057e-06,2.981907565463319e-07,0.0544510047327713,5.178121454013509e-06,0.00138003067706108,0.0013048866064114043,0.0014927557336100784,0.3923,0.694831,0,0,2.5558,0,0.0
2022-05-17,0.0006495429226923575,0.0006331584093160496,0.0004692893725609396,1.6384513376307974e-05,0.025224681508605205,0.0006331584093160496,0.1636848165184741,0.1595559191476445,0.11826092188535678,0.1817,0.855788,0,2,21.595,1,0.02564102564102564
2022-05-18,0.0027719073681311615,0.0030285570953529416,0.002633408490980621,0.0,0.0,0.0030285570953529416,0.6985206567690527,0.7631963880289413,0.6636189397271165,-0.6671,0.504716,0,0,3.1023,0,0.0
2022-05-19,2.1434853204806145e-05,2.1106196214273434e-05,2.2578280488041647e-05,3.2865699053271085e-07,0.015332830696791913,2.1106196214273434e-05,0.005401583007611148,0.005318761445996905,0.005689726682986495,0.1105,0.912037,0,0,2.5863,0,0.0
2022-05-20,3.085210863369621e-07,3.203089037421164e-07,3.314015698766361e-07,0.0,0.0,3.203089037421164e-07,7.774731375691444e-05,8.071784374301333e-05,8.35131956089123e-05,-0.2753,0.783104,0,0,2.9486,0,0.0
2022-05-23,0.009729528741252857,0.009476975198710278,0.010750600638468335,0.0002525535425425794,0.02595742807622366,0.009476975198710278,2.45184124279572,2.38819775007499,2.7091513608940203,0.187,0.851647,0,5,51.7584,1,0.0641025641025641
2022-05-24,0.00016958465087978946,0.00015052214972027597,0.00011848343877691569,1.9062501159513494e-05,0.11240699525701182,0.00015052214972027597,0.04273533202170694,0.03793158172950954,0.029857826571782754,0.8099,0.418016,0,0,3.1309,0,0.0
2022-05-25,0.00016942256110751095,0.0001705779608258153,0.00012449915192106872,0.0,0.0,0.0001705779608258153,0.04269448539909276,0.04298564612810546,0.03137378628410932,-0.0491,0.960813,0,0,2.5413,0,0.0
2022-05-26,0.0011185152322664182,0.001103229084759773,0.0009481896198752525,1.5286147506645125e-05,0.013666463407927616,0.001103229084759773,0.2818658385311374,0.2780137293594628,0.23894378420856363,0.0985,0.921564,0,0,3.2342,0,0.0
2022-05-27,0.0002733403173827218,0.0002733835386492783,0.0004583704417473398,0.0,0.0,0.0002733835386492783,0.06888175998044589,0.06889265173961813,0.11550935132032963,-0.0011,0.999091,0,0,3.6046,0,0.0
2022-05-31,3.760529933047647e-05,4.186515277204393e-05,3.4317062371697715e-05,0.0,0.0,4.186515277204393e-05,0.00947653543128007,0.01055001849855507,0.008647899717667825,-0.8161,0.414418,0,0,3.0327,0,0.0
2022-06-01,6.142600152266947e-05,5.5572419225051574e-05,9.95852353560475e-05,5.853582297617899e-06,0.09529485978609166,5.5572419225051574e-05,0.015479352383712707,0.014004249644712996,0.025095479309723973,0.6866,0.492348,0,0,3.9848,0,0.0
2022-06-02,5.236735516243399e-05,4.2325708119071225e-05,5.7334821103797575e-05,1.0041647043362765e-05,0.19175394328129544,4.2325708119071225e-05,0.013196573500933366,0.010666078446005948,0.01444837491815699,1.3815,0.167111,0,0,3.3681,0,0.0
2022-06-03,4.997510258533085e-05,5.019934201578748e-05,6.159171997111547e-05,0.0,0.0,5.019934201578748e-05,0.012593725851503375,0.012650234187978445,0.015521113432721098,-0.0323,0.97421,0,0,2.1598,0,0.0
2022-06-06,3.9422351460054334e-05,3.9098321144311364e-05,3.1618100859826324e-05,3.2403031574297045e-07,0.008219456615921186,3.9098321144311364e-05,0.009934432567933691,0.009852776928366464,0.007967761416676234,0.0592,0.952777,0,0,2.6587,0,0.0
2022-06-07,4.4290973846701235e-05,5.0596768253495286e-05,4.813410768282523e-05,0.0,0.0,5.0596768253495286e-05,0.01116132540936871,0.012750385599880813,0.012129795136071958,-1.0258,0.305005,0,0,2.5744,0,0.0
2022-06-08,0.00021697233447001593,0.0002261829983803945,0.00018644171031302316,0.0,0.0,0.0002261829983803945,0.05467702828644402,0.05699811559185942,0.04698331099888184,-0.3058,0.759719,0,0,4.3998,0,0.0
2022-06-09,0.0009835547385365951,0.0009963951471292625,0.0007115200660604037,0.0,0.0,0.0009963951471292625,0.24785579411122197,0.25109157707657415,0.17930305664722174,-0.0941,0.925062,0,1,4.9223,1,0.01282051282051282
2022-06-10,0.0029404287185055855,0.0026765459544699608,0.0017242653063103556,0.0002638827640356247,0.08974295560546522,0.0026765459544699608,0.7409880370634075,0.6744895805264302,0.4345148571902096,0.6466,0.517905,0,0,3.6166,0,0.0
2022-06-13,0.0005395283521654808,0.000623481460545352,0.0006879163562284787,0.0,0.0,0.000623481460545352,0.13596114474570115,0.1571173280574287,0.17335492176957662,-1.1211,0.262246,0,0,3.0597,0,0.0
2022-06-14,0.00021678774280842777,0.00019548195944703146,0.00022709149273331504,2.1305783361396313e-05,0.09827946445267648,0.00019548195944703146,0.0546305111877238,0.04926145378065193,0.05722705616879539,0.7081,0.478894,0,0,3.1883,0,0.0
2022-06-15,0.002364616058635301,0.002400248121361734,0.0028538494925013187,0.0,0.0,0.002400248121361734,0.5958832467760958,0.6048625265831569,0.7191700721103323,-0.1086,0.913545,0,1,5.7612,1,0.01282051282051282
2022-06-16,0.0014955929617133273,0.0015902555916343865,0.002502704901471354,0.0,0.0,0.0015902555916343865,0.3768894263517585,0.4007444090918654,0.6306816351707811,-0.456,0.648374,0,0,2.8765,0,0.0
2022-06-17,1.5720260343843155e-06,1.6043645177309324e-06,1.5845880699790361e-06,0.0,0.0,1.6043645177309324e-06,0.0003961505606648475,0.00040429985846819497,0.0003993161936347171,-0.1482,0.882176,0,0,3.4064,0,0.0
2022-06-21,0.00027348486476332876,0.00029229206765399865,0.00021039273954240976,0.0,0.0,0.00029229206765399865,0.06891818592035885,0.07365760104880766,0.05301897036468726,-0.4955,0.620273,0,1,32.0165,1,0.01282051282051282
2022-06-22,1.0013427057187247e-05,1.1035797932596066e-05,1.1976405802025465e-05,0.0,0.0,1.1035797932596066e-05,0.002523383618411186,0.0027810210790142086,0.003018054262110417,-0.7356,0.461969,0,0,2.9198,0,0.0
2022-06-23,0.003442430696714833,0.0042411514132770665,0.0031150115173706533,0.0,0.0,0.0042411514132770665,0.867492535572138,1.0687701561458207,0.7849829023774046,-1.6717,0.094589,0,2,13.6299,1,0.02564102564102564
2022-06-24,0.0019325455415951382,0.002011400178272979,0.0024962221790527264,0.0,0.0,0.002011400178272979,0.48700147648197484,0.5068728449247907,0.629047989121287,-0.294,0.768773,0,0,2.4788,0,0.0
2022-06-27,4.96093987784649e-06,5.1784002882531574e-06,5.120096164900562e-06,0.0,0.0,5.1784002882531574e-06,0.0012501568492173155,0.0013049568726397956,0.0012902642335549416,-0.3158,0.752141,0,0,2.1526,0,0.0
2022-06-28,0.0025601072040986154,0.0027280317009120343,0.0018056451683179573,0.0,0.0,0.0027280317009120343,0.6451470154328511,0.6874639886298326,0.45502258241612525,-0.4726,0.636512,0,4,10.9005,1,0.05128205128205128
2022-06-29,8.842022482367248e-06,8.944578127672198e-06,6.927875974960546e-06,0.0,0.0,8.944578127672198e-06,0.0022281896655565467,0.0022540336881733936,0.0017458247456900576,-0.0836,0.933402,0,0,2.9684,0,0.0
2022-06-30,0.001960630956222524,0.0018800223615773192,0.0018647596404228165,8.060859464520485e-05,0.04111359883830299,0.0018800223615773192,0.49407900096807605,0.47376563511748443,0.46991942938654974,0.2962,0.767066,0,2,11.9094,1,0.02564102564102564
2022-07-01,0.000511145467854504,0.0005601087003826199,0.0007093534538228111,0.0,0.0,0.0005601087003826199,0.12880865789933502,0.14114739249642022,0.1787570703633484,-0.6902,0.490097,0,0,2.5526,0,0.0
2022-07-05,8.287616113356351e-06,8.88081128586114e-06,1.0156623836634591e-05,0.0,0.0,8.88081128586114e-06,0.0020884792605658006,0.002237964444037007,0.002559469206831917,-0.5157,0.606071,0,0,2.0529,0,0.0
2022-07-06,4.058901555339972e-06,4.107640441822178e-06,5.780548802842113e-06,0.0,0.0,4.107640441822178e-06,0.001022843191945673,0.001035125391339189,0.0014566982983162124,-0.0865,0.931058,0,0,4.3636,0,0.0
2022-07-07,9.235327502301374e-05,8.851658733194895e-05,8.390670239298586e-05,3.836687691064787e-06,0.0415436014431011,8.851658733194895e-05,0.02327302530579946,0.022306180007651135,0.021144489003032438,0.2993,0.764701,0,1,6.7023,1,0.01282051282051282
2022-07-08,2.0148017919686995e-06,1.8356354307056206e-06,2.523872676460621e-06,1.7916636126307887e-07,0.08892501140918722,1.8356354307056206e-06,0.0005077300515761123,0.0004625801285378164,0.0006360159144680764,0.6407,0.521727,0,0,2.9155,0,0.0
2022-07-11,0.0002199286478391862,0.0002493045413583585,0.0002717313928901772,0.0,0.0,0.0002493045413583585,0.05542201925547492,0.06282474442230633,0.06847631100832466,-0.9623,0.335877,0,2,15.0286,1,0.02564102564102564
2022-07-12,0.00022617234661025728,0.00023082951694758497,0.00034241311162821504,0.0,0.0,0.00023082951694758497,0.05699543134578483,0.05816903827079141,0.0862881041303102,-0.1484,0.882062,0,0,2.1958,0,0.0
2022-07-13,0.0008517943561413719,0.0009478857699690288,0.001114422926700247,0.0,0.0,0.0009478857699690288,0.21465217774762574,0.23886721403219527,0.28083457752846225,-0.8128,0.416347,0,0,4.2222,0,0.0
2022-07-14,2.7481482857879017e-06,2.351703407587006e-06,2.5388066216138616e-06,3.9644487820089555e-07,0.1442588582254671,2.351703407587006e-06,0.0006925333680185512,0.0005926292587119256,0.0006397792686466931,1.0394,0.29864,0,0,3.7819,0,0.0
2022-07-15,0.0031139537368652624,0.0031506460373912893,0.0024918103169862356,0.0,0.0,0.0031506460373912893,0.7847163416900461,0.7939628014226049,0.6279361998805314,-0.0849,0.932345,0,3,24.8647,1,0.038461538461538464
2022-07-18,4.282832421650682e-05,4.316185864199557e-05,6.0269874523791384e-05,0.0,0.0,4.316185864199557e-05,0.010792737702559719,0.010876788377782883,0.015188008379995429,-0.0561,0.955255,0,0,4.2895,0,0.0
2022-07-19,0.0013393017919711035,0.0016108764783157013,0.002140064501001992,0.0,0.0,0.0016108764783157013,0.3375040515767181,0.4059408725355567,0.539296254252502,-1.4609,0.144032,0,3,7.4653,1,0.038461538461538464
2022-07-20,9.10963900592208e-05,7.961198993510559e-05,0.00012156940911201654,1.148440012411521e-05,0.1260686618929758,7.961198993510559e-05,0.022956290294923642,0.02006222146364661,0.03063549109622817,0.9083,0.363721,0,0,2.8519,0,0.0
2022-07-21,0.0020383318624502375,0.002119485636890483,0.0016253964048772588,0.0,0.0,0.002119485636890483,0.5136596293374599,0.5341103804964017,0.4095998940290692,-0.2868,0.774227,0,1,5.0682,1,0.01282051282051282
2022-07-22,0.00034539949542703466,0.0003598820701767865,0.0003913922018846761,0.0,0.0,0.0003598820701767865,0.08704067284761273,0.09069028168455019,0.09863083487493837,-0.3021,0.762579,0,0,2.7803,0,0.0
2022-07-25,1.9543261609657703e-05,1.9302892424821073e-05,1.5815282137684835e-05,2.4036918483663e-07,0.0122993376099775,1.9302892424821073e-05,0.004924901925633741,0.004864328891054911,0.003985451098696578,0.0886,0.929389,0,0,2.7434,0,0.0
2022-07-26,0.0002658416798249894,0.00025431046235556935,0.00020541772331419427,1.153121746942003e-05,0.043376258507074876,0.00025431046235556935,0.06699210331589732,0.06408623651360348,0.051765266275176955,0.3125,0.754648,0,2,5.1414,1,0.02564102564102564
2022-07-27,0.0008419201855924334,0.0008231780338702181,0.000856246354124813,1.874215172221528e-05,0.02226119770102175,0.0008231780338702181,0.2121638867692932,0.20744086453529495,0.21577408123945288,0.1604,0.872576,0,1,5.6279,1,0.01282051282051282
2022-07-28,8.44571371241926e-05,8.756279181718139e-05,8.139820686718335e-05,0.0,0.0,8.756279181718139e-05,0.021283198555296534,0.02206582353792971,0.020512348130530204,-0.2649,0.79106,0,0,2.1051,0,0.0
2022-07-29,0.00010992057316210054,9.003463583760617e-05,0.00014130735523434248,1.9885937324494365e-05,0.18091187638056233,9.003463583760617e-05,0.027699984436849335,0.022688728231076757,0.035609453519054306,1.3034,0.192428,0,0,3.7232,0,0.0
2022-08-01,1.0424390427907542e-05,1.090798940820953e-05,1.0745978100168858e-05,0.0,0.0,1.090798940820953e-05,0.0026269463878327006,0.0027488133308688017,0.0027079864812425522,-0.3342,0.7382,0,0,2.5775,0,0.0
2022-08-02,1.913678904242196e-05,1.6585552448415686e-05,2.2580694010836003e-05,2.5512365940062746e-06,0.13331580627423706,1.6585552448415686e-05,0.004822470838690334,0.004179559217000753,0.005690334890730673,0.9605,0.336798,0,0,3.7349,0,0.0
2022-08-03,0.0008560449614768067,0.0008098398150988822,0.0008632746354076216,4.620514637792455e-05,0.05397513962845895,0.0008098398150988822,0.2157233302921553,0.2040796334049183,0.21754520812272066,0.3889,0.697365,0,1,10.6728,1,0.01282051282051282
2022-08-04,3.410222726385878e-06,3.5264908735980885e-06,5.099689663185615e-06,0.0,0.0,3.5264908735980885e-06,0.0008593761270492413,0.0008886757001467183,0.001285121795122775,-0.2456,0.805961,0,0,2.668,0,0.0
2022-08-05,2.255235693185138e-05,2.0914137372771812e-05,3.147994017703598e-05,1.6382195590795696e-06,0.07264072182739979,2.0914137372771812e-05,0.005683193946826548,0.005270362617938497,0.007932944924613066,0.5234,0.600723,0,1,5.67,1,0.01282051282051282
2022-08-08,1.5318966256007472e-05,1.292315699066546e-05,1.253476538158903e-05,2.3958092653420116e-06,0.1563949596146877,1.292315699066546e-05,0.003860379496513883,0.003256635561647696,0.0031587608761604355,1.1268,0.25983,0,0,3.8068,0,0.0
2022-08-09,0.0008776128410189605,0.0008902153741752405,0.0008336140193119216,0.0,0.0,0.0008902153741752405,0.22115843593677803,0.2243342742921606,0.21007073286660424,-0.1035,0.917597,0,1,14.8129,1,0.01282051282051282
2022-08-10,0.00019744572816771024,0.00021850565841589203,0.00029862356256882614,0.0,0.0,0.00021850565841589203,0.04975632349826298,0.05506342592080479,0.07525313776734419,-0.7685,0.442205,0,0,2.7787,0,0.0
2022-08-11,0.0,0.0,0.0,0.0,0.0,0.0,0.0,0.0,0.0,0.0,1.0,0,0,0.0,0,0.0
2022-08-12,0.0001624832194462364,0.00015688698576991507,0.00018331150476826873,5.59623367632134e-06,0.034441917515864735,0.00015688698576991507,0.04094577130045157,0.039535520414018595,0.04619449920160372,0.2481,0.804021,0,2,2936.8369,1,0.02564102564102564
2022-08-15,1.57510024996727e-05,1.530257187825914e-05,9.338981738992307e-06,4.484306214135577e-07,0.028469971543265544,1.530257187825914e-05,0.00396925262991752,0.0038562481133213034,0.0023534233982260614,0.2051,0.837478,0,0,3.4813,0,0.0
2022-08-16,0.07195485995669289,0.07559337672684643,0.052312564122421704,0.0,0.0,0.07559337672684643,18.132624709086606,19.0495309351653,13.182766158850269,-0.3643,0.715618,0,3,58.2477,1,0.038461538461538464
2022-08-17,6.45178375494046e-05,6.607401880888628e-05,4.634766827580534e-05,0.0,0.0,6.607401880888628e-05,0.01625849506244996,0.016650652739839344,0.011679612405502946,-0.1738,0.862038,0,0,3.1947,0,0.0
2022-08-18,8.703851324425883e-06,9.462543619648175e-06,9.717498557129285e-06,0.0,0.0,9.462543619648175e-06,0.0021933705337553225,0.00238456099215134,0.0024488096363965797,-0.628,0.529989,0,0,3.2867,0,0.0
2022-08-19,0.0036076248577919215,0.003268513365284796,0.00426721420352844,0.0003391114925071254,0.09399854635126419,0.003268513365284796,0.9091214641635642,0.8236653680517686,1.0753379792891669,0.6772,0.498254,0,2,14.7757,1,0.02564102564102564
2022-08-22,0.004707795587953374,0.004931395905901986,0.0036888981058827704,0.0,0.0,0.004931395905901986,1.1863644881642503,1.2427117682873006,0.9296023226824581,-0.3422,0.732203,0,0,3.7523,0,0.0
2022-08-23,0.014510946747645588,0.013387624626042297,0.013280337035739104,0.0011233221216032912,0.07741204905931716,0.013387624626042297,3.656758580406688,3.373681405762659,3.3466449330062544,0.5577,0.577024,0,0,3.5881,0,0.0
2022-08-24,7.65915799240027e-06,6.760379970112365e-06,7.3940454548601685e-06,8.987780222879038e-07,0.117346829224946,6.760379970112365e-06,0.0019301078140848678,0.001703615752468316,0.0018632994546247624,0.8455,0.397855,0,0,3.7198,0,0.0
2022-08-25,0.00017898065131082499,0.00016451531620155228,8.872202223197561e-05,1.4465335109272706e-05,0.08082066370029552,0.00016451531620155228,0.045103124130327896,0.04145785968279118,0.022357949602457856,0.5823,0.560368,0,1,4.9581,1,0.01282051282051282
2022-08-26,0.0016289431870139274,0.0016248475193705433,0.002280235681281898,4.095667643384121e-06,0.002514309690798807,0.0016248475193705433,0.4104936831275097,0.4094615748813769,0.5746193916830382,0.0181,0.985547,0,1,5.2286,1,0.01282051282051282
2022-08-29,3.830822025633753e-05,4.1080033802067726e-05,3.600881080222728e-05,0.0,0.0,4.1080033802067726e-05,0.009653671504597058,0.010352168518121067,0.009074220322161274,-0.5213,0.602153,0,0,2.7767,0,0.0
2022-08-30,0.00012151538972973006,0.00011054318934312755,0.00020140992433108845,1.097220038660251e-05,0.09029473814561041,0.00011054318934312755,0.030621878211891974,0.027856883714468143,0.05075530093143429,0.6506,0.515334,0,0,2.5637,0,0.0
2022-08-31,8.655387061662653e-05,9.577252182532377e-05,8.226768870328912e-05,0.0,0.0,9.577252182532377e-05,0.021811575395389887,0.024134675499981592,0.020731457553228857,-0.7674,0.442865,0,0,2.2913,0,0.0
2022-09-01,1.2046254519096116e-05,1.1452378297810359e-05,1.4364106890702793e-05,5.938762212857571e-07,0.04929965335239031,1.1452378297810359e-05,0.003035656138812221,0.0028859993310482103,0.003619754936457104,0.3552,0.722445,0,0,2.4222,0,0.0
2022-09-02,0.0001753368855218356,0.00016109189837771598,0.00010741826243600308,1.4244987144119628e-05,0.08124352739858665,0.00016109189837771598,0.04418489515150257,0.040595158391184424,0.027069402133872777,0.5853,0.558318,0,1,10.9442,1,0.01282051282051282
2022-09-06,1.0362872552498462e-05,1.0411163633901677e-05,1.2551960937784277e-05,0.0,0.0,1.0411163633901677e-05,0.0026114438832296125,0.0026236132357432226,0.003163094156321638,-0.0336,0.973217,0,0,3.1246,0,0.0
2022-09-07,0.003395543359022961,0.0032403968890357664,0.0022548471585006626,0.00015514646998719466,0.04569120565909827,0.0032403968890357664,0.8556769264737862,0.8165800160370131,0.568221483942167,0.3292,0.742008,0,2,35.1939,1,0.02564102564102564
2022-09-08,0.0009268624326387672,0.0008993657773371388,0.0006654580519395235,2.74966553016284e-05,0.029666382306249416,0.0008993657773371388,0.23356933302496935,0.226640175888959,0.16769542908875992,0.2137,0.83075,0,0,2.5422,0,0.0
2022-09-09,0.00048123298142302445,0.0003704016876367744,0.000432994688803228,0.00011083129378625003,0.23030693621249876,0.0003704016876367744,0.12127071131860216,0.09334122528446716,0.10911466157841346,1.6593,0.097053,0,0,4.4567,0,0.0
2022-09-12,0.0068531495273013564,0.007209056232572061,0.007866130095086826,0.0,0.0,0.007209056232572061,1.7269936808799418,1.8166821706081593,1.98226478396188,-0.3742,0.708279,0,2,5.1051,1,0.02564102564102564
2022-09-13,0.008472314147995003,0.00805781046962305,0.009948452732360311,0.00041450367837195246,0.0489244934834152,0.00805781046962305,2.135023165294741,2.0305682383450088,2.5070100885547983,0.3525,0.72447,0,0,3.4377,0,0.0
2022-09-14,0.0005415868724197129,0.0005237117192815307,0.000380674415088786,1.7875153138182244e-05,0.03300514472463877,0.0005237117192815307,0.13647989184976766,0.13197535325894572,0.09592995260237407,0.2378,0.81204,0,0,2.5797,0,0.0
2022-09-15,0.002436561315962329,0.002409719727998233,0.0029792336655083368,2.6841587964095918e-05,0.011016175861135083,0.002409719727998233,0.614013451622507,0.6072493714555548,0.7507668837081009,0.0794,0.936739,0,0,3.537,0,0.0
2022-09-16,3.42391041360309e-05,3.422277818771565e-05,4.435599227093261e-05,1.6325948315255346e-08,0.00047682169993616534,3.422277818771565e-05,0.008628254242279787,0.008624140103304343,0.011177710052275016,0.0034,0.997259,0,0,3.0387,0,0.0
2022-09-19,0.00032080477805402816,0.00031965760600538866,0.00044454987795277106,1.1471720486395031e-06,0.003575919448651053,0.00031965760600538866,0.0808428040696151,0.08055371671335794,0.1120265692440983,0.0258,0.979446,0,0,3.6799,0,0.0
2022-09-20,0.0005151692442516035,0.0005730480047994594,0.0006672442453825525,0.0,0.0,0.0005730480047994594,0.1298226495514041,0.14440809720946376,0.16814554983640323,-0.8095,0.418256,0,0,2.8704,0,0.0
2022-09-21,0.00031051658414138836,0.0003344261084381873,0.000509168027216507,0.0,0.0,0.0003344261084381873,0.07825017920362987,0.08427537932642319,0.12831034285855977,-0.5548,0.579057,0,0,2.6224,0,0.0
2022-09-22,0.0042219162657274045,0.005289932541592897,0.0021611061078733703,0.0,0.0,0.005289932541592897,1.0639228989633058,1.3330630004814101,0.5445987391840893,-1.8226,0.068365,0,2,7.7815,1,0.02564102564102564
2022-09-23,0.0032675818881425724,0.0031333502348703753,0.004033163535142261,0.00013423165327219704,0.04107981309304539,0.0031333502348703753,0.8234306358119282,0.7896042591873346,1.0163572108558498,0.296,0.767252,0,0,2.5842,0,0.0
2022-09-26,0.017594633049312396,0.016117818090766397,0.014801758939318819,0.0014768149585459994,0.0839355361559972,0.016117818090766397,4.433847528426724,4.061690158873132,3.7300432527083425,0.6047,0.545353,0,1,6.2565,1,0.01282051282051282
2022-09-27,6.613449925211982e-06,7.403323161046421e-06,4.536641504332233e-06,0.0,0.0,7.403323161046421e-06,0.0016665893811534194,0.001865637436583698,0.0011432336590917228,-0.8605,0.389514,0,0,2.717,0,0.0
2022-09-28,0.00019359050562378204,0.00018389102434122163,0.00025416917676036806,9.699481282560412e-06,0.05010308331601245,0.00018389102434122163,0.04878480741719307,0.04634053813398785,0.06405063254361275,0.361,0.718113,0,3,7.3147,1,0.038461538461538464
2022-09-29,0.00045201825705223263,0.0004117567551439561,0.0004570992853682586,4.0261501908276536e-05,0.08907052135850704,0.0004117567551439561,0.11390860077716262,0.10376270229627693,0.11518901991280116,0.6417,0.521046,0,0,3.8341,0,0.0
2022-09-30,0.004628438693012517,0.005282422338869638,0.0036867173215960774,0.0,0.0,0.005282422338869638,1.1663665506391543,1.3311704293951487,0.9290527650422115,-1.018,0.308672,0,0,3.3002,0,0.0
2022-10-03,0.005944368645137203,0.006657884901385451,0.01040407476171298,0.0,0.0,0.006657884901385451,1.4979808985745753,1.6777869951491335,2.621826839951671,-0.8648,0.387145,0,0,2.4706,0,0.0
2022-10-04,0.011282624612794405,0.011228752655027296,0.012057887031468902,5.387195776710915e-05,0.0047747717939001545,0.011228752655027296,2.84322140242419,2.8296456690668785,3.038587531930163,0.0344,0.972557,0,0,4.0925,0,0.0
2022-10-05,3.18429214629524e-06,2.4907701467270946e-06,3.307642131639416e-06,6.935219995681453e-07,0.21779464631735374,2.4907701467270946e-06,0.0008024416208664005,0.0006276740769752279,0.0008335258171731328,1.5692,0.11661,0,0,3.033,0,0.0
2022-10-06,4.190084203805381e-05,4.165470977981748e-05,3.185903780260998e-05,2.4613225823632895e-07,0.005874160050020826,4.165470977981748e-05,0.010559012193589559,0.010496986864514005,0.008028477526257715,0.0423,0.966242,0,0,3.6262,0,0.0
2022-10-07,0.0008224865750403324,0.0007155357172725778,0.0010908375134265637,0.00010695085776775458,0.13003356028331095,0.0007155357172725778,0.20726661691016376,0.1803150007526896,0.27489105338349407,0.9369,0.348829,0,2,5.3909,1,0.02564102564102564
2022-10-10,0.00019851786139378548,0.00016984661818554483,0.00018189698743197385,2.8671243208240653e-05,0.14442651589390776,0.00016984661818554483,0.05002650107123394,0.04280134778275729,0.04583804083285741,1.0406,0.298079,0,0,3.9743,0,0.0
2022-10-11,1.7287784962883456e-05,1.664373005080988e-05,2.1977297772868517e-05,6.440549120735752e-07,0.03725491011147111,1.664373005080988e-05,0.004356521810646631,0.00419421997280409,0.005538279038762866,0.2684,0.788381,0,0,2.5543,0,0.0
2022-10-12,3.1849618430182484e-05,3.59043443282058e-05,3.230009932259412e-05,0.0,0.0,3.59043443282058e-05,0.008026103844405986,0.009047894770707861,0.008139625029293718,-0.9172,0.359022,0,0,2.7006,0,0.0
2022-10-13,0.00020389310620972422,0.00020591614283166007,0.00023540467475511906,0.0,0.0,0.00020591614283166007,0.05138106276485051,0.05189086799357834,0.05932197803829,-0.0715,0.943011,0,0,3.3512,0,0.0
2022-10-14,0.0026480604143706817,0.0022942008594152947,0.0020938000052024577,0.00035385955495538697,0.1336297136203567,0.0022942008594152947,0.6673112244214118,0.5781386165726543,0.5276376013110193,0.9628,0.335661,0,1,6.5018,1,0.01282051282051282
2022-10-17,0.00042739641445657347,0.00045501642451358464,0.0004244320217321001,0.0,0.0,0.00045501642451358464,0.10770389644305652,0.11466413897742334,0.10695686947648922,-0.4656,0.641501,0,0,2.6531,0,0.0
2022-10-18,0.00031220492388829677,0.00025289079285849655,0.00037483463006819824,5.931413102980022e-05,0.1899846104318249,0.00025289079285849655,0.07867564081985079,0.06372847980034113,0.09445832677718596,1.3688,0.171062,0,0,3.3002,0,0.0
2022-10-19,0.0001140959152335559,0.00011886710171552999,0.00011421683242281491,0.0,0.0,0.00011886710171552999,0.028752170638856087,0.029954509632313556,0.028782641770549358,-0.3013,0.763197,0,0,2.5528,0,0.0
2022-10-20,0.0007268601720331431,0.0007757554702856677,0.0007118493405501208,0.0,0.0,0.0007757554702856677,0.18316876335235208,0.19549037851198825,0.17938603381863044,-0.4847,0.627918,0,0,2.549,0,0.0
2022-10-21,0.0009207593289002176,0.0009966020010269052,0.0005615680486412505,0.0,0.0,0.0009966020010269052,0.23203135088285481,0.25114370425878013,0.14151514825759512,-0.5935,0.552876,0,0,3.1221,0,0.0
2022-10-24,0.1079683236791063,0.10583144297972785,0.0931625997276107,0.0021368806993784517,0.019791737303523425,0.10583144297972785,27.20801756713479,26.66952363089142,23.476975131357896,0.1426,0.88661,0,2,20.1671,1,0.02564102564102564
2022-10-25,0.0002651191695458223,0.0002662856158725171,0.00028714487571119803,0.0,0.0,0.0002662856158725171,0.06681003072554721,0.06710397519987431,0.0723605086792219,-0.0317,0.974712,0,0,3.6769,0,0.0
2022-10-26,7.515820493174828e-05,6.841650432133161e-05,5.5941963414100496e-05,6.741700610416669e-06,0.08970012691014548,6.841650432133161e-05,0.018939867642800565,0.017240959088975567,0.014097374780353325,0.6463,0.518104,0,0,3.0517,0,0.0
2022-10-27,0.0004823338667451411,0.000487640473087938,0.0002560073733056235,0.0,0.0,0.000487640473087938,0.12154813441977555,0.12288539921816037,0.06451385807301711,-0.0793,0.936821,0,0,3.2817,0,0.0
2022-10-28,0.0007752480940611691,0.000702164112209916,0.0008726811106386039,7.308398185125312e-05,0.0942717335480671,0.000702164112209916,0.19536251970341462,0.17694535627689884,0.2199156398809282,0.6792,0.497006,0,0,2.9989,0,0.0
2022-10-31,0.00014708497613167846,0.00013545527692939005,0.00013931542356466264,1.1629699202288414e-05,0.07906789278606527,0.00013545527692939005,0.037065413985182975,0.03413472978620629,0.03510748673829498,0.5697,0.568903,0,0,2.7704,0,0.0
2022-11-01,4.4844641515018556e-05,4.4869916379758236e-05,3.774118320131493e-05,0.0,0.0,4.4869916379758236e-05,0.011300849661784676,0.011307218927699075,0.009510778166731362,-0.0041,0.99676,0,0,3.1191,0,0.0
2022-11-02,0.0026479515346617506,0.0025640091644146324,0.002925562666819549,8.394237024711816e-05,0.03170087107585226,0.0025640091644146324,0.6672837867347612,0.6461303094324874,0.7372417920385264,0.2284,0.819337,0,2,23.9147,1,0.02564102564102564
2022-11-03,0.0012987917507062405,0.0013212734875150667,0.001167782854036354,0.0,0.0,0.0013212734875150667,0.3272955211779726,0.3329609188537968,0.29428127921716124,-0.1247,0.900751,0,0,2.5818,0,0.0
2022-11-04,0.00027839483981953125,0.00024106776782557686,0.00019924532821801878,3.7327071993954394e-05,0.13407961111661396,0.00024106776782557686,0.07015549963452188,0.06074907749204537,0.05020982271094073,0.966,0.334037,0,0,2.6385,0,0.0
2022-11-07,4.014388943776036e-05,3.988016870167815e-05,5.936082010999169e-05,2.6372073608221255e-07,0.0065693866041979364,3.988016870167815e-05,0.010116260138315611,0.010049802512822894,0.014958926667717906,0.0473,0.962249,0,0,2.801,0,0.0
2022-11-08,0.0030266577615391936,0.0034477319224794486,0.00368140599201827,0.0,0.0,0.0034477319224794486,0.7627177559078768,0.8688284444648211,0.927714309988604,-1.0023,0.316178,0,2,7.4366,1,0.02564102564102564
2022-11-09,0.0007284125617003066,0.0007406756190060584,0.0004959745602066502,0.0,0.0,0.0007406756190060584,0.18355996554847726,0.18665025598952673,0.12498558917207585,-0.1213,0.903458,0,0,2.7208,0,0.0
2022-11-10,0.00428963904163549,0.003528156583367038,0.007624894433364011,0.0007614824582684518,0.1775166746432372,0.003528156583367038,1.0809890384921435,0.8890954590084936,1.9214733972077307,1.279,0.200908,0,1,5.2284,1,0.01282051282051282
2022-11-11,3.747021060391474e-05,3.4265188579530014e-05,3.635929558554318e-05,3.205022024384724e-06,0.0855351994876345,3.4265188579530014e-05,0.009442493072186513,0.008634827522041564,0.009162542487556881,0.6163,0.537721,0,1,5.6295,1,0.01282051282051282
2022-11-14,0.00040344312663034046,0.0003189238077483075,0.0003153027108339326,8.451931888203294e-05,0.20949500212945696,0.0003189238077483075,0.10166766791084579,0.08036879955257349,0.07945628313015102,1.5094,0.131205,0,1,9.9813,1,0.01282051282051282
2022-11-15,0.00226268454845282,0.0024754544129637103,0.0015575843883349424,0.0,0.0,0.0024754544129637103,0.5701965062101106,0.623814512066855,0.39251126586040547,-0.6775,0.498091,0,0,3.7263,0,0.0
2022-11-16,0.00144248239618748,0.0012798939745897846,0.0014129940825287296,0.00016258842159769553,0.11271431936688225,0.0012798939745897846,0.363505563839245,0.3225332815966257,0.35607450879723984,0.8121,0.416744,0,0,2.7308,0,0.0
2022-11-17,2.021113072279928e-06,1.955836301200445e-06,2.3602458643021606e-06,6.527677107948277e-08,0.0322974205042504,1.955836301200445e-06,0.0005093204942145419,0.0004928707479025121,0.0005947819578041444,0.2327,0.815998,0,0,2.3737,0,0.0
2022-11-18,0.00035280548400802624,0.00033713952513209436,0.00032230323612414586,1.5665958875931882e-05,0.04440395498832873,0.00033713952513209436,0.08890698197002261,0.08495916033328778,0.08122041550328475,0.3199,0.749028,0,2,13.6029,1,0.02564102564102564
2022-11-21,8.92758526795013e-06,8.151775572554815e-06,5.541905999455912e-06,7.758096953953149e-07,0.0869002742858344,8.151775572554815e-06,0.0022497514875234326,0.0020542474442838132,0.0013965603118628897,0.6261,0.531251,0,0,2.9682,0,0.0
2022-11-22,0.0002674574410100502,0.00029307635047679437,0.0003672448246189404,0.0,0.0,0.00029307635047679437,0.06739927513453266,0.07385524032015219,0.09254569580397297,-0.6901,0.490116,0,1,14.2124,1,0.01282051282051282
2022-11-23,1.6680301612617554e-05,1.8257037726665336e-05,1.646078208530977e-05,0.0,0.0,1.8257037726665336e-05,0.004203436006379624,0.004600773507119665,0.004148117085498062,-0.681,0.495843,0,0,2.3052,0,0.0
2022-11-25,1.3853586690744893e-06,1.2064701160792239e-06,1.315574952778146e-06,1.7888855299526548e-07,0.1291278770333878,1.2064701160792239e-06,0.0003491103846067713,0.00030403046925196444,0.0003315248881000928,0.9303,0.352196,0,0,3.101,0,0.0
2022-11-28,0.004477320859005442,0.004305367558357451,0.00480383609461328,0.0001719533006479916,0.038405400467051314,0.004305367558357451,1.1282848564693715,1.0849526247060775,1.2105666958425465,0.2767,0.782008,0,2,76.4702,1,0.02564102564102564
2022-11-29,0.01419921650060653,0.012787645432592056,0.00974839540583846,0.0014115710680144746,0.09941189838571489,0.012787645432592056,3.578202558152846,3.2224866490131983,2.456595642271292,0.7162,0.473842,0,0,3.2042,0,0.0
2022-11-30,0.0005504130261616764,0.0005425615470543598,0.0006105935348137894,7.851479107316554e-06,0.014264704358115216,0.0005425615470543598,0.13870408259274244,0.13672550985769868,0.15386957077307492,0.1028,0.918142,0,0,3.0429,0,0.0
2022-12-01,9.934289403784489e-07,9.76892573072653e-07,6.90012324368638e-07,1.6536367305795905e-08,0.01664573074926285,9.76892573072653e-07,0.0002503440929753691,0.00024617692841430856,0.00017388310574089678,0.1199,0.904539,0,0,3.6166,0,0.0
2022-12-02,4.3716770333452097e-05,4.111395995848225e-05,4.3975155017224885e-05,2.6028103749698464e-06,0.05953802844031564,4.111395995848225e-05,0.011016626124029929,0.010360717909537527,0.011081739064340672,0.429,0.667953,0,1,16.7078,1,0.01282051282051282
2022-12-05,0.0001532476541825892,0.00015322914164605885,0.00020406481987282165,1.8512536530346452e-08,0.00012080143417717822,0.00015322914164605885,0.03861840885401248,0.03861374369480683,0.05142433460795106,0.0009,0.999306,0,0,3.5795,0,0.0
2022-12-06,0.00044639991745278865,0.00037529618838105187,0.00043829586728480187,7.110372907173678e-05,0.15928257630104548,0.00037529618838105187,0.11249277919810274,0.09457463947202507,0.11045055855577007,1.1476,0.251135,0,0,4.0327,0,0.0
2022-12-07,4.6210196589171645e-05,4.445747872963191e-05,8.326956105450283e-05,1.7527178595397352e-06,0.03792924399765922,4.445747872963191e-05,0.011644969540471254,0.011203284639867242,0.020983929385734713,0.2733,0.784644,0,0,3.0178,0,0.0
2022-12-08,0.0009303291888896114,0.0009287011664479749,0.0006802585408095912,1.6280224416365943e-06,0.0017499423422689423,0.0009287011664479749,0.23444295560018208,0.23403269394488965,0.17142515228401697,0.0126,0.989941,0,2,9.3981,1,0.02564102564102564
2022-12-09,0.001587388470567991,0.0017503013317759337,0.002195539823123093,0.0,0.0,0.0017503013317759337,0.4000218945831337,0.4410759356075353,0.5532760354270194,-0.7394,0.45965,0,0,3.6943,0,0.0
2022-12-12,0.0011659668699043257,0.0011740790564351376,0.0012735118766462913,0.0,0.0,0.0011740790564351376,0.2938236512158901,0.29586792222165464,0.3209249929148654,-0.0501,0.960021,0,0,1.9799,0,0.0
2022-12-13,9.266850610520431e-05,9.581396692760679e-05,0.00012697810259884696,0.0,0.0,9.581396692760679e-05,0.023352463538511486,0.02414511966575691,0.03199848185490943,-0.2446,0.806803,0,0,3.1966,0,0.0
2022-12-14,1.7111811696962336e-05,1.546618785706091e-05,1.61211234281622e-05,1.645623839901424e-06,0.09616887871812393,1.546618785706091e-05,0.004312176547634509,0.00389747933997935,0.004062523103896874,0.6929,0.488387,0,0,3.2866,0,0.0
2022-12-15,0.0033347159981681087,0.003632354586732712,0.0013125779724581495,0.0,0.0,0.003632354586732712,0.8403484315383634,0.9153533558566433,0.33076964905945366,-0.6431,0.520185,0,2,30.126,1,0.02564102564102564
2022-12-16,0.0003762057427368398,0.00038183191713393874,0.000249458978001999,0.0,0.0,0.00038183191713393874,0.09480384716968364,0.09622164311775257,0.06286366245650374,-0.1077,0.914196,0,0,2.5967,0,0.0
2022-12-19,0.0001049497623308227,0.00010769359305133814,0.00010225191681337078,0.0,0.0,0.00010769359305133814,0.02644734010736732,0.027138785448937212,0.025767483036969435,-0.1884,0.850592,0,0,2.5287,0,0.0
2022-12-20,6.49199449312524e-07,6.536468999192678e-07,6.685973222836745e-07,0.0,0.0,6.536468999192678e-07,0.00016359826122675606,0.00016471901877965548,0.00016848652521548596,-0.0494,0.960634,0,0,3.5541,0,0.0
2022-12-21,0.0006890139651251403,0.0007853705496744385,0.0006397239494791907,0.0,0.0,0.0007853705496744385,0.17363151921153536,0.1979133785179585,0.16121043526875606,-1.0076,0.313662,0,2,49.4136,1,0.02564102564102564
2022-12-22,0.003333060931349264,0.0030887257978931375,0.0023116138922679437,0.0002443351334561264,0.07330653066816574,0.0030887257978931375,0.8399313547000145,0.7783589010690707,0.5825267008515218,0.5282,0.59739,0,1,4.7579,1,0.01282051282051282
2022-12-23,2.3275767729670134e-05,2.0885710346835716e-05,1.972075057998044e-05,2.390057382834418e-06,0.10268435859597451,2.0885710346835716e-05,0.005865493467876874,0.005263199007402601,0.00496962914615507,0.7398,0.45941,0,0,3.4621,0,0.0
2022-12-27,2.3338636124704126e-05,2.2644931475408733e-05,1.9684277899730886e-05,6.937046492953935e-07,0.029723442958076666,2.2644931475408733e-05,0.00588133630342544,0.0057065227318030005,0.0049604380307321835,0.2142,0.830429,0,0,3.3327,0,0.0
2022-12-28,0.0001446877147883486,0.0001312321955013265,0.00022470215390386065,1.34555192870221e-05,0.09299697084654401,0.0001312321955013265,0.036461304126663846,0.03307051326633428,0.056624942783772884,0.67,0.502843,0,0,4.3208,0,0.0
2022-12-29,0.00027207549768197336,0.0002907896612637003,0.00035613229762095457,0.0,0.0,0.0002907896612637003,0.06856302541585729,0.07327899463845247,0.08974533900048055,-0.4956,0.6202,0,0,3.6042,0,0.0
2022-12-30,9.149224133757739e-05,9.256199973921914e-05,0.00012792711441770037,0.0,0.0,9.256199973921914e-05,0.023056044817069504,0.023325623934283224,0.03223763283326049,-0.0842,0.932865,0,0,2.4911,0,0.0
2023-01-03,1.2504794491931787e-05,1.3628791963644816e-05,1.2333440494816359e-05,0.0,0.0,1.3628791963644816e-05,0.0031512082119668104,0.0034344555748384935,0.003108027004693722,-0.6476,0.517241,0,0,2.6458,0,0.0
2023-01-04,0.0001363900222408869,0.00012184388931524871,0.00012846762653061214,1.4546132925638195e-05,0.10665100408368847,0.00012184388931524871,0.0343702856047035,0.030704660107442674,0.03237384188571426,0.7684,0.442251,0,0,3.5991,0,0.0
2023-01-05,0.0034217336002239293,0.003376448663824314,0.002920996558217911,4.5284936399615436e-05,0.013234500892593551,0.003376448663824314,0.8622768672564302,0.8508650632837271,0.7360911326709136,0.0954,0.924035,0,2,11.349,1,0.02564102564102564
2023-01-06,0.000957805625839659,0.0009658022958737432,0.0011424873760802123,0.0,0.0,0.0009658022958737432,0.24136701771159408,0.2433821785601833,0.2879068187722135,-0.0602,0.952034,0,0,2.8672,0,0.0
2023-01-09,1.5374732770776385e-05,1.5031524143296874e-05,1.585946253352831e-05,3.4320862747951087e-07,0.022322898893499327,1.5031524143296874e-05,0.003874432658235649,0.003787944084110812,0.003996584558449133,0.1608,0.872226,0,0,3.629,0,0.0
2023-01-10,0.011673468841554025,0.011959308349348021,0.007188976965062552,0.0,0.0,0.011959308349348021,2.9417141480716142,3.0137457040357014,1.8116221951957632,-0.1764,0.859965,0,2,37.6283,1,0.02564102564102564
2023-01-11,0.002284225040315148,0.002013910372974963,0.0017338591732307875,0.0002703146673401851,0.1183397705790629,0.002013910372974963,0.5756247101594173,0.5075054139896906,0.4369325116541585,0.8526,0.393874,0,0,3.1874,0,0.0
2023-01-12,7.766025140978719e-06,8.004763903931768e-06,8.029494364552362e-06,0.0,0.0,8.004763903931768e-06,0.001957038335526637,0.0020172005037908053,0.0020234325798671954,-0.2215,0.824715,0,0,3.5419,0,0.0
2023-01-13,3.7860608829692312e-06,4.014126655345226e-06,5.399336903721742e-06,0.0,0.0,4.014126655345226e-06,0.0009540873425082463,0.001011559917146997,0.0013606328997378791,-0.434,0.664286,0,0,2.3725,0,0.0
2023-01-17,1.3859324009645619e-06,1.3194380899734749e-06,1.4671254423812604e-06,6.649431099108702e-08,0.0479779987586772,1.3194380899734749e-06,0.0003492549650430696,0.0003324983986733157,0.0003697156114800776,0.3457,0.72959,0,0,2.9367,0,0.0
2023-01-18,7.996504464351314e-05,7.68975902335575e-05,8.639629767234117e-05,3.0674544099556437e-06,0.03835994071247653,7.68975902335575e-05,0.02015119125016531,0.01937819273885649,0.021771867013429973,0.2764,0.78226,0,1,17.4367,1,0.01282051282051282
2023-01-19,0.001200694804889753,0.0011219133673156182,0.0008616547932315076,7.878143757413469e-05,0.06561320760920186,0.0011219133673156182,0.30257509083221773,0.28272216856353577,0.21713700789433993,0.4727,0.636407,0,1,7.3647,1,0.01282051282051282
2023-01-20,0.0002663362451939219,0.0002555619258113219,0.00033143929558304474,1.0774319382600027e-05,0.04045382307729585,0.0002555619258113219,0.06711673378886832,0.06440160530445312,0.08352270248692728,0.2915,0.770699,0,0,3.0028,0,0.0
2023-01-23,0.003710851627821353,0.003657721585942291,0.0035620377948023525,5.313004187906204e-05,0.01431747943421206,0.003657721585942291,0.9351346102109809,0.9217458396574573,0.8976335242901928,0.1032,0.91784,0,1,4.9361,1,0.01282051282051282
2023-01-24,4.4321655542165776e-05,4.4878051851818364e-05,3.71026260807458e-05,0.0,0.0,4.4878051851818364e-05,0.011169057196625776,0.011309269066658228,0.009349861772347942,-0.0904,0.927933,0,0,3.0981,0,0.0
2023-01-25,7.710147482554898e-06,7.836342065194379e-06,6.31506009799048e-06,0.0,0.0,7.836342065194379e-06,0.0019429571656038344,0.0019747582004289834,0.0015913951446936009,-0.1179,0.906129,0,0,3.2068,0,0.0
2023-01-26,0.00022829040588064712,0.00024493577172155574,0.0002460613234202778,0.0,0.0,0.00024493577172155574,0.05752918228192307,0.061723814473832045,0.06200745350191001,-0.5253,0.599358,0,2,5.3545,1,0.02564102564102564
2023-01-27,1.0267323918201132e-05,1.018654431678162e-05,1.2772439496728985e-05,8.077960141951186e-08,0.00786763855854137,1.018654431678162e-05,0.002587365627386685,0.002567009167828968,0.003218654753175704,0.0567,0.954796,0,0,3.9749,0,0.0
2023-01-30,0.0008916166031906251,0.0009851509840727373,0.0005392249601032685,0.0,0.0,0.0009851509840727373,0.2246873840040375,0.2482580479863298,0.13588468994602368,-0.7558,0.449762,0,1,8.7178,1,0.01282051282051282
2023-01-31,6.795876095686865e-05,7.118228243866879e-05,8.942718010582587e-05,0.0,0.0,7.118228243866879e-05,0.0171256077611309,0.017937935174544534,0.02253564938666812,-0.3417,0.73254,0,0,2.3528,0,0.0
2023-02-01,0.025296695535572376,0.02607171773994051,0.02220609629164075,0.0,0.0,0.02607171773994051,6.374767274964238,6.570072870465008,5.595936265493469,-0.2207,0.825299,0,2,6.8809,1,0.02564102564102564
2023-02-02,0.0005114250666889152,0.0004502579339357455,0.00046350629093233083,6.116713275316967e-05,0.11960135827830762,0.0004502579339357455,0.12887911680560662,0.11346499935180787,0.11680358531494738,0.8617,0.388852,0,0,3.7775,0,0.0
2023-02-03,0.011651831224165682,0.010868326361793315,0.017245124983161372,0.0007835048623723671,0.06724306653877284,0.010868326361793315,2.936261468489752,2.7388182431719152,4.345771495756666,0.4845,0.628051,0,2,7.2845,1,0.02564102564102564
2023-02-06,5.364176427746319e-05,5.451894607332559e-05,4.107003409271451e-05,0.0,0.0,5.451894607332559e-05,0.013517724597920725,0.01373877441047805,0.010349648591364056,-0.1178,0.906213,0,0,2.6679,0,0.0
2023-02-07,0.00012642660557100451,0.00012317429651361903,0.00013061927208863006,3.25230905738548e-06,0.025724878216666344,0.00012317429651361903,0.03185950460389314,0.031039922721431995,0.03291605656633478,0.1853,0.852961,0,0,2.8351,0,0.0
2023-02-08,0.010626577335008595,0.010402556448968656,0.0043669265270436875,0.00022402088603993946,0.02108118907494659,0.010402556448968656,2.677897488422166,2.621444225140101,1.1004654848150093,0.1519,0.879277,0,3,6.6171,1,0.038461538461538464
2023-02-09,5.171039749356496e-05,5.7390830994648376e-05,4.263152258554556e-05,0.0,0.0,5.7390830994648376e-05,0.01303102016837837,0.01446248941065139,0.010743143691557482,-0.7915,0.42868,0,0,2.5566,0,0.0
2023-02-10,9.56435336817112e-07,8.042664341875594e-07,1.1634981917388095e-06,1.5216890262955264e-07,0.15909987604188033,8.042664341875594e-07,0.00024102170487791223,0.00020267514141526498,0.00029320154431818,1.1463,0.251679,0,0,2.4778,0,0.0
2023-02-13,3.917592153435135e-05,4.1656010498774277e-05,4.5916001415113786e-05,0.0,0.0,4.1656010498774277e-05,0.00987233222665654,0.010497314645691118,0.011570832356608675,-0.4561,0.648311,0,2,5.3984,1,0.02564102564102564
2023-02-14,2.0137340920514995e-06,2.0925925928109247e-06,1.1423634167644465e-06,0.0,0.0,2.0925925928109247e-06,0.0005074609911969778,0.000527333333388353,0.0002878755810246405,-0.2821,0.777835,0,0,3.183,0,0.0
2023-02-15,0.013533654820832583,0.011758124546702381,0.011545637804658938,0.001775530274130202,0.13119370173871323,0.011758124546702381,3.410481014849811,2.9630473857690003,2.9095007267740525,0.9452,0.344545,0,3,26.9745,1,0.038461538461538464
2023-02-16,0.150241072419766,0.14901195137811837,0.24506743708362888,0.0012291210416476295,0.008180992200357477,0.14901195137811837,37.860750249781034,37.55101174728583,61.75699414507448,0.0589,0.952998,0,1,6.618,1,0.01282051282051282
2023-02-17,2.9973258395477692e-05,3.0276000555440408e-05,2.4889374711460274e-05,0.0,0.0,3.0276000555440408e-05,0.007553261115660378,0.007629552139970983,0.006272122427287989,-0.0728,0.941988,0,0,2.714,0,0.0
2023-02-21,0.16584739317815791,0.1561335327950015,0.12571436111782355,0.009713860383156414,0.05857107668049351,0.1561335327950015,41.793543080895795,39.34565026434038,31.680019001691534,0.422,0.673031,0,3,64.9373,1,0.038461538461538464
2023-02-22,7.204459458994046e-07,6.387538337883203e-07,4.6470269154030066e-07,8.169211211108432e-08,0.11339087850403758,6.387538337883203e-07,0.00018155237836664997,0.0001609659661146567,0.00011710507826815576,0.817,0.413953,0,0,3.4764,0,0.0
2023-02-23,6.141048511301609e-05,5.734630518903868e-05,5.680289156278028e-05,4.06417992397741e-06,0.06618055288632535,5.734630518903868e-05,0.015475442248480055,0.014451268907637748,0.01431432867382063,0.4768,0.633493,0,3,11.0115,1,0.038461538461538464
2023-02-24,5.953006333417263e-05,5.4853793241670074e-05,7.65526793530973e-05,4.6762700925025565e-06,0.07855308313211734,5.4853793241670074e-05,0.015001575960211504,0.01382315589690086,0.019291275196980522,0.566,0.571422,0,0,3.6206,0,0.0
2023-02-27,0.001649414091090552,0.0017152532151197965,0.00102916523673015,0.0,0.0,0.0017152532151197965,0.4156523509548191,0.4322438102101887,0.25934963965599783,-0.2876,0.77366,0,2,10.1327,1,0.02564102564102564
2023-02-28,0.0007121119994744878,0.0006713034980992789,0.0008120811068502903,4.080850137520896e-05,0.05730629640845516,0.0006713034980992789,0.17945222386757093,0.16916848152101827,0.20464443892627315,0.4129,0.679695,0,0,2.9222,0,0.0
2023-03-01,0.0003125027037756984,0.0003206480602617591,0.00028988101307156637,0.0,0.0,0.0003206480602617591,0.078750681351476,0.08080331118596329,0.07305001529403472,-0.1878,0.85104,0,0,3.0623,0,0.0
2023-03-02,0.0027257160941893048,0.0027087699191335234,0.0022689099603843124,1.694617505578139e-05,0.006217146050423295,0.0027087699191335234,0.6868804557357048,0.6826100196216479,0.5717653100168467,0.0448,0.964272,0,0,3.2265,0,0.0
2023-03-03,2.6344369678126034,2.68572128301423,1.9360521566882083,0.0,0.0,2.68572128301423,663.878115888776,676.8017633195859,487.8851434854285,-0.1403,0.888459,0,2,50.4957,1,0.02564102564102564
2023-03-06,1.1171456195253203e-07,9.079984181532994e-08,1.668646822183239e-07,2.091472013720208e-08,0.1872140261541069,9.079984181532994e-08,2.8152069612038072e-05,2.2881560137463146e-05,4.2049899919017625e-05,1.3488,0.177389,0,0,2.6471,0,0.0
2023-03-07,0.00015913073022669284,0.00015571506215305032,0.00019333519636649882,3.415668073642516e-06,0.021464540804357005,0.00015571506215305032,0.0401009440171266,0.03924019566256868,0.0487204694843577,0.1546,0.877099,0,3,27.2786,1,0.038461538461538464
2023-03-08,4.2637100228685125e-06,4.056661013391285e-06,3.713373687471011e-06,2.0704900947722778e-07,0.048560751037468444,4.056661013391285e-06,0.001074454925762865,0.0010222785753746038,0.0009357701692426948,0.3499,0.726436,0,0,2.1283,0,0.0
2023-03-09,0.006078095045941916,0.0058177910664386455,0.005558433220098539,0.0002603039795032701,0.04282657271610738,0.0058177910664386455,1.5316799515773627,1.4660833487425387,1.4007251714648319,0.3086,0.757659,0,3,18.1143,1,0.038461538461538464
2023-03-10,0.0004312395900775789,0.0004924190730783827,0.0005035623739964275,0.0,0.0,0.0004924190730783827,0.10867237669954988,0.12408960641575244,0.12689771824709972,-1.0221,0.306717,0,0,2.4011,0,0.0
2023-03-13,3.477221818623394e-05,3.4541496795339926e-05,3.9643175604870204e-05,2.3072139089401115e-07,0.006635221918345436,3.4541496795339926e-05,0.008762598982930952,0.008704457192425661,0.009990080252427291,0.0478,0.961871,0,0,2.7152,0,0.0
2023-03-14,0.0012216703734653522,0.0013861808386002581,0.000568471900713192,0.0,0.0,0.0013861808386002581,0.30786093411326876,0.34931757132726504,0.1432549189797244,-0.9702,0.331948,0,1,5.2837,1,0.01282051282051282
2023-03-15,1.290173870814246e-05,1.1951455784835542e-05,1.4994490162638452e-05,9.502829233069182e-07,0.07365540964271523,1.1951455784835542e-05,0.0032512381544519,0.003011766857778557,0.0037786115209848896,0.5307,0.595647,0,0,2.5082,0,0.0
2023-03-16,0.0017500083685862036,0.0016334659873900878,0.0023669629537715503,0.00011654238119611577,0.06659532789758753,0.0016334659873900878,0.4410021088837233,0.41163342882230214,0.5964746643504306,0.4798,0.631366,0,2,11.6205,1,0.02564102564102564
2023-03-17,0.000774926172272141,0.0007344459537288202,0.0009161648011744562,4.0480218543320775e-05,0.05223751621705105,0.0007344459537288202,0.19528139541257952,0.1850803803396627,0.23087352989596296,0.3764,0.706649,0,0,3.1135,0,0.0
2023-03-20,0.0941077396056881,0.09020313340792617,0.15653801621132069,0.0039046061977619367,0.04149080845083268,0.09020313340792617,23.715150380633403,22.731189618797394,39.44758008525281,0.2989,0.764992,0,3,14.872,1,0.038461538461538464
2023-03-21,0.00226942789057085,0.002298851252299889,0.002704273788758749,0.0,0.0,0.002298851252299889,0.5718958284238542,0.579310515579572,0.6814769947672047,-0.0934,0.925577,0,0,2.4585,0,0.0
2023-03-22,0.00025724787401395393,0.0001900169657950638,0.00014442863926039765,6.723090821889014e-05,0.2613467971902327,0.0001900169657950638,0.06482646425151639,0.04788427538035608,0.036396017093620205,1.8829,0.059707,0,0,3.19,0,0.0
2023-03-23,2.7057120180829832e-05,2.4909764093097837e-05,1.4267460251707467e-05,2.1473560877319953e-06,0.07936380494364688,2.4909764093097837e-05,0.006818394285569118,0.006277260551460655,0.0035953999834302816,0.5718,0.567458,0,0,2.6986,0,0.0
2023-03-24,5.594318542187022e-05,5.508564814025943e-05,6.980930534464976e-05,8.575372816107919e-07,0.015328717158584113,5.508564814025943e-05,0.014097682726311296,0.013881583331345376,0.01759194494685174,0.1104,0.91206,0,0,3.3987,0,0.0
2023-03-27,0.000273674247664613,0.0002718814450131271,0.00020348118349753768,1.792802651485884e-06,0.006550863518339127,0.0002718814450131271,0.06896591041148248,0.06851412414330803,0.05127725824137949,0.0472,0.962356,0,0,3.0655,0,0.0
2023-03-28,2.4139082152775458e-05,2.4045449453027165e-05,1.5485650194499795e-05,9.363269974829302e-08,0.0038788838480606227,2.4045449453027165e-05,0.006083048702499415,0.0060594532621628455,0.0039023838490139483,0.0279,0.977705,0,0,2.8605,0,0.0
2023-03-29,0.0011654469366151835,0.0009667913700922674,0.002203730780874981,0.0001986555665229161,0.17045440689854022,0.0009667913700922674,0.2936926280270262,0.24363142526325138,0.5553401567804952,1.2281,0.219414,0,2,20.1826,1,0.02564102564102564
2023-03-30,0.07787599438653525,0.07831594463499285,0.07547529546471178,0.0,0.0,0.07831594463499285,19.624750585406883,19.735618048018196,19.019774457107367,-0.0407,0.967533,0,1,16.2218,1,0.01282051282051282
2023-03-31,0.008831133584863355,0.008140877533647537,0.006504176829324726,0.0006902560512158182,0.07816165892006909,0.008140877533647537,2.2254456633855657,2.0515011384791793,1.6390525609898308,0.5631,0.573341,0,0,2.6157,0,0.0
2023-04-03,1.9260091256514703e-05,1.56179343395492e-05,1.4177542024425184e-05,3.642156916965502e-06,0.18910381468881837,1.56179343395492e-05,0.0048535429966417055,0.003935719453566399,0.003572740590155146,1.3625,0.173055,0,0,3.1443,0,0.0
2023-04-04,7.296399422469565e-05,7.425639844130588e-05,6.91135079511247e-05,0.0,0.0,7.425639844130588e-05,0.018386926544623306,0.018712612407209082,0.017416604003683424,-0.1276,0.898452,0,0,3.5057,0,0.0
2023-04-05,4.735414826109363e-06,4.952784018472868e-06,4.250102476673736e-06,0.0,0.0,4.952784018472868e-06,0.0011933245361795595,0.0012481015726551626,0.0010710258241217814,-0.3307,0.740856,0,1,5.1648,1,0.01282051282051282
2023-04-06,1.6184059487927144e-05,1.6844172588634014e-05,1.605303602818225e-05,0.0,0.0,1.6844172588634014e-05,0.00407838299095764,0.004244731492335772,0.004045365079101927,-0.2939,0.768859,0,0,2.9652,0,0.0
2023-04-10,3.925421991648178e-06,3.916771093373698e-06,3.171278691714852e-06,8.65089827448017e-09,0.002203813014007923,3.916771093373698e-06,0.0009892063418953409,0.0009870263155301719,0.0007991622303121427,0.0159,0.987332,0,0,2.4233,0,0.0
2023-04-11,1.2894593129590242e-07,1.3063095418485458e-07,8.64082511486823e-08,0.0,0.0,1.3063095418485458e-07,3.249437468656741e-05,3.291900045458335e-05,2.177487928946794e-05,-0.0941,0.924991,0,0,2.7807,0,0.0
2023-04-12,1.6023945323650863e-05,1.535610085750408e-05,1.0910182700531857e-05,6.678444661467823e-07,0.04167790210087411,1.535610085750408e-05,0.004038034221560017,0.003869737416091028,0.002749366040534028,0.3003,0.763963,0,2,33.1675,1,0.02564102564102564
2023-04-13,0.001025683223131695,0.0009544308750756832,0.0008485171627607182,7.125234805601191e-05,0.0694681811885258,0.0009544308750756832,0.25847217222918717,0.24051658051907215,0.21382632501570098,0.5005,0.616721,0,3,6.9137,1,0.038461538461538464
2023-04-14,3.112536759798134e-05,3.285666451235308e-05,2.9973686153928373e-05,0.0,0.0,3.285666451235308e-05,0.007843592634691298,0.008279879457112976,0.00755336891078995,-0.4008,0.688601,0,0,3.8801,0,0.0
2023-04-17,6.255950748214563e-05,6.696725140656313e-05,7.187134697312961e-05,0.0,0.0,6.696725140656313e-05,0.015764995885500697,0.016875747354453907,0.018111579437228662,-0.5076,0.611716,0,0,2.3823,0,0.0
2023-04-18,3.393481537815202e-07,3.301900618145752e-07,5.677390276969771e-07,9.158091966944987e-09,0.02698722500083543,3.301900618145752e-07,8.551573475294308e-05,8.320789557727295e-05,0.00014307023497963823,0.1944,0.845834,0,0,3.2965,0,0.0
2023-04-19,6.977853996620933e-09,6.86413635973226e-09,9.261658095469107e-09,1.1371763688867234e-10,0.016294600366153652,6.86413635973226e-09,1.758419207148475e-06,1.7297623626525296e-06,2.333937840058215e-06,0.1174,0.906544,0,0,4.1972,0,0.0
2023-04-20,0.00028012680523289974,0.00023599180241331888,0.00018035695126453771,4.4135002819580856e-05,0.157553657263656,0.00023599180241331888,0.07059195491869073,0.059469934208156355,0.045449951718663506,1.1351,0.256317,0,3,210.095,1,0.038461538461538464
2023-04-21,1.4706640788714572e-07,1.3413776325820113e-07,1.6599570215398752e-07,1.2928644628944597e-08,0.08790965187110374,1.3413776325820113e-07,3.706073478756072e-05,3.3802716341066684e-05,4.183091694280486e-05,0.6334,0.526492,0,0,3.9136,0,0.0
2023-04-24,0.00012799292426264686,0.00013208177779585104,8.128578003379938e-05,0.0,0.0,0.00013208177779585104,0.032254216914187006,0.03328460800455446,0.020484016568517446,-0.2302,0.817965,0,2,23.4131,1,0.02564102564102564
2023-04-25,0.004931305666702997,0.004111036328717524,0.0070702777996463845,0.0008202693379854731,0.16633917936941733,0.004111036328717524,1.2426890280091551,1.035981154836816,1.781710005510889,1.1984,0.230747,0,0,4.6111,0,0.0
2023-04-26,2.2071052313866193e-05,1.9729415931869096e-05,2.726174708573575e-05,2.341636381997097e-06,0.1060953615895603,1.9729415931869096e-05,0.005561905183094281,0.0049718128148310125,0.006869960265605409,0.7644,0.444632,0,0,2.5813,0,0.0
2023-04-27,0.00010710500641304009,0.0001050809372301675,0.00018360177264181536,2.0240691828725854e-06,0.018897988355175203,0.0001050809372301675,0.026990461616086103,0.02648039618200221,0.04626764670573747,0.1362,0.891698,0,1,6.9793,1,0.01282051282051282
2023-04-28,0.00034376812211266643,0.0003937546313349209,0.0005084832647478982,0.0,0.0,0.0003937546313349209,0.08662956677239195,0.09922616709640006,0.12813778271647033,-1.0476,0.294809,0,0,3.8303,0,0.0
2023-05-01,3.1760352849569636e-07,3.3831312222146535e-07,3.090009251510686e-07,0.0,0.0,3.3831312222146535e-07,8.003608918091548e-05,8.525490679980927e-05,7.786823313806928e-05,-0.4698,0.638503,0,0,2.7014,0,0.0
2023-05-02,0.00036736598708717494,0.00037456131947618756,0.00033313725905609527,0.0,0.0,0.00037456131947618756,0.09257622874596809,0.09438945250799927,0.083950589282136,-0.1411,0.887779,0,3,31.841,1,0.038461538461538464
2023-05-03,0.0016938779745004893,0.0015735973150065013,0.0021490438580042412,0.00012028065949398802,0.07100904624398859,0.0015735973150065013,0.4268572495741233,0.3965465233816383,0.5415590522170688,0.5116,0.608928,0,1,5.2448,1,0.01282051282051282
2023-05-04,0.00011024261027373322,0.00011547318857664299,0.00014616783495652186,0.0,0.0,0.00011547318857664299,0.02778113778898077,0.029099243521314034,0.03683429440904351,-0.3418,0.732472,0,0,3.133,0,0.0
2023-05-05,0.0006420074108876773,0.0005563044395736276,0.0006404250276709179,8.57029713140497e-05,0.13349218362146245,0.0005563044395736276,0.16178586754369467,0.14018871877255415,0.1613871069730713,0.9618,0.336159,0,0,2.9291,0,0.0
2023-05-08,3.4748725500956834e-07,3.0309047135963474e-07,2.751782246564427e-07,4.43967836499336e-08,0.12776484675348554,3.0309047135963474e-07,8.756678826241122e-05,7.637879878262795e-05,6.934491261342357e-05,0.9205,0.357302,0,0,2.295,0,0.0
2023-05-09,1.9556860460411948e-05,2.182331723477485e-05,2.204665408480302e-05,0.0,0.0,2.182331723477485e-05,0.004928328836023811,0.005499475943163262,0.005555756829370361,-0.835,0.403736,0,2,10.8584,1,0.02564102564102564
2023-05-10,3.664204327691507e-05,3.6393336079238775e-05,4.555984616320229e-05,2.487071976762961e-07,0.006787481500670109,3.6393336079238775e-05,0.009233794905782598,0.009171120691968172,0.011481081233126978,0.0489,0.960997,0,0,2.7158,0,0.0
2023-05-11,2.2676486378901205e-06,2.1247801414781076e-06,2.7635357679653932e-06,1.4286849641201292e-07,0.06300289693117736,2.1247801414781076e-06,0.0005714474567483104,0.0005354445956524831,0.0006964110135272791,0.4539,0.649885,0,0,3.169,0,0.0
2023-05-12,1.7344395053242039e-06,1.8031461604198703e-06,1.2014236917406015e-06,0.0,0.0,1.8031461604198703e-06,0.0004370787553416994,0.0004543928324258073,0.00030275877031863156,-0.2854,0.775334,0,0,2.6908,0,0.0
2023-05-15,6.93848829186255e-05,7.37330677765226e-05,9.317073135038903e-05,0.0,0.0,7.37330677765226e-05,0.017484990495493624,0.018580733079683696,0.023479024300298034,-0.4515,0.651624,0,1,4.6977,1,0.01282051282051282
2023-05-16,2.035669177332562e-05,1.9453271626628553e-05,2.3978775074281652e-05,9.034201466970672e-07,0.044379514725538485,1.9453271626628553e-05,0.005129886326878056,0.0049022244499103956,0.006042651318718976,0.3197,0.749162,0,0,2.5396,0,0.0
2023-05-17,0.002104468493137614,0.0020534138345869703,0.003546589617930817,5.1054658550643735e-05,0.024260120164718988,0.0020534138345869703,0.5303260602706787,0.5174602863159166,0.8937405837185659,0.1748,0.861245,0,2,9.3859,1,0.02564102564102564
2023-05-18,0.00029276795744244123,0.0003157346288110391,0.00012568644097775292,0.0,0.0,0.0003157346288110391,0.07377752527549519,0.07956512646038186,0.03167298312639374,-0.5652,0.571944,0,0,2.1035,0,0.0
2023-05-19,2.0515797524655448e-06,2.046565091221398e-06,1.8380028980665384e-06,5.0146612441467485e-09,0.002444291426559856,2.046565091221398e-06,0.0005169980976213172,0.0005157344029877923,0.00046317673031276766,0.0176,0.98595,0,0,3.2715,0,0.0
2023-05-22,3.043635728905295e-06,3.2190561301374376e-06,3.15513117695083e-06,0.0,0.0,3.2190561301374376e-06,0.0007669962036841343,0.0008112021447946343,0.0007950930565916092,-0.4152,0.67796,0,0,3.1873,0,0.0
2023-05-23,0.00013500100057393485,0.00013617315045151077,0.0001016499220166403,0.0,0.0,0.00013617315045151077,0.034020252144631585,0.034315633913780716,0.025615780348193354,-0.0626,0.95012,0,3,7.2747,1,0.038461538461538464
2023-05-24,0.001722157690863471,0.0015053087245008,0.0015740990968837814,0.00021684896636267104,0.12591702106444638,0.0015053087245008,0.4339837380975947,0.3793377985742016,0.3966729724147129,0.9072,0.364298,0,2,5.7825,1,0.02564102564102564
2023-05-25,0.0006752198570760919,0.0007087808233908384,0.0006093897456635899,0.0,0.0,0.0007087808233908384,0.17015540398317514,0.17861276749449126,0.15356621590722466,-0.3581,0.720265,0,0,2.8048,0,0.0
2023-05-26,9.28521092370112e-05,9.475908364237417e-05,8.6021891405753e-05,0.0,0.0,9.475908364237417e-05,0.023398731527726823,0.023879289077878292,0.021677516634249754,-0.148,0.882366,0,0,3.4311,0,0.0
2023-05-30,4.6878351564325564e-08,4.614469003179382e-08,8.761646782892546e-08,7.336615325317444e-10,0.015649993185700314,4.614469003179382e-08,1.1813344594210043e-05,1.1628461888012043e-05,2.2079349892889215e-05,0.1128,0.910225,0,0,3.0185,0,0.0
2023-05-31,1.455438795602689e-05,1.5451943615021785e-05,1.4473954456692699e-05,0.0,0.0,1.5451943615021785e-05,0.0036677057649187766,0.0038938897909854896,0.00364743652308656,-0.4443,0.656817,0,3,21.1264,1,0.038461538461538464
2023-06-01,0.0005477406245240979,0.0005793301819193834,0.00043519440851986704,0.0,0.0,0.0005793301819193834,0.13803063738007268,0.1459912058436846,0.1096689909470065,-0.4155,0.677763,0,1,6.8674,1,0.01282051282051282
2023-06-02,0.000909697768103733,0.0009590905804415626,0.0007218574145576574,0.0,0.0,0.0009590905804415626,0.2292438375621407,0.24169082627127375,0.18190806846852967,-0.3912,0.695657,0,0,2.541,0,0.0
2023-06-05,4.104200574386495e-05,3.9030642871593827e-05,2.9454732062846665e-05,2.0113628722711225e-06,0.04900742024686172,3.9030642871593827e-05,0.010342585447453968,0.009835722003641644,0.0074225924798373595,0.3531,0.724023,0,0,2.4969,0,0.0
2023-06-06,0.00022282896523094698,0.0002506756478773429,0.00020848840273420653,0.0,0.0,0.0002506756478773429,0.05615289923819864,0.0631702632650904,0.05253907748902004,-0.9004,0.367921,0,0,3.8192,0,0.0
2023-06-07,5.6097087900547486e-06,5.512005158901816e-06,5.333621373426971e-06,9.770363115293272e-08,0.01741687802213012,5.512005158901816e-06,0.0014136466150937966,0.0013890253000432575,0.0013440725861035966,0.1255,0.90014,0,0,2.695,0,0.0
2023-06-08,0.0002775992178850903,0.00016135064419545264,0.0003199735831825265,0.00011624857368963765,0.4187640518461174,0.00016135064419545264,0.06995500290704275,0.04066036233725406,0.08063334296199667,3.0171,0.002552,1,3,7.4099,1,0.038461538461538464
2023-06-09,1.1631859440886246e-06,1.0658219269938464e-06,1.4132028057973678e-06,9.736401709477825e-08,0.08370453054823832,1.0658219269938464e-06,0.0002931228579103334,0.00026858712560244927,0.0003561271070609367,0.6031,0.54646,0,0,3.817,0,0.0
2023-06-12,0.0016206411990945463,0.0014635010385689636,0.0010259443167897613,0.00015714016052558268,0.096961721395467,0.0014635010385689636,0.40840158217182565,0.36880226171937885,0.25853796783101984,0.6986,0.484809,0,2,129.9364,1,0.02564102564102564
2023-06-13,7.2546359246098945e-06,7.420535967231354e-06,8.753068053074417e-06,0.0,0.0,7.420535967231354e-06,0.0018281682530016934,0.0018699750637423012,0.0022057731493747533,-0.1648,0.869133,0,0,2.8157,0,0.0
2023-06-14,1.3311158377607696e-06,1.4082678557305709e-06,1.7134792848184208e-06,0.0,0.0,1.4082678557305709e-06,0.00033544119111571393,0.0003548834996441039,0.00043179677977424205,-0.4176,0.676245,0,0,2.789,0,0.0
2023-06-15,0.00023998383743932964,0.00021547931688882814,0.00027698502954615615,2.4504520550501502e-05,0.10210904496677801,0.00021547931688882814,0.06047592703471107,0.05430078785598469,0.06980022744563134,0.7357,0.461929,0,2,32.3005,1,0.02564102564102564
2023-06-16,2.5780637890552317e-05,2.810779503958122e-05,1.8835917582737475e-05,0.0,0.0,2.810779503958122e-05,0.006496720748419184,0.007083164349974468,0.004746651230849844,-0.6504,0.51546,0,0,2.1416,0,0.0
2023-06-20,2.5882027493690893e-06,2.7056605243264267e-06,4.249032495872759e-06,0.0,0.0,2.7056605243264267e-06,0.0006522270928410105,0.0006818264521302595,0.0010707561889599353,-0.327,0.743693,0,0,2.519,0,0.0
2023-06-21,0.00029826046899292436,0.00028180099599356303,0.00026302585975310964,1.645947299936133e-05,0.05518489593928354,0.00028180099599356303,0.07516163818621693,0.07101385099037788,0.06628251665778363,0.3976,0.690929,0,3,11.5485,1,0.038461538461538464
2023-06-22,1.5348072296231877e-05,1.4800359045855175e-05,1.7716616393366772e-05,5.477132503767021e-07,0.03568612423236028,1.4800359045855175e-05,0.003867714218650433,0.003729690479555504,0.004464587331128427,0.2571,0.797093,0,0,4.1548,0,0.0
2023-06-23,0.002070460664159935,0.0022567388016277415,0.0013757251884841588,0.0,0.0,0.0022567388016277415,0.5217560873683036,0.5686981780101908,0.34668274749800804,-0.6482,0.516849,0,1,22.604,1,0.01282051282051282
2023-06-26,1.0472224016533683e-05,9.1181768561791e-06,1.268183652903531e-05,1.3540471603545833e-06,0.1292988985833284,9.1181768561791e-06,0.002639000452166488,0.002297780567757133,0.003195822805316898,0.9316,0.351558,0,0,3.3283,0,0.0
2023-06-27,229.96587103536356,228.35502065344104,315.1593544581348,1.6108503819225177,0.007004736723193149,228.35502065344104,57951.39950091162,57545.46520466714,79420.15732344998,0.0505,0.95975,0,5,650.9942,1,0.0641025641025641
2023-06-28,3.4844640459718746e-07,3.1986922128688466e-07,3.395920547226238e-07,2.8577183310302798e-08,0.08201290333425966,3.1986922128688466e-07,8.780849395849124e-05,8.060704376429493e-05,8.557719779010119e-05,0.5909,0.554597,0,0,2.9726,0,0.0
2023-06-29,6.611709925001075e-05,6.886685619335482e-05,5.701658560380438e-05,0.0,0.0,6.886685619335482e-05,0.016661509011002707,0.017354447760725415,0.014368179572158704,-0.2996,0.764451,0,3,7.4183,1,0.038461538461538464
2023-06-30,0.0006196680563997177,0.0005885504955923654,0.0006853069640625078,3.1117560807352265e-05,0.05021649968198997,0.0005885504955923654,0.15615635021272886,0.14831472488927608,0.17269735494375196,0.3618,0.717502,0,1,5.2449,1,0.01282051282051282
2023-07-03,8.613675640115958e-06,7.715218316408952e-06,6.675865879595337e-06,8.98457323707006e-07,0.10430590341906669,7.715218316408952e-06,0.0021706462613092213,0.001944235015735056,0.0016823182016580248,0.7515,0.452351,0,0,4.2126,0,0.0
2023-07-05,2.4193254532984438e-06,2.5457681901675815e-06,2.301121516648221e-06,0.0,0.0,2.5457681901675815e-06,0.0006096700142312079,0.0006415335839222306,0.0005798826221953518,-0.3765,0.706509,0,0,2.5132,0,0.0
2023-07-06,0.00012051372393059067,0.00010620710069080675,0.00013482661299381204,1.4306623239783927e-05,0.11871364235089207,0.00010620710069080675,0.03036945843050885,0.0267641893740833,0.03397630647444064,0.8553,0.392382,0,2,17.9603,1,0.02564102564102564
2023-07-07,1.2773322618026462e-05,1.1025994497334796e-05,1.3371216568166808e-05,1.7473281206916656e-06,0.13679510305569445,1.1025994497334796e-05,0.0032188772997426684,0.002778550613328369,0.0033695465751780356,0.9856,0.32434,0,0,2.8644,0,0.0
2023-07-10,0.0003598927531909148,0.00029848054183667866,0.0002545808085306962,6.141221135423614e-05,0.170640310590022,0.00029848054183667866,0.09069297380411052,0.07521709654284302,0.06415436374973545,1.2294,0.218912,0,3,14.1556,1,0.038461538461538464
2023-07-11,9.795148470656029e-06,9.877094074754912e-06,7.398363539348094e-06,0.0,0.0,9.877094074754912e-06,0.002468377414605319,0.002489027706838238,0.0018643876119157198,-0.0603,0.951937,0,0,3.3263,0,0.0
2023-07-12,0.00017211295299889622,0.00016788302736806739,0.00028725998174960576,4.229925630828838e-06,0.024576451292887373,0.00016788302736806739,0.04337246415572185,0.042306522896752984,0.07238951540090065,0.1771,0.859455,0,1,7.3759,1,0.01282051282051282
2023-07-13,0.21977953044954424,0.1956370530003365,0.16010944436437702,0.024142477449207722,0.10984861692859231,0.1956370530003365,55.384441673285146,49.3005373560848,40.34757997982301,0.7914,0.42869,0,3,31.9976,1,0.038461538461538464
2023-07-14,1.4297201935520946e-05,1.538717493907829e-05,1.7340720783557548e-05,0.0,0.0,1.538717493907829e-05,0.0036028948877512785,0.003877568084647729,0.004369861637456502,-0.5493,0.58282,0,0,2.1845,0,0.0
2023-07-17,2.6153545904198008e-05,2.5584735618912644e-05,3.5262554783172556e-05,5.688102852853632e-07,0.02174887740347223,2.5584735618912644e-05,0.006590693567857898,0.006447353375965986,0.008886163805359485,0.1567,0.875484,0,0,3.5343,0,0.0
2023-07-18,3.147769693301398e-05,2.6547157763734654e-05,5.1999784181665466e-05,4.9305391692793275e-06,0.15663595157980567,2.6547157763734654e-05,0.007932379627119523,0.006689883756461133,0.013103945613779698,1.1285,0.259097,0,0,3.3075,0,0.0
2023-07-19,6.174197242242376e-06,5.2610679036506175e-06,5.158972808292051e-06,9.131293385917585e-07,0.14789439904024262,5.2610679036506175e-06,0.0015558977050450788,0.0013257891117199555,0.0013000611476895968,1.0655,0.286628,0,0,3.9099,0,0.0
2023-07-20,1.0386935985096148e-05,9.970455622669182e-06,8.556132278711467e-06,4.1648036242696546e-07,0.04009655233535724,9.970455622669182e-06,0.0026175078682442294,0.002512554816912634,0.0021561453342352896,0.2889,0.772668,0,0,2.8609,0,0.0
2023-07-21,0.0,0.0,0.0,0.0,0.0,0.0,0.0,0.0,0.0,0.0,1.0,0,0,0.0,0,0.0
2023-07-24,0.005776756398951729,0.005397036593229751,0.002336980332779833,0.00037971980572197844,0.06573235556984043,0.005397036593229751,1.4557426125358357,1.3600532214938972,0.588919043860518,0.4736,0.635794,0,3,2494.8077,1,0.038461538461538464
2023-07-25,3.298108945958147e-06,3.1195543343069735e-06,4.588926422598511e-06,1.785546116511736e-07,0.05413846553841946,3.1195543343069735e-06,0.0008311234543814531,0.0007861276922453574,0.0011564094584948247,0.3901,0.696495,0,0,3.9839,0,0.0
2023-07-26,2.675466903520849e-08,2.849675481820529e-08,3.098507963782389e-08,0.0,0.0,2.849675481820529e-08,6.7421765968725395e-06,7.181182214187733e-06,7.80824006873162e-06,-0.4691,0.638991,0,0,3.1544,0,0.0
2023-07-27,1.3001220614459065e-05,1.3529399152297217e-05,2.1547352812396427e-05,0.0,0.0,1.3529399152297217e-05,0.0032763075948436843,0.0034094085863788986,0.005429932908723899,-0.2927,0.769754,0,3,32.1467,1,0.038461538461538464
2023-07-28,6.655370126183256e-05,6.983895078911913e-05,5.837172723118954e-05,0.0,0.0,6.983895078911913e-05,0.016771532717981805,0.01759941559885802,0.014709675262259764,-0.3556,0.722106,0,2,6.1794,1,0.02564102564102564
2023-07-31,0.0052097334277207445,0.005371574735277392,0.004549632540672542,0.0,0.0,0.005371574735277392,1.3128528237856276,1.353636833289903,1.1465074002494806,-0.2238,0.822899,0,2,5.9109,1,0.02564102564102564
2023-08-01,2.0539909449585295e-06,1.947831743230568e-06,3.055927528555072e-06,1.0615920172796135e-07,0.051684332058130215,1.947831743230568e-06,0.0005176057181295494,0.0004908535992941031,0.0007700937371958781,0.3724,0.709614,0,0,2.9292,0,0.0
2023-08-02,0.013051876188613356,0.011256687537235964,0.016447898825135542,0.0017951886513773926,0.1375425743622973,0.011256687537235964,3.2890727995305657,2.836685259383463,4.144870503934157,0.991,0.321703,0,4,54.8417,1,0.05128205128205128
2023-08-03,2.2407521712158623e-05,2.5483989778029413e-05,9.77894497328247e-06,0.0,0.0,2.5483989778029413e-05,0.005646695471463973,0.006421965424063412,0.0024642941332671826,-0.9892,0.32257,0,0,2.0802,0,0.0
2023-08-04,0.00015010675292542023,0.00013941813677154966,0.00013808942923644127,1.0688616153870564e-05,0.07120676368220678,0.00013941813677154966,0.0378269017372059,0.035133370466430516,0.0347985361675832,0.513,0.607931,0,0,3.2304,0,0.0
2023-08-07,0.0005073299760921733,0.0004411533574038829,0.0003137327796881446,6.617661868829036e-05,0.13044097860644885,0.0004411533574038829,0.12784715397522767,0.11117064606577849,0.07906066048141244,0.9398,0.347321,0,1,5.3027,1,0.01282051282051282
2023-08-08,6.283778026200746e-06,7.1270911609958685e-06,6.512402863405268e-06,0.0,0.0,7.1270911609958685e-06,0.001583512062602588,0.001796026972570959,0.0016411255215781275,-0.9669,0.333586,0,0,2.1689,0,0.0
2023-08-09,2.8508167418012364e-05,2.8609449780820353e-05,2.2891343914230066e-05,0.0,0.0,2.8609449780820353e-05,0.007184058189339116,0.007209581344766729,0.0057686186663859764,-0.0256,0.979579,0,0,3.5358,0,0.0
2023-08-10,1.3366505718217793e-07,1.2224418991742733e-07,1.529980867348027e-07,1.1420867264750604e-08,0.08544328684121147,1.2224418991742733e-07,3.368359440990884e-05,3.080553585919169e-05,3.855551785717028e-05,0.6156,0.538158,0,0,2.9791,0,0.0
2023-08-11,2.7342701841816155e-07,2.2754416144850335e-07,2.216129102077437e-07,4.588285696965819e-08,0.16780598138808214,2.2754416144850335e-07,6.89036086413767e-05,5.734112868502285e-05,5.5846453372351414e-05,1.209,0.226661,0,0,3.719,0,0.0
2023-08-14,5.2359398808908225e-05,5.482150743596389e-05,4.9980162050212454e-05,0.0,0.0,5.482150743596389e-05,0.013194568499844872,0.0138150198738629,0.012595000836653538,-0.3388,0.734766,0,2,19.4668,1,0.02564102564102564
2023-08-15,0.0002906352646904167,0.0002811760612758442,0.000477423664175149,9.459203414572477e-06,0.03254664705641185,0.0002811760612758442,0.07324008670198501,0.07085636744151275,0.12031076337213754,0.2345,0.814603,0,0,3.454,0,0.0
2023-08-16,1.7594131886743705e-05,1.7243973859453953e-05,2.0991006538474365e-05,3.5015802728975213e-07,0.019901976956964933,1.7243973859453953e-05,0.004433721235459414,0.004345481412582396,0.00528973364769554,0.1434,0.885983,0,0,3.2439,0,0.0
2023-08-17,4.791811877105302e-05,4.509894141813882e-05,4.334153505829414e-05,2.8191773529142027e-06,0.058833221469955226,4.509894141813882e-05,0.012075365930305362,0.011364933237370983,0.010922066834690124,0.4239,0.671653,0,0,3.031,0,0.0
2023-08-18,1.8247930921819152e-07,1.6598939273041396e-07,1.9552657351054833e-07,1.6489916487777552e-08,0.09036545673572141,1.6598939273041396e-07,4.5984785922984263e-05,4.182932696806432e-05,4.927269652465818e-05,0.6511,0.515005,0,0,4.6587,0,0.0
2023-08-21,3.3971373828464194e-05,3.586497509294995e-05,6.437371657421464e-05,0.0,0.0,3.586497509294995e-05,0.008560786204772977,0.009037973723423387,0.01622217657670209,-0.4016,0.687977,0,3,19.8983,1,0.038461538461538464
2023-08-22,1.0952937594821382e-05,1.0066510036854483e-05,1.86469163007428e-05,8.864275579668987e-07,0.08093056948077909,1.0066510036854483e-05,0.002760140273894988,0.0025367605292873296,0.0046990229077871854,0.5831,0.559835,0,0,2.9077,0,0.0
2023-08-23,0.0011183459601918982,0.0010633039501817673,0.0011323306469777387,5.50420100101309e-05,0.049217336960263036,0.0010633039501817673,0.2818231819683583,0.26795259544580535,0.28534732303839017,0.3546,0.722889,0,3,7.0421,1,0.038461538461538464
2023-08-24,0.0005410126406741938,0.0005598170610974888,0.0007502030390454118,0.0,0.0,0.0005598170610974888,0.13633518544989684,0.14107389939656717,0.18905116583944379,-0.2504,0.802261,0,0,2.7959,0,0.0
2023-08-25,6.084334003092826e-05,6.134311995947761e-05,4.877713934814168e-05,0.0,0.0,6.134311995947761e-05,0.01533252168779392,0.015458466229788359,0.012291839115731703,-0.0592,0.952807,0,0,1.925,0,0.0
2023-08-28,0.0005260963284728704,0.0005727327639735176,0.0004018619108507908,0.0,0.0,0.0005727327639735176,0.13257627477516334,0.14432865652132645,0.10126920153439928,-0.6387,0.523033,0,1,5.1747,1,0.01282051282051282
2023-08-29,0.000427650407521333,0.0004603923509825652,0.0003522619857694909,0.0,0.0,0.0004603923509825652,0.10776790269537591,0.11601887244760642,0.08877002041391172,-0.5516,0.581212,0,0,2.6782,0,0.0
2023-08-30,0.00013482372903293936,0.00012884753558502942,0.00014821314699616457,5.976193447909938e-06,0.04432597619461996,0.00012884753558502942,0.03397557971630072,0.032469578967427415,0.03734971304303347,0.3194,0.749454,0,0,2.8444,0,0.0
2023-08-31,5.734608316672286e-07,5.675303541824607e-07,6.398797504834657e-07,5.930477484767898e-09,0.010341538280806221,5.675303541824607e-07,0.0001445121295801416,0.0001430176492539801,0.00016124969712183335,0.0745,0.940606,0,0,3.4293,0,0.0
2023-09-01,6.120570258731993e-07,6.07534100392408e-07,6.177435614310126e-07,4.522925480791319e-09,0.007389700468903479,6.07534100392408e-07,0.0001542383705200462,0.0001530985932988868,0.00015567137748061517,0.0532,0.95754,0,0,2.9882,0,0.0
2023-09-05,3.769032833258932e-05,3.988487479748471e-05,2.7623162201036453e-05,0.0,0.0,3.988487479748471e-05,0.009497962739812509,0.010050988448966146,0.006961036874661186,-0.4195,0.674848,0,1,8.8432,1,0.01282051282051282
2023-09-06,2.0672362933440047e-05,2.02356784473342e-05,1.54284087047068e-05,4.366844861058472e-07,0.021124071127610968,2.02356784473342e-05,0.005209435459226892,0.005099390968728218,0.003887958993586113,0.1522,0.879034,0,0,2.8138,0,0.0
2023-09-07,7.772518335951585e-06,7.222758735830797e-06,7.65405027270393e-06,5.49759600120788e-07,0.07073119748675173,7.222758735830797e-06,0.0019586746206597993,0.0018201352014293607,0.0019288206687213903,0.5096,0.61033,0,0,3.7315,0,0.0
2023-09-08,1.2617880599424009e-05,1.2881764176127487e-05,9.677491387916033e-06,0.0,0.0,1.2881764176127487e-05,0.00317970591105485,0.0032462045723841266,0.0024387278297548403,-0.1507,0.880231,0,0,3.9012,0,0.0
2023-09-11,0.0002585756873761593,0.00024268987712760374,0.0001448801660316642,1.5885810248555547e-05,0.06143582309813246,0.00024268987712760374,0.06516107321879214,0.06115784903615614,0.03650980183997938,0.4426,0.658032,0,2,7.2123,1,0.02564102564102564
2023-09-12,1.811675770570562e-05,1.9719341638167025e-05,1.693963392758617e-05,0.0,0.0,1.9719341638167025e-05,0.0045654229418378165,0.00496927409281809,0.004268787749751715,-0.6373,0.523913,0,0,4.0034,0,0.0
2023-09-13,6.4944911460014545e-06,5.689368520680556e-06,6.9828638515629296e-06,8.051226253208988e-07,0.12397006682294608,5.689368520680556e-06,0.0016366117687923666,0.0014337208672115,0.0017596816905938583,0.8932,0.371762,0,0,2.6988,0,0.0
2023-09-14,9.369099832420894e-05,9.52490706852672e-05,8.449949058125272e-05,0.0,0.0,9.52490706852672e-05,0.02361013157770065,0.024002765812687336,0.021293871626475686,-0.1198,0.90463,0,2,7.7521,1,0.02564102564102564
2023-09-15,0.0002781621378495956,0.00025547624534549406,0.0002491821714177072,2.268589250410154e-05,0.08155636348614638,0.00025547624534549406,0.0700968587380981,0.0643800138270645,0.06279390719726222,0.5876,0.556803,0,0,3.7502,0,0.0
2023-09-18,2.3539623870290753e-07,2.2812181336390115e-07,2.111339359849642e-07,7.274425339006378e-09,0.030902764106707965,2.2812181336390115e-07,5.93198521531327e-05,5.748669696770309e-05,5.320575186821098e-05,0.2226,0.82381,0,0,3.3396,0,0.0
2023-09-19,3.087102992067383e-05,2.938954414795209e-05,3.958799307579942e-05,1.4814857727217421e-06,0.0479895140699566,2.938954414795209e-05,0.007779499540009806,0.007406165125283927,0.009976174255101455,0.3458,0.729528,0,4,8.5825,1,0.05128205128205128
2023-09-20,5.872632398752534e-05,6.326684426522572e-05,4.469382783827865e-05,0.0,0.0,6.326684426522572e-05,0.014799033644856385,0.015943244754836883,0.01126284461524622,-0.557,0.577494,0,0,2.5791,0,0.0
2023-09-21,0.0003661821413277618,0.0003708024263445025,0.0002177885050388286,0.0,0.0,0.0003708024263445025,0.09227789961459597,0.09344221143881463,0.05488270326978481,-0.0909,0.927567,0,0,2.8824,0,0.0
2023-09-22,6.963259289359899e-07,6.157285853889365e-07,6.858915037992793e-07,8.059734354705339e-08,0.1157464119191954,6.157285853889365e-07,0.00017547413409186945,0.000155163603518012,0.00017284465895741838,0.8339,0.404322,0,0,2.6002,0,0.0
2023-09-25,6.039172703806636e-05,6.584260378526465e-05,7.196159651557475e-05,0.0,0.0,6.584260378526465e-05,0.015218715213592722,0.01659233615388669,0.01813432232192484,-0.6503,0.515502,0,2,11.1641,1,0.02564102564102564
2023-09-26,0.0011017904667916176,0.0011328792037528892,0.0007951697100673021,0.0,0.0,0.0011328792037528892,0.2776511976314876,0.28548555934572806,0.20038276693696014,-0.2033,0.838905,0,2,8.0995,1,0.02564102564102564
2023-09-27,1.5733396077503963e-07,1.5677473098900634e-07,1.1605652566118452e-07,5.592297860332959e-10,0.0035543898398582422,1.5677473098900634e-07,3.9648158115309986e-05,3.9507232209229594e-05,2.92462444666185e-05,0.0256,0.97957,0,0,3.5577,0,0.0
2023-09-28,0.0009923337654311017,0.0009037352971254438,0.0007951408087395703,8.859846830565788e-05,0.08928293211698275,0.0009037352971254438,0.2500681088886376,0.22774129487561184,0.20037548380237172,0.6433,0.520053,0,4,43.6125,1,0.05128205128205128
2023-09-29,2.3482093841516843e-05,2.5070343725325423e-05,1.187138578172298e-05,0.0,0.0,2.5070343725325423e-05,0.005917487648062244,0.006317726618782007,0.002991589216994191,-0.4873,0.626041,0,0,2.0578,0,0.0
2023-10-02,9.462679574363508e-08,9.271846891631595e-08,9.617793931412736e-08,1.9083268273191266e-09,0.02016666257860588,9.271846891631595e-08,2.384595252739604e-05,2.3365054166911622e-05,2.4236840707160097e-05,0.1453,0.884477,0,0,2.9614,0,0.0
2023-10-03,0.0003178609553998833,0.0002973357110925271,0.0002598512023620376,2.0525244307356162e-05,0.06457302758988269,0.0002973357110925271,0.08010096076077058,0.07492859919531683,0.06548250299523348,0.4652,0.641763,0,3,30.2113,1,0.038461538461538464
2023-10-04,2.7887965548058356e-05,2.540940380635451e-05,2.3402375692922712e-05,2.478561741703845e-06,0.08887567106883273,2.540940380635451e-05,0.007027767318110706,0.006403169759201337,0.005897398674616523,0.6403,0.521958,0,0,3.0036,0,0.0
2023-10-05,1.746826566857033e-05,1.8686450497110953e-05,1.9194211826026378e-05,0.0,0.0,1.8686450497110953e-05,0.004402002948479723,0.00470898552527196,0.004836941380158648,-0.5024,0.615358,0,0,2.4227,0,0.0
2023-10-06,0.0010777300984107462,0.0008602283530923293,0.0008788666176601713,0.00021750174531841684,0.20181467088776392,0.0008602283530923293,0.271587984799508,0.216777544979267,0.22147438765036317,1.454,0.145938,0,3,12.4456,1,0.038461538461538464
2023-10-09,2.865937296898389e-05,3.0563269315192636e-05,4.140729783855954e-05,0.0,0.0,3.0563269315192636e-05,0.0072221619881839404,0.007701943867428544,0.010434639055317003,-0.4786,0.632204,0,0,2.5047,0,0.0
2023-10-10,5.270897793022265e-05,4.6634988817374946e-05,4.8314955812645155e-05,6.073989112847706e-06,0.11523632663969056,4.6634988817374946e-05,0.013282662438416108,0.011752017181978486,0.01217536886478658,0.8303,0.406396,0,0,2.9818,0,0.0
2023-10-11,0.001155930915149536,0.0012631067568177306,0.0007832427886570938,0.0,0.0,0.0012631067568177306,0.29129459061768304,0.3183029027180681,0.19737718274158764,-0.668,0.504124,0,1,8.26,1,0.01282051282051282
2023-10-12,0.0009014392923928226,0.0008703237271990663,0.0006884634895815375,3.111556519375634e-05,0.034517649077226355,0.0008703237271990663,0.2271627016829913,0.2193215792541647,0.17349279937454745,0.2487,0.803599,0,0,2.6776,0,0.0
2023-10-13,1.8797869372087235e-05,1.6407225865093448e-05,1.790024998331242e-05,2.390643506993788e-06,0.1271762949564558,1.6407225865093448e-05,0.004737063081765983,0.0041346209180035485,0.00451086299579473,0.9163,0.359521,0,0,2.5659,0,0.0
2023-10-16,0.0005771088413444656,0.0006009080086101169,0.000515178684172883,0.0,0.0,0.0006009080086101169,0.14543142801880532,0.15142881816974946,0.1298250284115665,-0.2971,0.766378,0,1,11.6336,1,0.01282051282051282
2023-10-17,9.506998973489763e-10,9.973309521714548e-10,9.593887103675171e-10,0.0,0.0,9.973309521714548e-10,2.39576374131942e-07,2.513273999472066e-07,2.417659550126143e-07,-0.353,0.724075,0,0,2.7736,0,0.0
2023-10-18,3.2663131753839014,2.8066021698434684,3.1957228908416546,0.459711005540433,0.14074308887611817,2.8066021698434684,823.1109201967431,707.263746800554,805.3221684920969,1.014,0.310571,0,5,134809.0858,1,0.0641025641025641
2023-10-19,0.0005776187723663056,0.0006140892676382323,0.0006287289630442024,0.0,0.0,0.0006140892676382323,0.145559930636309,0.15475049544483455,0.158439698687139,-0.4549,0.649177,0,0,3.5346,0,0.0
2023-10-20,0.0008179368221660789,0.0008649559906783789,0.0006272055072030141,0.0,0.0,0.0008649559906783789,0.2061200791858519,0.21796890965095148,0.15805578781515955,-0.4142,0.678751,0,0,3.9426,0,0.0
2023-10-23,4.4154329820520295e-06,5.146164802119722e-06,5.532510819250072e-06,0.0,0.0,5.146164802119722e-06,0.0011126891114771114,0.00129683353013417,0.001394192726451018,-1.1924,0.233122,0,0,1.8439,0,0.0
2023-10-24,0.0007217520364662514,0.000664939428317309,0.0006951440453436011,5.681260814894239e-05,0.07871485662636443,0.000664939428317309,0.18188151318949536,0.16756473593596188,0.1751762994265875,0.5671,0.57063,0,4,18.262,1,0.05128205128205128
2023-10-25,0.00013890038286080566,0.00013053624649416042,0.00020605892359151998,8.364136366645233e-06,0.060216798068946094,0.00013053624649416042,0.03500289648092302,0.032895134116528425,0.05192684874506304,0.4338,0.664398,0,0,3.4926,0,0.0
2023-10-26,0.008102996292091325,0.007838446939758726,0.010664318580869508,0.0002645493523325982,0.032648336832901546,0.007838446939758726,2.041955065607014,1.975288628819199,2.687408282379116,0.2352,0.814035,0,1,17.2035,1,0.01282051282051282
2023-10-27,3.550816084594436e-05,3.739312306901797e-05,4.021427594959702e-05,0.0,0.0,3.739312306901797e-05,0.008948056533177979,0.009423067013392529,0.010133997539298448,-0.3825,0.702114,0,0,3.0613,0,0.0
2023-10-30,0.009379518685118599,0.009470848665584043,0.00559274736921763,0.0,0.0,0.009470848665584043,2.363638708649887,2.386653863727179,1.4093723370428428,-0.0702,0.944071,0,3,10.4293,1,0.038461538461538464
2023-10-31,7.592702674006634e-05,7.164335265504776e-05,6.093606393685266e-05,4.283674085018584e-06,0.05641830336996201,7.164335265504776e-05,0.019133610738496717,0.018054124869072034,0.01535588811208687,0.4065,0.684389,0,0,3.8302,0,0.0
2023-11-01,0.0004245215179449777,0.0005387486885893271,0.0003078244637622144,0.0,0.0,0.0005387486885893271,0.10697942252213437,0.1357646695245104,0.07757176486807803,-1.9386,0.052549,0,0,3.0334,0,0.0
2023-11-02,0.00021832720660697354,0.00019618944298792666,0.00017799573506527847,2.2137763619046883e-05,0.10139718206307415,0.00019618944298792666,0.05501845606495733,0.049439739632957516,0.044854925236450176,0.7305,0.465057,0,0,2.8138,0,0.0
2023-11-03,9.88350372110218e-05,0.00011041895023103468,8.911166322422785e-05,0.0,0.0,0.00011041895023103468,0.024906429377177495,0.02782557545822074,0.02245613913250542,-0.8444,0.398427,0,0,2.4968,0,0.0
2023-11-06,1.5984830354572557e-06,1.3939156420378061e-06,2.6472050757319882e-06,2.0456739341944956e-07,0.12797587519285536,1.3939156420378061e-06,0.0004028177249352284,0.00035126674179352714,0.000667095679084461,0.922,0.356508,0,0,3.7631,0,0.0
2023-11-07,0.00018911946992159568,0.00019013587212482713,0.00015017645459179728,0.0,0.0,0.00019013587212482713,0.04765810642024211,0.04791423977545644,0.037844466557132916,-0.0387,0.969113,0,2,19.5185,1,0.02564102564102564
2023-11-08,8.962518579516871e-07,9.043980338657893e-07,6.250311545225005e-07,0.0,0.0,9.043980338657893e-07,0.00022585546820382514,0.00022790830453417888,0.00015750785093967014,-0.0655,0.947788,0,0,2.929,0,0.0
2023-11-09,5.871724731884452e-05,4.812266084349617e-05,4.229893284356379e-05,1.0594586475348355e-05,0.18043397432076466,4.812266084349617e-05,0.01479674632434882,0.012126910532561035,0.010659331076578075,1.3,0.193605,0,3,11.3417,1,0.038461538461538464
2023-11-10,0.0001275799508722325,0.0001367933536010596,0.00011469728209621293,0.0,0.0,0.0001367933536010596,0.03215014761980259,0.03447192510746702,0.028903715088245657,-0.5203,0.60285,0,0,4.1686,0,0.0
2023-11-13,1.0206521307107977e-06,1.061317465888938e-06,7.074052496776818e-07,0.0,0.0,1.061317465888938e-06,0.000257204336939121,0.0002674520014040124,0.00017826612291877583,-0.2871,0.774069,0,0,2.9175,0,0.0
2023-11-14,0.4948193487833447,0.4921376997643697,0.43549516877968825,0.0026816490189749964,0.005419450604676596,0.4921376997643697,124.69447589340287,124.01870034062117,109.74478253248144,0.039,0.968854,0,4,172.6834,1,0.05128205128205128
2023-11-15,0.0001009534371812792,0.00010230943098623686,0.00010922354692127709,0.0,0.0,0.00010230943098623686,0.025440266169682358,0.02578197660853169,0.027524333824161827,-0.0968,0.922906,0,0,2.4041,0,0.0
2023-11-16,3.0776238341259227e-06,3.214092066706027e-06,2.890335629614709e-06,0.0,0.0,3.214092066706027e-06,0.0007755612061997326,0.0008099512008099188,0.0007283645786629067,-0.3195,0.749366,0,0,2.3166,0,0.0
2023-11-17,1.5691261079548745e-06,1.4882430967515571e-06,1.7406847932924903e-06,8.088301120331738e-08,0.051546500467216094,1.4882430967515571e-06,0.0003954197792046284,0.0003750372603813924,0.0004386525679097076,0.3714,0.710353,0,0,2.9728,0,0.0
2023-11-20,0.0005625328359398614,0.0004890972685467934,0.0006171728857249565,7.343556739306803e-05,0.13054449904214,0.0004890972685467934,0.14175827465684507,0.12325251167379193,0.15552756720268904,0.9405,0.346938,0,3,25.0758,1,0.038461538461538464
2023-11-21,2.783784615753875e-05,3.12903732346137e-05,3.411657218533264e-05,0.0,0.0,3.12903732346137e-05,0.007015137231699765,0.007885174055122653,0.008597376190703825,-0.8936,0.371559,0,0,3.0585,0,0.0
2023-11-22,1.3702520738797765e-05,1.4195871368724609e-05,1.1112278423116108e-05,0.0,0.0,1.4195871368724609e-05,0.003453035226177037,0.0035773595849186014,0.0028002941626252592,-0.2594,0.795324,0,0,2.9802,0,0.0
2023-11-24,5.188016914304008e-07,5.191583512004138e-07,3.484935673485991e-07,0.0,0.0,5.191583512004138e-07,0.000130738026240461,0.00013082790450250428,8.782037897184697e-05,-0.005,0.996048,0,0,3.1486,0,0.0
2023-11-27,6.315392348410269e-05,6.349901042805227e-05,3.90102251472222e-05,0.0,0.0,6.349901042805227e-05,0.01591478871799388,0.016001750627869172,0.009830576737099994,-0.0394,0.968597,0,3,9.78,1,0.038461538461538464
2023-11-28,5.443860369965174e-06,5.4614345950660586e-06,5.849994499478916e-06,0.0,0.0,5.4614345950660586e-06,0.001371852813231224,0.0013762815179566468,0.001474198613868687,-0.0233,0.981444,0,0,2.4638,0,0.0
2023-11-29,1.12694587674506e-07,1.0046510278132567e-07,1.535755582282204e-07,1.2229484893180327e-08,0.10851786787342768,1.0046510278132567e-07,2.8399036093975512e-05,2.5317205900894067e-05,3.870104067351154e-05,0.7818,0.434304,0,0,2.778,0,0.0
2023-11-30,5.15403743436946e-05,5.887007281878525e-05,3.3330468196514735e-05,0.0,0.0,5.887007281878525e-05,0.012988174334611038,0.014835258350333884,0.008399277985521713,-1.0246,0.305546,0,2,32.0764,1,0.02564102564102564
2023-12-01,0.0011321188680679308,0.0011898606582973295,0.0008439624807065456,0.0,0.0,0.0011898606582973295,0.2852939547531186,0.299844885890927,0.21267854513804949,-0.3675,0.71327,0,1,10.4026,1,0.01282051282051282
2023-12-04,5.647558092394349e-05,6.0712745571141566e-05,6.447421188131419e-05,0.0,0.0,6.0712745571141566e-05,0.01423184639283376,0.015299611883927675,0.016247501394091177,-0.5405,0.588818,0,0,2.4351,0,0.0
2023-12-05,7.375636156426273e-08,7.531513148461505e-08,1.4422471759377773e-07,0.0,0.0,7.531513148461505e-08,1.8586603114194208e-05,1.897941313412299e-05,3.634462883363199e-05,-0.1523,0.878979,0,0,2.7104,0,0.0
2023-12-06,0.00027898732812331765,0.00023984543222115284,0.0002661828656901155,3.9141895902164816e-05,0.14029990546582624,0.00023984543222115284,0.07030480668707605,0.06044104891973051,0.0670780821539091,1.0108,0.312098,0,4,38.6239,1,0.05128205128205128
2023-12-07,5.594606294316626e-05,5.441622647532898e-05,6.983835817151804e-05,1.5298364678372815e-06,0.027344845374491247,5.441622647532898e-05,0.014098407861677898,0.013712889071782903,0.01759926625922255,0.197,0.843817,0,0,2.9388,0,0.0
2023-12-08,1.4638799574168194e-05,1.7042043888233878e-05,2.2292672720404877e-05,0.0,0.0,1.7042043888233878e-05,0.0036889774926903846,0.004294595059834937,0.005617753525542029,-1.1828,0.236886,0,0,2.3576,0,0.0
2023-12-11,6.317179928599258e-06,5.631592026346198e-06,8.708314800944225e-06,6.855879022530606e-07,0.10852750776050347,5.631592026346198e-06,0.0015919293420070132,0.0014191611906392418,0.0021944953298379446,0.7819,0.434263,0,0,4.4391,0,0.0
2023-12-12,0.0005040584674660617,0.0005171191116608133,0.000768762223675954,0.0,0.0,0.0005171191116608133,0.12702273380144755,0.13031401613852495,0.19372808036634043,-0.1867,0.851909,0,4,12.5884,1,0.05128205128205128
2023-12-13,0.0006785286629467177,0.000747633005525564,0.0007811071180567988,0.0,0.0,0.000747633005525564,0.17098922306257286,0.18840351739244213,0.1968389937503133,-0.7338,0.463091,0,0,1.9903,0,0.0
2023-12-14,4.278573517663991e-05,4.315147441430793e-05,2.4319710392251394e-05,0.0,0.0,4.315147441430793e-05,0.010782005264513256,0.010874171552405597,0.006128567018847351,-0.0616,0.950891,0,0,2.6313,0,0.0
2023-12-15,3.3406727209611823e-06,2.463644457686003e-06,4.140741936309794e-06,8.770282632751794e-07,0.2625303566080796,2.463644457686003e-06,0.0008418495256822179,0.0006208384033368728,0.0010434669679500682,1.8915,0.058561,0,0,3.0653,0,0.0
2023-12-18,1.0514684136304624e-05,1.0788784476095314e-05,9.351490891839472e-06,0.0,0.0,1.0788784476095314e-05,0.002649700402348765,0.0027187736879760193,0.002356575704743547,-0.1878,0.85102,0,0,3.4699,0,0.0
2023-12-19,2.9886909618644755e-05,3.0992357555948605e-05,3.57431093690275e-05,0.0,0.0,3.0992357555948605e-05,0.007531501223898478,0.007810074104099048,0.009007263560994929,-0.2665,0.789863,0,0,2.375,0,0.0
2023-12-20,6.527506643412322e-05,6.782932200973901e-05,7.876823535612339e-05,0.0,0.0,6.782932200973901e-05,0.016449316741399052,0.01709298914645423,0.019849595309743093,-0.2819,0.777999,0,0,4.442,0,0.0
2023-12-21,0.0008518301187362279,0.0008364729077292947,0.0005958103749092888,1.5357211006933194e-05,0.01802849024837089,0.0008364729077292947,0.21466118992152944,0.21079117274778228,0.1501442144771408,0.1299,0.896652,0,0,4.0769,0,0.0
2023-12-22,2.1941957468110038e-05,1.972417628425271e-05,2.9799027010486164e-05,2.2177811838573263e-06,0.10107489662240501,1.972417628425271e-05,0.00552937328196373,0.0049704924236316835,0.007509354806642513,0.7282,0.466477,0,0,2.9524,0,0.0
2023-12-26,3.073593331413385e-06,3.3909599984160064e-06,4.175937748974434e-06,0.0,0.0,3.3909599984160064e-06,0.000774545519516173,0.0008545219196008336,0.0010523363127415573,-0.7439,0.456915,0,0,3.1257,0,0.0
2023-12-27,6.624449699856116e-06,6.062154326671888e-06,4.689697263420496e-06,5.622953731842286e-07,0.08488181113589413,6.062154326671888e-06,0.0016693613243637412,0.0015276628903213157,0.001181803710381965,0.6116,0.540832,0,0,2.8635,0,0.0
2023-12-28,8.26389200995307e-07,7.786912382707202e-07,1.097744343355747e-06,4.7697962724586714e-08,0.05771845148591929,7.786912382707202e-07,0.00020825007865081735,0.0001962301920442215,0.00027663157452564825,0.4158,0.67752,0,0,3.7908,0,0.0
2023-12-29,0.0005710867098561317,0.00053488660844191,0.0004218673836185292,3.620010141422176e-05,0.06338809978602583,0.00053488660844191,0.1439138508837452,0.1347914253273613,0.10631058067186935,0.4567,0.647888,0,2,65.6135,1,0.02564102564102564
2024-01-02,0.0001356268652229259,0.000130708906201784,0.0001011329033852081,4.917959021141912e-06,0.03626095004700918,0.000130708906201784,0.03417797003617733,0.032938644362849566,0.025485491653072442,0.2613,0.793898,0,0,3.5281,0,0.0
2024-01-03,6.676262258288925e-05,5.773300705648217e-05,7.744413926519727e-05,9.029615526407077e-06,0.13524956093429047,5.773300705648217e-05,0.01682418089088809,0.014548717778233508,0.019515923094829715,0.9744,0.329836,0,0,3.1944,0,0.0
2024-01-04,2.6371910174647628e-05,2.7757146387209868e-05,3.738103482414142e-05,0.0,0.0,2.7757146387209868e-05,0.0066457213640112025,0.006994800889576887,0.009420020775683638,-0.3784,0.7051,0,0,2.7933,0,0.0
2024-01-05,8.987719509432673e-06,9.275987314761916e-06,6.919314423379775e-06,0.0,0.0,9.275987314761916e-06,0.0022649053163770337,0.0023375488033200026,0.0017436672346917033,-0.2311,0.81725,0,0,2.682,0,0.0
2024-01-08,0.0010908409309782555,0.001144004478021233,0.0006783707682926348,0.0,0.0,0.001144004478021233,0.2748919146065204,0.2882891284613507,0.17094943360974396,-0.3511,0.725487,0,3,10.6329,1,0.038461538461538464
2024-01-09,5.0888895020743084e-06,4.111598017457308e-06,6.7300474623165425e-06,9.772914846170008e-07,0.19204411732157373,4.111598017457308e-06,0.0012824001545227257,0.0010361227003992414,0.0016959719605037686,1.3836,0.16647,0,0,3.0922,0,0.0
2024-01-10,2.6584798603056614e-05,2.132386754368666e-05,4.371720598322228e-05,5.260931059369953e-06,0.1978924474858585,2.132386754368666e-05,0.006699369247970267,0.005373614621009039,0.011016735907772015,1.4258,0.153934,0,2,7.6903,1,0.02564102564102564
2024-01-11,1.0327568835825487e-06,9.933291862506848e-07,1.2474485105815465e-06,3.9427697331863896e-08,0.03817709645080858,9.933291862506848e-07,0.0002602547346628023,0.0002503189549351726,0.0003143570246665497,0.2751,0.783272,0,0,3.2957,0,0.0
2024-01-12,3.661012060760434e-05,3.593083594243748e-05,1.67124588076176e-05,6.792846651668572e-07,0.018554559103834335,3.593083594243748e-05,0.009225750393116293,0.009054570657494244,0.004211539619519635,0.1337,0.893654,0,2,9.4127,1,0.02564102564102564
2024-01-16,7.170668484392915e-06,6.085513269499563e-06,5.725947191837596e-06,1.0851552148933518e-06,0.15133248258830095,6.085513269499563e-06,0.0018070084580670146,0.00153354934391389,0.001442938692343074,1.0903,0.275573,0,0,4.1063,0,0.0
2024-01-17,0.0004294161787282593,0.0004447349002515928,0.0003224793479275321,0.0,0.0,0.0004447349002515928,0.10821287703952134,0.11207319486340138,0.08126479567773809,-0.257,0.797164,0,2,10.3549,1,0.02564102564102564
2024-01-18,0.00042988146658442947,0.0004248454514087038,0.0005078736881307917,5.036015175725677e-06,0.011714892488908224,0.0004248454514087038,0.10833012957927622,0.10706105375499336,0.1279841694089595,0.0844,0.932736,0,0,2.4122,0,0.0
2024-01-19,0.0003299243473738997,0.00031964205524221426,0.0003716627008049007,1.0282292131685454e-05,0.03116560563766771,0.00031964205524221426,0.08314093553822273,0.08054979792103799,0.09365900060283497,0.2245,0.822336,0,0,2.5318,0,0.0
2024-01-22,6.970202567389035e-05,6.523267138187371e-05,7.310181206851907e-05,4.469354292016637e-06,0.0641208657092149,6.523267138187371e-05,0.017564910469820366,0.016438633188232174,0.018421656641266805,0.462,0.644098,0,0,3.1918,0,0.0
2024-01-23,4.0690998009611454e-05,4.403784404009702e-05,4.6168095296939166e-05,0.0,0.0,4.403784404009702e-05,0.010254131498422086,0.011097536698104449,0.01163436001482867,-0.5926,0.553452,0,0,2.2854,0,0.0
2024-01-24,1.178066984529469e-06,1.1332556927566215e-06,1.2256057902222134e-06,4.481129177284743e-08,0.03803795057782295,1.1332556927566215e-06,0.0002968728801014262,0.00028558043457466864,0.00030885265913599777,0.2741,0.784042,0,0,3.4073,0,0.0
2024-01-25,6.450583551381987e-06,6.895129207427917e-06,1.169803244483844e-05,0.0,0.0,6.895129207427917e-06,0.0016255470549482608,0.001737572560271835,0.002947904176099287,-0.4965,0.619526,0,1,4.9937,1,0.01282051282051282
2024-01-26,5.262556026246172e-07,4.7612157757866714e-07,7.228167800597588e-07,5.013402504595003e-08,0.0952653606546976,4.7612157757866714e-07,0.00013261641186140352,0.00011998263754982412,0.00018214982857505923,0.6864,0.492482,0,0,3.5772,0,0.0
2024-01-29,6.650037713460093e-06,7.199449022521841e-06,1.0204844015006272e-05,0.0,0.0,7.199449022521841e-06,0.0016758095037919434,0.001814261153675504,0.0025716206917815805,-0.5952,0.551681,0,0,4.5482,0,0.0
2024-01-30,1.1458728735398545e-07,1.069434290739345e-07,1.756612537401071e-07,7.643858280050943e-09,0.06670715180895917,1.069434290739345e-07,2.8875996413204334e-05,2.6949744126631494e-05,4.426663594250699e-05,0.4806,0.630793,0,0,3.6026,0,0.0
2024-01-31,0.00014793292005783908,0.00014495736428002368,0.0001687790436275954,2.975555777815403e-06,0.020114223098805808,0.00014495736428002368,0.03727909585457545,0.03652925579856597,0.04253231899415404,0.1449,0.884775,0,2,43.4403,1,0.02564102564102564
2024-02-01,5.20686118023488e-05,4.7066378501434886e-05,5.7370779362035914e-05,5.0022333009139175e-06,0.09607003205371101,4.7066378501434886e-05,0.013121290174191898,0.011860727382361592,0.01445743639923305,0.6922,0.488834,0,0,2.724,0,0.0
2024-02-02,0.0002014609369624941,0.0002170737995730956,0.0002449678409597907,0.0,0.0,0.0002170737995730956,0.05076815611454851,0.054702597492420096,0.06173189592186726,-0.5584,0.5766,0,0,2.8465,0,0.0
2024-02-05,6.281052198351395e-06,7.238192867257678e-06,6.795886580043121e-06,0.0,0.0,7.238192867257678e-06,0.0015828251539845516,0.0018240246025489348,0.0017125634181708665,-1.0979,0.272246,0,0,2.7294,0,0.0
2024-02-06,0.00022859880032827785,0.00023641949380627221,0.0002510882860956857,0.0,0.0,0.00023641949380627221,0.05760689768272602,0.0595777124391806,0.0632742480961128,-0.2465,0.805306,0,2,6.299,1,0.02564102564102564
2024-02-07,1.4084945132194414e-05,1.078253912171866e-05,2.4334311653408116e-05,3.3024060104757533e-06,0.2344635172531713,1.078253912171866e-05,0.003549406173312992,0.0027171998586731022,0.006132246536658845,1.6893,0.09117,0,0,4.0017,0,0.0
2024-02-08,9.580874935941275e-08,9.396852503302952e-08,6.84998289894352e-08,1.8402243263832356e-09,0.019207067534223167,9.396852503302952e-08,2.4143804838572015e-05,2.3680068308323438e-05,1.726195690533767e-05,0.1384,0.889938,0,0,3.3663,0,0.0
2024-02-09,3.9553090715082634e-05,3.8346026070967354e-05,2.7405046911998655e-05,1.2070646441152803e-06,0.030517580087298074,3.8346026070967354e-05,0.009967378860200824,0.009663198569883773,0.006906071821823661,0.2199,0.82597,0,2,5.7696,1,0.02564102564102564
2024-02-12,9.553966215089854e-06,9.985931602180271e-06,8.648417510628886e-06,0.0,0.0,9.985931602180271e-06,0.002407599486202643,0.0025164547637494283,0.002179401212678479,-0.3258,0.744612,0,0,3.5405,0,0.0
2024-02-13,0.0004512748948791333,0.00045012446135996893,0.0007322496596151076,1.150433519164361e-06,0.002549296514540632,0.00045012446135996893,0.11372127350954159,0.11343136426271218,0.1845269142230071,0.0184,0.985346,0,2,9.1627,1,0.02564102564102564
2024-02-14,0.012218419347241804,0.012504872529316872,0.01324353766829496,0.0,0.0,0.012504872529316872,3.079041675504935,3.1512278773878517,3.33737149241033,-0.1689,0.865866,0,1,7.0264,1,0.01282051282051282
2024-02-15,4.5291239046996516e-05,4.2225538277872595e-05,3.2109267378044246e-05,3.0657007691239208e-06,0.0676886030486865,4.2225538277872595e-05,0.011413392239843122,0.010640835646023894,0.00809153537926715,0.4877,0.625775,0,0,2.2438,0,0.0
2024-02-16,7.849658184771395e-05,7.680810782855952e-05,5.7378643401212765e-05,1.6884740191544284e-06,0.021510159524142928,7.680810782855952e-05,0.019781138625623914,0.019355643172796998,0.014459418137105617,0.155,0.87684,0,0,3.5239,0,0.0
2024-02-20,0.00031349994002566426,0.0002785402203870282,0.000190257162598423,3.495971963863605e-05,0.11151427819813886,0.0002785402203870282,0.0790019848864674,0.0701921355375311,0.04794480497480259,0.8034,0.421723,0,0,3.0326,0,0.0
2024-02-21,2.1350109949278434e-06,2.0765419965668622e-06,2.1096534488180157e-06,5.8468998360981234e-08,0.027385793850285747,2.0765419965668622e-06,0.0005380227707218165,0.0005232885831348492,0.00053163266910214,0.1973,0.843586,0,0,3.0637,0,0.0
2024-02-22,0.005285084166174671,0.004332127889171721,0.004265710276469537,0.0009529562770029497,0.1803105204873939,0.004332127889171721,1.331841209876017,1.0916962280712739,1.0749589896703233,1.2991,0.19391,0,2,29.0271,1,0.02564102564102564
2024-02-23,2.5639937182032715e-07,2.680403635459923e-07,2.541222561416379e-07,0.0,0.0,2.680403635459923e-07,6.461264169872244e-05,6.754617161359006e-05,6.403880854769276e-05,-0.3271,0.743586,0,0,1.8802,0,0.0
2024-02-26,4.058936534075111e-06,4.416132291700136e-06,3.178370240200766e-06,0.0,0.0,4.416132291700136e-06,0.001022852006586928,0.0011128653375084342,0.0008009493005305929,-0.634,0.526056,0,1,5.8181,1,0.01282051282051282
2024-02-27,2.9457984093003764e-06,3.482703598195874e-06,1.977615263719996e-06,0.0,0.0,3.482703598195874e-06,0.0007423411991436949,0.0008776413067453603,0.000498359046457439,-1.3132,0.189131,0,0,2.1659,0,0.0
2024-02-28,8.627903380568865e-07,8.334927677736908e-07,1.0214827292483304e-06,2.9297570283195782e-08,0.03395672741589821,8.334927677736908e-07,0.0002174231651903354,0.00021004017747897007,0.00025741364777057927,0.2447,0.806727,0,0,2.6584,0,0.0
2024-02-29,0.0001443314715377577,0.00014293706569194534,9.646990364058166e-05,1.3944058458123542e-06,0.009661135033785318,0.00014293706569194534,0.03637153082751494,0.03602014055437022,0.02431041571742658,0.0696,0.944507,0,2,24.9163,1,0.02564102564102564
2024-03-01,0.00015570692609582045,0.00014867317832583675,0.000112646664242664,7.033747769983695e-06,0.045172991986767545,0.00014867317832583675,0.039238145376146755,0.03746564093811086,0.02838695938915133,0.3255,0.744832,0,0,3.3096,0,0.0
2024-03-04,2.2388579661346896e-05,2.2270151400808088e-05,1.3269308953241792e-05,1.1842826053880869e-07,0.005289672549152299,2.2270151400808088e-05,0.005641922074659418,0.005612078153003638,0.0033438658562169317,0.0381,0.969599,0,0,2.9334,0,0.0
2024-03-05,0.00037706105156001536,0.0004250131516935526,0.0003683601913260701,0.0,0.0,0.0004250131516935526,0.09501938499312387,0.10710331422677526,0.09282676821416966,-0.9163,0.359532,0,1,6.5503,1,0.01282051282051282
2024-03-06,1.6738344732721293e-05,1.4588778123550743e-05,2.0424282531261027e-05,2.14956660917055e-06,0.1284216877518802,1.4588778123550743e-05,0.004218062872645766,0.003676372087134787,0.005146919197877779,0.9253,0.354836,0,0,3.0844,0,0.0
2024-03-07,0.0008255677047588689,0.0008102811788253219,0.0004993152429222785,1.5286525933547027e-05,0.018516380700109292,0.0008102811788253219,0.20804306159923497,0.20419085706398113,0.12582744121641418,0.1334,0.893872,0,1,11.9831,1,0.01282051282051282
2024-03-08,2.2149695580231208e-05,1.9697108646944863e-05,1.3245932746276454e-05,2.4525869332863454e-06,0.11072778917772175,1.9697108646944863e-05,0.005581723286218265,0.004963671379030105,0.0033379750520616666,0.7978,0.425004,0,0,2.4394,0,0.0
2024-03-11,3.526900596312116e-07,3.562916303560022e-07,2.736972263568651e-07,0.0,0.0,3.562916303560022e-07,8.887789502706533e-05,8.978549084971256e-05,6.897170104193e-05,-0.0736,0.94135,0,0,3.2494,0,0.0
2024-03-12,0.0038994778375416456,0.004288759371689276,0.0029300194522232175,0.0,0.0,0.004288759371689276,0.9826684150604947,1.0807673616656976,0.7383649019602508,-0.7192,0.471988,0,3,28.02,1,0.038461538461538464
2024-03-13,7.607379238450633e-06,7.386026241378882e-06,6.771590642081544e-06,2.2135299707175107e-07,0.029097138585626056,7.386026241378882e-06,0.0019170595680895596,0.0018612786128274783,0.001706440841804549,0.2096,0.83395,0,0,2.944,0,0.0
2024-03-14,0.001321162765947999,0.0012949893181861928,0.0009722137493665387,2.6173447761806143e-05,0.019810918394460274,0.0012949893181861928,0.3329330170188957,0.32633730818292056,0.24499786484036776,0.1427,0.886501,0,3,13.5751,1,0.038461538461538464
2024-03-15,0.00028665124434862046,0.00024487833506201716,0.0003147558256005465,4.1772909286603294e-05,0.14572729044243216,0.00024487833506201716,0.07223611357585236,0.061709340435628326,0.07931846805133771,1.0499,0.293749,0,0,2.7761,0,0.0
2024-03-18,2.790144569983611e-05,3.0468822770408885e-05,3.320076250679836e-05,0.0,0.0,3.0468822770408885e-05,0.0070311643163587,0.007678143338143039,0.008366592151713186,-0.663,0.507359,0,0,2.5255,0,0.0
2024-03-19,1.3095757701990056e-05,1.2663269042537635e-05,1.3303253132646866e-05,4.3248865945242077e-07,0.0330250937951918,1.2663269042537635e-05,0.003300130940901494,0.0031911437987194842,0.00335241978942701,0.2379,0.811929,0,0,4.294,0,0.0
2024-03-20,0.0008586749000863815,0.0009265526882621975,0.0008378005534232009,0.0,0.0,0.0009265526882621975,0.21638607482176814,0.2334912774420738,0.21112573946264662,-0.5695,0.568994,0,1,6.9161,1,0.01282051282051282
2024-03-21,4.773430421594932e-06,4.908794287665496e-06,5.7908264262434945e-06,0.0,0.0,4.908794287665496e-06,0.001202904466241923,0.0012370161604917048,0.0014592882594133606,-0.2043,0.83811,0,0,2.3649,0,0.0
2024-03-22,2.1176950509334334e-06,1.894443048842323e-06,2.198955350772342e-06,2.2325200209111046e-07,0.10542211758514917,1.894443048842323e-06,0.0005336591528352252,0.00047739964830826535,0.0005541367483946302,0.7595,0.447527,0,0,2.8843,0,0.0
2024-03-25,8.86034005174356e-06,6.7039775860963105e-06,8.547794803680198e-06,2.15636246564725e-06,0.24337239989457468,6.7039775860963105e-06,0.0022328056930393772,0.0016894023516962702,0.00215404429052741,1.7534,0.079526,0,0,4.1096,0,0.0
2024-03-26,7.307995627293817e-07,7.494283744476675e-07,1.0044784257709002e-06,0.0,0.0,7.494283744476675e-07,0.0001841614898078042,0.00018885595036081222,0.00025312856329426684,-0.1837,0.854283,0,0,2.7454,0,0.0
2024-03-27,3.0262910515974892e-05,3.457966267349912e-05,2.5124705182961584e-05,0.0,0.0,3.457966267349912e-05,0.0076262534500256725,0.008714074993721777,0.006331425706106319,-1.0277,0.30409,0,0,4.3047,0,0.0
2024-03-28,4.835747734164664e-08,5.246311523246467e-08,3.6739651014221936e-08,0.0,0.0,5.246311523246467e-08,1.2186084290094954e-05,1.3220705038581096e-05,9.258392055583927e-06,-0.6117,0.540745,0,0,2.6096,0,0.0
2024-04-01,0.0005726146002686635,0.0005719097823158239,0.0007088839660805764,7.048179528396006e-07,0.001230876668666905,0.0005719097823158239,0.1442988792677032,0.1441212651435876,0.17863875945230526,0.0089,0.992924,0,3,210.1652,1,0.038461538461538464
2024-04-02,0.00011129447961013914,0.0001211400569998653,9.20567966606291e-05,0.0,0.0,0.0001211400569998653,0.028046208861755063,0.030527294363966055,0.023198312758478532,-0.6374,0.523887,0,0,2.0689,0,0.0
2024-04-03,2.0539796794095318e-06,2.041784430258797e-06,9.316163094259469e-07,1.2195249150734689e-08,0.00593737286479273,2.041784430258797e-06,0.000517602879211202,0.0005145296764252168,0.00023476730997533862,0.0428,0.965879,0,0,3.9839,0,0.0
2024-04-04,0.0007997322963286825,0.0008830855327075794,0.0015176082541504031,0.0,0.0,0.0008830855327075794,0.20153253867482798,0.22253755424231,0.3824372800459016,-0.7509,0.452695,0,3,23.354,1,0.038461538461538464
2024-04-05,6.583808465013541e-05,7.256522685053903e-05,6.320489280765363e-05,0.0,0.0,7.256522685053903e-05,0.016591197331834125,0.018286437166335833,0.015927632987528716,-0.7362,0.461631,0,0,2.3527,0,0.0
2024-04-08,8.245123189862094e-07,8.542921994233843e-07,9.755159041647326e-07,0.0,0.0,8.542921994233843e-07,0.00020777710438452476,0.00021528163425469285,0.0002458300078495126,-0.2602,0.794691,0,0,3.7798,0,0.0
2024-04-09,8.584170173159033e-07,9.176736002993189e-07,1.1035329518488806e-06,0.0,0.0,9.176736002993189e-07,0.00021632108836360761,0.00023125374727542836,0.00027809030386591793,-0.4973,0.618945,0,0,2.3592,0,0.0
2024-04-10,0.00022748098383516092,0.00022328779652676348,0.0001547129953612951,4.1931873083974355e-06,0.018433133263582167,0.00022328779652676348,0.05732520792646055,0.0562685247247444,0.038987674831046364,0.1328,0.894346,0,3,8.112,1,0.038461538461538464
2024-04-11,2.222470987991902e-05,2.2288762351979264e-05,4.0677940022973575e-05,0.0,0.0,2.2288762351979264e-05,0.005600626889739593,0.005616768112698774,0.01025084088578934,-0.0208,0.983434,0,0,3.2308,0,0.0
2024-04-12,9.94056873179255e-05,9.983314846640867e-05,0.00010209434374120488,0.0,0.0,9.983314846640867e-05,0.025050233204117228,0.025157953413534984,0.02572777462278363,-0.031,0.975284,0,2,6.0918,1,0.02564102564102564
2024-04-15,6.193199603236833e-05,5.5273373243243594e-05,7.711059939664947e-05,6.658622789124738e-06,0.10751506665681482,5.5273373243243594e-05,0.01560686300015682,0.013928890057297387,0.019431871047955667,0.7746,0.438563,0,0,3.4788,0,0.0
2024-04-16,1.3564237919229696e-05,1.5333143411836047e-05,2.1258548389735876e-05,0.0,0.0,1.5333143411836047e-05,0.0034181879556458837,0.0038639521397826836,0.005357154194213441,-0.9396,0.347437,0,0,2.6554,0,0.0
2024-04-17,0.00047889236465954184,0.0004558238604865889,0.0002886272584259932,2.3068504172952956e-05,0.0481705406624774,0.0004558238604865889,0.12068087589420455,0.1148676128426204,0.07273406912335029,0.3471,0.728547,0,2,7.2193,1,0.02564102564102564
2024-04-18,9.707285855524087e-06,9.846882372123884e-06,6.951928723391982e-06,0.0,0.0,9.846882372123884e-06,0.0024462360355920697,0.0024814143577752187,0.0017518860382947795,-0.1036,0.91748,0,0,3.9146,0,0.0
2024-04-19,6.023622591873361e-05,5.896790100778237e-05,8.599023811247555e-05,1.268324910951241e-06,0.02105584920951928,5.896790100778237e-05,0.015179528931520869,0.014859911053961157,0.02166954000434384,0.1517,0.879421,0,1,6.877,1,0.01282051282051282
2024-04-22,5.493882041197141e-05,5.382361832007095e-05,2.798682794570447e-05,1.1152020919004638e-06,0.02029898099811541,5.382361832007095e-05,0.013844582743816796,0.013563551816657879,0.007052680642317527,0.1462,0.883724,0,0,2.8351,0,0.0
2024-04-23,0.00014142503741803848,0.00015196553253036206,0.00022488220219218512,0.0,0.0,0.00015196553253036206,0.0356391094293457,0.03829531419765124,0.05667031495243065,-0.537,0.591283,0,0,3.937,0,0.0
2024-04-24,6.048559882905226e-08,5.312207873284182e-08,3.9918945207120805e-08,7.363520096210447e-09,0.12173804179370855,5.312207873284182e-08,1.524237090492117e-05,1.3386763840676139e-05,1.0059574192194442e-05,0.8771,0.380434,0,0,3.1047,0,0.0
2024-04-25,1.4597535044566743e-05,1.738072634878425e-05,7.271151198396569e-06,0.0,0.0,1.738072634878425e-05,0.003678578831230819,0.004379943039893631,0.0018323301019959354,-1.3737,0.169542,0,2,6.8781,1,0.02564102564102564
2024-04-26,5.734209918235103e-05,6.70593134826589e-05,5.956910617712307e-05,0.0,0.0,6.70593134826589e-05,0.014450208993952461,0.016898946997630043,0.015011414756635012,-1.2209,0.222114,0,1,6.499,1,0.01282051282051282
2024-04-29,4.520103124436331e-06,4.28110652009989e-06,3.676816372552065e-06,2.389966043364412e-07,0.05287413691299527,4.28110652009989e-06,0.0011390659873579555,0.0010788388430651723,0.0009265577258831204,0.3809,0.703243,0,0,2.8869,0,0.0
2024-04-30,0.00024404810156501122,0.00022694541200872338,0.0002664621844242663,1.7102689556287843e-05,0.07007917446001002,0.00022694541200872338,0.061500121594382826,0.05719024382619829,0.06714847047491511,0.5049,0.613625,0,3,16.3723,1,0.038461538461538464
2024-05-01,0.000143530416259024,0.00013436940510883958,0.0001654402464860807,9.161011150184416e-06,0.06382626989547366,0.00013436940510883958,0.03616966489727405,0.033861090087427576,0.041690942114492334,0.4599,0.645621,0,0,3.1027,0,0.0
2024-05-02,5.8152484189563425e-05,5.538820622804816e-05,5.777657787940727e-05,2.7642779615152645e-06,0.047534992743721416,5.538820622804816e-05,0.014654426015769982,0.013957827969468137,0.014559697625610631,0.3425,0.73199,0,0,3.1529,0,0.0
2024-05-03,0.00037974803967276454,0.00038019787602743417,0.00022756670285011303,0.0,0.0,0.00038019787602743417,0.09569650599753667,0.09580986475891341,0.05734680911822848,-0.0085,0.993191,0,0,4.3296,0,0.0
2024-05-06,0.00010109038681685437,0.00011058122864475207,0.00010025252534691083,0.0,0.0,0.00011058122864475207,0.0254747774778473,0.027866469618477524,0.02526363638742153,-0.6764,0.498775,0,0,2.8216,0,0.0
2024-05-07,8.628262599273543e-06,8.293584526056074e-06,5.476641862662107e-06,3.3467807321746885e-07,0.038788577720973556,8.293584526056074e-06,0.0021743221750169326,0.0020899833005661307,0.001380113749390851,0.2795,0.779889,0,0,3.174,0,0.0
2024-05-08,1.2263246994975898e-07,1.2667452125465063e-07,1.0075624406608528e-07,0.0,0.0,1.2667452125465063e-07,3.090338242733926e-05,3.192197935617196e-05,2.539057350465349e-05,-0.2375,0.81229,0,0,2.1098,0,0.0
2024-05-09,0.01219671522118786,0.011966881491715613,0.013325617804100506,0.00022983372947224696,0.01884390389423384,0.011966881491715613,3.073572235739341,3.0156541359123343,3.3580556866333278,0.1358,0.892006,0,2,503.1309,1,0.02564102564102564
2024-05-10,4.8285279931181745e-06,5.022338318672155e-06,4.2484844781801375e-06,0.0,0.0,5.022338318672155e-06,0.00121678905426578,0.001265629256305383,0.0010706180885013948,-0.2892,0.772436,0,0,2.994,0,0.0
2024-05-13,2.315093946219974e-08,2.48728328886067e-08,2.7030405554786197e-08,0.0,0.0,2.48728328886067e-08,5.834036744474335e-06,6.267953887928889e-06,6.811662199806121e-06,-0.5358,0.592065,0,0,3.0354,0,0.0
2024-05-14,0.006670174473422707,0.0058628728734628505,0.005519363143280302,0.0008073015999598568,0.12103155667899188,0.0058628728734628505,1.6808839673025222,1.4774439641126382,1.3908795121066362,0.872,0.383205,0,3,227.8221,1,0.038461538461538464
2024-05-15,0.0001428264763999,0.00011422151324381281,0.00016386958780190912,2.8604963156087193e-05,0.20027773335049165,0.00011422151324381281,0.0359922720527748,0.028783821337440826,0.0412951361260811,1.443,0.149032,0,0,2.8912,0,0.0
2024-05-16,5.5332369282151175e-05,5.492491603220299e-05,4.837063757798254e-05,4.074532499481848e-07,0.007363741113393419,5.492491603220299e-05,0.013943757059102096,0.013841078840115154,0.012189400669651601,0.0531,0.957689,0,0,2.3723,0,0.0
2024-05-17,4.694450821704913e-06,3.7828912007137244e-06,4.002880036151741e-06,9.115596209911882e-07,0.1941780756544502,3.7828912007137244e-06,0.001183001607069638,0.0009532885825798585,0.0010087257691102389,1.399,0.16181,0,0,3.4376,0,0.0
2024-05-20,7.051622126625132e-05,8.018030506328352e-05,5.535804767258468e-05,0.0,0.0,8.018030506328352e-05,0.017770087759095332,0.020205436875947447,0.013950228013491339,-0.9874,0.323447,0,1,6.0876,1,0.01282051282051282
2024-05-21,4.73206533679358e-06,4.6904665434688045e-06,4.2877655545805115e-06,4.1598793324775214e-08,0.008790830551408184,4.6904665434688045e-06,0.0011924804648719822,0.0011819975689541387,0.001080516919754289,0.0633,0.949499,0,0,2.6275,0,0.0
2024-05-22,2.700747108510814e-05,2.4300807169226753e-05,1.4990521089018703e-05,2.7066639158813856e-06,0.10021907668188738,2.4300807169226753e-05,0.006805882713447251,0.006123803406645142,0.003777611314432713,0.7221,0.47026,0,1,8.0038,1,0.01282051282051282
2024-05-23,6.790955551166295e-05,7.205075888884668e-05,6.128056733394925e-05,0.0,0.0,7.205075888884668e-05,0.01711320798893906,0.018156791239989364,0.015442702968155211,-0.4394,0.660404,0,0,2.9216,0,0.0
2024-05-24,9.085088410180739e-05,9.507226373260039e-05,9.471199756417506e-05,0.0,0.0,9.507226373260039e-05,0.022894422793655462,0.023958210460615297,0.023867423386172114,-0.3348,0.737799,0,0,2.6317,0,0.0
2024-05-28,0.005569109855834362,0.005905458823873448,0.005416743100013885,0.0,0.0,0.005905458823873448,1.4034156836702592,1.488175623616109,1.365019261203499,-0.4351,0.663463,0,1,22.1358,1,0.01282051282051282
2024-05-29,5.254954145516424e-05,5.658157628890071e-05,4.942679002117933e-05,0.0,0.0,5.658157628890071e-05,0.013242484446701388,0.014258557224802978,0.012455551085337191,-0.5528,0.580393,0,0,2.8226,0,0.0
2024-05-30,7.436850825802574e-05,7.499457581444561e-05,0.00011810319884862771,0.0,0.0,7.499457581444561e-05,0.018740864081022487,0.018898633105240294,0.029762006109854182,-0.0607,0.951635,0,0,2.4382,0,0.0
2024-05-31,0.003603765246437058,0.0040572697050977454,0.003141434448896004,0.0,0.0,0.0040572697050977454,0.9081488421021386,1.022431965684632,0.791641481121793,-0.9067,0.364585,0,3,7.9162,1,0.038461538461538464
2024-06-03,1.7035553710248673e-06,1.3462549403283387e-06,1.4723541629255233e-06,3.5730043069652856e-07,0.20973795571060264,1.3462549403283387e-06,0.00042929595349826656,0.00033925624496274135,0.00037103324905723187,1.5111,0.130759,0,0,3.3803,0,0.0
2024-06-04,1.4939615293644115e-06,1.5872950195132878e-06,1.2695505169648228e-06,0.0,0.0,1.5872950195132878e-06,0.0003764783053998317,0.0003999983449173485,0.00031992673027513534,-0.4501,0.652631,0,0,3.799,0,0.0
2024-06-05,0.00021887306835574773,0.00019352861721086002,0.0003408105421241637,2.5344451144887703e-05,0.11579520138996097,0.00019352861721086002,0.05515601322564843,0.048769211537136724,0.08588425661528926,0.8343,0.404124,0,1,28.0553,1,0.01282051282051282
2024-06-06,3.5481941779967964e-09,3.123682060098275e-09,3.140426906381865e-09,4.2451211789852134e-10,0.1196080283604321,3.123682060098275e-09,8.941449328551927e-07,7.871678791447654e-07,7.9138758040823e-07,0.8618,0.388825,0,0,2.8572,0,0.0
2024-06-07,2.1544961304500235e-06,1.8977861370786242e-06,2.541502022768471e-06,2.5670999337139933e-07,0.11915077061057802,1.8977861370786242e-06,0.000542933024873406,0.0004782421065438133,0.0006404585097376548,0.8585,0.390641,0,2,49.1917,1,0.02564102564102564
2024-06-10,0.0001049976629803012,0.00010126242611769218,0.00010632523768798772,3.7352368626090255e-06,0.03557447585986104,0.00010126242611769218,0.0264594110710359,0.02551813138165843,0.026793959897372908,0.2563,0.797714,0,1,8.7043,1,0.01282051282051282
2024-06-11,1.7366464981454916e-06,1.6405929842658103e-06,1.560299417870001e-06,9.605351387968125e-08,0.05530973555788012,1.6405929842658103e-06,0.0004376349175326639,0.0004134294320349842,0.0003931954533032402,0.3985,0.690266,0,0,2.7149,0,0.0
2024-06-12,5.754884485957689e-05,5.9550733386318035e-05,9.816181075387754e-05,0.0,0.0,5.9550733386318035e-05,0.014502308904613376,0.015006784813352145,0.02473677630997714,-0.2506,0.802104,0,1,5.5862,1,0.01282051282051282
2024-06-13,8.59228771807242e-07,8.464751007471039e-07,1.053925509319561e-06,1.2753671060138155e-08,0.014843143799955862,8.464751007471039e-07,0.00021652565049542499,0.00021331172538827017,0.00026558922834852937,0.1069,0.914835,0,0,3.4893,0,0.0
2024-06-14,1.6332370940424358e-07,1.4075990644166548e-07,1.7146783340964733e-07,2.25638029625781e-08,0.13815302684378655,1.4075990644166548e-07,4.115757476986938e-05,3.54714964232997e-05,4.320989401923113e-05,0.9954,0.31956,0,0,2.9075,0,0.0
2024-06-17,0.7205565575198678,0.6295896654160769,0.7173178943897646,0.09096689210379094,0.1262453185031995,0.6295896654160769,181.58025249500668,158.65659568485137,180.76410938622067,0.9096,0.363049,0,3,493.4677,1,0.038461538461538464
2024-06-18,4.7979034363855615e-05,5.0003139368156795e-05,6.393400639927892e-05,0.0,0.0,5.0003139368156795e-05,0.012090716659691615,0.012600791120775513,0.01611136961261829,-0.304,0.761166,0,0,3.1909,0,0.0
2024-06-20,5.7416945209704e-06,4.53354895903332e-06,5.889856501215038e-06,1.20814556193708e-06,0.21041616670974087,4.53354895903332e-06,0.0014469070192845409,0.0011424543376763966,0.0014842438383061895,1.516,0.129519,0,0,4.1891,0,0.0
2024-06-21,1.69533579320249e-06,1.6297430444817486e-06,1.4228646789947518e-06,6.55927487207414e-08,0.038690099208450936,1.6297430444817486e-06,0.0004272246198870275,0.00041069524720940067,0.0003585618991066775,0.2788,0.780434,0,0,3.2956,0,0.0
2024-06-24,1.4420257125382046e-05,1.3317089150203522e-05,9.57214015245842e-06,1.1031679751785235e-06,0.07650126409573521,1.3317089150203522e-05,0.0036339047955962754,0.0033559064658512877,0.0024121793184195216,0.5512,0.581514,0,0,3.3834,0,0.0
2024-06-25,7.485017176676252e-05,7.503416489991423e-05,9.681017468112126e-05,0.0,0.0,7.503416489991423e-05,0.018862243285224154,0.018908609554778386,0.024396164019642556,-0.0177,0.98587,0,0,3.1098,0,0.0
2024-06-26,2.5294677233369226e-05,2.336770615622842e-05,2.604091383293126e-05,1.926971077140806e-06,0.0761808890930547,2.336770615622842e-05,0.006374258662809045,0.005888661951369562,0.006562310285898678,0.5489,0.583097,0,0,2.2706,0,0.0
2024-06-27,1.3979813790055818e-06,1.6194779056200488e-06,1.6822116096192785e-06,0.0,0.0,1.6194779056200488e-06,0.00035229130750940663,0.0004081084322162523,0.0004239173256240582,-1.1415,0.253651,0,0,3.6756,0,0.0
2024-06-28,3.286035572157104e-05,3.567333543982337e-05,5.517846785156244e-05,0.0,0.0,3.567333543982337e-05,0.008280809641835902,0.008989680530835488,0.013904973898593735,-0.6168,0.537394,0,0,4.4768,0,0.0
2024-07-01,8.283468122935111e-06,9.08576636704732e-06,9.191266469161188e-06,0.0,0.0,9.08576636704732e-06,0.002087433966979648,0.0022896131244959247,0.0023161991502286196,-0.6978,0.485289,0,0,3.3704,0,0.0
2024-07-02,9.209887379435257e-06,9.991156513972896e-06,1.5037748743637402e-05,0.0,0.0,9.991156513972896e-06,0.0023208916196176847,0.0025177714415211697,0.0037895126833966254,-0.6112,0.541082,0,0,3.5433,0,0.0
2024-07-03,2.5567052285431323e-05,2.733187409871603e-05,2.584955232468255e-05,0.0,0.0,2.733187409871603e-05,0.006442897175928693,0.00688763227287644,0.006514087185820003,-0.4973,0.618959,0,0,3.1261,0,0.0
2024-07-05,3.3068186785775956e-06,2.6648159013718266e-06,5.235036882011771e-06,6.42002777205769e-07,0.19414508186364787,2.6648159013718266e-06,0.000833318307001554,0.0006715336071457003,0.0013192292942669662,1.3988,0.161881,0,0,4.4269,0,0.0
2024-07-08,6.098629607866022e-05,6.339385840076652e-05,7.449507433925938e-05,0.0,0.0,6.339385840076652e-05,0.015368546611822376,0.015975252316993163,0.018772758733493364,-0.2844,0.776085,0,0,4.6087,0,0.0
2024-07-09,4.7497625857418967e-07,4.830365552689539e-07,3.9165291920939876e-07,0.0,0.0,4.830365552689539e-07,0.0001196940171606958,0.0001217252119277764,9.86965356407685e-05,-0.1223,0.90269,0,0,3.0189,0,0.0
2024-07-10,4.950032669769043e-05,4.733445294619384e-05,4.33318790868035e-05,2.1658737514965875e-06,0.043754735619611705,4.733445294619384e-05,0.012474082327817989,0.011928282142440847,0.010919633529874483,0.3152,0.752577,0,2,15.7628,1,0.02564102564102564
2024-07-11,8.869773856981832e-05,8.629840879269836e-05,0.0001419036774544933,2.399329777119961e-06,0.027050630475552666,8.629840879269836e-05,0.022351830119594216,0.021747199015759985,0.03575972671853231,0.1949,0.845476,0,0,3.2004,0,0.0
2024-07-12,3.3178760274571224e-05,3.3630131612454084e-05,3.554101048544107e-05,0.0,0.0,3.3630131612454084e-05,0.008361047589191949,0.008474793166338429,0.00895633464233115,-0.098,0.92192,0,0,2.7762,0,0.0
2024-07-15,2.156989272005944e-06,1.8369223840501041e-06,2.8843572159742965e-06,3.200668879558398e-07,0.14838587457243657,1.8369223840501041e-06,0.0005435612965454979,0.00046290444078062623,0.0007268580184255228,1.0691,0.28503,0,0,2.6829,0,0.0
2024-07-16,0.00013127793603042985,0.00012176879994485626,0.00010301048048551369,9.50913608557359e-06,0.07243514257364814,0.00012176879994485626,0.033082039879668325,0.030685737586103778,0.025958641082349448,0.5219,0.601754,0,1,11.2783,1,0.01282051282051282
2024-07-17,0.002585928105254437,0.002077787862471556,0.001989616610614517,0.0005081402427828808,0.19650207658668892,0.002077787862471556,0.6516538825241182,0.5236025413428321,0.5013833858748582,1.4158,0.156847,0,1,11.46,1,0.01282051282051282
2024-07-18,0.0007289140803400722,0.0008194170469162463,0.0006449820846106126,0.0,0.0,0.0008194170469162463,0.18368634824569818,0.20649309582289407,0.16253548532187437,-0.8946,0.371025,0,0,2.4355,0,0.0
2024-07-19,4.540201135486217e-05,4.639130048920882e-05,6.566385811370397e-05,0.0,0.0,4.639130048920882e-05,0.011441306861425266,0.011690607723280623,0.0165472922446534,-0.157,0.875254,0,0,3.6136,0,0.0
2024-07-22,0.00018173447359038017,0.00015413900617262686,0.00011843622743715483,2.7595467417753316e-05,0.15184497866985353,0.00015413900617262686,0.045797087344775805,0.038843029555501965,0.02984592931416302,1.094,0.27395,0,1,5.1149,1,0.01282051282051282
2024-07-23,1.7857899142965945e-06,1.6231637441081934e-06,1.5328800145962791e-06,1.626261701884011e-07,0.09106674744868323,1.6231637441081934e-06,0.0004500190584027418,0.00040903726351526474,0.00038628576367826233,0.6561,0.511749,0,0,2.6739,0,0.0
2024-07-24,0.003606783169471863,0.0027248698516003614,0.0024558544699755758,0.0008819133178715015,0.24451520265803053,0.0027248698516003614,0.9089093587069095,0.6866672026032911,0.6188753264338451,1.7617,0.078123,0,4,58.7189,1,0.05128205128205128
2024-07-25,9.09594751724359e-06,8.535707389790172e-06,9.255642569066829e-06,5.602401274534181e-07,0.06159227115141937,8.535707389790172e-06,0.002292178774345385,0.0021509982622271236,0.0023324219274048407,0.4438,0.657217,0,0,2.8657,0,0.0
2024-07-26,0.0002935476792419018,0.00029355897169518175,0.00018606825341239616,0.0,0.0,0.00029355897169518175,0.07397401516895925,0.0739768608671858,0.04688919985992383,-0.0003,0.999779,0,2,8.1909,1,0.02564102564102564
2024-07-29,2.2116436863043574e-07,2.1784499524200206e-07,1.9677425223428193e-07,3.319373388433674e-09,0.015008558568589916,2.1784499524200206e-07,5.57334208948698e-05,5.489693880098452e-05,4.9587111563039044e-05,0.1081,0.91389,0,0,3.7136,0,0.0
2024-07-30,2.02849859281612e-05,2.2409235478404935e-05,1.529545387401776e-05,0.0,0.0,2.2409235478404935e-05,0.0051118164538966225,0.005647127340558044,0.003854454376252476,-0.7545,0.450557,0,1,4.773,1,0.01282051282051282
2024-07-31,0.0011960720383384906,0.0011544662302962023,0.0007806343906201057,4.160580804228836e-05,0.03478536967162882,0.0011544662302962023,0.30141015366129964,0.29092549003464296,0.19671986643626663,0.2506,0.802107,0,1,8.5468,1,0.01282051282051282
2024-08-01,7.25765130838861e-05,6.359747485075082e-05,6.43085149105174e-05,8.979038233135282e-06,0.12371823511331836,6.359747485075082e-05,0.0182892812971393,0.016026563662389207,0.016205745757450384,0.8914,0.372734,0,0,4.3245,0,0.0
2024-08-02,0.03279793157095,0.030092879995389323,0.024981542497085986,0.0027050515755606755,0.08247628572632719,0.030092879995389323,8.265078755879399,7.58340575883811,6.295348709265668,0.5942,0.552362,0,3,16.7628,1,0.038461538461538464
2024-08-05,0.0005041019846812045,0.0004964327405800638,0.0004233371062182852,7.669244101140638e-06,0.015213675642989213,0.0004964327405800638,0.12703370013966353,0.1251010506261761,0.10668095076700787,0.1096,0.912718,0,0,3.0101,0,0.0
2024-08-06,0.002371295332330199,0.002369224052685091,0.003443721112208694,2.071279645108042e-06,0.0008734802519090606,0.002369224052685091,0.5975664237472103,0.597044461276643,0.8678177202765909,0.0063,0.994979,0,1,4.8043,1,0.01282051282051282
2024-08-07,0.0001500127908142423,0.0001417685500583882,9.77619470203249e-05,8.244240755854107e-06,0.05495691838108564,0.0001417685500583882,0.037803223285189064,0.03572567461471383,0.024636010649121874,0.396,0.69214,0,0,3.4144,0,0.0
2024-08-08,0.006796005751154176,0.007084590540285409,0.005843592328145023,0.0,0.0,0.007084590540285409,1.7125934492908523,1.785316816151923,1.4725852666925459,-0.3059,0.759648,0,1,6.4923,1,0.01282051282051282
2024-08-09,6.929257960905701e-05,7.353711761592339e-05,5.220043267560889e-05,0.0,0.0,7.353711761592339e-05,0.017461730061482366,0.018531353639212694,0.01315450903425344,-0.4413,0.658973,0,0,2.0645,0,0.0
2024-08-12,2.870289198224808e-06,2.8331701239739007e-06,1.98457387108264e-06,3.711907425090723e-08,0.012932167720833356,2.8331701239739007e-06,0.0007233128779526516,0.000713958871241423,0.0005001126155128253,0.0932,0.925766,0,0,2.8807,0,0.0
2024-08-13,0.0009235985101725296,0.0007500220393170619,0.0011697221106927232,0.00017357647085546773,0.18793498338916592,0.0007500220393170619,0.23274682456347748,0.1890055539078996,0.2947699718945663,1.354,0.175726,0,2,16.9909,1,0.02564102564102564
2024-08-14,9.600164617806209e-05,8.825302435061279e-05,9.195922687483831e-05,7.748621827449295e-06,0.08071342581317686,8.825302435061279e-05,0.024192414836871644,0.022239762136354424,0.023173725172459254,0.5815,0.560888,0,0,2.9453,0,0.0
2024-08-15,0.0001530442321552899,0.00014378742054907764,0.000153498556081708,9.25681160621227e-06,0.06048455022032506,0.00014378742054907764,0.03856714650313306,0.036234429978367566,0.038681636132590416,0.4358,0.662998,0,0,3.2054,0,0.0
2024-08-16,0.0003128789292534765,0.0002812726209983635,0.0004407883353321747,3.1606308255113e-05,0.10101769470225236,0.0002812726209983635,0.07884549017187609,0.07088070049158761,0.11107866050370802,0.7278,0.466729,0,0,3.1071,0,0.0
2024-08-19,0.0012990336466470905,0.0010846092552167948,0.0013459224233106986,0.00021442439143029568,0.16506453995143053,0.0010846092552167948,0.3273564789550668,0.2733215323146323,0.339172450674296,1.1893,0.23434,0,0,4.4067,0,0.0
2024-08-20,3.151709570092108e-07,3.135371674675984e-07,3.56191161464216e-07,1.6337895416124298e-09,0.005183803651556102,3.135371674675984e-07,7.942308116632113e-05,7.901136620183479e-05,8.976017268898243e-05,0.0373,0.970207,0,0,3.18,0,0.0
2024-08-21,6.247207145717164e-05,5.929018934812804e-05,6.286662713305219e-05,3.1818821090435944e-06,0.05093287262440295,5.929018934812804e-05,0.01574296200720725,0.014941127715728267,0.01584239003752915,0.367,0.713649,0,1,27.6614,1,0.01282051282051282
2024-08-22,6.111092800099044e-05,6.590445805168614e-05,5.32256852611846e-05,0.0,0.0,6.590445805168614e-05,0.015399953856249591,0.016607923429024906,0.01341287268581852,-0.5651,0.571977,0,0,2.4936,0,0.0
2024-08-23,0.005981304828912215,0.004520562714779316,0.004468186662541702,0.0014607421141328986,0.24421796843187094,0.004520562714779316,1.507288816885878,1.1391818041243877,1.1259830389605088,1.7595,0.078486,0,3,26.5291,1,0.038461538461538464
2024-08-26,1.0518650347334848e-05,1.1459650683977124e-05,5.1181527035534586e-06,0.0,0.0,1.1459650683977124e-05,0.002650699887528382,0.0028878319723622354,0.0012897744812954716,-0.6445,0.519225,0,0,4.6494,0,0.0
2024-08-27,3.7609726770740632e-06,4.367740770153153e-06,2.3959812815036676e-06,0.0,0.0,4.367740770153153e-06,0.0009477651146226639,0.0011006706740785946,0.0006037872829389242,-1.1624,0.245086,0,0,3.5174,0,0.0
2024-08-28,0.0001006807331206761,9.234453471516877e-05,8.007348396999084e-05,8.336198405507324e-06,0.0827983474526074,9.234453471516877e-05,0.025371544746410377,0.02327082274822253,0.02017851796043769,0.5965,0.550812,0,2,6.9454,1,0.02564102564102564
2024-08-29,5.5155856996716614e-08,5.833166900850097e-08,5.963101322250799e-08,0.0,0.0,5.833166900850097e-08,1.3899275963172587e-05,1.4699580590142243e-05,1.5027015332072014e-05,-0.4148,0.678262,0,0,2.5425,0,0.0
2024-08-30,0.002899377371929162,0.002651188001882429,0.001992601217731612,0.00024818937004673263,0.08560091982645007,0.002651188001882429,0.7306430977261488,0.6680993764743721,0.5021355068683662,0.6167,0.537409,0,3,169.8259,1,0.038461538461538464
2024-09-03,0.0004688317722985837,0.0005013827492298584,0.0002446341700250734,0.0,0.0,0.0005013827492298584,0.1181456066192431,0.1263484528059243,0.061647810846318506,-0.5002,0.616915,0,0,2.7064,0,0.0
2024-09-04,4.898901829681628e-06,4.955483543468811e-06,3.2080342707607474e-06,0.0,0.0,4.955483543468811e-06,0.0012345232610797704,0.0012487818529541405,0.0008084246362317083,-0.0832,0.933681,0,0,3.24,0,0.0
2024-09-05,0.0017075241360162373,0.0019230469895068472,0.0019544297423822613,0.0,0.0,0.0019230469895068472,0.4302960822760918,0.4846078413557255,0.49251629508032985,-0.9094,0.363147,0,3,20.3144,1,0.038461538461538464
2024-09-06,0.022989402845663708,0.02727160810825161,0.02169299870322871,0.0,0.0,0.02727160810825161,5.793329517107255,6.872445243279405,5.466635673213635,-1.342,0.179588,0,2,7.7027,1,0.02564102564102564
2024-09-09,3.885758574970418e-05,3.734659919078289e-05,5.170657832024586e-05,1.5109865589212849e-06,0.038885239288124034,3.734659919078289e-05,0.009792111608925453,0.009411342996077288,0.013030057736701958,0.2802,0.779355,0,0,2.9038,0,0.0
2024-09-10,1.1766217509263326e-05,1.127926178032455e-05,8.50184425610594e-06,4.86955728938776e-07,0.041385915836545516,1.127926178032455e-05,0.0029650868123343582,0.0028423739686417866,0.002142464752538697,0.2982,0.765568,0,0,3.3393,0,0.0
2024-09-11,0.00025102341541292797,0.0002350004817757479,0.0003810639641090977,1.6022933637180076e-05,0.06383043409313936,0.0002350004817757479,0.06325790068405784,0.05922012140748847,0.09602811895549261,0.4599,0.645599,0,2,11.2018,1,0.02564102564102564
2024-09-12,2.969583421094312e-05,2.5651205984387837e-05,4.167686986079013e-05,4.044628226555284e-06,0.13620186796648207,2.5651205984387837e-05,0.0074833502211576666,0.006464103908065735,0.010502571204919112,0.9813,0.326442,0,0,3.4248,0,0.0
2024-09-13,4.414877315506597e-05,4.107665753478829e-05,3.7999300463971276e-05,3.0721156202776753e-06,0.06958552483218058,4.107665753478829e-05,0.011125490835076624,0.01035131769876665,0.009575823716920761,0.5013,0.616126,0,0,4.1995,0,0.0
2024-09-16,0.005051318321068586,0.005387993124242032,0.00552461749528363,0.0,0.0,0.005387993124242032,1.2729322169092836,1.357774267308992,1.3922036088114746,-0.4802,0.631081,0,3,9.6816,1,0.038461538461538464
2024-09-17,2.2409103847941726e-06,2.2250813524684492e-06,2.0789676624133675e-06,1.582903232572333e-08,0.007063658310244707,2.2250813524684492e-06,0.0005647094169681315,0.0005607205008220492,0.0005238998509281686,0.0509,0.959411,0,0,3.5035,0,0.0
2024-09-18,5.339847535193721e-06,5.112287911900978e-06,4.55276917105585e-06,2.2755962329274297e-07,0.04261537041602388,5.112287911900978e-06,0.0013456415788688177,0.0012882965537990465,0.0011472978311060742,0.307,0.758817,0,0,3.0966,0,0.0
2024-09-19,0.05361610053517709,0.053150451350185424,0.03609191876267172,0.00046564918499166635,0.008684876004316517,0.053150451350185424,13.511257334864627,13.393913740246727,9.095163528193273,0.0626,0.950107,0,3,72.2155,1,0.038461538461538464
2024-09-20,4.89025106907234e-06,4.305385710425174e-06,5.771353188711075e-06,5.848653586471662e-07,0.11959820278918928,4.305385710425174e-06,0.0012323432694062296,0.0010849571990271438,0.001454381003555191,0.8617,0.388864,0,0,3.6505,0,0.0
2024-09-23,1.0757730515995594e-05,1.2769972364074659e-05,1.0617197685135002e-05,0.0,0.0,1.2769972364074659e-05,0.0027109480900308898,0.0032180330357468143,0.002675533816654021,-1.3477,0.177768,0,0,2.828,0,0.0
2024-09-24,3.754820941447111e-06,3.4661099602411684e-06,4.875466598177338e-06,2.8871098120594273e-07,0.07689072496861817,3.4661099602411684e-06,0.000946214877244672,0.0008734597099807744,0.001228617582740689,0.554,0.579592,0,0,2.6805,0,0.0
2024-09-25,1.8059717296387304e-06,2.2004851676543965e-06,2.7964693066862776e-06,0.0,0.0,2.2004851676543965e-06,0.00045510487586896005,0.0005545222622489079,0.0007047102652849419,-1.5739,0.115515,0,0,2.5776,0,0.0
2024-09-26,0.0001363639705715127,0.00014736458281821695,0.00014259201345209863,0.0,0.0,0.00014736458281821695,0.0343637205840212,0.03713587487019067,0.03593318738992885,-0.5812,0.561094,0,1,9.4362,1,0.01282051282051282
2024-09-27,4.7312628189352924e-06,4.626439055790463e-06,5.028150812971201e-06,1.0482376314482924e-07,0.022155552333671898,4.626439055790463e-06,0.0011922782303716937,0.0011658626420591968,0.0012670940048687426,0.1596,0.873176,0,0,2.827,0,0.0
2024-09-30,0.0004187491717859211,0.0003330725441170614,0.0004999543746822863,8.567662766885967e-05,0.20460130607269403,0.0003330725441170614,0.10552479129005211,0.08393428111749948,0.12598850241993614,1.4741,0.140452,0,2,7.6976,1,0.02564102564102564
2024-10-01,0.0011882529278597544,0.0011261071733732033,0.0009310415436075543,6.214575448655114e-05,0.052300106296549256,0.0011261071733732033,0.29943973782065814,0.2837790076900472,0.2346224689891037,0.3768,0.706314,0,0,3.2214,0,0.0
2024-10-02,9.749579313837188e-08,1.0166813229965012e-07,9.747282225643489e-08,0.0,0.0,1.0166813229965012e-07,2.4568939870869713e-05,2.562036933951183e-05,2.456315120862159e-05,-0.3083,0.757834,0,0,2.7118,0,0.0
2024-10-03,5.820631201433489e-06,5.613141432886391e-06,4.6354063201810725e-06,2.0748976854709802e-07,0.03564729076954871,5.613141432886391e-06,0.0014667990627612393,0.0014145116410873705,0.0011681223926856303,0.2568,0.797309,0,1,17.0008,1,0.01282051282051282
2024-10-04,0.0028285632277250234,0.0027882056120651874,0.0015907445692553202,4.0357615659836026e-05,0.014267885281824598,0.0027882056120651874,0.7127979333867059,0.7026278142404272,0.4008676314523407,0.1028,0.918124,0,2,17.3422,1,0.02564102564102564
2024-10-07,0.00019934084227563777,0.0001851703515088459,0.0001884742449530021,1.4170490766791878e-05,0.07108674034852801,0.0001851703515088459,0.05023389225346072,0.04666292858022916,0.04749550972815653,0.5122,0.608536,0,0,3.0171,0,0.0
2024-10-08,4.7445801954726344e-05,4.7572270788970766e-05,5.219280461758925e-05,0.0,0.0,4.7572270788970766e-05,0.011956342092591039,0.011988212238820633,0.013152586763632491,-0.0192,0.984678,0,0,3.2984,0,0.0
2024-10-09,0.0002115243859760508,0.00023344248482360337,0.00011300410378464663,0.0,0.0,0.00023344248482360337,0.0533041452659648,0.05882750617554805,0.02847703415373095,-0.7466,0.455331,0,0,3.1712,0,0.0
2024-10-10,3.119302647430674e-06,3.1205287581533464e-06,2.518347339171695e-06,0.0,0.0,3.1205287581533464e-06,0.0007860642671525298,0.0007863732470546433,0.0006346235294712671,-0.0028,0.99774,0,0,3.0356,0,0.0
2024-10-11,3.303132213104839e-05,2.780595470671966e-05,3.741183852140581e-05,5.225367424328726e-06,0.15819431161136405,2.780595470671966e-05,0.008323893177024193,0.007007100586093355,0.009427783307394265,1.1398,0.254388,0,1,5.7977,1,0.01282051282051282
2024-10-14,0.001262821273423149,0.0013639393700592562,0.001482975660909172,0.0,0.0,0.0013639393700592562,0.3182309609026336,0.3437127212549326,0.37370986654911137,-0.5769,0.564,0,2,14.5599,1,0.02564102564102564
2024-10-15,0.0016258356846268517,0.0016440993353084782,0.001138331742729461,0.0,0.0,0.0016440993353084782,0.40971059252596664,0.41431303249773654,0.28685959916782416,-0.0809,0.935494,0,0,3.6985,0,0.0
2024-10-16,1.7020419980906148e-05,1.6969414410017417e-05,1.529655558345933e-05,5.100557088873122e-08,0.002996727927349758,1.6969414410017417e-05,0.004289145835188349,0.004276292431324389,0.0038547320070317507,0.0216,0.982774,0,0,2.8059,0,0.0
2024-10-17,1.0841771406427643e-07,1.0877436633387991e-07,1.1284000625507269e-07,0.0,0.0,1.0877436633387991e-07,2.732126394419766e-05,2.7411140316137736e-05,2.8435681576278318e-05,-0.0237,0.981091,0,1,4.8735,1,0.01282051282051282
2024-10-18,0.003424130588680035,0.0026986437843836007,0.0045076443119051665,0.0007254868042964342,0.21187474755868663,0.0026986437843836007,0.8628809083473687,0.6800582336646673,1.135926366600102,1.5265,0.126882,0,2,192.1003,1,0.02564102564102564
2024-10-21,6.86485585042179e-05,6.946696129881331e-05,3.804723348334566e-05,0.0,0.0,6.946696129881331e-05,0.01729943674306291,0.017505674247300956,0.009587902837803105,-0.0859,0.931552,0,0,2.3349,0,0.0
2024-10-22,1.7501201729981713e-06,1.8476126475366417e-06,1.2775174745445885e-06,0.0,0.0,1.8476126475366417e-06,0.00044103028359553917,0.0004655983871792337,0.0003219344035852363,-0.4014,0.688162,0,0,2.8641,0,0.0
2024-10-23,1.7664109882442452e-05,1.4673857901460771e-05,1.8823524659559615e-05,2.9902519809816805e-06,0.16928403591226848,1.4673857901460771e-05,0.004451355690375498,0.0036978121911681143,0.004743528214209023,1.2197,0.222596,0,0,4.4123,0,0.0
2024-10-24,1.678329527494397e-06,1.922869005259449e-06,1.5441295111845716e-06,0.0,0.0,1.922869005259449e-06,0.00042293904092858804,0.0004845629893253812,0.00038912063681851205,-1.0498,0.293826,0,0,2.3044,0,0.0
2024-10-25,2.1591478124711412e-08,2.1683618963646555e-08,2.966926375240514e-08,0.0,0.0,2.1683618963646555e-08,5.441052487427276e-06,5.464271978838932e-06,7.4766544656060955e-06,-0.0307,0.975473,0,0,3.0565,0,0.0
2024-10-28,6.919317941662974e-06,6.189376898072824e-06,6.3262168134517205e-06,7.299410435901502e-07,0.10549319228442991,6.189376898072824e-06,0.0017436681212990694,0.0015597229783143516,0.0015942066369898336,0.7601,0.447221,0,2,12.682,1,0.02564102564102564
2024-10-29,2.648311682818315e-06,2.477949443287015e-06,1.704296432885893e-06,1.7036223953130017e-07,0.0643285970862028,2.477949443287015e-06,0.0006673745440702154,0.0006244432597083278,0.000429482701087245,0.4635,0.643025,0,0,2.9295,0,0.0
2024-10-30,0.0001434949928461051,0.00015414406915361891,0.00010464965212389936,0.0,0.0,0.00015414406915361891,0.03616073819721849,0.03884430542671197,0.02637171233522264,-0.5347,0.592869,0,2,10.2947,1,0.02564102564102564
2024-10-31,0.0001439051757696767,0.0001444033347712922,0.00024275664721424062,0.0,0.0,0.0001444033347712922,0.03626410429395853,0.03638964036236564,0.061174675097988636,-0.0249,0.980102,0,0,2.4397,0,0.0
2024-11-01,0.007858774215471145,0.0064374934328661,0.012429405771239792,0.0014212807826050455,0.1808527314127684,0.0064374934328661,1.9804111022987285,1.6222483450822571,3.1322102543524277,1.303,0.192573,0,4,7.4141,1,0.05128205128205128
2024-11-04,5.566203821660261e-06,5.242293352800622e-06,7.033184996404054e-06,3.239104688596392e-07,0.05819233737126919,5.242293352800622e-06,0.0014026833630583857,0.0013210579249057566,0.0017723626190938218,0.4193,0.675024,0,0,3.8176,0,0.0
2024-11-05,2.247918884836006,2.1049323790394863,2.790521003358164,0.14298650579651984,0.06360839208256734,2.1049323790394863,566.4755589786736,530.4429595179505,703.2112928462574,0.4583,0.646748,0,4,263.759,1,0.05128205128205128
2024-11-06,0.0003120965771695936,0.0003027607365143013,0.0003887829700888878,9.33584065529225e-06,0.029913306675919866,0.0003027607365143013,0.07864833744673758,0.07629570560160394,0.09797330846239972,0.2155,0.829363,0,0,2.786,0,0.0
2024-11-07,6.0476473750070486e-05,5.0739788908719584e-05,6.842705406547313e-05,9.736684841350902e-06,0.1609995437331531,5.0739788908719584e-05,0.015240071385017762,0.012786426804997334,0.01724361762449923,1.16,0.246062,0,0,3.1426,0,0.0
2024-11-08,6.37264483799222e-06,6.248364733089495e-06,7.151020921251705e-06,1.24280104902725e-07,0.01950212016519044,6.248364733089495e-06,0.0016059064991740394,0.0015745879127385528,0.0018020572721554296,0.1405,0.888258,0,0,2.2955,0,0.0
2024-11-11,8.062496433673511e-07,7.871074038628054e-07,7.154199205283185e-07,1.914223950454573e-08,0.023742293618020684,7.871074038628054e-07,0.00020317491012857247,0.00019835106577342695,0.00018028581997313626,0.1711,0.864178,0,0,2.6743,0,0.0
2024-11-12,0.00019572013967123308,0.0002135353865547355,0.000174631813037754,0.0,0.0,0.0002135353865547355,0.04932147519715074,0.05381091741179335,0.04400721688551401,-0.6558,0.511947,0,3,10.8124,1,0.038461538461538464
2024-11-13,0.0008893939116574971,0.0007851523480029625,0.0007898499546766954,0.00010424156365453465,0.11720516879080299,0.0007851523480029625,0.2241272657376893,0.19785839169674654,0.19904218857852723,0.8444,0.398425,0,1,4.7198,1,0.01282051282051282
2024-11-14,4.890827461886215e-05,4.944407683058182e-05,4.3464607800372704e-05,0.0,0.0,4.944407683058182e-05,0.012324885203953261,0.01245990736130662,0.010953081165693922,-0.0789,0.937088,0,0,2.9055,0,0.0
2024-11-15,6.0833695181537714e-05,5.9961687181667645e-05,6.106282191620923e-05,8.720079998700682e-07,0.014334292581332777,5.9961687181667645e-05,0.015330091185747503,0.015110345169780246,0.015387831122884724,0.1033,0.917744,0,0,2.9029,0,0.0
2024-11-18,2.817672771670237e-05,2.8840185590826773e-05,3.40466125642379e-05,0.0,0.0,2.8840185590826773e-05,0.007100535384608997,0.007267726768888347,0.00857974636618795,-0.1696,0.865288,0,0,3.1068,0,0.0
2024-11-19,0.00011149288431153063,9.869717917958926e-05,0.00010632972926384997,1.2795705131941364e-05,0.11476701043468313,9.869717917958926e-05,0.028096206846505718,0.024871689153256493,0.02679509177449019,0.8269,0.40831,0,0,3.857,0,0.0
2024-11-20,5.642255110288757e-07,6.313638463995532e-07,5.989394764832608e-07,0.0,0.0,6.313638463995532e-07,0.00014218482877927669,0.00015910368929268742,0.00015093274807378174,-0.8573,0.391273,0,0,2.6061,0,0.0
2024-11-21,2.7421757662330726e-05,2.916307538759136e-05,2.4910276563738335e-05,0.0,0.0,2.916307538759136e-05,0.006910282930907343,0.007349094997673023,0.00627738969406206,-0.4575,0.647302,0,3,13.9308,1,0.038461538461538464
2024-11-22,1.601035858308973e-05,1.652324856473248e-05,2.6418598983964113e-05,0.0,0.0,1.652324856473248e-05,0.0040346103629386116,0.004163858638312585,0.006657486943958957,-0.2308,0.817467,0,0,3.3865,0,0.0
2024-11-25,2.8042687506153905e-06,2.8340671234442285e-06,3.930216663511777e-06,0.0,0.0,2.8340671234442285e-06,0.0007066757251550784,0.0007141849151079456,0.000990414599204968,-0.0766,0.938975,0,0,2.5304,0,0.0
2024-11-26,0.01053364671242733,0.010561007352296006,0.0055607493130292104,0.0,0.0,0.010561007352296006,2.654478971531687,2.6613738527785933,1.4013088268833611,-0.0187,0.985069,0,4,30.1684,1,0.05128205128205128
2024-11-27,2.1334351366673952e-06,2.196243043924647e-06,3.0361021594912252e-06,0.0,0.0,2.196243043924647e-06,0.0005376256544401836,0.000553453247069011,0.0007650977441917888,-0.2121,0.832023,0,0,2.5836,0,0.0
2024-11-29,8.331718558421201e-05,6.600002369151619e-05,7.02912084852238e-05,1.731716189269582e-05,0.2078462152006618,6.600002369151619e-05,0.020995930767221425,0.01663200597026208,0.017713384538276398,1.4975,0.134267,0,1,15.6656,1,0.01282051282051282
2024-12-02,1.3332548008703363e-06,1.4506312544827391e-06,1.1278084230410366e-06,0.0,0.0,1.4506312544827391e-06,0.0003359802098193247,0.0003655590761296503,0.0002842077226063412,-0.6343,0.525891,0,0,2.2287,0,0.0
2024-12-03,8.989845375263561e-06,9.076894858686316e-06,1.0064504218813333e-05,0.0,0.0,9.076894858686316e-06,0.0022654410345664174,0.0022873775043889518,0.0025362550631409598,-0.0698,0.944381,0,1,6.8557,1,0.01282051282051282
2024-12-04,1.9470687988369482e-05,1.8029551311071976e-05,1.745750084865395e-05,1.4411366772975064e-06,0.07401570012023444,1.8029551311071976e-05,0.004906613373069109,0.004543446930390138,0.0043992902138607955,0.5333,0.593849,0,0,2.5927,0,0.0
2024-12-05,1.3919590177035965e-06,1.5872050830611038e-06,1.1847079345214507e-06,0.0,0.0,1.5872050830611038e-06,0.0003507736724613063,0.0003999756809313982,0.0002985463994994056,-1.0106,0.312211,0,0,2.7098,0,0.0
2024-12-06,1.0048222384747355e-05,9.042336743289768e-06,1.0741411216305376e-05,1.0058856414575874e-06,0.10010581999843535,9.042336743289768e-06,0.0025321520409563336,0.0022786688593090217,0.002706835626508955,0.7212,0.470761,0,0,3.7958,0,0.0
2024-12-09,5.447466543094809e-05,5.415966667969866e-05,3.437897896788681e-05,3.1499875124943233e-07,0.005782481507229121,5.415966667969866e-05,0.013727615688598918,0.013648236003284062,0.008663502699907477,0.0417,0.966769,0,0,3.6073,0,0.0
2024-12-10,2.4567911707963415e-05,2.0419443737944994e-05,4.488982755363426e-05,4.14846797001842e-06,0.1688571601230796,2.0419443737944994e-05,0.006191113750406781,0.005145699821962138,0.011312236543515833,1.2166,0.223764,0,0,3.2995,0,0.0
2024-12-11,0.0006646935883099144,0.0005834243259674383,0.001114088785325243,8.126926234247611e-05,0.12226575319742432,0.0005834243259674383,0.16750278425409842,0.14702293014379444,0.2807503739019612,0.8809,0.378373,0,1,12.7222,1,0.01282051282051282
2024-12-12,1.8454018156208263e-05,1.9148471986412248e-05,2.0956428127193447e-05,0.0,0.0,1.9148471986412248e-05,0.004650412575364482,0.004825414940575886,0.005281019888052749,-0.2711,0.786293,0,0,2.6379,0,0.0
2024-12-13,5.695977694312198e-09,5.9411181769299895e-09,8.955811085738414e-09,0.0,0.0,5.9411181769299895e-09,1.435386378966674e-06,1.4971617805863574e-06,2.2568643936060803e-06,-0.31,0.756545,0,0,2.4771,0,0.0
2024-12-16,4.01175985894526e-06,4.090524803698345e-06,5.346761592012588e-06,0.0,0.0,4.090524803698345e-06,0.0010109634844542056,0.001030812250531983,0.0013473839211871723,-0.1415,0.88751,0,2,38.4987,1,0.02564102564102564
2024-12-17,0.00011366186316543416,0.00010334881241276399,7.447995378559329e-05,1.0313050752670168e-05,0.09073448538253416,0.00010334881241276399,0.028642789517689407,0.026043900728016524,0.018768948353969507,0.6537,0.513291,0,1,9.4278,1,0.01282051282051282
2024-12-18,0.0004231723205606681,0.00045030364639741643,0.00048352595797340015,0.0,0.0,0.00045030364639741643,0.10663942478128836,0.11347651889214894,0.12184854140929684,-0.4619,0.644133,0,0,3.2511,0,0.0
2024-12-19,1.679771857633602e-07,1.8603489378781533e-07,2.7231048428902886e-07,0.0,0.0,1.8603489378781533e-07,4.233025081236677e-05,4.6880793234529465e-05,6.862224204083527e-05,-0.7745,0.438625,0,0,3.2758,0,0.0
2024-12-20,8.349549747316107e-05,7.133271000991176e-05,9.212925788471698e-05,1.2162787463249308e-05,0.14566997844990331,7.133271000991176e-05,0.02104086536323659,0.017975842922497764,0.02321657298694868,1.0495,0.293938,0,3,17.5736,1,0.038461538461538464
2024-12-23,5.777769506792459e-05,6.265344411767846e-05,2.2343553540160268e-05,0.0,0.0,6.265344411767846e-05,0.014559979157116997,0.015788667917654972,0.0056305754921203875,-0.608,0.543189,0,0,2.764,0,0.0
2024-12-24,2.7873222796430436e-05,3.0744256219374645e-05,3.1406330938198785e-05,0.0,0.0,3.0744256219374645e-05,0.00702405214470047,0.007747552567282411,0.007914395396426094,-0.7421,0.458017,0,0,2.8081,0,0.0
2024-12-26,3.6946441230009944e-09,3.2888856508138837e-09,4.3218645682829386e-09,4.057584721871107e-10,0.10979370812837368,3.2888856508138837e-09,9.310503189962506e-07,8.287991840050987e-07,1.0891098712073005e-06,0.791,0.428921,0,0,3.058,0,0.0
2024-12-27,0.0022559455626728407,0.002072658060022002,0.0014112966029956858,0.00018328750265083878,0.08124642083669502,0.002072658060022002,0.5684982817935559,0.5223098311255445,0.3556467439549128,0.5854,0.558304,0,2,993.3494,1,0.02564102564102564
2024-12-30,0.0007089081887176363,0.0006778426874544964,0.0005621884828863361,3.106550126313987e-05,0.043821614298903085,0.0006778426874544964,0.17864486355684436,0.1708163572385331,0.1416714976873567,0.3157,0.752211,0,0,2.9813,0,0.0
2024-12-31,6.250517842362108e-05,5.819747750982105e-05,4.8911499164459766e-05,4.307700913800027e-06,0.06891750337368237,5.819747750982105e-05,0.01575130496275251,0.014665764332474905,0.012325697789443861,0.4965,0.619516,0,0,2.6786,0,0.0
