date,rv_5min,bv_5min,rk_5min,jump_var,jump_ratio,cont_var,rv_5min_ann,bv_5min_ann,rk_5min_ann
2015-01-05,3.3280433453678187e-23,3.6542222604284777e-23,2.3454595093822412e-23,0.0,0.0,3.6542222604284777e-23,8.386669230326903e-21,9.208640096279764e-21,5.910557963643248e-21
2015-01-06,6.067035154994681e-08,5.987240521595905e-08,4.374168153589842e-08,7.979463339877588e-10,0.013151945911916287,5.987240521595905e-08,1.5288928590586596e-05,1.5087846114421682e-05,1.1022903747046402e-05
2015-01-07,0.0003983670428893816,0.00038965735696639835,0.00034022112746473243,8.709685922983262e-06,0.02186347002489936,0.00038965735696639835,0.10038849480812416,0.09819365395553238,0.08573572412111258
2015-01-08,0.027776685680877333,0.02588384411744707,0.02870693364230627,0.0018928415634302635,0.06814497543402856,0.02588384411744707,6.999724791581087,6.522728717596661,7.23414727786118
2015-01-09,1.5868075599193763e-06,1.5022673051096553e-06,1.7328915972835274e-06,8.454025480972105e-08,0.053276908724273854,1.5022673051096553e-06,0.00039987550509968284,0.0003785713608876331,0.0004366886825154489
2015-01-12,0.0017791828963593674,0.0015165357553868317,0.0023044934754277084,0.0002626471409725357,0.1476223390874272,0.0015165357553868317,0.4483540898825606,0.3821670103574816,0.5807323558077825
2015-01-13,0.0030100797472862057,0.0024795255004998267,0.004223414667866519,0.000530554246786379,0.1762591994741837,0.0024795255004998267,0.7585400963161238,0.6248404261259564,1.0643004963023628
2015-01-14,4.0260494348869813e-05,4.474801220679795e-05,5.4569514115031646e-05,0.0,0.0,4.474801220679795e-05,0.010145644575915193,0.011276499076113083,0.013751517556987974
2015-01-15,0.002029717498245138,0.0018556536337186265,0.0019749002500110725,0.0001740638645265117,0.08575768036253661,0.0018556536337186265,0.5114888095577749,0.46762471569709385,0.4976748630027903
2015-01-16,5.9813760090318375e-05,5.458549640190102e-05,8.159125898768771e-05,5.228263688417352e-06,0.08740904422516933,5.458549640190102e-05,0.01507306754276023,0.013755545093279057,0.020560997264897303
2015-01-20,0.0006461592660693473,0.0006812607660589156,0.0006207097631718538,0.0,0.0,0.0006812607660589156,0.16283213504947552,0.17167771304684673,0.15641886031930716
2015-01-21,0.00011185065286518442,0.00011877504994144805,6.61351851300972e-05,0.0,0.0,0.00011877504994144805,0.028186364522026473,0.029931312585244906,0.016666066652784493
2015-01-22,8.123119897951678e-05,8.288531164937288e-05,0.00011159474923708058,0.0,0.0,8.288531164937288e-05,0.020470262142838227,0.020887098535641968,0.028121876807744306
2015-01-23,0.0003032487170764267,0.00030895034698749316,0.00027828174115635267,0.0,0.0,0.00030895034698749316,0.07641867670325954,0.07785548744084828,0.07012699877140087
2015-01-26,8.975454059713019e-07,8.400804999993956e-07,8.006060577931666e-07,5.7464905971906295e-08,0.06402443995051067,8.400804999993956e-07,0.00022618144230476808,0.00021170028599984772,0.000201752726563878
2015-01-27,0.0013044797335361577,0.0012854034968210455,0.0013294126337057592,1.907623671511217e-05,0.014623635929380867,0.0012854034968210455,0.32872889285111173,0.32392168119890347,0.3350119836938513
2015-01-28,0.0008334265308365563,0.0007563123450320138,0.001107082492313626,7.711418580454252e-05,0.09252667494831497,0.0007563123450320138,0.2100234857708122,0.19059071094806748,0.27898478806303373
2015-01-29,0.0009146652187952937,0.0008050176454035149,0.0007502060067185684,0.00010964757339177876,0.11987727424064337,0.0008050176454035149,0.230495635136414,0.20286444664168576,0.18905191369307925
2015-01-30,0.03689325519852844,0.039220546043930514,0.05124149636722653,0.0,0.0,0.039220546043930514,9.297100310029165,9.88357760307049,12.912857084541086
2015-02-02,7.97315486735905e-05,6.608663188928526e-05,6.209828934103007e-05,1.3644916784305244e-05,0.17113572782876504,6.608663188928526e-05,0.020092350265744807,0.016653831236099884,0.015648768913939577
2015-02-03,4.6606849032359555e-05,4.296887521067617e-05,6.89324635233611e-05,3.6379738216833866e-06,0.07805663371709327,4.296887521067617e-05,0.011744925956154608,0.010828156553090395,0.017370980807886998
2015-02-04,8.120544496006872e-05,8.305981711750817e-05,9.334908472307559e-05,0.0,0.0,8.305981711750817e-05,0.020463772129937316,0.02093107391361206,0.02352396935021505
2015-02-05,2.4512913154101374e-05,2.4252575161960964e-05,2.5148092615066875e-05,2.6033799214041057e-07,0.010620442371877363,2.4252575161960964e-05,0.006177254114833546,0.006111648940814163,0.006337319338996852
2015-02-06,3.8859005302114435e-05,3.7071388440573636e-05,3.419001173315738e-05,1.7876168615407989e-06,0.046002639584829766,3.7071388440573636e-05,0.009792469336132838,0.009341989887024556,0.008615882956755659
2015-02-09,0.18012778700144638,0.154043870090187,0.14663260504190564,0.026083916911259386,0.14480784639243433,0.154043870090187,45.39220232436449,38.819055262727126,36.951416470560225
2015-02-10,0.0005874414363262456,0.0006241433986899361,0.0005045731150573773,0.0,0.0,0.0006241433986899361,0.1480352419542139,0.1572841364698639,0.12715242499445908
2015-02-11,0.020118560300814697,0.019366828929903716,0.014330293244656931,0.000751731370910981,0.03736506785941213,0.019366828929903716,5.0698771958053035,4.880440890335736,3.6112338976535465
2015-02-12,6.219612000516322e-05,6.431033975071323e-05,7.096989293414282e-05,0.0,0.0,6.431033975071323e-05,0.01567342224130113,0.016206205617179732,0.01788441301940399
2015-02-13,1.3586982775054311e-05,1.322568989337432e-05,1.2811546451602795e-05,3.612928816799906e-07,0.02659110275404347,1.322568989337432e-05,0.0034239196593136866,0.0033328738531303286,0.0032285097058039045
2015-02-17,2.007753265515021e-05,1.8315210927575245e-05,1.9460771006220362e-05,1.7623217275749649e-06,0.08777580741959813,1.8315210927575245e-05,0.005059538229097852,0.004615433153748962,0.004904114293567531
2015-02-18,0.00011914424497554988,0.00011675434848918324,8.899727391161556e-05,2.3898964863666348e-06,0.020058849395522434,0.00011675434848918324,0.03002434973383857,0.02942209581927418,0.02242731302572712
2015-02-19,3.3408000789739853e-06,3.1463627505267743e-06,2.447835332856365e-06,1.9443732844721104e-07,0.0582008098808822,3.1463627505267743e-06,0.0008418816199014442,0.0007928834131327471,0.000616854503879804
2015-02-20,2.030772324313843e-05,2.1576779251735135e-05,1.9036516243805393e-05,0.0,0.0,2.1576779251735135e-05,0.005117546257270885,0.005437348371437254,0.004797202093438959
2015-02-23,0.02156849459498254,0.02151537042297257,0.023383361198082063,5.312417200997038e-05,0.0024630449646618163,0.02151537042297257,5.4352606379356,5.421873346589088,5.89260702191668
2015-02-24,8.318173940821286e-06,7.4489082335101845e-06,1.074732960307179e-05,8.692657073111013e-07,0.10450197471144738,7.4489082335101845e-06,0.002096179833086964,0.0018771248748445666,0.002708327059974091
2015-02-25,0.0003573883463059694,0.00033817896174339647,0.0005168985742066552,1.9209384562572933e-05,0.05374933096553169,0.00033817896174339647,0.09006186326910429,0.08522109835933592,0.1302584407000771
2015-02-26,0.0009653633468001634,0.000842172764954401,0.0005003660774326749,0.00012319058184576234,0.1276105853060247,0.000842172764954401,0.24327156339364117,0.21222753676850906,0.12609225151303408
2015-02-27,0.0002576379141606582,0.000233163874370547,0.00033446303285170504,2.4474039790111198e-05,0.09499393664496021,0.000233163874370547,0.06492475436848587,0.05875729634137785,0.08428468427862967
2015-03-02,2.1344702013222423e-05,2.0564732637163364e-05,1.33441420940203e-05,7.799693760590586e-07,0.03654158952578962,2.0564732637163364e-05,0.00537886490733205,0.0051823126245651675,0.0033627238076931153
2015-03-03,1.4934794355356811e-05,1.57799252811862e-05,9.917140272623354e-06,0.0,0.0,1.57799252811862e-05,0.0037635681775499163,0.003976541170858923,0.002499119348701085
2015-03-04,3.259234490748054e-05,3.137779929770174e-05,3.040474079660442e-05,1.214545609778805e-06,0.03726474962024886,3.137779929770174e-05,0.008213270916685096,0.007907205423020838,0.007661994680744314
2015-03-05,7.31756642980913e-05,6.380317396981802e-05,9.625740213597991e-05,9.372490328273282e-06,0.128082065124972,6.380317396981802e-05,0.018440267403119007,0.01607839984039414,0.024256865338266938
2015-03-06,5.131146841852979e-06,5.15004996323549e-06,4.577433767981358e-06,0.0,0.0,5.15004996323549e-06,0.0012930490041469507,0.0012978125907353436,0.0011535133095313022
2015-03-09,2.5488578845377982e-05,2.6172943370819754e-05,1.5933710536139167e-05,0.0,0.0,2.6172943370819754e-05,0.006423121869035251,0.006595581729446578,0.00401529505510707
2015-03-10,0.00010321501070239117,9.672955053105353e-05,0.00010529710927662898,6.485460171337643e-06,0.06283446626967146,9.672955053105353e-05,0.026010182697002573,0.02437584673382549,0.026534871537710503
2015-03-11,9.924104658189959e-05,9.870786024057302e-05,0.00010434054821708476,5.331863413265682e-07,0.005372639188301104,9.870786024057302e-05,0.025008743738638695,0.0248743807806244,0.026293818150705358
2015-03-12,0.0002530877638046944,0.00027515368535308357,0.0003315491431937245,0.0,0.0,0.00027515368535308357,0.06377811647878298,0.06933872870897706,0.08355038408481857
2015-03-13,3.3074785584474014e-05,2.749386226812061e-05,3.5939565804117306e-05,5.580923316353405e-06,0.16873648759908264,2.749386226812061e-05,0.008334845967287452,0.006928453291566394,0.009056770582637562
2015-03-16,8.664730656053992e-05,8.248540567487402e-05,0.00012633354151240982,4.161900885665901e-06,0.04803266255859143,8.248540567487402e-05,0.02183512125325606,0.020786322230068252,0.03183605246112727
2015-03-17,0.00010605012644237846,0.00011288532262598756,0.00012220942677447646,0.0,0.0,0.00011288532262598756,0.026724631863479374,0.028447101301748864,0.030796775547168066
2015-03-18,0.012490664262334104,0.012394848917042916,0.013142315415843276,9.581534529118883e-05,0.007670956745867498,0.012394848917042916,3.147647394108194,3.123501927094815,3.3118634847925055
2015-03-19,0.00011377629318675043,0.00012055850581892888,9.720642988771602e-05,0.0,0.0,0.00012055850581892888,0.02867162588306111,0.030380743466370076,0.024496020331704435
2015-03-20,0.006070326576131959,0.006833647530330756,0.004780569535742315,0.0,0.0,0.006833647530330756,1.5297222971852538,1.7220791776433504,1.2047035230070635
2015-03-23,8.532718644302189e-05,8.961968390323943e-05,9.53679497154739e-05,0.0,0.0,8.961968390323943e-05,0.021502450983641515,0.022584160343616336,0.024032723328299425
2015-03-24,3.158074935024441e-06,3.115267355142257e-06,4.0810117385386126e-06,4.2807579882183865e-08,0.013554955853793483,3.115267355142257e-06,0.000795834883626159,0.0007850473734958487,0.0010284149581117304
2015-03-25,0.0005891312569449407,0.0004767682946687177,0.0004873203285184969,0.00011236296227622303,0.19072653294306155,0.0004767682946687177,0.14846107675012504,0.12014561025651685,0.12280472278666121
2015-03-26,8.455506381193056e-05,8.475362224191078e-05,0.0001029060883006145,0.0,0.0,8.475362224191078e-05,0.0213078760806065,0.021357912804961517,0.02593233425175485
2015-03-27,0.002737285451533909,0.0031416159458156246,0.0014698920535163784,0.0,0.0,0.0031416159458156246,0.6897959337865451,0.7916872183455373,0.3704127974861274
2015-03-30,0.0002482892471895887,0.0002455607768410516,0.00036402933244487657,2.728470348537101e-06,0.010989079746432257,0.0002455607768410516,0.06256889029177636,0.061881315763945,0.0917353917761089
2015-03-31,0.00011758139628354398,0.00012347610895530633,0.00012691432712109274,0.0,0.0,0.00012347610895530633,0.029630511863453085,0.031115979456737195,0.03198241043451537
2015-04-01,7.51610163588093e-06,7.96391061329985e-06,6.445215223873512e-06,0.0,0.0,7.96391061329985e-06,0.0018940576122419945,0.002006905474551562,0.001624194236416125
2015-04-02,0.00022934566241377048,0.00020007398624350315,0.00022655371717444122,2.927167617026733e-05,0.12763126075533107,0.00020007398624350315,0.05779510692827016,0.05041864453336279,0.05709153672795919
2015-04-06,0.0007483047141290228,0.0006838952357615617,0.0006639743391726644,6.440947836746118e-05,0.08607386411611169,0.0006838952357615617,0.18857278796051374,0.17234159941191354,0.1673215334715114
2015-04-07,5.477633604203364e-05,4.8429666360563754e-05,3.7331182750713914e-05,6.346669681469888e-06,0.11586517142611513,4.8429666360563754e-05,0.013803636682592478,0.012204275922862065,0.009407458053179905
2015-04-08,0.0006117198755324438,0.0006190134147006948,0.0005277340973549086,0.0,0.0,0.0006190134147006948,0.15415340863417584,0.1559913805045751,0.13298899253343696
2015-04-09,0.0002328220182274341,0.0001924828018068258,0.00023045257276490635,4.033921642060829e-05,0.1732620331808161,0.0001924828018068258,0.05867114859331339,0.0485056660553201,0.058074048336756404
2015-04-10,9.178707443331357e-06,9.513102732379754e-06,8.648920512568333e-06,0.0,0.0,9.513102732379754e-06,0.002313034275719502,0.002397301888559698,0.00217952796916722
2015-04-13,2.0132946990146327e-06,1.9503605798547666e-06,2.76369923430625e-06,6.29341191598661e-08,0.031259252771795,1.9503605798547666e-06,0.0005073502641516874,0.0004914908661234012,0.000696452207045175
2015-04-14,2.0771929180212612e-05,1.861006422396674e-05,1.6923030133115848e-05,2.1618649562458707e-06,0.1040762672264934,1.861006422396674e-05,0.0052345261534135785,0.004689736184439619,0.0042646035935451935
2015-04-15,0.00010290010139032132,9.955731471551756e-05,0.00011113823946057397,3.342786674803759e-06,0.03248574682777165,9.955731471551756e-05,0.025930825550360973,0.025088443308310424,0.02800683634406464
2015-04-16,1.4297932344178672e-05,1.3805407882510986e-05,1.1581851446823747e-05,4.925244616676861e-07,0.03444724841077923,1.3805407882510986e-05,0.0036030789507330253,0.0034789627863927686,0.0029186265645995842
2015-04-17,0.012098150575335346,0.011189504281788805,0.01870307082220259,0.0009086462935465403,0.07510621460803298,0.011189504281788805,3.048733944984507,2.819755079010779,4.713173847195052
2015-04-20,0.0002464845871503965,0.0002514583141287406,0.00028241821966185895,0.0,0.0,0.0002514583141287406,0.06211411596189992,0.06336749516044263,0.07116939135478846
2015-04-21,1.215701864903578e-05,1.287365041990607e-05,9.176357842464465e-06,0.0,0.0,1.287365041990607e-05,0.0030635686995570165,0.00324415990581633,0.002312442176301045
2015-04-22,0.0002688290204652723,0.00028518305615337004,0.00028480880495790784,0.0,0.0,0.00028518305615337004,0.06774491315724862,0.07186613015064924,0.07177181884939278
2015-04-23,5.328760777256827e-05,5.1499860543462595e-05,7.964302011694194e-05,1.7877472291056732e-06,0.03354902331489081,5.1499860543462595e-05,0.013428477158687203,0.012977964856952575,0.020070041069469368
2015-04-24,4.029508948831513e-05,3.3383475354194845e-05,5.229073085500732e-05,6.911614134120283e-06,0.17152496868382835,3.3383475354194845e-05,0.010154362551055411,0.0084126357892571,0.013177264175461846
2015-04-27,0.001847763832850003,0.0016667977551076212,0.0016436732871050086,0.00018096607774238183,0.097937882767908,0.0016667977551076212,0.4656364858782008,0.4200330342871205,0.4142056683504622
2015-04-28,0.00011687689120200752,0.00010771021285158251,0.00011725471973545339,9.166678350425013e-06,0.07843020273487014,0.00010771021285158251,0.029452976582905896,0.027142973638598793,0.029548189373334255
2015-04-29,0.00026852553915877875,0.0002801454687767143,0.00038140570370391136,0.0,0.0,0.0002801454687767143,0.06766843586801224,0.070596658131732,0.09611423733338566
2015-04-30,0.004011466469977653,0.0036330269974470058,0.0037485807233043453,0.00037843947253064737,0.09433943303991173,0.0036330269974470058,1.0108895504343687,0.9155228033566455,0.9446423422726951
2015-05-01,0.010097888769039007,0.0078819745640527,0.010099418267480977,0.002215914204986307,0.21944331686055468,0.0078819745640527,2.5446679697978296,1.9862575901412804,2.5450534034052064
2015-05-04,2.1020170498486933e-05,2.2820514516210638e-05,1.6945294980522743e-05,0.0,0.0,2.2820514516210638e-05,0.005297082965618707,0.0057507696580850805,0.004270214335091731
2015-05-05,0.0005654600252809171,0.0004852063425365945,0.0006130910926147666,8.025368274432258e-05,0.14192635909590015,0.0004852063425365945,0.1424959263707911,0.12227199831922181,0.1544989553389212
2015-05-06,0.00017758266961399546,0.00018049705579684512,0.00011466413891193049,0.0,0.0,0.00018049705579684512,0.044750832742726857,0.04548525806080497,0.028895363005806484
2015-05-07,0.0002969548380709162,0.00027668358563193743,0.00023619718950299216,2.0271252438978774e-05,0.06826375519726004,0.00027668358563193743,0.07483261919387088,0.06972426357924823,0.059521691754754025
2015-05-08,0.00010337847692920355,9.244551038748331e-05,0.00012218898217096033,1.0932966541720246e-05,0.10575669869319845,9.244551038748331e-05,0.026051376186159294,0.023296268617645794,0.030791623507082002
2015-05-11,0.00011470890346871821,0.00011801594808613933,0.00014824754661935647,0.0,0.0,0.00011801594808613933,0.02890664367411699,0.02974001891770711,0.03735838174807783
2015-05-12,3.819104535222899e-06,3.954794623141521e-06,4.558021541760276e-06,0.0,0.0,3.954794623141521e-06,0.0009624143428761705,0.0009966082450316633,0.0011486214285235895
2015-05-13,6.048364013793972e-07,5.55794583704902e-07,6.214432451562235e-07,4.904181767449524e-08,0.08108264727454034,5.55794583704902e-07,0.00015241877314760809,0.0001400602350936353,0.00015660369777936833
2015-05-14,0.0002927896490318887,0.00033713409991816185,0.0003673060779902664,0.0,0.0,0.00033713409991816185,0.07378299155603595,0.08495779317937678,0.09256113165354714
2015-05-15,1.2916638128483112e-06,1.4278010731017188e-06,8.120679354096673e-07,0.0,0.0,1.4278010731017188e-06,0.0003254992808377744,0.00035980587042163314,0.00020464111972323616
2015-05-18,0.0005252730707113489,0.0005506723841729698,0.0006556438669864409,0.0,0.0,0.0005506723841729698,0.13236881381925994,0.13876944081158837,0.16522225448058311
2015-05-19,2.745894341387639e-07,2.8539561453449153e-07,4.554927001488273e-07,0.0,0.0,2.8539561453449153e-07,6.91965374029685e-05,7.191969486269187e-05,0.00011478416043750449
2015-05-20,4.197511283417428e-09,3.6658522839729794e-09,5.485243951514834e-09,5.316589994444484e-10,0.12663036099112213,3.6658522839729794e-09,1.057772843421192e-06,9.237947755611908e-07,1.3822814757817383e-06
2015-05-21,0.0007761390756127274,0.0007492420139530785,0.0005205570965709394,2.689706165964886e-05,0.03465495098769492,0.0007492420139530785,0.1955870470544073,0.18880898751617578,0.13118038833587675
2015-05-22,0.00027735102663178115,0.00029699790695434476,0.0002929199806035272,0.0,0.0,0.00029699790695434476,0.06989245871120885,0.07484347255249488,0.07381583511208885
2015-05-26,0.0019553432295231214,0.002228345220395214,0.0009984960417435433,0.0,0.0,0.002228345220395214,0.4927464938398266,0.5615429955395939,0.2516210025193729
2015-05-27,0.00039101293093381885,0.0003741781095209242,0.00027536762132595384,1.6834821412894648e-05,0.043054385259421644,0.0003741781095209242,0.09853525859532235,0.0942928835992729,0.06939264057414037
2015-05-28,3.531244469711733e-05,3.8841368242613705e-05,5.801656720519672e-05,0.0,0.0,3.8841368242613705e-05,0.008898736063673567,0.009788024797138653,0.014620174935709574
2015-05-29,0.00012709354791444783,0.00013785530887109535,0.00010675892761719288,0.0,0.0,0.00013785530887109535,0.03202757407444085,0.03473953783551603,0.026903249759532608
2015-06-01,1.5450652890168579e-06,1.394302342687312e-06,2.8771720599746466e-06,1.5076294632954595e-07,0.09757700844374646,1.394302342687312e-06,0.0003893564528322482,0.0003513641903572026,0.000725047359113611
2015-06-02,2.9261910355387834e-05,2.4473212573728156e-05,2.7373672542591158e-05,4.7886977816596785e-06,0.16364952116424078,2.4473212573728156e-05,0.007374001409557734,0.006167249568579496,0.006898165480732972
2015-06-03,9.721916248839635e-06,9.654570153002753e-06,1.1075619988186685e-05,6.734609583688147e-08,0.006927244298949326,9.654570153002753e-06,0.0024499228947075877,0.002432951678556694,0.0027910562370230445
2015-06-04,0.00018577555928277008,0.00016386549646390917,0.00021237175666323802,2.191006281886091e-05,0.11793834875540934,0.00016386549646390917,0.04681544093925806,0.04129410510890511,0.05351768267913598
2015-06-05,0.0001679975818316445,0.00016151195931018446,9.653351364449638e-05,6.48562252146003e-06,0.03860545141271152,0.00016151195931018446,0.04233539062157441,0.040701013746166484,0.02432644543841309
2015-06-08,0.0005440396924703324,0.0004971353037441458,0.0006207203210529303,4.690438872618661e-05,0.08621501204625688,0.0004971353037441458,0.13709800250252377,0.12527809654352476,0.15642152090533842
2015-06-09,7.389883671724225e-06,7.364164444804327e-06,7.836651106362022e-06,2.5719226919897785e-08,0.003480328592719014,7.364164444804327e-06,0.0018622506852745046,0.0018557694400906904,0.0019748360788032293
2015-06-10,8.439489866400337e-05,8.18850387390296e-05,7.22917786688718e-05,2.5098599249737705e-06,0.02973947400809923,8.18850387390296e-05,0.02126751446332885,0.020635029762235458,0.018217528224555694
2015-06-11,2.0357978413275158e-05,1.9778515732467792e-05,1.2383733093885798e-05,5.794626808073658e-07,0.028463663757784637,1.9778515732467792e-05,0.0051302105601453395,0.0049841859645818835,0.003120700739659221
2015-06-12,0.006701418234827493,0.007330787800802526,0.006981445538177386,0.0,0.0,0.007330787800802526,1.6887573951765282,1.8473585258022365,1.7593242756207013
2015-06-15,7.972451049519745e-06,7.541483503929102e-06,8.054362527259578e-06,4.3096754559064295e-07,0.05405708844829041,7.541483503929102e-06,0.0020090576644789756,0.0019004538429901337,0.0020296993568694136
2015-06-16,0.0002343968549743367,0.0002522891638040715,0.00015936446904017825,0.0,0.0,0.0002522891638040715,0.05906800745353285,0.06357686927862602,0.04015984619812492
2015-06-17,2.6394484106080927e-06,2.6345660554072343e-06,3.316165907738156e-06,4.8823552008583994e-09,0.0018497627502296293,2.6345660554072343e-06,0.0006651409994732394,0.000663910645962623,0.0008356738087500153
2015-06-18,1.0989207185160085e-05,1.0118154779129809e-05,1.1639190120481261e-05,8.710524060302759e-07,0.07926434656197998,1.0118154779129809e-05,0.0027692802106603414,0.002549775004340712,0.002933075910361278
2015-06-19,8.694026867232816e-05,9.440160167828637e-05,0.00015645038407452902,0.0,0.0,9.440160167828637e-05,0.021908947705426698,0.023789203622928166,0.03942549678678131
2015-06-22,8.354063212716748e-05,7.151413330312461e-05,0.00010706914106361657,1.2026498824042873e-05,0.1439598716679087,7.151413330312461e-05,0.021052239296046205,0.0180215615923874,0.026981423548031375
2015-06-23,0.00019543870146120873,0.00021183599785454813,0.0001928397753361408,0.0,0.0,0.00021183599785454813,0.0492505527682246,0.05338267145934613,0.04859562338470748
2015-06-24,7.778320685338307e-05,6.799351129268698e-05,5.243583640621434e-05,9.789695560696087e-06,0.1258587274923028,6.799351129268698e-05,0.019601368127052533,0.01713436484575712,0.013213830774366013
2015-06-25,0.000122186155471978,0.00014016442173541663,0.0001385802560377358,0.0,0.0,0.00014016442173541663,0.030790911178938455,0.03532143427732499,0.03492222452150942
2015-06-26,0.00042236424125594946,0.0004602908826656637,0.0004285255688468551,0.0,0.0,0.0004602908826656637,0.10643578879649926,0.11599330243174724,0.10798844334940749
2015-06-29,0.0007140985241350528,0.0006898340838675616,0.0007815331288661916,2.4264440267491162e-05,0.03397912110643582,0.0006898340838675616,0.1799528280820333,0.17383818913462554,0.1969463484742803
2015-06-30,0.0012836027994857753,0.0014284725881811562,0.0011087247860351664,0.0,0.0,0.0014284725881811562,0.3234679054704154,0.35997509222165136,0.2793986460808619
2015-07-01,0.0014228286152026747,0.0013133394985993087,0.0008518806819039566,0.00010948911660336601,0.07695172514563049,0.0013133394985993087,0.358552811031074,0.3309615536470258,0.21467393183979708
2015-07-02,1.1022243960731366e-06,1.0824692720107918e-06,8.402865168082912e-07,1.975512406234486e-08,0.017922944011928787,1.0824692720107918e-06,0.0002777605478104304,0.00027278225654671953,0.00021175220223568938
2015-07-06,2.0192174067214333e-05,1.9797615788287244e-05,1.740817251104358e-05,3.9455827892708863e-07,0.019540157393332317,1.9797615788287244e-05,0.005088427864938012,0.004988999178648385,0.004386859472782982
2015-07-07,3.41386387544431e-06,3.5332240108626683e-06,3.2659358364303985e-06,0.0,0.0,3.5332240108626683e-06,0.0008602936966119661,0.0008903724507373925,0.0008230158307804605
2015-07-08,0.0017101578167490977,0.0016554193547866974,0.001267810200752672,5.473846196240033e-05,0.03200784243085054,0.0016554193547866974,0.4309597698207726,0.41716567740624777,0.3194881705896733
2015-07-09,0.00012013569448676476,0.00011083402130398135,0.00013360815819329832,9.3016731827834e-06,0.07742638975947126,0.00011083402130398135,0.03027419501066472,0.0279301733686033,0.03366925586471117
2015-07-10,0.00039112895049324653,0.00037100089166116685,0.0005239768839896237,2.0128058832079678e-05,0.0514614393929037,0.00037100089166116685,0.09856449552429812,0.09349222469861404,0.13204217476538516
2015-07-13,0.00016076769560055242,0.00015860481030087535,0.00020352615936885626,2.16288529967707e-06,0.013453481920880106,0.00015860481030087535,0.04051345929133921,0.03996841219582059,0.05128859216095178
2015-07-14,5.908890016680558e-08,5.4251613255689595e-08,6.917497056563424e-08,4.837286911115983e-09,0.08186317623588378,5.4251613255689595e-08,1.4890402842035005e-05,1.3671406540433777e-05,1.743209258253983e-05
2015-07-15,8.772778066810955e-05,9.628701731636658e-05,7.357584717477021e-05,0.0,0.0,9.628701731636658e-05,0.02210740072836361,0.02426432836372438,0.01854111348804209
2015-07-16,0.34578623637418865,0.35821361660936635,0.23287496087680848,0.0,0.0,0.35821361660936635,87.13813156629554,90.26983138556032,58.68449014095574
2015-07-17,0.0006436118998575497,0.0006975161234106908,0.0009933964337861616,0.0,0.0,0.0006975161234106908,0.1621901987641025,0.17577406309949406,0.2503359013141127
2015-07-20,1.742910116990711,1.89846278795357,1.4212443108932236,0.0,0.0,1.89846278795357,439.2133494816592,478.4126225642996,358.1535663450923
2015-07-21,0.0018551793995953325,0.0017757414836693081,0.001874128425503735,7.943791592602439e-05,0.0428195331947587,0.0017757414836693081,0.4675052086980238,0.44748685388466564,0.4722803632269412
2015-07-22,0.004796079566144089,0.003964776193408801,0.003130561328724511,0.0008313033727352882,0.17332977093003119,0.003964776193408801,1.2086120506683105,0.9991236007390178,0.7889014548385768
2015-07-23,8.621641966010093e-07,8.679857630042025e-07,6.860104805419038e-07,0.0,0.0,8.679857630042025e-07,0.00021726537754345433,0.00021873241227705903,0.00017287464109655976
2015-07-24,4.3212254688674345e-05,4.323356727748144e-05,3.444760465140747e-05,0.0,0.0,4.323356727748144e-05,0.010889488181545936,0.010894858953925324,0.008680796372154683
2015-07-27,0.00014898662836276193,0.00015361676013433937,0.00010664395856681176,0.0,0.0,0.00015361676013433937,0.03754463034741601,0.03871142355385352,0.026874277558836562
2015-07-28,1.8206171950115616e-05,1.447827472646666e-05,2.051588522547638e-05,3.727897223648957e-06,0.2047600686790841,1.447827472646666e-05,0.004587955331429135,0.003648525231069598,0.005170003076820048
2015-07-29,8.580465407642557e-05,7.258859429477866e-05,6.421534507682652e-05,1.3216059781646908e-05,0.15402497416807354,7.258859429477866e-05,0.021622772827259242,0.018292325762284223,0.016182266959360283
2015-07-30,0.00016373975118172095,0.0001885362340223545,0.00014395193024390967,0.0,0.0,0.0001885362340223545,0.04126241729779368,0.04751113097363333,0.03627588642146524
2015-07-31,0.0012210866469578978,0.0012047438497987666,0.0007290074436259184,1.634279715913116e-05,0.013383814479064428,0.0012047438497987666,0.3077138350333902,0.3035954501492892,0.18370987579373144
2015-08-03,1.9055974485392335,1.68812622275975,1.3623524929313953,0.21747122577948352,0.11412233257662864,1.68812622275975,480.2105570318868,425.407808135457,343.3128282187116
2015-08-04,0.004452314457349089,0.0044749755375469245,0.006103998506339225,0.0,0.0,0.0044749755375469245,1.1219832432519703,1.127693835461825,1.5382076235974846
2015-08-05,2.9604715900111632e-05,3.276421682382864e-05,1.90980446386379e-05,0.0,0.0,3.276421682382864e-05,0.007460388406828131,0.008256582639604817,0.004812707248936751
2015-08-06,3.643231670651032e-06,3.6778113144846806e-06,2.562855401227123e-06,0.0,0.0,3.6778113144846806e-06,0.0009180943810040601,0.0009268084512501396,0.000645839561109235
2015-08-07,6.809600484363417e-06,6.276342215206401e-06,6.947246406885303e-06,5.332582691570168e-07,0.07830976164780183,6.276342215206401e-06,0.001716019322059581,0.001581638238232013,0.0017507060945350964
2015-08-10,0.002229390796647069,0.002104006156591759,0.0015353921703658647,0.00012538464005531005,0.05624166036194408,0.002104006156591759,0.5618064807550613,0.5302095514611233,0.38691882693219787
2015-08-11,0.1684441649595904,0.13427265786150952,0.24625677824626946,0.03417150709808087,0.20286548427531292,0.13427265786150952,42.44792956981678,33.836709781100396,62.0567081180599
2015-08-12,8.73278167753213e-05,8.931893699759713e-05,9.336722048542526e-05,0.0,0.0,8.931893699759713e-05,0.02200660982738097,0.022508372123394477,0.023528539562327165
2015-08-13,0.0015564817391568227,0.0016106625702214177,0.0008282085125746077,0.0,0.0,0.0016106625702214177,0.39223339826751935,0.40588696769579724,0.20870854516880116
2015-08-14,7.987680900553092e-05,8.609253264764653e-05,5.360389326030989e-05,0.0,0.0,8.609253264764653e-05,0.020128955869393794,0.021695318227206925,0.013508181101598092
2015-08-17,0.00032655406080290677,0.0002695097783763465,0.0004278189500207225,5.704428242656029e-05,0.17468557001440588,0.0002695097783763465,0.0822916233223325,0.06791646415083931,0.10781037540522208
2015-08-18,0.0004540670999635251,0.00046324154830785586,0.00045168210522502625,0.0,0.0,0.00046324154830785586,0.11442490919080832,0.11673687017357967,0.11382389051670662
2015-08-19,0.00014470885939316927,0.00013847677387938558,0.00012242782403875936,6.232085513783694e-06,0.043066371311689694,0.00013847677387938558,0.036466632567078654,0.03489614701760516,0.030851811657767358
2015-08-20,0.0001501637944760772,0.00015749511126204654,0.00027622086023825686,0.0,0.0,0.00015749511126204654,0.03784127620797145,0.03968876803803573,0.06960765678004073
2015-08-21,0.01406580590674468,0.01443392371311287,0.01143973111791231,0.0,0.0,0.01443392371311287,3.5445830884996594,3.637348775704443,2.882812241713902
2015-08-24,0.0005915785668028175,0.0005915368540132104,0.00041528580819763007,4.1712789607063934e-08,7.05109885268316e-05,0.0005915368540132104,0.14907779883431002,0.14906728721132903,0.10465202366580277
2015-08-25,0.0010994555612727339,0.0010137744020858915,0.0007690509151085587,8.56811591868423e-05,0.07793053409973837,0.0010137744020858915,0.2770628014407289,0.2554711493256447,0.19380083060735678
2015-08-26,0.015967511844892864,0.0159623907600471,0.014719054834688751,5.121084845762652e-06,0.00032071902593138764,0.0159623907600471,4.023812984913002,4.02252247153187,3.7092018183415654
2015-08-27,0.0016639122728224595,0.0017607578054750841,0.001842876360155266,0.0,0.0,0.0017607578054750841,0.4193058927512598,0.44371096697972123,0.4644048427591271
2015-08-28,0.0012302945957365862,0.0012758753281084364,0.0008134448854230964,0.0,0.0,0.0012758753281084364,0.3100342381256197,0.32152058268332595,0.20498811112662027
2015-08-31,0.20095892152733558,0.22466827142397494,0.13181914149933102,0.0,0.0,0.22466827142397494,50.64164822488856,56.61640439884169,33.218423657831416
2015-09-01,0.0028553396981937235,0.0027053684693192116,0.0033710489026377187,0.00014997122887451184,0.052523077697851486,0.0027053684693192116,0.7195456039448183,0.6817528542684413,0.8495043234647051
2015-09-02,0.0016688512430578569,0.0018088779815492056,0.0009466699829039968,0.0,0.0,0.0018088779815492056,0.42055051325057996,0.4558372513503998,0.2385608356918072
2015-09-03,0.00015482095184892144,0.00016456936794612478,0.00012658738662696688,0.0,0.0,0.00016456936794612478,0.039014879865928206,0.041471480722423446,0.03190002142999565
2015-09-04,7.146728431716103e-05,6.503084492646016e-05,9.381084351778684e-05,6.4364393907008705e-06,0.0900613387249414,6.503084492646016e-05,0.018009755647924577,0.01638777292146796,0.023640332566482285
2015-09-08,0.001757078442909446,0.0017356450650225417,0.002262033865551675,2.1433377886904232e-05,0.012198304498697065,0.0017356450650225417,0.4427837676131804,0.4373825563856805,0.5700325341190221
2015-09-09,0.0015357976414324425,0.001585497427578316,0.0014408040102955896,0.0,0.0,0.001585497427578316,0.3870210056409755,0.39954535174973566,0.3630826105944886
2015-09-10,6.986411441088191e-05,5.618149202684778e-05,8.43680420577604e-05,1.368262238403413e-05,0.19584621237332592,5.618149202684778e-05,0.01760575683154224,0.01415773599076564,0.02126074659855562
2015-09-11,0.0005734207573296337,0.0005742409150392399,0.000520560190174881,0.0,0.0,0.0005742409150392399,0.1445020308470677,0.14470871058988843,0.13118116792407003
2015-09-14,0.0005952850235438835,0.0006159044899559124,0.00036756338065532806,0.0,0.0,0.0006159044899559124,0.15001182593305865,0.15520793146888995,0.09262597192514267
2015-09-15,0.003563094672317635,0.003659723851205948,0.00425679316920103,0.0,0.0,0.003659723851205948,0.897899857424044,0.9222504105038989,1.0727118786386596
2015-09-16,0.001016710287149437,0.0008853437674756006,0.0007097744254599108,0.00013136651967383635,0.12920742634850568,0.0008853437674756006,0.2562109923616581,0.22310662940385134,0.17886315521589752
2015-09-17,0.0010019954765806932,0.0009541546919544198,0.001053407561679792,4.784078462627341e-05,0.04774550953242269,0.0009541546919544198,0.25250286009833467,0.24044698237251377,0.2654587055433076
2015-09-18,2.4775049814872702e-05,2.285866213041732e-05,2.1970863261072077e-05,1.9163876844553833e-06,0.07735151377792361,2.285866213041732e-05,0.006243312553347921,0.005760382856865164,0.0055366575417901635
2015-09-21,0.00020601789784317732,0.00019631195550343629,0.0002096501400664588,9.705942339741032e-06,0.04711213149071714,0.00019631195550343629,0.05191651025648068,0.049470612786865945,0.05283183529674762
2015-09-22,0.0005324751866692838,0.000496842092147605,0.000472885631690447,3.563309452167876e-05,0.06691972761707388,0.000496842092147605,0.13418374704065952,0.12520420722119646,0.11916717918599265
2015-09-23,5.179990678943702e-05,5.295277805759175e-05,9.763096817788865e-05,0.0,0.0,5.295277805759175e-05,0.01305357651093813,0.01334410007051312,0.024603003980827938
2015-09-24,2.2329243028152533e-05,1.713418745727689e-05,1.766062070882871e-05,5.195055570875643e-06,0.2326570287971128,1.713418745727689e-05,0.005626969243094439,0.004317815239233776,0.0044504764186248345
2015-09-25,2.6783460055504567e-05,2.785905487278457e-05,1.697060221002896e-05,0.0,0.0,2.785905487278457e-05,0.006749431933987151,0.007020481827941712,0.004276591756927298
2015-09-28,0.0002492338399315125,0.000242047641017716,0.00024122187631221578,7.186198913796494e-06,0.028833158799535595,0.000242047641017716,0.06280692766274115,0.06099600553646443,0.06078791283067838
2015-09-29,0.02299121067267286,0.02596899584002403,0.03152138780200649,0.0,0.0,0.02596899584002403,5.793785089513561,6.544186951686056,7.943389726105635
2015-09-30,8.595733214942658e-05,7.570270718395495e-05,8.083858387835451e-05,1.0254624965471627e-05,0.11929901254201529,7.570270718395495e-05,0.0216612477016555,0.019077082210356647,0.020371323137345337
2015-10-01,2.4372764794141096e-05,2.1754221878219464e-05,2.3366516366055955e-05,2.6185429159216323e-06,0.10743724934783959,2.1754221878219464e-05,0.006141936728123556,0.005482063913311305,0.005888362124246101
2015-10-02,0.00015602916088462517,0.0001607829113086778,0.00017025192534636646,0.0,0.0,0.0001607829113086778,0.03931934854292554,0.040517293649786804,0.042903485187284346
2015-10-05,3.7968029572384756e-05,3.303368207668432e-05,3.48129042167184e-05,4.934347495700438e-06,0.12996058582215037,3.303368207668432e-05,0.009567943452240959,0.008324487883324449,0.008772851862613036
2015-10-06,2.947763910423649e-05,2.8018891106095538e-05,2.6545293340725558e-05,1.4587479981409539e-06,0.049486593668375246,2.8018891106095538e-05,0.007428365054267596,0.007060760558736076,0.00668941392186284
2015-10-07,2.0640442839447e-05,2.003146842727311e-05,2.163367416033371e-05,6.089744121738886e-07,0.029503939784959795,2.003146842727311e-05,0.005201391595540644,0.005047930043672824,0.005451685888404095
2015-10-08,0.00017190696360797972,0.00017221013530913798,0.0002162638043267177,0.0,0.0,0.00017221013530913798,0.04332055482921089,0.04339695409790277,0.05449847869033286
2015-10-09,0.0037118466375515515,0.003376176056481351,0.0025317635156487193,0.00033567058107020036,0.09043223326737088,0.003376176056481351,0.9353853526629909,0.8507963662333005,0.6380044059434773
2015-10-12,9.178637925273662e-06,8.219483046004524e-06,1.075743275375143e-05,9.591548792691375e-07,0.1044985958242758,8.219483046004524e-06,0.0023130167571689627,0.00207130972759314,0.0027108730539453603
2015-10-13,1.2755872546243302e-05,1.2954722467447377e-05,8.841646759155333e-06,0.0,0.0,1.2954722467447377e-05,0.003214479881653312,0.003264590061796739,0.002228094983307144
2015-10-14,68.30102798411765,55.9147151364386,35.784873334708436,12.38631284767905,0.1813488495452677,55.9147151364386,17211.85905199765,14090.508214382528,9017.788080346527
2015-10-15,4.376855797426551e-05,4.717002691788305e-05,3.8635077174570674e-05,0.0,0.0,4.717002691788305e-05,0.01102967660951491,0.011886846783306529,0.00973603944799181
2015-10-16,0.000202576107231061,0.00022828306387477485,0.00017456849397125247,0.0,0.0,0.00022828306387477485,0.05104917902222737,0.057527332096443264,0.04399126048075562
2015-10-19,2.5441333799378152e-05,2.6002903873280614e-05,3.070665776299172e-05,0.0,0.0,2.6002903873280614e-05,0.006411216117443295,0.006552731776066714,0.007738077756273913
2015-10-20,0.000601753751329416,0.0005943605730062687,0.0002990062763140362,7.393178323147334e-06,0.012286052715962312,0.0005943605730062687,0.15164194533501282,0.1497788643975797,0.07534958163113713
2015-10-21,4.313220570933365e-09,3.121624771964506e-09,3.3813955419187988e-09,1.1915957989688588e-09,0.27620187224480774,3.121624771964506e-09,1.086931583875208e-06,7.866494425350556e-07,8.521116765635373e-07
2015-10-22,0.0005666240558854931,0.0006396778028321107,0.0006319691761457206,0.0,0.0,0.0006396778028321107,0.14278926208314427,0.1611988063136919,0.1592562323887216
2015-10-23,0.00044688776369272677,0.00039243317167987493,0.0005402142062916135,5.445459201285183e-05,0.12185294902914601,0.00039243317167987493,0.11261571645056714,0.09889315926332848,0.1361339799854866
2015-10-26,0.005945940620444189,0.006381888598826759,0.00689648469056464,0.0,0.0,0.006381888598826759,1.4983770363519358,1.6082359269043431,1.7379141420222892
2015-10-27,0.00024241779415158223,0.00024951616655627797,0.00013848933085138562,0.0,0.0,0.00024951616655627797,0.06108928412619872,0.06287807397218205,0.03489931137454918
2015-10-28,0.004519754115685965,0.004603420649873594,0.0045337923801121935,0.0,0.0,0.004603420649873594,1.1389780371528633,1.1600620037681457,1.1425156797882727
2015-10-29,2.3225637168062885e-05,2.278026521720244e-05,3.395804828143469e-05,4.45371950860445e-07,0.019175875712765866,2.278026521720244e-05,0.005852860566351847,0.005740626834735015,0.008557428166921543
2015-10-30,2.824697517621941e-05,2.662205465689205e-05,1.4015309295616432e-05,1.624920519327362e-06,0.05752546783026466,2.662205465689205e-05,0.007118237744407291,0.006708757773536796,0.003531857942495341
2015-11-02,0.01041537925062585,0.011409612060899344,0.008638394320739482,0.0,0.0,0.011409612060899344,2.6246755711577143,2.875222239346635,2.17687536882635
2015-11-03,0.00013609596371562236,0.00014100309005216812,0.00020538363522086016,0.0,0.0,0.00014100309005216812,0.034296182856336836,0.03553277869314637,0.05175667607565676
2015-11-04,0.0002082546162279305,0.00022303855357958652,0.0002859230511348569,0.0,0.0,0.00022303855357958652,0.05248016328943848,0.0562057155020558,0.07205260888598394
2015-11-05,8.854185925240793e-05,0.000102108942531117,7.234615152703826e-05,0.0,0.0,0.000102108942531117,0.0223125485316068,0.025731453517841486,0.01823123018481364
2015-11-06,5.9557652536817724e-05,6.780338405704145e-05,4.762106208157515e-05,0.0,0.0,6.780338405704145e-05,0.015008528439278067,0.017086452782374445,0.012000507644556938
2015-11-09,6.534504260367398e-05,6.599916889598268e-05,4.258982348739972e-05,0.0,0.0,6.599916889598268e-05,0.016466950736125845,0.016631790561787634,0.010732635518824729
2015-11-10,0.002652992262576468,0.0026724093236500227,0.0034202928751076,0.0,0.0,0.0026724093236500227,0.6685540501692698,0.6734471495598058,0.8619138045271152
2015-11-11,9.963670625336409e-06,8.35743590668629e-06,7.72972457544197e-06,1.6062347186501197e-06,0.1612091183902187,8.35743590668629e-06,0.002510844997584775,0.002106073848484945,0.0019478905930113766
2015-11-12,6.335806698180107e-06,5.72936397660154e-06,4.260434692348638e-06,6.064427215785668e-07,0.09571671844660957,5.72936397660154e-06,0.001596623287941387,0.0014437997221035882,0.0010736295424718567
2015-11-13,0.020719112042201154,0.01854619106434502,0.01668162308361774,0.0021729209778561347,0.10487519799716345,0.01854619106434502,5.22121623463469,4.673640148214945,4.203769017071671
2015-11-16,0.009871285484732114,0.010920620604014707,0.005951783465889929,0.0,0.0,0.010920620604014707,2.4875639421524927,2.7519963922117063,1.499849433404262
2015-11-17,0.00025645371781099003,0.0002177851357774246,0.00017046191476472564,3.866858203356542e-05,0.15078191188978118,0.0002177851357774246,0.06462633688836948,0.054881854215911005,0.04295640252071086
2015-11-18,0.0013073611284435004,0.0013379095947518476,0.0012116278328520769,0.0,0.0,0.0013379095947518476,0.3294550043677621,0.3371532178774656,0.3053302138787234
2015-11-19,0.0032515993790792064,0.003368096064654373,0.002557249015128441,0.0,0.0,0.003368096064654373,0.81940304352796,0.848760208292902,0.6444267518123672
2015-11-20,6.3027132916993145e-06,6.170865124059058e-06,7.874295005659044e-06,1.318481676402562e-07,0.020919267721511738,6.170865124059058e-06,0.0015882837495082272,0.0015550580112628828,0.001984322341426079
2015-11-23,0.00014804952436811694,0.00014340703516247904,0.0001259389282235031,4.6424892056379e-06,0.03135767706174409,0.00014340703516247904,0.03730848014076547,0.03613857286094472,0.031736609912322786
2015-11-24,5.866227575031913e-05,5.397278810017993e-05,3.7953258909068786e-05,4.689487650139204e-06,0.07994043037399998,5.397278810017993e-05,0.014782893489080422,0.013601142601245342,0.009564221245085333
2015-11-25,2.3347960346930527e-05,2.5223164464125006e-05,3.0807364285059195e-05,0.0,0.0,2.5223164464125006e-05,0.0058836860074264925,0.006356237444959501,0.007763455799834917
2015-11-27,4.378691722226668e-06,4.250998377064384e-06,5.293501841648667e-06,1.2769334516228427e-07,0.02916243574574221,4.250998377064384e-06,0.0011034303140011203,0.0010712515910202248,0.001333962464095464
2015-11-30,0.00018802240024134455,0.00017772216837728334,0.00021026772356671903,1.0300231864061215e-05,0.054781939790460886,0.00017772216837728334,0.047381644860818826,0.044785986431075404,0.0529874663388132
2015-12-01,3.361508097548282e-05,3.109142971354683e-05,1.844655806196216e-05,2.523651261935991e-06,0.07507496973461548,3.109142971354683e-05,0.00847100040582167,0.0078350402878138,0.004648532631614464
2015-12-02,0.0010103043576895501,0.0010517128540582688,0.0010207389157590363,0.0,0.0,0.0010517128540582688,0.25459669813776664,0.26503163922268375,0.25722620677127717
2015-12-03,4.158602543186402e-05,3.828593399368481e-05,2.7237589982069086e-05,3.3000914381792047e-06,0.07935577695998891,3.828593399368481e-05,0.010479678408829731,0.009648055366408573,0.0068638726754814096
2015-12-04,0.0001374285559679997,0.0001324807602162422,0.00023176468858718906,4.947795751757502e-06,0.03600267557862518,0.0001324807602162422,0.03463199610393593,0.03338515157449304,0.05840470152397164
2015-12-07,0.00021490178944448443,0.0001918895139214031,0.00022605082598976142,2.3012275523081336e-05,0.10708275382668855,0.0001918895139214031,0.05415525094001008,0.04835615750819358,0.05696480814941988
2015-12-08,9.492665473033925e-07,8.928905849043598e-07,4.989718871691219e-07,5.637596239903272e-08,0.059388907330900846,8.928905849043598e-07,0.0002392151699204549,0.00022500842739589869,0.00012574091556661872
2015-12-09,0.00021314501607258747,0.00023903780164968738,0.00020886056708400457,0.0,0.0,0.00023903780164968738,0.05371254405029204,0.06023752601572122,0.05263286290516915
2015-12-10,0.00010840184916978177,0.00010617352681938709,9.028359241419687e-05,2.2283223503946745e-06,0.020556128395452834,0.00010617352681938709,0.027317265990785006,0.026755728758485548,0.022751465288377612
2015-12-11,0.002118389528356131,0.002220702300005412,0.0018569855829973353,0.0,0.0,0.002220702300005412,0.533834161145745,0.5596169796013639,0.4679603669153285
2015-12-14,3.9613587225041246e-05,3.564311260736295e-05,2.2903826764013707e-05,3.970474617678293e-06,0.10023011788587245,3.564311260736295e-05,0.009982623980710394,0.008982064377055465,0.005771764344531454
2015-12-15,0.0003577426199745086,0.00033607523924449804,0.0003359179038182042,2.166738073001057e-05,0.060566953613152244,0.00033607523924449804,0.09015114023357618,0.08469096028961351,0.08465131176218745
2015-12-16,3.369242275362934e-05,3.418250717549499e-05,4.740567592000533e-05,0.0,0.0,3.418250717549499e-05,0.008490490533914593,0.008613991808224737,0.011946230331841343
2015-12-17,0.0017914016316060836,0.0019431682135841713,0.001021409412274268,0.0,0.0,0.0019431682135841713,0.45143321116473306,0.48967838982321116,0.2573951718931155
2015-12-18,0.0014860964123790126,0.0016989356163571447,0.0019298750300690195,0.0,0.0,0.0016989356163571447,0.37449629591951117,0.4281317753220005,0.48632850757739293
2015-12-21,0.0015434015917225458,0.0016328446055077967,0.001569525059853604,0.0,0.0,0.0016328446055077967,0.38893720111408153,0.4114768405879648,0.3955203150831082
2015-12-22,1.6977083899687892e-06,1.629812578653507e-06,1.6273960130684205e-06,6.789581131528214e-08,0.03999259927314789,1.629812578653507e-06,0.00042782251427213487,0.0004107127698206838,0.00041010379529324195
2015-12-23,1.0501683721904005,0.9652814139827617,0.6384458326024725,0.08488695820763881,0.0808317603685817,0.9652814139827617,264.64242979198093,243.25091632365596,160.88834981582306
2015-12-24,2.6227601760907862e-05,2.5298917455598144e-05,1.2284648144290823e-05,9.286843053097187e-07,0.03540866139294739,2.5298917455598144e-05,0.006609355643748782,0.006375327198810732,0.0030957313323612874
2015-12-28,0.0019419854340160937,0.001667667418109224,0.0020678516789917403,0.00027431801590686975,0.14125647441047692,0.001667667418109224,0.4893803293720556,0.42025218936352443,0.5210986231059186
2015-12-29,0.0004403954236579482,0.00045299196982719823,0.0005616674422932569,0.0,0.0,0.00045299196982719823,0.11097964676180294,0.11415397639645396,0.14154019545790072
2015-12-30,0.00033911923619974355,0.00028903791146108387,0.0003193795644858636,5.008132473865968e-05,0.14768057734560613,0.00028903791146108387,0.08545804752233538,0.07283755368819314,0.08048365025043763
2015-12-31,8.824269288400366e-05,8.212161773237511e-05,7.779708532827171e-05,6.12107515162855e-06,0.06936636770943094,8.212161773237511e-05,0.022237158606768923,0.020694647668558528,0.019604865502724472
2016-01-04,2.767507612281158e-06,2.6428402067396252e-06,2.3332851105241336e-06,1.246674055415328e-07,0.045046799489008256,2.6428402067396252e-06,0.0006974119182948518,0.0006659957320983856,0.0005879878478520816
2016-01-05,0.004772795381579366,0.004836335424271328,0.003467328171236563,0.0,0.0,0.004836335424271328,1.2027444361580002,1.2187565269163747,0.8737666991516139
2016-01-06,0.0012945681826631117,0.001255299902475452,0.001594627723482035,3.9268280187659604e-05,0.030333110826612494,0.001255299902475452,0.3262311820311041,0.3163355754238139,0.4018461863174728
2016-01-07,0.015425602053927585,0.016906054315535463,0.018984348774338466,0.0,0.0,0.016906054315535463,3.887251717589751,4.2603256875149365,4.784055891133294
2016-01-08,1.365047471204088e-05,1.5168634690598502e-05,1.9009955148785582e-05,0.0,0.0,1.5168634690598502e-05,0.0034399196274343016,0.0038224959420308222,0.004790508697493967
2016-01-11,6.276841468274877e-05,5.560620953908235e-05,9.084550451293237e-05,7.162205143666421e-06,0.11410524012373435,5.560620953908235e-05,0.01581764050005269,0.014012764803848752,0.022893067137258957
2016-01-12,0.0007889229455256392,0.0008622443037314469,0.00037074140862222,0.0,0.0,0.0008622443037314469,0.19880858227246107,0.2172855645403246,0.09342683497279944
2016-01-13,0.00034853331702801527,0.0002951623168175548,0.0003760122852822679,5.3371000210460475e-05,0.15313026746605182,0.0002951623168175548,0.08783039589105984,0.0743809038380238,0.09475509589113151
2016-01-14,0.0025983770374020825,0.002819563231730837,0.0018730887241153237,0.0,0.0,0.002819563231730837,0.6547910134253248,0.710529934396171,0.4720183584770616
2016-01-15,0.029422865420072712,0.023570413946908113,0.01474805262560103,0.005852451473164599,0.19890827726700822,0.023570413946908113,7.414562085858323,5.939744314620844,3.7165092616514595
2016-01-19,0.001257943406382641,0.0014348584662593933,0.0008429281857299713,0.0,0.0,0.0014348584662593933,0.3170017384084255,0.3615843334973671,0.21241790280395276
2016-01-20,1.3506853424477217e-06,1.2098615327156006e-06,1.3239311291370206e-06,1.4082380973212114e-07,0.10426092669073665,1.2098615327156006e-06,0.0003403727062968259,0.00030488510624433133,0.0003336306445425292
2016-01-21,0.00013857797739599573,0.0001401155403141116,6.458273930688085e-05,0.0,0.0,0.0001401155403141116,0.03492165030379092,0.03530911615915613,0.016274850305333974
2016-01-22,0.018221358282158918,0.016616891609653878,0.011372378167545256,0.00160446667250504,0.08805417508243432,0.016616891609653878,4.5917822871040475,4.187456685632777,2.8658392982214047
2016-01-25,0.002239846418069863,0.0021275030774393503,0.001995807542911121,0.00011234334063051294,0.05015671595785819,0.0021275030774393503,0.5644412973536055,0.5361307755147162,0.5029435008136025
2016-01-26,1.851827373910747e-05,1.564420974498109e-05,1.9891605229222414e-05,2.8740639941263805e-06,0.1552014987690426,1.564420974498109e-05,0.004666604982255082,0.003942340855735234,0.0050126845177640485
2016-01-27,0.0015252280974937255,0.0014202205201853857,0.0019050773654438456,0.00010500757730833987,0.06884713008634089,0.0014202205201853857,0.38435748056841884,0.3578955710867172,0.4800794960918491
2016-01-28,0.00021488602790119667,0.00019580280114650164,0.0002967126033314443,1.9083226754695024e-05,0.088806270246026,0.00019580280114650164,0.05415127903110156,0.049342305888918414,0.07477157603952396
2016-01-29,0.0025500217649984057,0.0025207423716047026,0.002015768442420353,2.927939339370314e-05,0.011482017049466019,0.0025207423716047026,0.6426054847795982,0.635227077644385,0.507973647489929
2016-02-01,8.678454070271668e-05,7.97145619801598e-05,7.05631179193829e-05,7.06997872255688e-06,0.08146587610931134,7.97145619801598e-05,0.021869704257084604,0.020088069619000268,0.01778190571568449
2016-02-02,0.0019793246723914973,0.001774672008799389,0.0021707249373311517,0.00020465266359210818,0.1033951965250065,0.001774672008799389,0.4987898174426573,0.4472173462174461,0.5470226842074503
2016-02-03,0.025765725522328056,0.02549491289296095,0.022751299109259517,0.0002708126293671058,0.010510576506837135,0.02549491289296095,6.49296283162667,6.4247180490261595,5.733327375533398
2016-02-04,7.218591728098564e-05,6.32420362040103e-05,3.995914436950473e-05,8.943881076975334e-06,0.12390063449994548,6.32420362040103e-05,0.018190851154808382,0.015936993123410598,0.010069704381115192
2016-02-05,0.014447984806500846,0.011676105623200757,0.010787359454264912,0.0027718791833000883,0.1918523046799602,0.011676105623200757,3.640892171238213,2.942378617046591,2.718414582474758
2016-02-08,0.001137080114021484,0.0010549001699080218,0.0013822742750940792,8.217994411346225e-05,0.07227278274223407,0.0010549001699080218,0.286544188733414,0.2658348428168215,0.348333117323708
2016-02-09,9.46391741502392e-09,9.725427335322746e-09,1.2485835483039402e-08,0.0,0.0,9.725427335322746e-09,2.384907188586028e-06,2.450807688501332e-06,3.146430541725929e-06
2016-02-10,3.096000565265367e-05,2.7997774990439017e-05,2.202840629483505e-05,2.96223066221465e-06,0.09567926439578942,2.7997774990439017e-05,0.007801921424468724,0.007055439297590632,0.005551158386298432
2016-02-11,2.7710153412540505e-05,2.864764235649356e-05,2.0733533969345556e-05,0.0,0.0,2.864764235649356e-05,0.006982958659960207,0.007219205873836377,0.00522485056027508
2016-02-12,2.7111578192586527e-05,2.5840602553536577e-05,2.447814396025173e-05,1.27097563904995e-06,0.04687943959374707,2.5840602553536577e-05,0.006832117704531805,0.006511831843491217,0.006168492277983436
2016-02-16,0.018307837310697166,0.014612971762332531,0.018611575205561413,0.0036948655483646353,0.20181878861267397,0.014612971762332531,4.613575002295686,3.6824688841077977,4.6901169518014765
2016-02-17,0.00024297276745510534,0.0002505039349304762,0.00020336613726478856,0.0,0.0,0.0002505039349304762,0.061229137398686545,0.06312699160248,0.05124826659072672
2016-02-18,0.0011857308795316557,0.0010771471356805153,0.0014590625645733433,0.00010858374385114039,0.09157536978580993,0.0010771471356805153,0.29880418164197725,0.2714410781914899,0.3676837662724825
2016-02-19,4.4221397624694464e-05,4.824244365044911e-05,5.067482268957505e-05,0.0,0.0,4.824244365044911e-05,0.011143792201423005,0.012157095799913175,0.012770055317772913
2016-02-22,0.0006512086992563754,0.0005910048626714954,0.0005456831012635013,6.020383658487992e-05,0.09244937385077653,0.0005910048626714954,0.1641045922126066,0.14893322539321685,0.13751214151840233
2016-02-23,6.027966972308977e-05,5.415013652907643e-05,8.739417871608032e-05,6.129533194013337e-06,0.10168491500510894,5.415013652907643e-05,0.015190476770218621,0.01364583440532726,0.02202333303645224
2016-02-24,0.001054476192279083,0.0011173459666939225,0.0011696760841729704,0.0,0.0,0.0011173459666939225,0.2657280004543289,0.28157118360686845,0.29475837321158854
2016-02-25,0.00015855085889137567,0.0001766351672735114,0.00017066812815785947,0.0,0.0,0.0001766351672735114,0.03995481644062667,0.04451206215292488,0.043008368295780586
2016-02-26,6.093869834205388e-07,5.442451906267082e-07,6.400812059608173e-07,6.51417927938306e-08,0.10689707471451111,5.442451906267082e-07,0.00015356551982197576,0.00013714978803793047,0.00016130046390212596
2016-02-29,9.064389652059605e-07,9.736428673653597e-07,1.006884530835821e-06,0.0,0.0,9.736428673653597e-07,0.00022842261923190205,0.00024535800257607064,0.0002537349017706269
2016-03-01,0.09782257902070222,0.07625240543140874,0.14185845343289863,0.021570173589293487,0.22050301479485712,0.07625240543140874,24.65128991321696,19.215606168715002,35.74833026509045
2016-03-02,4.665729267079763e-06,4.414374592609562e-06,3.3266856402714447e-06,2.5135467447020106e-07,0.05387252586024901,4.414374592609562e-06,0.0011757637753041002,0.0011124223973376097,0.000838324781348404
2016-03-03,0.0002230204137993348,0.00022791940472956167,0.00019134486736464954,0.0,0.0,0.00022791940472956167,0.05620114427743237,0.05743568999184954,0.04821890657589168
2016-03-04,0.0010986564740925377,0.0011521737430058136,0.0008173529781715452,0.0,0.0,0.0011521737430058136,0.27686143147131953,0.290347783237465,0.2059729504992294
2016-03-07,0.0006511799811139816,0.0005377639371211666,0.0004945639903837007,0.000113416043992815,0.1741700407076746,0.0005377639371211666,0.16409735524072336,0.13551651215453397,0.12463012557669256
2016-03-08,0.0024204922850969883,0.0022066123477071623,0.002030902267021858,0.00021387993738982607,0.08836216443172584,0.0022066123477071623,0.609964055844441,0.5560663116222049,0.5117873712895082
2016-03-09,0.00010588882742152298,0.00010786408928908164,4.686307888991771e-05,0.0,0.0,0.00010786408928908164,0.02668398451022379,0.027181750500848575,0.011809495880259263
2016-03-10,2.6209396149514434e-07,2.018276049335142e-07,2.763510595686961e-07,6.026635656163013e-08,0.22994091995449006,2.018276049335142e-07,6.604767829677637e-05,5.0860556443245584e-05,6.964046701131142e-05
2016-03-11,0.005922183478305461,0.0062453757449572565,0.005844596132160747,0.0,0.0,0.0062453757449572565,1.4923902365329762,1.5738346877292286,1.4728382253045083
2016-03-14,8.82952099679298e-05,8.107497403820128e-05,7.908465446354639e-05,7.2202359297285145e-06,0.08177381140581926,8.107497403820128e-05,0.02225039291191831,0.020430893457626723,0.019929332924813692
2016-03-15,0.0002771149144577043,0.0002868132894961923,0.00028436772239387643,0.0,0.0,0.0002868132894961923,0.06983295844334148,0.07227694895304046,0.07166066604325685
2016-03-16,0.008943648682179547,0.007517526939079045,0.00755718612628598,0.0014261217431005028,0.15945636882882386,0.007517526939079045,2.253799467909246,1.8944167886479193,1.904410903824067
2016-03-17,4.590716584742569e-06,5.424466820876097e-06,2.5261744878335075e-06,0.0,0.0,5.424466820876097e-06,0.0011568605793551275,0.0013669656388607765,0.0006365959709340439
2016-03-18,1.8401493970341745e-05,2.057349883883134e-05,8.964206174732119e-06,0.0,0.0,2.057349883883134e-05,0.0046371764805261196,0.0051845217073854975,0.002258979956032494
2016-03-21,2.8188681293598453e-09,2.8200085590590228e-09,4.0660472671968235e-09,0.0,0.0,2.8200085590590228e-09,7.10354768598681e-07,7.106421568828737e-07,1.0246439113335995e-06
2016-03-22,6.312412551242951e-05,6.779055323707447e-05,3.994032450880529e-05,0.0,0.0,6.779055323707447e-05,0.015907279629132236,0.017083219415742767,0.010064961776218934
2016-03-23,7.879816170259039e-06,7.268654073233348e-06,9.109943050028949e-06,6.111620970256907e-07,0.07756044129201535,7.268654073233348e-06,0.001985713674905278,0.0018317008264548038,0.002295705648607295
2016-03-24,2.615972068848243e-05,2.3944957085887577e-05,3.930717454324321e-05,2.2147636025948546e-06,0.08466311794020225,2.3944957085887577e-05,0.006592249613497573,0.006034129185643669,0.009905407984897288
2016-03-28,7.828500625295016e-05,7.175227339117969e-05,8.097604056458827e-05,6.532732861770467e-06,0.0834480712336433,7.175227339117969e-05,0.01972782157574344,0.01808157289457728,0.020405962222276246
2016-03-29,0.10649052131706938,0.10126903768006529,0.0647102303628847,0.005221483637004087,0.04903237933645182,0.10126903768006529,26.835611371901482,25.51979749537645,16.306978051446944
2016-03-30,0.0010392535917600506,0.0010420226893142173,0.0014271062593781165,0.0,0.0,0.0010420226893142173,0.2618919051235328,0.26258971770718276,0.35963077736328536
2016-03-31,3.8925090894759056e-05,3.4522506441776176e-05,4.118536204190634e-05,4.40258445298288e-06,0.1131040220761984,3.4522506441776176e-05,0.009809122905479282,0.008699671623327597,0.010378711234560398
2016-04-01,0.002890549186214438,0.00273804018105934,0.002362419798676073,0.00015250900515509803,0.05276125582975039,0.00273804018105934,0.7284183949260384,0.6899861256269537,0.5953297892663704
2016-04-04,0.0001801603109431533,0.00016569605728658957,0.00029541965960793674,1.446425365656372e-05,0.08028546076856086,0.00016569605728658957,0.04540039835767463,0.04175540643622057,0.07444575422120006
2016-04-05,0.0017028697124063946,0.0017434777164033756,0.0012432000655394938,0.0,0.0,0.0017434777164033756,0.42912316752641144,0.43935638453365067,0.31328641651595246
2016-04-06,0.0003147384803116202,0.00032358736491342914,0.00030234423868177824,0.0,0.0,0.00032358736491342914,0.07931409703852829,0.08154401595818414,0.07619074814780812
2016-04-07,0.0012744042710396187,0.0012217175898082673,0.0009450955557991953,5.2686681231351416e-05,0.041342203873052846,0.0012217175898082673,0.32114987630198394,0.30787283263168336,0.2381640800613972
2016-04-08,6.370569190439155e-07,6.665711241911068e-07,7.769804894761489e-07,0.0,0.0,6.665711241911068e-07,0.0001605383435990667,0.0001679759232961589,0.0001957990833479895
2016-04-11,2.287479022123479e-05,2.1185833360180473e-05,2.7642946471067618e-05,1.6889568610543172e-06,0.0738348536045413,2.1185833360180473e-05,0.005764447135751167,0.005338830006765479,0.00696602251070904
2016-04-12,0.012692822184354113,0.01412551821041282,0.014096200875575362,0.0,0.0,0.01412551821041282,3.1985911904572366,3.5596305890240303,3.552242620644991
2016-04-13,0.03481612932326668,0.02924982017216265,0.04084657596473916,0.005566309151104027,0.15987731143979683,0.02924982017216265,8.773664589463204,7.370954683384988,10.293337143114268
2016-04-14,1.307950728861188e-07,1.0332402097273028e-07,7.53475092405375e-08,2.7471051913388524e-08,0.21002963856037904,1.0332402097273028e-07,3.296035836730194e-05,2.6037653285128032e-05,1.8987572328615452e-05
2016-04-15,0.0013423177180389865,0.001181118177903019,0.001911170614277228,0.00016119954013596753,0.1200904509041094,0.001181118177903019,0.3382640649458246,0.2976417808315608,0.48161499479786146
2016-04-18,0.00011684628067109751,0.00012033882115304037,0.0001525252765328445,0.0,0.0,0.00012033882115304037,0.029445262729116572,0.03032538293056617,0.03843636968627682
2016-04-19,0.0016323740286844825,0.0016478202892553414,0.0007412001729319377,0.0,0.0,0.0016478202892553414,0.4113582552284896,0.41525071289234605,0.1867824435788483
2016-04-20,2.4173537097697244e-05,2.6339647163288755e-05,2.263099418765969e-05,0.0,0.0,2.6339647163288755e-05,0.0060917313486197056,0.0066375910851487665,0.0057030105352902415
2016-04-21,0.0001326670014544189,0.00012722787029269885,0.0001227505129836834,5.439131161720062e-06,0.04099837232388523,0.00012722787029269885,0.03343208436651356,0.03206142331376011,0.030933129271888214
2016-04-22,1.4834500003569655e-06,1.2825369489435894e-06,1.3145582506024588e-06,2.0091305141337608e-07,0.13543625732500097,1.2825369489435894e-06,0.0003738294000899553,0.0003231993111337845,0.0003312686791518196
2016-04-25,0.0016038699018440315,0.0015398410936828728,0.0011812426569352298,6.40288081611587e-05,0.03992144752365566,0.0015398410936828728,0.4041752152646959,0.38803995560808396,0.29767314954767793
2016-04-26,0.0004424163199610172,0.00038644047892759923,0.00034980181221950515,5.5975841033417976e-05,0.12652300193588517,0.00038644047892759923,0.11148891263017634,0.097383000689755,0.0881500566793153
2016-04-27,0.008980619489716594,0.008766751251058113,0.018501954184097502,0.00021386823865848087,0.023814419359328137,0.008766751251058113,2.2631161114085816,2.2092213152666447,4.66249245439257
2016-04-28,0.01129187722614552,0.009826095562155912,0.014038093292256188,0.0014657816639896074,0.12980850167816987,0.009826095562155912,2.845553060988671,2.47617608166329,3.5375995096485595
2016-04-29,3.2625750645801736e-05,2.8690300552627953e-05,4.699207191519544e-05,3.935450093173783e-06,0.1206240437277464,2.8690300552627953e-05,0.008221689162742038,0.007229955739262244,0.01184200212262925
2016-05-02,7.55875314706987e-07,8.316398273408077e-07,5.140335483468211e-07,0.0,0.0,8.316398273408077e-07,0.00019048057930616072,0.00020957323648988354,0.00012953645418339893
2016-05-03,0.0003475806770153309,0.00034104515953550536,0.0004480260708861721,6.535517479825542e-06,0.018802879139148458,0.00034104515953550536,0.08759033060786339,0.08594338020294735,0.11290256986331537
2016-05-04,0.010304628467543897,0.01058680220415185,0.01073023555478145,0.0,0.0,0.01058680220415185,2.5967663738210622,2.667874155446266,2.704019359804925
2016-05-05,3.1912448285999704e-06,3.473297182934516e-06,2.76391285618287e-06,0.0,0.0,3.473297182934516e-06,0.0008041936968071925,0.0008752708900994981,0.0006965060397580833
2016-05-06,0.0001422251939869718,0.0001191884233946309,0.000125648236875908,2.30367705923409e-05,0.16197390760793914,0.0001191884233946309,0.035840748884716896,0.030035482695446987,0.031663355692728816
2016-05-09,4.877830310330937e-06,4.651774964604103e-06,4.029672090110193e-06,2.2605534572683342e-07,0.04634341192735848,4.651774964604103e-06,0.001229213238203396,0.001172247291080234,0.0010154773667077686
2016-05-10,7.791622603534425e-05,7.13858719765155e-05,7.264626922646776e-05,6.5303540588287576e-06,0.08381250359910866,7.13858719765155e-05,0.019634888960906753,0.017989239738081905,0.018306859845069877
2016-05-11,0.0001507897553415602,0.00011949247212142778,0.00012846234499271393,3.129728322013243e-05,0.20755576492371033,0.00011949247212142778,0.03799901834607317,0.030112102974599802,0.03237251093816391
2016-05-12,0.00019197799186144632,0.00021616572979643866,0.00016139756393215615,0.0,0.0,0.00021616572979643866,0.04837845394908447,0.05447376390870254,0.04067218611090335
2016-05-13,7.91288114261387e-07,8.954270134536491e-07,9.406056392520954e-07,0.0,0.0,8.954270134536491e-07,0.00019940460479386953,0.0002256476073903196,0.00023703262109152804
2016-05-16,0.0052878231038389215,0.00559267315468838,0.006848338392706512,0.0,0.0,0.00559267315468838,1.3325314221674083,1.409353634981472,1.7257812749620411
2016-05-17,1.6534023276981245e-05,1.669590726184886e-05,2.629466446093716e-05,0.0,0.0,1.669590726184886e-05,0.004166573865799274,0.004207368629985913,0.006626255444156164
2016-05-18,3.534805796443547e-05,3.7778652357398545e-05,6.29761081083299e-05,0.0,0.0,3.7778652357398545e-05,0.008907710607037739,0.009520220394064433,0.015869979243299134
2016-05-19,7.073332785097425e-05,7.654340529114375e-05,8.825597087038894e-05,0.0,0.0,7.654340529114375e-05,0.01782479861844551,0.019288938133368225,0.022240504659338012
2016-05-20,0.00025051469035034885,0.00023546828762820106,0.00023770741842400135,1.504640272214779e-05,0.060061957408737966,0.00023546828762820106,0.0631297019682879,0.059338008482306664,0.05990226944284834
2016-05-23,0.0001230075600166202,0.00010883150829185713,0.00011740681488546421,1.4176051724763058e-05,0.11524536872044523,0.00010883150829185713,0.030997905124188287,0.027425540089548,0.02958651735113698
2016-05-24,0.00029426825350722116,0.0002890354222617788,0.00031806209589493596,5.2328312454423586e-06,0.017782520422412566,0.0002890354222617788,0.07415559988381973,0.07283692640996826,0.08015164816552386
2016-05-25,0.0002889601858897688,0.0003435820246595375,0.00047462046335485116,0.0,0.0,0.0003435820246595375,0.07281796684422173,0.08658267021420345,0.1196043567654225
2016-05-26,0.00018494867956003026,0.00015526951088036805,0.00022063788949840455,2.967916867966221e-05,0.16047245424943168,0.00015526951088036805,0.04660706724912762,0.039127916741852745,0.055600748153597945
2016-05-27,2.3164605939221504e-07,2.347788662296826e-07,2.3349978361845348e-07,0.0,0.0,2.347788662296826e-07,5.8374806966838194e-05,5.916427428988001e-05,5.884194547185028e-05
2016-05-31,0.0005191493802350654,0.0005050302055889632,0.0004040155375035093,1.4119174646102205e-05,0.027196747519013586,0.0005050302055889632,0.1308256438192365,0.12726761180841872,0.10181191545088435
2016-06-01,0.0003132972989258223,0.00024448782367755384,0.0002747334707708035,6.880947524826844e-05,0.21962996573720903,0.00024448782367755384,0.07895091932930721,0.06161093156674357,0.06923283463424248
2016-06-02,8.767503627462242e-05,0.00010507650628504348,7.170783197133084e-05,0.0,0.0,0.00010507650628504348,0.022094109141204847,0.026479279583830957,0.01807037365677537
2016-06-03,1.0002744413587813e-06,1.1594746685807576e-06,1.173719882098128e-06,0.0,0.0,1.1594746685807576e-06,0.00025206915922241287,0.0002921876164823509,0.00029577741028872823
2016-06-06,1.648662031782718e-05,1.5257679883301184e-05,1.965246071610139e-05,1.2289404345259949e-06,0.07454167902777795,1.5257679883301184e-05,0.0041546283200924496,0.0038449353305918983,0.00495242010045755
2016-06-07,2.538835465498401e-05,2.4285510761181724e-05,3.122343192638389e-05,1.1028438938022881e-06,0.04343896504324367,2.4285510761181724e-05,0.006397865373055971,0.006119948711817794,0.00786830484544874
2016-06-08,2.4559097877965423e-06,2.6348918809305747e-06,2.8438199347456434e-06,0.0,0.0,2.6348918809305747e-06,0.0006188892665247287,0.0006639927539945048,0.0007166426235559021
2016-06-09,8.72688393971958e-06,8.585466621881854e-06,1.1170801900220088e-05,1.4141731783772582e-07,0.01620478771228878,8.585466621881854e-06,0.002199174752809334,0.002163537588714227,0.0028150420788554623
2016-06-10,0.14557241950055497,0.14515991044625226,0.09097375653820278,0.00041250905430270657,0.0028337033602598067,0.14515991044625226,36.68424971413985,36.580297432455566,22.9253866476271
2016-06-13,0.00027444652635274657,0.00023445418361912358,0.0002699178437641095,3.999234273362298e-05,0.14571998093537822,0.00023445418361912358,0.06916052464089213,0.05908245427201914,0.0680192966285556
2016-06-14,8.819024524038894e-07,9.102977388016773e-07,1.0840913198170716e-06,0.0,0.0,9.102977388016773e-07,0.00022223941800578013,0.0002293950301780227,0.00027319101259390204
2016-06-15,0.00039389709324121817,0.00046283629024025495,0.00033526157184490617,0.0,0.0,0.00046283629024025495,0.09926206749678698,0.11663474514054424,0.08448591610491636
2016-06-16,1.9093473346267593e-05,1.6775994443878773e-05,1.4105004176213428e-05,2.3174789023888196e-06,0.12137544274868142,1.6775994443878773e-05,0.004811555283259434,0.004227550599857451,0.003554461052405784
2016-06-17,0.0008525654313396066,0.0008496694403749388,0.0020222393193863914,2.895990964667792e-06,0.0033967961341343916,0.0008496694403749388,0.21484648869758086,0.21411669897448457,0.5096043084853706
2016-06-20,0.0002466405317075661,0.00025553186592243004,0.000297851907633591,0.0,0.0,0.00025553186592243004,0.06215341399030666,0.06439403021245237,0.07505868072366494
2016-06-21,2.365516057139501e-05,2.4609240044392744e-05,1.9008272444040582e-05,0.0,0.0,2.4609240044392744e-05,0.005961100463991543,0.006201528491186972,0.004790084655898226
2016-06-22,7.0355482650431376e-06,5.788898541230654e-06,4.265860209616324e-06,1.2466497238124834e-06,0.17719294924229909,5.788898541230654e-06,0.0017729581627908707,0.001458802432390125,0.0010749967728233137
2016-06-23,0.00010945057636826531,0.00011647042303975748,7.548537457685945e-05,0.0,0.0,0.00011647042303975748,0.027581545244802858,0.029350546606018886,0.019022314393368583
2016-06-24,0.042038603298979585,0.04234816428362634,0.0158353252325111,0.0,0.0,0.04234816428362634,10.593728031342856,10.671737399473837,3.9905019585927977
2016-06-27,0.00018523755060025245,0.000167788870344135,0.00027499414332461046,1.7448680256117454e-05,0.09419623669919892,0.000167788870344135,0.046679862751263616,0.042282795326722016,0.06929852411780184
2016-06-28,0.0007260965630741503,0.0007793207792303482,0.0006425515756351691,0.0,0.0,0.0007793207792303482,0.18297633389468587,0.19638883636604776,0.1619229970600626
2016-06-29,0.0010385960533405051,0.0009718105543258086,0.0012747603287637944,6.678549901469651e-05,0.06430363251967526,0.0009718105543258086,0.2617262054418073,0.24489625969010376,0.3212396028484762
2016-06-30,0.00024313793571154851,0.00024194770413651822,0.0002584373893036208,1.1902315750302907e-06,0.004895293556934085,0.00024194770413651822,0.06127075979931022,0.060970821442402595,0.06512622210451244
2016-07-01,1.8229899610878244e-05,1.6794423101042014e-05,1.0367723206488254e-05,1.4354765098362302e-06,0.07874296961222295,1.6794423101042014e-05,0.004593934701941318,0.004232194621462588,0.00261266624803504
2016-07-05,0.0004443280471460769,0.0003858346080012985,0.00028905983318510504,5.8493439144778386e-05,0.1316447147301134,0.0003858346080012985,0.11197066788081138,0.09723032121632721,0.07284307796264647
2016-07-06,9.422433397575696e-05,8.664977157838208e-05,8.28777465233706e-05,7.574562397374878e-06,0.08038860024136804,8.664977157838208e-05,0.023744532161890753,0.021835742437752284,0.020885192123889392
2016-07-07,0.00033376340399695383,0.00029282318314804827,0.00028490499342903093,4.094022084890557e-05,0.12266240167725763,0.00029282318314804827,0.08410837780723236,0.07379144215330816,0.07179605834411579
2016-07-08,0.001850272653294445,0.0017838730865752917,0.0025120206028363865,6.639956671915335e-05,0.03588636872789602,0.0017838730865752917,0.46626870863020015,0.4495360178169735,0.6330291919147694
2016-07-11,2.874835701239367e-05,2.8399317083334744e-05,2.663726809526403e-05,3.4903992905892624e-07,0.012141212687989069,2.8399317083334744e-05,0.007244585967123205,0.0071566279050003555,0.0067125915600065355
2016-07-12,8.548441578248156e-06,8.438162574273862e-06,9.998018343916938e-06,1.1027900397429434e-07,0.01290047900127487,8.438162574273862e-06,0.0021542072777185352,0.002126416968717013,0.002519500622667068
2016-07-13,0.0002002777231980556,0.0002151785953636385,0.00014678929107238983,0.0,0.0,0.0002151785953636385,0.05046998624591001,0.0542250060316369,0.03699090135024224
2016-07-14,0.0007961214948225316,0.0008004228962554174,0.0006677913486559297,0.0,0.0,0.0008004228962554174,0.20062261669527795,0.20170656985636518,0.16828341986129428
2016-07-15,1.7333948880278105e-08,1.8756326910826467e-08,1.3768261122332894e-08,0.0,0.0,1.8756326910826467e-08,4.368155117830083e-06,4.7265943815282695e-06,3.4696018028278893e-06
2016-07-18,6.732634249098983e-05,6.988390163725495e-05,5.6912524451896665e-05,0.0,0.0,6.988390163725495e-05,0.016966238307729437,0.017610743212588247,0.01434195616187796
2016-07-19,1.2207250226307084e-07,1.0854015535594038e-07,1.286662117919112e-07,1.3532346907130454e-08,0.11085408918610343,1.0854015535594038e-07,3.076227057029385e-05,2.7352119149696977e-05,3.2423885371561626e-05
2016-07-20,4.534733281600481e-07,4.445052531732165e-07,3.1659764065110245e-07,8.968074986831614e-09,0.019776367547021195,4.445052531732165e-07,0.00011427527869633212,0.00011201532379965055,7.978260544407782e-05
2016-07-21,9.909173552608502e-06,8.736841024043787e-06,1.2611724416608448e-05,1.1723325285647152e-06,0.11830778863978222,8.736841024043787e-06,0.0024971117352573426,0.0022016839380590344,0.003178154552985329
2016-07-22,0.0003849350700459169,0.00034519113032289387,0.0004770867294060995,3.9743939723023045e-05,0.10324842476689321,0.00034519113032289387,0.09700363765157106,0.08698816484136926,0.12022585581033707
2016-07-25,0.0024928613034227243,0.002405326758665839,0.0012184364717235242,8.753454475688522e-05,0.035114085409238494,0.002405326758665839,0.6282010484625266,0.6061423431837915,0.3070459908743281
2016-07-26,0.0001726988672829099,0.00014617940968699014,0.00016610583884159397,2.6519457595919755e-05,0.15355895414714826,0.00014617940968699014,0.043520114555293296,0.03683721124112151,0.041858671388081685
2016-07-27,0.29465176041182256,0.3078743038616357,0.5392517987330016,0.0,0.0,0.3078743038616357,74.25224362377928,77.5843245731322,135.8914532807164
2016-07-28,0.00015830741445745807,0.00015017783649874403,0.00011968467743813593,8.12957795871404e-06,0.051353108982432345,0.00015017783649874403,0.039893468443279435,0.03784481479768349,0.030160538714410254
2016-07-29,9.065230317496512e-07,8.650876266366786e-07,1.2074699404591879e-06,4.1435405112972636e-08,0.04570800515128051,8.650876266366786e-07,0.0002284438040009121,0.000218002081912443,0.00030428242499571534
2016-08-01,0.00014024645741827032,0.00014314725059977112,0.0001191993336024814,0.0,0.0,0.00014314725059977112,0.03534210726940412,0.03607310715114232,0.030038232067825313
2016-08-02,5.129273897465063,5.134510262959352,4.039984629882891,0.0,0.0,5.134510262959352,1292.5770221611958,1293.8965862657567,1018.0761267304886
2016-08-03,6.967108510011373e-05,6.768928301533234e-05,8.225096335874085e-05,1.981802084781385e-06,0.028445115408903467,6.768928301533234e-05,0.01755711344522866,0.01705769931986375,0.020727242766402695
2016-08-04,0.0008044463587128963,0.0008313059032869659,0.0005126697381152834,0.0,0.0,0.0008313059032869659,0.20272048239564988,0.20948908762831542,0.12919277400505141
2016-08-05,0.0018660116991796383,0.0018711206463764543,0.0016908567995346773,0.0,0.0,0.0018711206463764543,0.4702349481932689,0.4715224028868665,0.4260959134827387
2016-08-08,0.0038530661161190775,0.0035164347860022417,0.0028183850585720384,0.0003366313301168358,0.08736713045779076,0.0035164347860022417,0.9709726612620075,0.8861415660725649,0.7102330347601536
2016-08-09,0.00010793385244846055,0.00011506070494749513,7.036270128353866e-05,0.0,0.0,0.00011506070494749513,0.027199330817012056,0.02899529764676877,0.01773140072345174
2016-08-10,3.2484448337549136e-05,3.449796845264124e-05,2.1825104866299206e-05,0.0,0.0,3.449796845264124e-05,0.008186080981062382,0.008693488050065593,0.0054999264263074
2016-08-11,2.6379923267543814e-07,2.4929393511830346e-07,1.6492421768200038e-07,1.4505297557134679e-08,0.054985916464224696,2.4929393511830346e-07,6.647740663421041e-05,6.282207164981247e-05,4.1560902855864095e-05
2016-08-12,2.1850445675580563e-05,2.2389874034758284e-05,2.5085721179934406e-05,0.0,0.0,2.2389874034758284e-05,0.005506312310246302,0.005642248256759088,0.006321601737343471
2016-08-15,0.0010092670257194976,0.0010508858644643307,0.00044794123333301967,0.0,0.0,0.0010508858644643307,0.25433529048131337,0.26482323784501133,0.11288119079992096
2016-08-16,5.192091425738749e-06,5.532969034541119e-06,3.4575342064837987e-06,0.0,0.0,5.532969034541119e-06,0.0013084070392861647,0.001394308196704362,0.0008712986200339173
2016-08-17,5.249112190305335e-07,5.58560129217067e-07,6.285659197037887e-07,0.0,0.0,5.58560129217067e-07,0.00013227762719569445,0.00014075715256270087,0.00015839861176535476
2016-08-18,4.602489377187017e-06,4.353286134580219e-06,3.551958984697743e-06,2.492032426067981e-07,0.054145304429535364,4.353286134580219e-06,0.0011598273230511282,0.001097028105914215,0.0008950936641438312
2016-08-19,1.714804143740206e-06,1.5262244974390251e-06,1.4741614282333786e-06,1.8857964630118083e-07,0.10997147226294463,1.5262244974390251e-06,0.0004321306442225319,0.0003846085733546343,0.0003714886799148114
2016-08-22,7.322490541385788e-05,6.133250751235929e-05,6.888588717537214e-05,1.1892397901498589e-05,0.16240919222599298,6.133250751235929e-05,0.018452676164292185,0.01545579189311454,0.017359243568193777
2016-08-23,1.3591254650100244e-05,1.4457085232096844e-05,1.3424396180531854e-05,0.0,0.0,1.4457085232096844e-05,0.0034249961718252615,0.003643185478488405,0.003382947837494027
2016-08-24,0.00012905033733541705,0.00011152096725748822,0.00015952071281936017,1.7529370077928833e-05,0.13583358481686375,0.00011152096725748822,0.0325206850085251,0.028103283748887032,0.04019921963047876
2016-08-25,2.2686198115194097e-05,2.5959719768314947e-05,1.3307302221561265e-05,0.0,0.0,2.5959719768314947e-05,0.005716921925028913,0.006541849381615367,0.0033534401598334387
2016-08-26,0.0004369083022040936,0.00043595371727970757,0.000501405071994024,9.54584924386004e-07,0.0021848633165941172,0.00043595371727970757,0.11010089215543158,0.10986033675448631,0.12635407814249405
2016-08-29,5.964186349012722e-06,5.607909032722779e-06,4.412125330694591e-06,3.5627731628994336e-07,0.059736104089506754,5.607909032722779e-06,0.001502974959951206,0.0014131930762461403,0.0011118555833350369
2016-08-30,0.002058424756305497,0.0021339785224750237,0.0014527610914192614,0.0,0.0,0.0021339785224750237,0.5187230385889853,0.537762587663706,0.3660957950376539
2016-08-31,1.1795262171690729e-06,8.893890677332453e-07,1.9846441014041006e-06,2.901371494358275e-07,0.24597749438302227,8.893890677332453e-07,0.00029724060672660634,0.00022412604506877784,0.0005001303135538334
2016-09-01,0.0005153695947712993,0.0005915986247692602,0.00039111261666144407,0.0,0.0,0.0005915986247692602,0.12987313788236743,0.14908285344185357,0.09856037939868391
2016-09-02,0.002199168173426813,0.0019945921015092584,0.002200943888071953,0.00020457607191755453,0.09302429632098275,0.0019945921015092584,0.5541903797035569,0.5026372095803331,0.5546378597941322
2016-09-06,6.31773747453614e-06,6.7901900444507356e-06,8.373314087860176e-06,0.0,0.0,6.7901900444507356e-06,0.0015920698435831074,0.0017111278912015854,0.0021100751501407643
2016-09-07,8.645207076604751e-05,8.497562430148e-05,4.905949245963206e-05,1.4764464645675163e-06,0.017078208010595806,8.497562430148e-05,0.021785921833043974,0.02141385732397296,0.012362992099827278
2016-09-08,0.4341545666493265,0.3973739367303414,0.4831448932273418,0.03678062991898512,0.08471782343040214,0.3973739367303414,109.40695079563028,100.13823205604602,121.75251309329013
2016-09-09,0.007934271958207166,0.007048428779991927,0.005886239350414457,0.0008858431782152393,0.11164769531088235,0.007048428779991927,1.9994365334682058,1.7762040525579657,1.4833323163044432
2016-09-12,0.0002914318535424831,0.00029433891932021663,0.00037317359442222284,0.0,0.0,0.00029433891932021663,0.07344082709270575,0.0741734076686946,0.09403974579440015
2016-09-13,0.00021750079236344835,0.00024677984631464107,0.00023632582517463992,0.0,0.0,0.00024677984631464107,0.054810199675588984,0.06218852127128955,0.05955410794400926
2016-09-14,0.1268826867081804,0.1385313511810701,0.08456319490430605,0.0,0.0,0.1385313511810701,31.97443705046146,34.909900497629664,21.309925115885125
2016-09-15,0.006357953208078586,0.006854479372048609,0.005016820384984862,0.0,0.0,0.006854479372048609,1.6022042084358037,1.7273288017562496,1.2642387370161852
2016-09-16,6.530398293134468e-05,6.280294684782185e-05,4.2392796282225436e-05,2.5010360835228294e-06,0.0382983691493036,6.280294684782185e-05,0.01645660369869886,0.015826342605651106,0.01068298466312081
2016-09-19,4.903330197625994e-05,4.422958575200963e-05,5.990648118513097e-05,4.803716224250306e-06,0.09796844048168818,4.422958575200963e-05,0.012356392098017505,0.011145855609506428,0.015096433258653005
2016-09-20,2.5457813415774393e-08,1.869054723839543e-08,2.9423405392303424e-08,6.767266177378962e-09,0.26581231681386747,1.869054723839543e-08,6.415368980775147e-06,4.710017904075649e-06,7.4146981588604625e-06
2016-09-21,4.818851524033908e-07,4.4153558885825656e-07,5.302732700668569e-07,4.034956354513422e-08,0.08373256493031009,4.4153558885825656e-07,0.00012143505840565448,0.00011126696839228066,0.00013362886405684794
2016-09-22,0.0007404782613643068,0.0007570948643536018,0.0006846507323161143,0.0,0.0,0.0007570948643536018,0.1866005218638053,0.19078790581710764,0.1725319845436608
2016-09-23,6.82040653442971e-05,6.166694286220947e-05,7.453177664864991e-05,6.537122482087632e-06,0.09584652107233538,6.166694286220947e-05,0.017187424466762868,0.015540069601276785,0.018782007715459778
2016-09-26,5.2444725815918796e-05,4.92495189459455e-05,4.595838517960089e-05,3.195206869973299e-06,0.0609252266903494,4.92495189459455e-05,0.013216070905611537,0.012410878774378265,0.011581513065259424
2016-09-27,4.433024001459442e-06,4.388272472009259e-06,4.993637094983747e-06,4.4751529450183415e-08,0.010095032045939352,4.388272472009259e-06,0.0011171220483677795,0.0011058446629463332,0.001258396547935904
2016-09-28,0.000291904034233748,0.0002742998909940115,0.0005044309085486383,1.760414323973648e-05,0.06030798178462868,0.0002742998909940115,0.0735598166269045,0.06912357253049091,0.12711658895425684
2016-09-29,3.0926617463940107,2.8211443006460604,1.7932714372993774,0.27151744574795034,0.08779409712828994,2.8211443006460604,779.3507600912907,710.9283637628072,451.9044021994431
2016-09-30,0.00019093144897995188,0.0001875097141095432,0.00013874662912401916,3.4217348704086725e-06,0.01792127421002648,0.0001875097141095432,0.04811472514294787,0.04725244795560489,0.03496415053925283
2016-10-03,0.00011157423153623409,0.00010624370662152512,9.578513291024494e-05,5.330524914708967e-06,0.04777559113371326,0.00010624370662152512,0.02811670634713099,0.02677341406862433,0.024137853493381725
2016-10-04,3.5138617370062605e-05,3.594067985561198e-05,3.4576818511499676e-05,0.0,0.0,3.594067985561198e-05,0.008854931577255776,0.009057051323614219,0.008713358264897919
2016-10-05,1.4848949975617817e-07,1.6120343407066264e-07,1.378168153365386e-07,0.0,0.0,1.6120343407066264e-07,3.74193539385569e-05,4.0623265385806986e-05,3.4729837464807726e-05
2016-10-06,6.0835577879044736e-05,6.078833629595164e-05,5.459649250766831e-05,4.72415830930973e-08,0.0007765453039745795,6.078833629595164e-05,0.015330565625519273,0.015318660746579813,0.013758316111932414
2016-10-07,8.090388797184598e-06,7.022251935301882e-06,1.1432945201609669e-05,1.0681368618827157e-06,0.13202538921603263,7.022251935301882e-06,0.0020387779768905184,0.0017696074876960744,0.0028811021908056365
2016-10-10,0.021545381190306755,0.022800867079981385,0.023139857797244243,0.0,0.0,0.022800867079981385,5.429436059957302,5.745818504155309,5.8312441649055495
2016-10-11,2.415965636092567e-06,2.354715216339171e-06,2.8713241856239015e-06,6.125041975339598e-08,0.025352345035881196,2.354715216339171e-06,0.0006088233402953268,0.000593388234517471,0.0007235736947772232
2016-10-12,9.974385053847844e-05,9.076772524159529e-05,0.000180026514570835,8.976125296883156e-06,0.08999176549163447,9.076772524159529e-05,0.025135450335696568,0.022873466760882012,0.04536668167185042
2016-10-13,2.03658408361982e-05,1.5511568286185702e-05,1.3750955679082819e-05,4.854272550012498e-06,0.23835364081952778,1.5511568286185702e-05,0.005132191890721946,0.003908915208118797,0.0034652408311288702
2016-10-14,8.41304112615896e-05,8.902993504267669e-05,4.4944193054464046e-05,0.0,0.0,8.902993504267669e-05,0.021200863637920578,0.022435543630754524,0.011325936649724939
2016-10-17,0.0009973333394014228,0.0010450421393282596,0.00041494870612557294,0.0,0.0,0.0010450421393282596,0.2513280015291585,0.26335061911072144,0.10456707394364438
2016-10-18,4.929668859266282e-07,4.838637534082344e-07,7.248335283091634e-07,9.10313251839388e-09,0.018465974718176185,4.838637534082344e-07,0.0001242276552535103,0.00012193366585887506,0.0001826580491339092
2016-10-19,4.100960222462285e-06,3.6380850112967892e-06,3.6027941008129024e-06,4.6287521116549607e-07,0.11286993123226317,3.6380850112967892e-06,0.0010334419760604958,0.0009167974228467909,0.0009079041134048514
2016-10-20,1.0752054652823807e-05,1.051583084807893e-05,1.0592735072096145e-05,2.362238047448773e-07,0.021970106217115603,1.051583084807893e-05,0.0027095177725115997,0.0026499893737158904,0.0026693692381682286
2016-10-21,8.788740473056033e-06,7.880622522603764e-06,7.947819397735063e-06,9.081179504522689e-07,0.1033274164721217,7.880622522603764e-06,0.0022147625992101202,0.0019859168756961483,0.0020028504882292357
2016-10-24,2.6715532508113692e-05,2.6936343853225418e-05,1.8722420046322447e-05,0.0,0.0,2.6936343853225418e-05,0.006732314192044651,0.0067879586510128055,0.004718049851673256
2016-10-25,0.00022696948575050312,0.0002186172917857854,0.00011941326857904634,8.352193964717732e-06,0.036798752485610126,0.0002186172917857854,0.05719631040912679,0.05509155753001792,0.030092143681919675
2016-10-26,0.0007039842776642507,0.0006708782967564769,0.0006136618512515848,3.3105980907773805e-05,0.04702659123381213,0.0006708782967564769,0.17740403797139118,0.16906133078263216,0.15464278651539937
2016-10-27,6.794017671108835e-05,6.840702796152667e-05,5.8728629441143634e-05,0.0,0.0,6.840702796152667e-05,0.017120924531194265,0.01723857104630472,0.014799614619168195
2016-10-28,1.9011782179392753e-05,1.6993431172187765e-05,1.616697227929395e-05,2.0183510072049878e-06,0.10616316145414063,1.6993431172187765e-05,0.004790969109206973,0.004282344655391317,0.004074077014382075
2016-10-31,8.86653796746223e-07,8.459608533459022e-07,6.060035290253624e-07,4.0692943400320805e-08,0.04589491146910005,8.459608533459022e-07,0.0002234367567800482,0.00021318213504316737,0.00015271288931439133
2016-11-01,0.005985185720507762,0.00631896581976728,0.0075715305817204434,0.0,0.0,0.00631896581976728,1.508266801567956,1.5923793865813547,1.9080257065935518
2016-11-02,4.427628897917581e-06,3.929789364412831e-06,4.703180779379279e-06,4.978395335047502e-07,0.11243928354059038,3.929789364412831e-06,0.0011157624822752306,0.0009903069198320335,0.0011852015564035785
2016-11-03,0.16740962127771972,0.18302128131018433,0.2188672335826241,0.0,0.0,0.18302128131018433,42.18722456198537,46.12136289016645,55.15454286282127
2016-11-04,0.00034664580953732425,0.00038623839112791175,0.00022767972183373807,0.0,0.0,0.00038623839112791175,0.0873547440034057,0.09733207456423376,0.05737528990210199
2016-11-07,0.019202581391141397,0.01786919963053912,0.011885674247641953,0.0013333817606022771,0.0694376309816325,0.01786919963053912,4.839050510567632,4.503038306895858,2.995189910405772
2016-11-08,0.00011220570917301994,0.00011091654685108093,6.416030694267724e-05,1.2891623219390058e-06,0.011489275545345528,0.00011091654685108093,0.028275838711601026,0.027950969806472395,0.016168397349554664
2016-11-09,0.0003032549392807722,0.0002957720587423413,0.00024521328042631583,7.48288053843086e-06,0.02467521396849379,0.0002957720587423413,0.0764202446987546,0.07453455880307001,0.06179374666743159
2016-11-10,0.0019582285887393175,0.0019144847549458213,0.0009961115829392813,4.374383379349622e-05,0.02233847162823798,0.0019144847549458213,0.493473604362308,0.48245015824634696,0.25102011890069886
2016-11-11,0.00026860463673251386,0.00029671029785155933,0.0002192185154836152,0.0,0.0,0.00029671029785155933,0.0676883684565935,0.07477099505859296,0.05524306590187103
2016-11-14,0.004417924859529067,0.004740052300426524,0.00365741558157204,0.0,0.0,0.004740052300426524,1.1133170646013248,1.194493179707484,0.9216687265561541
2016-11-15,0.000504228457698261,0.00046081901042131453,0.0004999675580320354,4.3409447276946496e-05,0.08609083150327192,0.00046081901042131453,0.12706557133996177,0.11612639062617126,0.12599182462407293
2016-11-16,0.013421809587267089,0.014623592218706755,0.01641436557306283,0.0,0.0,0.014623592218706755,3.3822960159913062,3.685145239114102,4.136420124411833
2016-11-17,1.0732088516559372e-07,1.1391660389657419e-07,5.725356850907913e-08,0.0,0.0,1.1391660389657419e-07,2.7044863061729618e-05,2.8706984181936695e-05,1.442789926428794e-05
2016-11-18,1.5575351899832754e-06,1.417812405130372e-06,1.0426406865228493e-06,1.397227848529035e-07,0.08970756875601318,1.417812405130372e-06,0.0003924988678757854,0.00035728872609285374,0.00026274545300375803
2016-11-21,0.00025374186232632193,0.00024763888406834756,0.00029397048540501735,6.1029782579743726e-06,0.024051917086009983,0.00024763888406834756,0.06394294930623312,0.062404998785223584,0.07408056232206438
2016-11-22,4.712196605567249e-07,4.5132649566296316e-07,7.102788353638163e-07,1.9893164893761734e-08,0.04221624083769779,4.5132649566296316e-07,0.00011874735446029467,0.00011373427690706671,0.00017899026651168172
2016-11-23,2.6714202076125478e-05,2.535274190912136e-05,3.522219978554474e-05,1.361460167004117e-06,0.05096390721910982,2.535274190912136e-05,0.00673197892318362,0.006388890961098583,0.008875994345957275
2016-11-25,0.0002435159278236063,0.00023715379141825345,0.00028604777502787694,6.362136405352851e-06,0.02612616117593417,0.00023715379141825345,0.06136601381154879,0.05976275543739987,0.07208403930702499
2016-11-28,5.538966043661893e-06,5.080902304006386e-06,7.029921982997875e-06,4.5806373965550755e-07,0.08269840496336928,5.080902304006386e-06,0.0013958194430027972,0.0012803873806096092,0.0017715403397154644
2016-11-29,6.29884938211867e-07,6.488511256432495e-07,3.8200688763942517e-07,0.0,0.0,6.488511256432495e-07,0.00015873100442939048,0.00016351048366209888,9.626573568513514e-05
2016-11-30,0.00019872546523998076,0.00016386260698542855,0.00017053466840741976,3.4862858254552204e-05,0.17543226298159412,0.00016386260698542855,0.05007881724047515,0.041293376960328,0.04297473643866978
2016-12-01,0.00019131300610352044,0.00018865773126413467,0.000157456413531516,2.655274839385768e-06,0.013879217516815182,0.00018865773126413467,0.04821087753808715,0.04754174827856194,0.03967901620994203
2016-12-02,3.3583660390620647e-06,3.51063969078451e-06,5.878263105829012e-06,0.0,0.0,3.51063969078451e-06,0.0008463082418436403,0.0008846812020776966,0.001481322302668911
2016-12-05,0.0007123958115811531,0.000591717677525062,0.0009829895779329726,0.00012067813405609114,0.16939759039128827,0.000591717677525062,0.17952374451845057,0.1491128547363156,0.24771337363910909
2016-12-06,4.104528392790337e-05,4.589999228549098e-05,4.905236449367331e-05,0.0,0.0,4.589999228549098e-05,0.01034341154983165,0.011566798055943727,0.012361195852405674
2016-12-07,0.0002875635228427961,0.00025331123035907994,0.0002841391881536497,3.4252292483716144e-05,0.11911209052522612,0.00025331123035907994,0.07246600775638462,0.06383443005048814,0.07160307541471973
2016-12-08,0.00026829156075042215,0.00026827131080416983,0.00024046052574928662,2.0249946252324288e-08,7.54773878097656e-05,0.00026827131080416983,0.06760947330910638,0.06760437032265079,0.06059605248882023
2016-12-09,0.42156200206544525,0.36089827408433933,0.2928123713253548,0.06066372798110592,0.14390226748079704,0.36089827408433933,106.2336245204922,90.94636506925352,73.78871757398942
2016-12-12,2.603684687215438e-05,2.5047035509196355e-05,3.0270091351097534e-05,9.898113629580245e-07,0.03801579084450533,2.5047035509196355e-05,0.006561285411782904,0.006311852948317482,0.007628063020476579
2016-12-13,0.0008402176373624705,0.0008525437228982952,0.0008114950343442492,0.0,0.0,0.0008525437228982952,0.21173484461534256,0.2148410181703704,0.2044967486547508
2016-12-14,0.0,0.0,0.0,0.0,0.0,0.0,0.0,0.0,0.0
2016-12-15,0.0025104418336824486,0.0021345001818393935,0.0032120130749720946,0.0003759416518430551,0.14975118986997316,0.0021345001818393935,0.632631342087977,0.5378940458235272,0.8094272948929678
2016-12-16,7.540743707219323e-07,7.138373132469324e-07,1.0151380545544877e-06,4.023705747499989e-08,0.05335946383778317,7.138373132469324e-07,0.00019002674142192693,0.00017988700293822697,0.0002558147897477309
2016-12-19,0.00018272084542611552,0.0001788527338082051,0.00021609046217358307,3.868111617910414e-06,0.02116951455494988,0.0001788527338082051,0.04604565304738111,0.045070888919667686,0.054454796467742934
2016-12-20,7.997377210438569e-05,7.543879620368494e-05,6.283086451804043e-05,4.534975900700753e-06,0.05670578896885958,7.543879620368494e-05,0.020153390570305196,0.019010576643328603,0.015833377858546188
2016-12-21,6.912456545446005e-07,7.303288000432731e-07,6.134978769324845e-07,0.0,0.0,7.303288000432731e-07,0.00017419390494523933,0.00018404285761090483,0.0001546014649869861
2016-12-22,6.878711087502958e-05,6.215185079749605e-05,7.975515229561699e-05,6.635260077533531e-06,0.09646080343638033,6.215185079749605e-05,0.017334351940507454,0.015662266400969006,0.020098298378495482
2016-12-23,0.003652799673104736,0.0035065488077737393,0.002019901111260577,0.00014625086533099664,0.04003801970521179,0.0035065488077737393,0.9205055176223935,0.8836502995589823,0.5090150800376654
2016-12-27,0.00031543627670436265,0.0002624887773338526,0.0005402478544868644,5.2947499370510024e-05,0.16785481922321624,0.0002624887773338526,0.07948994172949939,0.06614717188813087,0.13614245933068983
2016-12-28,1.917128475196122e-05,1.7869222624514988e-05,1.8666896225986037e-05,1.3020621274462323e-06,0.06791730843159706,1.7869222624514988e-05,0.004831163757494227,0.004503044101377777,0.004704057848948481
2016-12-29,3.4031464638227145e-05,3.0311500908058445e-05,3.734936679055436e-05,3.7199637301686996e-06,0.109309536348329,3.0311500908058445e-05,0.00857592908883324,0.007638498228830728,0.009412040431219699
2016-12-30,0.00013544574542331733,0.00012013010838389564,0.00018605939881230322,1.5315637039421687e-05,0.11307580668908375,0.00012013010838389564,0.03413232784667597,0.0302727873127417,0.04688696850070041
2017-01-03,4.518236363652441e-05,4.585415548509475e-05,3.174294499265384e-05,0.0,0.0,4.585415548509475e-05,0.011385955636404151,0.011555247182243877,0.007999222138148767
2017-01-04,3.440207475244932e-07,3.1312799898658124e-07,5.114332889240113e-07,3.0892748537911975e-08,0.08979882452260526,3.1312799898658124e-07,8.66932283761723e-05,7.890825574461847e-05,0.00012888118880885087
2017-01-05,7.84918850056825e-06,8.080909809582814e-06,8.827584815423014e-06,0.0,0.0,8.080909809582814e-06,0.001977995502143199,0.002036389272014869,0.0022245513734865997
2017-01-06,0.00014037513311470983,0.00013054608690115323,0.00013416844494247663,9.829046213556599e-06,0.07001985270072571,0.00013054608690115323,0.035374533544906876,0.032897613899090614,0.03381044812550411
2017-01-09,0.0010605757239075095,0.0010911176553663824,0.0006041279199048435,0.0,0.0,0.0010911176553663824,0.2672650824246924,0.27496164915232835,0.15224023581602056
2017-01-10,9.361355006722747e-07,8.760277876108382e-07,8.7590627173328e-07,6.010771306143656e-08,0.06420827840626976,8.760277876108382e-07,0.00023590614616941324,0.00022075900247793122,0.00022072838047678656
2017-01-11,2.056969387067694e-05,1.956824583839636e-05,1.8428124036231563e-05,1.0014480322805797e-06,0.04868560465173408,1.956824583839636e-05,0.005183562855410589,0.004931197951275883,0.004643887257130354
2017-01-12,9.542745931197946e-05,8.28769108144865e-05,0.00011575409977239727,1.2550548497492956e-05,0.1315192551123298,8.28769108144865e-05,0.024047719746618824,0.0208849815252506,0.029170033142644113
2017-01-13,0.00011666770188024944,0.0001163627230588448,0.00015877435563065078,3.049788214046418e-07,0.0026140809656437607,0.0001163627230588448,0.02940026087382286,0.02932340621082889,0.040011137618924
2017-01-17,4.202361804801021e-05,3.740844042859407e-05,4.673343467738095e-05,4.615177619416139e-06,0.10982342130370765,3.740844042859407e-05,0.010589951748098573,0.009426926988005705,0.011776825538699999
2017-01-18,1.664334350576396e-08,1.7830864668795006e-08,2.383293108827496e-08,0.0,0.0,1.7830864668795006e-08,4.194122563452518e-06,4.493377896536342e-06,6.00589863424529e-06
2017-01-19,8.399590369858369e-07,9.504248439034911e-07,5.746805318448393e-07,0.0,0.0,9.504248439034911e-07,0.0002116696773204309,0.00023950706066367978,0.00014481949402489952
2017-01-20,0.00015749187274896576,0.00015984149601856878,0.0001035632307078907,0.0,0.0,0.00015984149601856878,0.03968795193273937,0.04028005699667933,0.026097934138388457
2017-01-23,1.1133234642415385e-05,1.1348365070682664e-05,8.284434359461445e-06,0.0,0.0,1.1348365070682664e-05,0.002805575129888677,0.0028597879978120313,0.002087677458584284
2017-01-24,5.5720272913779495e-05,5.8276757064761144e-05,7.614712385902749e-05,0.0,0.0,5.8276757064761144e-05,0.014041508774272432,0.014685742780319809,0.019189075212474926
2017-01-25,0.00010808650417839468,0.00011705037544196174,0.00012633237038335097,0.0,0.0,0.00011705037544196174,0.02723779905295546,0.029496694611374358,0.031835757336604445
2017-01-26,3.1617543777837217e-07,3.299894970729257e-07,2.790422401627664e-07,0.0,0.0,3.299894970729257e-07,7.967621032014979e-05,8.315735326237728e-05,7.031864452101714e-05
2017-01-27,6.889065393249377e-09,7.039188063892406e-09,6.673871969879187e-09,0.0,0.0,7.039188063892406e-09,1.736044479098843e-06,1.7738753921008865e-06,1.681815736409555e-06
2017-01-30,1.3975936234667601e-05,1.4882418089378774e-05,1.675344596989764e-05,0.0,0.0,1.4882418089378774e-05,0.0035219359311362353,0.003750369358523451,0.004221868384414205
2017-01-31,1.9755663909224663e-06,1.9382763969166676e-06,2.6000196756625187e-06,3.728999400579875e-08,0.018875586921075195,1.9382763969166676e-06,0.0004978427305124615,0.0004884456520230003,0.0006552049582669547
2017-02-01,0.0490980748125831,0.05018060015855981,0.05491071635409934,0.0,0.0,0.05018060015855981,12.372714852770942,12.645511239957072,13.837500521233034
2017-02-02,1.1279235979911884e-06,9.119993834310056e-07,1.0453028313189358e-06,2.1592421456018278e-07,0.19143497264333056,9.119993834310056e-07,0.0002842367466937795,0.00022982384462461343,0.0002634163134923718
2017-02-03,1.7817038891330537e-05,1.6201783770719986e-05,2.262657607492482e-05,1.615255120610551e-06,0.09065788315355942,1.6201783770719986e-05,0.004489893800615295,0.004082849510221437,0.005701897170881055
2017-02-06,8.535854388906184e-05,7.088744965870556e-05,0.00016163856006850942,1.4471094230356283e-05,0.16953304732600546,7.088744965870556e-05,0.021510353060043584,0.0178636373139938,0.040732917137264374
2017-02-07,2.6741123190664162e-05,2.5687907367844326e-05,2.3850910853646597e-05,1.053215822819836e-06,0.03938562250825393,2.5687907367844326e-05,0.006738763044047369,0.00647335265669677,0.0060104295351189425
2017-02-08,0.008717849892591377,0.008739752658765969,0.00875541389946831,0.0,0.0,0.008739752658765969,2.196898172933027,2.2024176700090243,2.2063643026660142
2017-02-09,5.602758021412046e-05,5.321569691125157e-05,6.843002356658245e-05,2.811883302868888e-06,0.05018748341326249,5.321569691125157e-05,0.014118950213958356,0.013410355621635396,0.017244365938778778
2017-02-10,0.0005827433303351327,0.0005697905103361351,0.0004032578996333249,1.2952819998997517e-05,0.022227315702302592,0.0005697905103361351,0.14685131924445344,0.14358720860470606,0.10162099070759788
2017-02-13,1.1584571734628756e-05,1.0135324745654616e-05,1.4132804185127211e-05,1.4492469889741398e-06,0.12510146227853805,1.0135324745654616e-05,0.0029193120771264466,0.0025541018359049633,0.0035614666546520575
2017-02-14,0.005643154486755745,0.0056546251003270695,0.00479389997603401,0.0,0.0,0.0056546251003270695,1.4220749306624478,1.4249655252824216,1.2080627939605704
2017-02-15,0.006342707172292468,0.006289958336367592,0.007059934264334267,5.2748835924876225e-05,0.008316454549090363,0.006289958336367592,1.598362207417702,1.5850695007646332,1.7791034346122352
2017-02-16,3.0268963539793107e-06,3.240917651657757e-06,4.1078375864314935e-06,0.0,0.0,3.240917651657757e-06,0.0007627778812027863,0.0008167112482177547,0.0010351750717807365
2017-02-17,1.691110012293334e-05,1.6165046423193064e-05,1.6293513565792958e-05,7.460536997402748e-07,0.04411621066640911,1.6165046423193064e-05,0.004261597230979202,0.004073591698644652,0.004105965418579826
2017-02-21,8.647006427342278e-05,8.922793279401489e-05,0.00010817196847016709,0.0,0.0,8.922793279401489e-05,0.021790456196902543,0.022485439064091752,0.02725933605448211
2017-02-22,0.0003189470956444915,0.00033613672337251885,0.0003292796143911901,0.0,0.0,0.00033613672337251885,0.08037466810241185,0.08470645428987475,0.0829784628265799
2017-02-23,0.0011579784180808913,0.0009990248054314516,0.0014573770296118255,0.00015895361264943973,0.13726819950202881,0.0009990248054314516,0.2918105613563846,0.25175425096872583,0.36725901146218004
2017-02-24,8.684829805361426e-07,7.90253637911287e-07,7.714150139521867e-07,7.822934262485565e-08,0.0900757462176357,7.90253637911287e-07,0.00021885771109510794,0.0001991439167536443,0.00019439658351595103
2017-02-27,1.1792037510914994e-05,1.1576417478090222e-05,1.8227848246672254e-05,2.1562003282477285e-07,0.018285221221520754,1.1576417478090222e-05,0.0029715934527505786,0.002917257204478736,0.004593417758161408
2017-02-28,1.3813170457868984e-06,1.4222368249903133e-06,1.961167482627024e-06,0.0,0.0,1.4222368249903133e-06,0.0003480918955382984,0.00035840367989755897,0.0004942142056220101
2017-03-01,0.0001969942444094231,0.0001660030958280807,0.00010164718977519595,3.0991148581342395e-05,0.1573200705276031,0.0001660030958280807,0.04964254959117462,0.041832780148676335,0.025615091823349378
2017-03-02,7.118697507281504e-05,5.117372434062937e-05,6.619242835054986e-05,2.001325073218567e-05,0.2811364077568727,5.117372434062937e-05,0.01793911771834939,0.012895778533838602,0.016680491944338564
2017-03-03,7.856056190826333e-05,6.533386086289894e-05,4.2304240686558134e-05,1.322670104536439e-05,0.16836311446507152,6.533386086289894e-05,0.01979726160088236,0.016464132937450533,0.010660668653012649
2017-03-06,0.0008173953482685417,0.0008019461501541853,0.00039122663095818186,1.5449198114356362e-05,0.01890052118375925,0.0008019461501541853,0.2059836277636725,0.2020904298388547,0.09858911100146182
2017-03-07,6.216198114290757e-06,5.7116289279569e-06,5.2630505717848734e-06,5.045691863338572e-07,0.08117004894097998,5.7116289279569e-06,0.0015664819248012707,0.0014393304898451388,0.0013262887440897882
2017-03-08,5.8731768068667755e-06,5.035183098584439e-06,6.208480900200833e-06,8.379937082823363e-07,0.14268148110594822,5.035183098584439e-06,0.0014800405553304274,0.0012688661408432787,0.0015645371868506098
2017-03-09,1.0458063566527555e-06,8.561116551515185e-07,1.3494473729531395e-06,1.8969470150123705e-07,0.18138589319966153,8.561116551515185e-07,0.0002635432018764944,0.00021574013709818265,0.00034006073798419117
2017-03-10,8.284933334236573e-05,8.70406983658817e-05,5.686189658317766e-05,0.0,0.0,8.70406983658817e-05,0.020878032002276163,0.02193425598820219,0.01432919793896077
2017-03-13,1.2825222085723487e-06,1.2317706310036965e-06,9.386838455486974e-07,5.0751577568652185e-08,0.0395716640676988,1.2317706310036965e-06,0.0003231955965602319,0.0003104061990129315,0.00023654832907827174
2017-03-14,0.002825182681838436,0.0027017215781019828,0.0015001033753177942,0.00012346110373645308,0.04370021963054538,0.0027017215781019828,0.7119460358232859,0.6808338376816997,0.37802605058008415
2017-03-15,0.0004165797053188536,0.0003985396320364009,0.0005053276283692187,1.804007328245268e-05,0.04330521388539426,0.0003985396320364009,0.10497808574035111,0.10043198727317303,0.12734256234904312
2017-03-16,1.7106576867074083e-06,1.7658952449062448e-06,1.8063465648089712e-06,0.0,0.0,1.7658952449062448e-06,0.0004310857370502669,0.00044500560171637367,0.00045519933433186074
2017-03-17,1.4854324000969899e-05,1.4439293986151319e-05,1.1881261921755867e-05,4.150300148185795e-07,0.027940011733382737,1.4439293986151319e-05,0.003743289648244414,0.0036387020845101326,0.0029940780042824787
2017-03-20,0.0011130230249887293,0.0010007818123204575,0.0017207500244655345,0.00011224121266827179,0.10084356751610309,0.0010007818123204575,0.2804818022971598,0.2521970167047553,0.4336290061653147
2017-03-21,0.0007655996681618289,0.0008279272508315629,0.0009483154247418265,0.0,0.0,0.0008279272508315629,0.19293111637678087,0.20863766720955385,0.2389754870349403
2017-03-22,0.00015014038327646506,0.00016223000650305796,0.00014959348033737288,0.0,0.0,0.00016223000650305796,0.0378353765856692,0.04088196163877061,0.03769755704501797
2017-03-23,4.484243759894246e-06,4.483015817448191e-06,4.0796743183448545e-06,1.2279424460551907e-09,0.00027383483993504175,4.483015817448191e-06,0.00113002942749335,0.001129719985996944,0.0010280779282229033
2017-03-24,1.7533476124551734e-06,1.75653662406759e-06,1.2482011137482559e-06,0.0,0.0,1.75653662406759e-06,0.0004418435983387037,0.0004426472292650327,0.0003145466806645605
2017-03-27,4.520336418799892e-06,4.4799040558665715e-06,4.029783608478222e-06,4.043236293332013e-08,0.00894454532645365,4.4799040558665715e-06,0.0011391247775375728,0.001128935822078376,0.0010155054693365118
2017-03-28,0.00020648969252596888,0.00020829026359415242,0.00035064368952014436,0.0,0.0,0.00020829026359415242,0.052035402516544156,0.05248914642572641,0.08836220975907638
2017-03-29,2.8574382911631267e-05,2.8104913079345565e-05,2.5863448253520436e-05,4.6946983228570184e-07,0.016429744688024685,2.8104913079345565e-05,0.00720074449373108,0.0070824380959950825,0.00651758895988715
2017-03-30,3.367454122566628e-07,3.736762827509847e-07,4.715124353958037e-07,0.0,0.0,3.736762827509847e-07,8.485984388867902e-05,9.416642325324814e-05,0.00011882113371974253
2017-03-31,1.5263474306444458e-05,1.2925919060569228e-05,1.8537518346140023e-05,2.3375552458752294e-06,0.15314698644602126,1.2925919060569228e-05,0.0038463955252240035,0.0032573316032634457,0.004671454623227286
2017-04-03,9.684395571526139e-07,9.170202955835561e-07,1.202754115333091e-06,5.141926156905774e-08,0.05309490726022404,9.170202955835561e-07,0.0002440467684024587,0.00023108911448705614,0.00030309403706393895
2017-04-04,6.697793141227125e-05,6.311523333748685e-05,8.406360680089997e-05,3.862698074784404e-06,0.057671205062112464,6.311523333748685e-05,0.016878438715892355,0.015905038801046684,0.021184028913826793
2017-04-05,3.258190601973007e-05,3.290060962092935e-05,2.4436596468668427e-05,0.0,0.0,3.290060962092935e-05,0.008210640316971978,0.008290953624474197,0.006158022310104444
2017-04-06,0.00034827635538903315,0.0003549791300045787,0.0003922216717518889,0.0,0.0,0.0003549791300045787,0.08776564155803636,0.08945474076115384,0.09883986128147601
2017-04-07,0.0025404707074371574,0.002414198230985184,0.0031566657485397817,0.00012627247645197355,0.049704362279246135,0.002414198230985184,0.6401986182741637,0.6083779542082663,0.795479768632025
2017-04-10,8.977057639724349e-06,9.222496726516184e-06,8.73960698427867e-06,0.0,0.0,9.222496726516184e-06,0.002262218525210536,0.0023240691750820784,0.0022023809600382246
2017-04-11,0.00047504232482264747,0.0005483489678345655,0.0004511491781245054,0.0,0.0,0.0005483489678345655,0.11971066585530717,0.1381839398943105,0.11368959288737536
2017-04-12,0.0001397381433961471,0.00014471582224614336,0.00017632098034415524,0.0,0.0,0.00014471582224614336,0.035214012135829066,0.03646838720602813,0.04443288704672712
2017-04-13,2.6465599371795615e-05,2.4224064011090252e-05,2.2678154619801343e-05,2.2415353607053633e-06,0.08469618407350271,2.4224064011090252e-05,0.0066693310416924955,0.0061044641307947435,0.005714894964189939
2017-04-17,6.327114518579105e-05,5.1453560264195494e-05,8.06262270042046e-05,1.181758492159556e-05,0.18677684274746809,5.1453560264195494e-05,0.015944328586819347,0.012966297186577264,0.02031780920505956
2017-04-18,1.2885295741757545e-05,1.084925468985875e-05,6.320782234975321e-06,2.036041051898794e-06,0.15801274062246234,1.084925468985875e-05,0.0032470945269229014,0.002734012181844405,0.001592837123213781
2017-04-19,0.0006323514831311212,0.0007670735173145259,0.0003779813088099034,0.0,0.0,0.0007670735173145259,0.15935257374904255,0.19330252636326054,0.09525128982009565
2017-04-20,0.0002764885557497058,0.0002525054170476636,0.0003776942136660226,2.3983138702042192e-05,0.08674188539293938,0.0002525054170476636,0.06967511604892586,0.06363136509601122,0.0951789418438377
2017-04-21,2.9471165389953113e-06,2.7759207899638925e-06,1.927043477627494e-06,1.7119574903141887e-07,0.05808921658746616,2.7759207899638925e-06,0.0007426733678268185,0.0006995320390709009,0.0004856149563621285
2017-04-24,0.0001278354833938935,0.0001246539404064327,0.00015513019453788904,3.1815429874607894e-06,0.024887792325780613,0.0001246539404064327,0.032214541815261157,0.03141279298242104,0.03909280902354804
2017-04-25,2.218942963743754e-05,2.4600952120386932e-05,2.705564429550502e-05,0.0,0.0,2.4600952120386932e-05,0.00559173626863426,0.006199439934337507,0.006818022362467265
2017-04-26,8.325846520154056e-06,8.56434885220319e-06,1.2671415185192215e-05,0.0,0.0,8.56434885220319e-06,0.002098113323078822,0.002158215910755204,0.003193196626668438
2017-04-27,6.010492129752303e-07,5.826725376233471e-07,6.08509720001942e-07,1.8376675351883207e-08,0.030574276416803336,5.826725376233471e-07,0.00015146440166975803,0.00014683347948108347,0.00015334444944048938
2017-04-28,1.3415661096049932e-05,1.2736950060105478e-05,8.159450319525873e-06,6.787110359444539e-07,0.05059094594699814,1.2736950060105478e-05,0.003380746596204583,0.0032097114151465804,0.00205618148052052
2017-05-01,0.0031320573476258475,0.003173334153750256,0.0031852120948350567,0.0,0.0,0.003173334153750256,0.7892784516017136,0.7996802067450645,0.8026734478984343
2017-05-02,0.00048113226151247937,0.000546070608239196,0.0004050917027726227,0.0,0.0,0.000546070608239196,0.1212453299011448,0.1376097932762774,0.10208310909870093
2017-05-03,8.169225310555655e-06,7.771163462043776e-06,1.0415365180156653e-05,3.980618485118791e-07,0.04872699486823297,7.771163462043776e-06,0.002058644778260025,0.0019583331924350315,0.0026246720253994766
2017-05-04,3.0390914530426552e-05,3.250382260633882e-05,3.545059419207695e-05,0.0,0.0,3.250382260633882e-05,0.007658510461667491,0.008190963296797383,0.008933549736403392
2017-05-05,5.5718103220224845e-05,4.953785856491035e-05,8.8589833998515e-05,6.180244655314493e-06,0.11091986602572088,4.953785856491035e-05,0.014040962011496662,0.01248354035835741,0.02232463816762578
2017-05-08,0.000522258575505367,0.0004759247707363244,0.0010232180905880696,4.633380476904266e-05,0.08871813092870579,0.0004759247707363244,0.13160916102735248,0.11993304222555375,0.25785095882819353
2017-05-09,5.380478476655402e-05,5.478490625376325e-05,3.255703174273213e-05,0.0,0.0,5.478490625376325e-05,0.013558805761171614,0.013805796375948339,0.008204371999168496
2017-05-10,1.9478878794475096e-05,1.7849325239980474e-05,2.1962431214410554e-05,1.6295535544946218e-06,0.08365745729160572,1.7849325239980474e-05,0.004908677456207724,0.004498029960475079,0.00553453266603146
2017-05-11,0.00017417185465676944,0.00017260664274747054,0.00019786744009737047,1.5652119092988948e-06,0.008986594897302863,0.00017260664274747054,0.0438913073735059,0.04349687397236258,0.04986259490453736
2017-05-12,0.00027924247110764727,0.00032233206003535667,0.00011717509151491582,0.0,0.0,0.00032233206003535667,0.07036910271912711,0.08122767912890988,0.029528123061758785
2017-05-15,6.924854190155496e-05,7.406014319183131e-05,8.894881996159404e-05,0.0,0.0,7.406014319183131e-05,0.01745063255919185,0.01866315608434149,0.022415102630321697
2017-05-16,6.053747288667992e-06,6.495517640638091e-06,7.314798745111508e-06,0.0,0.0,6.495517640638091e-06,0.0015255443167443339,0.0016368704454407987,0.0018433292837681
2017-05-17,0.0004033818203232925,0.0004384272615637515,0.00028089138714894427,0.0,0.0,0.0004384272615637515,0.1016522187214697,0.11048366991406537,0.07078462956153396
2017-05-18,0.003928520734508077,0.0035309507713449295,0.004825855249263655,0.0003975699631631477,0.10120093285233221,0.0035309507713449295,0.9899872250960354,0.8897995943789222,1.2161155228144411
2017-05-19,3.1869629591690125e-05,3.3401616723354833e-05,3.336101258666836e-05,0.0,0.0,3.3401616723354833e-05,0.00803114665710591,0.008417207414285418,0.008406975171840428
2017-05-22,0.10016323076317954,0.08500983961916875,0.12550432537968184,0.015153391144010792,0.15128696457173343,0.08500983961916875,25.241134152321244,21.422479584030526,31.627089995679825
2017-05-23,3.959672136140982e-05,3.5341332062340575e-05,7.310211104921687e-05,4.255389299069244e-06,0.10746822073375603,3.5341332062340575e-05,0.009978373783075275,0.008906015679709825,0.01842173198440265
2017-05-24,0.00017427731213348876,0.00016925644627105348,0.00014667293054228955,5.020865862435275e-06,0.028809635472113987,0.00016925644627105348,0.04391788265763917,0.04265262446030548,0.03696157849665697
2017-05-25,0.00166729482273956,0.001596888836576281,0.0010844119623884046,7.040598616327902e-05,0.042227676329832355,0.001596888836576281,0.42015829533036914,0.4024159868172228,0.273271814521878
2017-05-26,0.00018021021583528095,0.00018164987820663793,0.0001405179615411001,0.0,0.0,0.00018164987820663793,0.0454129743904908,0.045775769308072756,0.035410526308357226
2017-05-30,3.340600402307511e-07,3.1260389093152894e-07,2.8983676655422745e-07,2.145614929922216e-08,0.06422822991990154,3.1260389093152894e-07,8.418313013814927e-05,7.877618051474529e-05,7.303886517166532e-05
2017-05-31,2.439141260246382e-05,2.3864410546827214e-05,1.8202007029124037e-05,5.27002055636606e-07,0.021606048104705688,2.3864410546827214e-05,0.0061466359758208826,0.006013831457800458,0.004586905771339258
2017-06-01,1.028986364081419e-05,1.0775748634471263e-05,9.347989396997946e-06,0.0,0.0,1.0775748634471263e-05,0.002593045637485176,0.0027154886558867584,0.0023556933280434824
2017-06-02,0.00034187233330508634,0.0003314369038219567,0.0002676956615841829,1.043542948312966e-05,0.030524346184201908,0.0003314369038219567,0.08615182799288176,0.08352209976313309,0.0674593067192141
2017-06-05,0.00033905641851305235,0.0003003926304870736,0.00019859886519554615,3.866378802597876e-05,0.11403349354513653,0.0003003926304870736,0.0854422174652892,0.07569894288274255,0.05004691402927763
2017-06-06,1.621535388362692e-05,1.808549483511176e-05,8.7929972498922e-06,0.0,0.0,1.808549483511176e-05,0.004086269178673984,0.004557544698448163,0.002215835306972834
2017-06-07,4.4258579016191956e-05,4.4300200547740537e-05,3.628756538457552e-05,0.0,0.0,4.4300200547740537e-05,0.011153161912080373,0.011163650538030616,0.009144466476913032
2017-06-08,7.243624977392215e-06,6.7606967136149e-06,7.2092560249157835e-06,4.829282637773151e-07,0.06666940911700339,6.7606967136149e-06,0.0018253934943028383,0.0017036955718309548,0.0018167325182787775
2017-06-09,0.1486078333783288,0.15094620485946666,0.16163264423438262,0.0,0.0,0.15094620485946666,37.44917401133886,38.0384436245856,40.73142634706442
2017-06-12,0.00018939847567146675,0.00019886594897234304,0.0002539681990926164,0.0,0.0,0.00019886594897234304,0.047728415869209624,0.050114219141030446,0.06399998617133933
2017-06-13,2.2028317820575674e-05,2.3730233569099234e-05,2.5842479102609166e-05,0.0,0.0,2.3730233569099234e-05,0.0055511360907850695,0.005980018859413007,0.0065123047338575095
2017-06-14,0.00043338818346874003,0.0004728688275854272,0.0005174544022321239,0.0,0.0,0.0004728688275854272,0.10921382223412249,0.11916294455152765,0.13039850936249522
2017-06-15,2.3503315178156636e-05,2.347091449437811e-05,3.8654306135924105e-05,3.24006837785274e-08,0.0013785579674343888,2.347091449437811e-05,0.0059228354248954725,0.005914670452583284,0.009740885146252874
2017-06-16,0.0002560717433193053,0.00023784010331450827,0.00033724999316276565,1.8231640004797052e-05,0.07119739061121615,0.00023784010331450827,0.06453007931646494,0.05993570603525609,0.08498699827701695
2017-06-19,0.00284998862163045,0.002601960294065066,0.0019912954944655936,0.00024802832756538407,0.08702783077655296,0.002601960294065066,0.7181971326508735,0.6556939941043967,0.5018064646053296
2017-06-20,0.0002652495332560682,0.0002733779514040369,0.00024020007178927636,0.0,0.0,0.0002733779514040369,0.06684288238052918,0.06889124375381729,0.06053041809089764
2017-06-21,0.00010930894836842054,0.0001033816411255254,0.00013651953417476823,5.927307242895147e-06,0.05422526954236331,0.0001033816411255254,0.027545854988841975,0.0260521735636324,0.03440292261204159
2017-06-22,3.704080374457395e-05,3.5980708598769726e-05,5.032273200056023e-05,1.0600951458042263e-06,0.02861965751323256,3.5980708598769726e-05,0.009334282543632636,0.009067138566889971,0.012681328464141177
2017-06-23,2.755405390190417e-05,2.7843877472109473e-05,3.064858515587342e-05,0.0,0.0,2.7843877472109473e-05,0.006943621583279851,0.007016657122971587,0.007723443459280101
2017-06-26,8.973633453150777e-06,8.063610222805194e-06,4.763513229029058e-06,9.10023230345583e-07,0.10141077565579466,8.063610222805194e-06,0.002261355630193996,0.0020320297761469088,0.0012004053337153226
2017-06-27,0.0005739209741543254,0.0005711869262857233,0.000797283212950228,2.734047868602099e-06,0.004763805448767442,0.0005711869262857233,0.14462808548689,0.14393910542400226,0.20091536966345744
2017-06-28,0.00015808477641992403,0.00014484237680955224,0.00010928139979805268,1.324239961037179e-05,0.0837677088616554,0.00014484237680955224,0.039837363657820854,0.036500278956007166,0.027538912749109277
2017-06-29,0.0010014029285548968,0.0009864506779635512,0.0006800777036302275,1.4952250591345568e-05,0.014931303025038622,0.0009864506779635512,0.252353537995834,0.2485855708468149,0.17137958131481734
2017-06-30,0.0006707136420707573,0.0006704948751530058,0.0005164676172260156,2.1876691775148983e-07,0.0003261703709349042,0.0006704948751530058,0.16901983780183086,0.16896470853855747,0.13014983954095594
2017-07-03,9.932172540029371e-05,8.598979278639771e-05,0.0001747625689578288,1.3331932613896007e-05,0.1342297712402287,8.598979278639771e-05,0.025029074800874015,0.02166942778217222,0.04404016737737286
2017-07-05,0.0011841877600018652,0.00113126513674322,0.0006356624011936316,5.2922623258645166e-05,0.04469107433931823,0.00113126513674322,0.29841531552047,0.28507881445929145,0.16018692510079519
2017-07-06,0.00017934734095541654,0.0002025225313058205,0.00016286540768996137,0.0,0.0,0.0002025225313058205,0.04519552992076497,0.051035677889066766,0.041042082737870265
2017-07-07,3.0327812369769513e-05,2.9256965903291695e-05,2.7998919029659505e-05,1.0708464664778178e-06,0.035309056192795875,2.9256965903291695e-05,0.0076426087171819175,0.007372755407629507,0.0070557275954741955
2017-07-10,1.9777198965078974e-05,2.3659324853806397e-05,1.1307876716872427e-05,0.0,0.0,2.3659324853806397e-05,0.004983854139199902,0.0059621498631592116,0.0028495849326518516
2017-07-11,5.4243783992509e-05,4.8431635999146486e-05,3.78770969538714e-05,5.81214799336251e-06,0.10714864374167771,4.8431635999146486e-05,0.013669433566112266,0.012204772271784915,0.009545028432375592
2017-07-12,7.376639478046028e-06,7.333839286767134e-06,7.189353501313374e-06,4.280019127889427e-08,0.005802125155248377,7.333839286767134e-06,0.0018589131484675991,0.0018481275002653176,0.0018117170823309702
2017-07-13,0.0021743003551703386,0.002073682284479795,0.001570156127658451,0.0001006180706905435,0.0462760677957875,0.002073682284479795,0.5479236895029254,0.5225679356889084,0.3956793441699296
2017-07-14,0.0065084085539647615,0.007027517275050041,0.007949548806220112,0.0,0.0,0.007027517275050041,1.6401189555991198,1.7709343533126105,2.0032862991674683
2017-07-17,0.0006272760377433615,0.000652607433488282,0.0007420970716648927,0.0,0.0,0.000652607433488282,0.1580735615113271,0.16445707323904707,0.18700846205955296
2017-07-18,9.425385928843013e-06,9.406258265938384e-06,1.2241626446010685e-05,1.912766290462878e-08,0.0020293769421916713,9.406258265938384e-06,0.0023751972540684394,0.002370377083016473,0.0030848898643946925
2017-07-19,0.001464709358774061,0.0013401866638788657,0.0016683628507338155,0.00012452269489519538,0.08501529266830359,0.0013401866638788657,0.3691067584110634,0.33772703929747416,0.4204274383849215
2017-07-20,0.003850274827981599,0.0032531638455998947,0.0034516988715223543,0.0005971109823817043,0.1550826912113286,0.0032531638455998947,0.970269256651363,0.8197972890911734,0.8698281156236333
2017-07-21,1.2376790174626812e-06,1.2806966396302017e-06,8.393430445937698e-07,0.0,0.0,1.2806966396302017e-06,0.00031189511240059563,0.0003227355531868108,0.00021151444723762998
2017-07-24,7.434273294205635e-05,8.558411063710534e-05,9.006405792945232e-05,0.0,0.0,8.558411063710534e-05,0.018734368701398198,0.021567195880550546,0.022696142598221985
2017-07-25,0.01575726247034115,0.017047527403098745,0.014819572276564111,0.0,0.0,0.017047527403098745,3.9708301425259696,4.295976905580884,3.734532213694156
2017-07-26,3.8101849773889086e-05,3.746796724348663e-05,3.773888144120503e-05,6.338825304024549e-07,0.01663652860760375,3.746796724348663e-05,0.009601666143020049,0.009441927745358632,0.009510198123183667
2017-07-27,0.003825560604513644,0.003274853998494974,0.0047499067161022625,0.0005507066060186699,0.1439544847949752,0.003274853998494974,0.9640412723374383,0.8252632076207335,1.1969764924577702
2017-07-28,0.01495693617221138,0.01446779152791102,0.018270534804207383,0.00048914464430036,0.03270353223653134,0.01446779152791102,3.7691479153972676,3.645883465033577,4.6041747706602605
2017-07-31,2.8827202910663478e-05,2.782989753354907e-05,4.2847481673906366e-05,9.97305377114408e-07,0.03459598024855593,2.782989753354907e-05,0.0072644551334871965,0.007013134178454366,0.010797565381824404
2017-08-01,4.137949706155362e-05,4.327892699431745e-05,6.097688527717268e-05,0.0,0.0,4.327892699431745e-05,0.010427633259511512,0.010906289602567997,0.015366175089847516
2017-08-02,0.0010678109416111746,0.0011763607169456524,0.001138542690098347,0.0,0.0,0.0011763607169456524,0.269088357286016,0.2964429006703044,0.28691275790478343
2017-08-03,0.0018173976586737738,0.0016852159687320933,0.0018222975553897818,0.0001321816899416805,0.07273129754409793,0.0016852159687320933,0.457984209985791,0.4246744241204875,0.459218983958225
2017-08-04,2.423398451603968e-05,2.3849230035193793e-05,1.8245683228938647e-05,3.8475448084588707e-07,0.015876648956121175,2.3849230035193793e-05,0.006106964098041999,0.0060100059688688355,0.0045979121736925395
2017-08-07,0.00014135613480019497,0.00013561195763851102,0.00014699939467695508,5.7441771616839415e-06,0.04063620676362617,0.00013561195763851102,0.03562174596964913,0.03417421332490478,0.03704384745859268
2017-08-08,3.924517381762536e-05,3.704199931710301e-05,5.031016802621219e-05,2.203174500522348e-06,0.05613873580027684,3.704199931710301e-05,0.00988978380204159,0.00933458382790996,0.012678162342605472
2017-08-09,0.0007934448583573208,0.0007838493516406689,0.0002942423102807577,9.595506716651866e-06,0.01209347644450566,0.0007838493516406689,0.19994810430604484,0.19753003661344856,0.07414906219075094
2017-08-10,0.015072953668522399,0.01292478588196273,0.008995332089171006,0.0021481677865596693,0.14251803818008657,0.01292478588196273,3.7983843244676447,3.2570460422546077,2.2668236864710933
2017-08-11,0.00018289508513338242,0.0001526364102469353,0.00015728949764667985,3.0258674886447123e-05,0.16544279852537955,0.0001526364102469353,0.04608956145361237,0.038464375382227696,0.03963695340696332
2017-08-14,0.0006113178891917419,0.0006132988013881516,0.0004496254444343534,0.0,0.0,0.0006132988013881516,0.15405210807631897,0.1545512979498142,0.11330561199745706
2017-08-15,0.00036889956919964234,0.0003389722270405779,0.0003514999850309544,2.992734215906444e-05,0.08112598814595598,0.0003389722270405779,0.09296269143830987,0.08542100121422563,0.0885779962278005
2017-08-16,7.810625930666701e-06,7.176133963644575e-06,5.741161651190156e-06,6.34491967022126e-07,0.08123444797125484,7.176133963644575e-06,0.0019682777345280088,0.001808385758838433,0.0014467727360999191
2017-08-17,0.0019094440368913064,0.0020619811029772895,0.000894128294602477,0.0,0.0,0.0020619811029772895,0.4811798972966092,0.519619237950277,0.2253203302398242
2017-08-18,1.56846140915742e-05,1.630526082507945e-05,1.3960417383262342e-05,0.0,0.0,1.630526082507945e-05,0.003952522751076698,0.004108925727920021,0.00351802518058211
2017-08-21,0.00036194005252583047,0.0003500845827792357,0.00026823468648914467,1.1855469746594773e-05,0.03275534064579202,0.0003500845827792357,0.09120889323650928,0.0882213148603674,0.06759514099526445
2017-08-22,0.00011970461377103056,0.00010842583939693567,0.00012397680637981072,1.1278774374094886e-05,0.09422171731364559,0.00010842583939693567,0.0301655626702997,0.02732331152802779,0.031242155207712303
2017-08-23,0.00017497236817062083,0.00018090865604873622,0.00016758361430502467,0.0,0.0,0.00018090865604873622,0.044093036778996446,0.045588981324281526,0.04223107080486622
2017-08-24,0.05509954609169231,0.05214943658564708,0.05648369800605022,0.002950109506045233,0.05354144843738553,0.05214943658564708,13.885085615106464,13.141658019583064,14.233891897524655
2017-08-25,7.4872300411059665e-06,7.2318022579597866e-06,8.344589204086615e-06,2.554277831461799e-07,0.03411511969429618,7.2318022579597866e-06,0.0018867819703587035,0.0018224141690058662,0.002102836479429827
2017-08-28,0.00031756946172921554,0.0003158915059876702,0.00029763980645851714,1.6779557415453174e-06,0.00528374399454167,0.0003158915059876702,0.08002750435576232,0.0796046595088929,0.07500523122754632
2017-08-29,0.00018473487965060657,0.0001583136358995774,0.00023175693023148823,2.6421243751029177e-05,0.14302249611972467,0.0001583136358995774,0.046553189671952856,0.0398950362466935,0.05840274641833503
2017-08-30,5.595701663044378e-06,5.1953076067219566e-06,5.13470318413758e-06,4.0039405632242145e-07,0.071553847735109,5.1953076067219566e-06,0.0014101168190871832,0.0013092175168939331,0.0012939452024026703
2017-08-31,3.108356681246076e-05,3.370222270135298e-05,4.3309037551869676e-05,0.0,0.0,3.370222270135298e-05,0.007833058836740112,0.008492960120740951,0.010913877463071158
2017-09-01,4.794021391672225e-06,4.6572374283362466e-06,3.2375544070453493e-06,1.3678396333597865e-07,0.028532191166563657,4.6572374283362466e-06,0.0012080933907014008,0.0011736238319407341,0.000815863710575428
2017-09-05,0.00047781733838844266,0.0005277669308105303,0.0005943240105132119,0.0,0.0,0.0005277669308105303,0.12040996927388754,0.13299726656425362,0.1497696506493294
2017-09-06,3.0753068146570587e-06,2.8217293249264403e-06,1.6255158769324873e-06,2.535774897306184e-07,0.08245597026810013,2.8217293249264403e-06,0.0007749773172935788,0.0007110757898814629,0.00040963000098698677
2017-09-07,0.00033920980423044524,0.0003594533300774467,0.0004760996811295011,0.0,0.0,0.0003594533300774467,0.0854808706660722,0.09058223917951656,0.11997711964463428
2017-09-08,0.0003587667946667394,0.0003452529340748024,0.0004549656163865908,1.3513860591937005e-05,0.03766753432915266,0.0003452529340748024,0.09040923225601834,0.08700373938685022,0.11465133532942089
2017-09-11,0.011482978080097376,0.010206901383833174,0.00829170665000549,0.0012760766962642018,0.1111276784865423,0.010206901383833174,2.893710476184539,2.57213914872596,2.0895100758013836
2017-09-12,2.0833805277838757e-05,1.9422750101589072e-05,2.040755587792525e-05,1.411055176249685e-06,0.0677291109186633,1.9422750101589072e-05,0.005250118930015367,0.004894533025600447,0.0051427040812371625
2017-09-13,7.945619653545128e-05,7.367955051192421e-05,6.289558351974243e-05,5.776646023527066e-06,0.07270227122245157,7.367955051192421e-05,0.02002296152693372,0.0185672467290049,0.01584968704697509
2017-09-14,3.588484321728177e-05,3.764180898264492e-05,2.100958183131758e-05,0.0,0.0,3.764180898264492e-05,0.009042980490755005,0.00948573586362652,0.0052944146214920305
2017-09-15,7.388584237341408e-05,7.38752759770399e-05,4.646760421445152e-05,1.056639637417344e-08,0.00014300975520806583,7.38752759770399e-05,0.018619232278100348,0.018616569546214056,0.011709836262041782
2017-09-18,0.0003945532066771527,0.0004088096798651435,0.0005049080747075623,0.0,0.0,0.0004088096798651435,0.09942740808264247,0.10302003932601617,0.12723683482630568
2017-09-19,4.059781017192389e-08,4.38794120140334e-08,6.368474429047231e-08,0.0,0.0,4.38794120140334e-08,1.023064816332482e-05,1.1057611827536418e-05,1.604855556119902e-05
2017-09-20,9.224983113310028e-05,8.940396061288713e-05,0.00010171588711312521,2.8458705202131558e-06,0.030849601071436805,8.940396061288713e-05,0.02324695744554127,0.022529798074447556,0.02563240355250755
2017-09-21,0.005154058550173874,0.004733115566553884,0.006030251893581062,0.0004209429836199898,0.08167213845952856,0.004733115566553884,1.2988227546438162,1.1927451227715788,1.5196234771824275
2017-09-22,0.00023229772290893035,0.00020503079733075742,0.0004073453672553206,2.7266925578172936e-05,0.11737921973296053,0.00020503079733075742,0.05853902617305045,0.05166776092735087,0.10265103254834079
2017-09-25,0.16738408719584008,0.15748817880460933,0.16801985910975697,0.009895908391230751,0.059120962792558504,0.15748817880460933,42.1807899733517,39.68702105876155,42.34100449565876
2017-09-26,8.442923666176877e-05,8.559813340243496e-05,6.89537265037822e-05,0.0,0.0,8.559813340243496e-05,0.02127616763876573,0.02157072961741361,0.017376339078953112
2017-09-27,2.3178524314938302e-05,2.1253059666750325e-05,2.6293665940872068e-05,1.925464648187977e-06,0.08307105918196774,2.1253059666750325e-05,0.005840988127364452,0.005355771036021082,0.006626003817099761
2017-09-28,0.0007695861212606921,0.0007920871555842413,0.0005996149691787279,0.0,0.0,0.0007920871555842413,0.1939357025576944,0.1996059632072288,0.15110297223303942
2017-09-29,6.606127509798274e-05,7.129448891076699e-05,4.387987934851872e-05,0.0,0.0,7.129448891076699e-05,0.01664744132469165,0.01796621120551328,0.011057729595826718
2017-10-02,0.004157547890249909,0.00409949809032104,0.002173401566625607,5.8049799928868925e-05,0.013962509019088427,0.00409949809032104,1.047702068342977,1.033073518760902,0.547697194789653
2017-10-03,7.072956216130804e-05,7.130944157214119e-05,4.297541628692755e-05,0.0,0.0,7.130944157214119e-05,0.017823849664649626,0.01796997927617958,0.010829804904305743
2017-10-04,3.4335986929058696e-05,3.558722500029314e-05,2.8215681680829602e-05,0.0,0.0,3.558722500029314e-05,0.008652668706122791,0.00896798070007387,0.0071103517835690595
2017-10-05,2.797195319706716e-05,2.607087569162696e-05,3.962619450558774e-05,1.9010775054401974e-06,0.06796370007067737,2.607087569162696e-05,0.007048932205660924,0.006569860674289994,0.00998580101540811
2017-10-06,2.1459832526415128e-06,1.9631548130887673e-06,2.505539415537108e-06,1.8282843955274544e-07,0.08519561097789984,1.9631548130887673e-06,0.0005407877796656612,0.0004947150128983694,0.0006313959327153512
2017-10-09,2.2964772207187e-06,2.3129175434707175e-06,3.062891617982255e-06,0.0,0.0,2.3129175434707175e-06,0.0005787122596211125,0.0005828552209546208,0.0007718486877315282
2017-10-10,9.050942633806998e-08,1.0318655836906039e-07,6.791995716699049e-08,0.0,0.0,1.0318655836906039e-07,2.2808375437193635e-05,2.6003012709003217e-05,1.7115829206081604e-05
2017-10-11,2.6524099274134698e-05,2.4572811131274982e-05,3.446930936230114e-05,1.9512881428597162e-06,0.0735666100901654,2.4572811131274982e-05,0.006684073017081944,0.006192348405081295,0.008686265959299888
2017-10-12,7.808416499239413e-05,6.817567283641488e-05,5.0421793649945016e-05,9.908492155979247e-06,0.1268950244911932,6.817567283641488e-05,0.019677209578083322,0.01718026955477655,0.012706291999786144
2017-10-13,1.3277839545965032e-05,1.2518289038788532e-05,1.1670812393903675e-05,7.595505071765001e-07,0.05720437028499472,1.2518289038788532e-05,0.0033460155655831883,0.00315460883777471,0.002941044723263726
2017-10-16,0.0005189253397031122,0.0005644683765697658,0.0005152154586528276,0.0,0.0,0.0005644683765697658,0.13076918560518427,0.14224603089558097,0.12983429558051254
2017-10-17,3.045986733149407e-05,2.5968961550896813e-05,4.488265422259271e-05,4.490905780597258e-06,0.1474368087124616,2.5968961550896813e-05,0.007675886567536506,0.006544178310825997,0.011310428864093362
2017-10-18,4.099845835745662e-05,4.12566039593587e-05,2.759182166170244e-05,0.0,0.0,4.12566039593587e-05,0.010331611506079069,0.010396664197758393,0.006953139058749015
2017-10-19,0.0036468144563564665,0.003497947287718468,0.0027553135268446765,0.00014886716863799854,0.04082115237250393,0.003497947287718468,0.9189972430018295,0.8814827165050539,0.6943390087648584
2017-10-20,5.435960413258606e-05,5.427914157140897e-05,4.6642034170437094e-05,8.046256117709124e-08,0.0014801903174395516,5.427914157140897e-05,0.013698620241411687,0.01367834367599506,0.011753792610950147
2017-10-23,2.384653669121101e-06,2.4092328570326326e-06,2.0082401668164706e-06,0.0,0.0,2.4092328570326326e-06,0.0006009327246185174,0.0006071266799722234,0.0005060765220377506
2017-10-24,0.006196329849889051,0.006147829356950614,0.006827841862900281,4.8500492938437396e-05,0.007827293592428513,0.006147829356950614,1.5614751221720409,1.5492529979515546,1.7206161494508707
2017-10-25,1.0964685801667927e-05,1.0540137108156862e-05,1.5863794650114595e-05,4.245486935110652e-07,0.038719637066740815,1.0540137108156862e-05,0.0027631008220203174,0.0026561145512555293,0.0039976762518288775
2017-10-26,0.0014282544064604164,0.0014181523831451749,0.0017265016078147908,1.0102023315241562e-05,0.007072985920767436,0.0014181523831451749,0.35992011042802496,0.35737440055258407,0.4350784051693273
2017-10-27,0.00491338517402684,0.005404052400017755,0.005397092595745397,0.0,0.0,0.005404052400017755,1.2381730638547637,1.3618212048044744,1.36006733412784
2017-10-30,0.0036917819196407064,0.0035112498906454213,0.003922957135404231,0.00018053202899528508,0.04890105452489833,0.0035112498906454213,0.930329043749458,0.8848349724426462,0.9885851981218662
2017-10-31,0.0013835784861753375,0.0012913473395819437,0.0007508109784052918,9.22311465933938e-05,0.06666130432664466,0.0012913473395819437,0.3486617785161851,0.3254195295746498,0.18920436655813352
2017-11-01,0.00047212210925349856,0.0005132243011981053,0.0003858372707363004,0.0,0.0,0.0005132243011981053,0.11897477153188164,0.1293325239019225,0.0972309922255477
2017-11-02,0.0016088520947992332,0.0014467997720609624,0.0008537202468690525,0.00016205232273827077,0.10072543222673783,0.0014467997720609624,0.40543072788940676,0.3645935425593625,0.21513750221100122
2017-11-03,0.0006063677401027515,0.0005800764605677372,0.0007372045955428585,2.6291279535014286e-05,0.04335863825341448,0.0005800764605677372,0.15280467050589336,0.14617926806306977,0.18577555807680035
2017-11-06,3.1356464490724e-05,2.8574156357551494e-05,3.421751737834576e-05,2.7823081331725095e-06,0.08873156108731652,2.8574156357551494e-05,0.00790182905166245,0.007200687402102977,0.008622814379343131
2017-11-07,4.9717802951395035e-05,4.490147462347859e-05,6.10251739797057e-05,4.8163283279164455e-06,0.09687331187485612,4.490147462347859e-05,0.01252888634375155,0.011315171605116605,0.015378343842885837
2017-11-08,0.0001050113291221256,9.7298731258716e-05,6.982446645440741e-05,7.7125978634096e-06,0.0734453877923462,9.7298731258716e-05,0.026462854938775652,0.024519280277196433,0.017595765546510666
2017-11-09,9.580605405610872e-05,0.00010178085873441362,6.22302221241393e-05,0.0,0.0,0.00010178085873441362,0.024143125622139397,0.025648776401072233,0.015682015975283105
2017-11-10,7.827171248266505e-06,7.3948227992338846e-06,7.945367016509526e-06,4.3234844903262005e-07,0.055236864006458136,7.3948227992338846e-06,0.001972447154563159,0.001863495345406939,0.0020022324881604006
2017-11-13,0.0001753512031125762,0.00020293936406193665,0.00015873810575828652,0.0,0.0,0.00020293936406193665,0.044188503184369204,0.05114071974360804,0.040002002651088206
2017-11-14,0.00011191084979939903,0.00011739820352690585,9.84409768132867e-05,0.0,0.0,0.00011739820352690585,0.028201534149448555,0.029584347288780274,0.02480712615694825
2017-11-15,0.0020528600402440153,0.0022067250388224462,0.001785546059144985,0.0,0.0,0.0022067250388224462,0.5173207301414918,0.5560947097832565,0.44995760690453623
2017-11-16,0.0006804957189949185,0.0006667989214886834,0.0005583825436224891,1.3696797506235095e-05,0.02012767619807715,0.0006667989214886834,0.17148492118671949,0.16803332821514824,0.14071240099286725
2017-11-17,0.0002177106245363071,0.00022495847768389467,0.00021065917619497783,0.0,0.0,0.00022495847768389467,0.05486307738314939,0.05668953637634146,0.053086112401134415
2017-11-20,8.73133290321481e-06,9.464415563737375e-06,4.7954229284431355e-06,0.0,0.0,9.464415563737375e-06,0.0022002958916101318,0.002385032722061819,0.0012084465779676702
2017-11-21,0.00100814989139064,0.0009508348070686031,0.0013207279601850535,5.731508432203682e-05,0.05685174868800984,0.0009508348070686031,0.25405377263044127,0.239610371381288,0.3328234459666335
2017-11-22,8.561820660208575e-05,8.247990869479459e-05,4.554099384416555e-05,3.1382979072911576e-06,0.03665456209824586,8.247990869479459e-05,0.021575788063725607,0.020784936991088236,0.011476330448729718
2017-11-24,5.080273903411613e-09,5.119642561817725e-09,4.693328495306586e-09,0.0,0.0,5.119642561817725e-09,1.2802290236597266e-06,1.2901499255780666e-06,1.1827187808172598e-06
2017-11-27,0.00010007082133013227,0.00010539818567912637,9.509348879753879e-05,0.0,0.0,0.00010539818567912637,0.02521784697519333,0.026560342791139845,0.023963559176979773
2017-11-28,4.378509247388584e-06,4.006589825341672e-06,8.339996993365558e-06,3.719194220469122e-07,0.08494200105360747,4.006589825341672e-06,0.001103384330341923,0.0010096606359861014,0.0021016792423281206
2017-11-29,0.0002796157037697582,0.00027935939061985663,0.00020147299728468922,2.563131499015909e-07,0.0009166622100594988,0.00027935939061985663,0.07046315734997907,0.07039856643620387,0.05077119531574168
2017-11-30,0.0004411409565392063,0.00042088378510632716,0.0005202273649504431,2.0257171432879156e-05,0.0459199516315118,0.00042088378510632716,0.11116752104788,0.10606271384679444,0.13109729596751166
2017-12-01,8.977231993698009e-06,1.0434941618819918e-05,1.684459609220957e-05,0.0,0.0,1.0434941618819918e-05,0.0022622624624118984,0.002629605287942619,0.004244838215236812
2017-12-04,0.0005636295500120533,0.0005452874334436343,0.0008696096713415951,1.8342116568419056e-05,0.03254285822218503,0.0005452874334436343,0.14203464660303744,0.13741243322779584,0.21914163717808197
2017-12-05,3.3650311624093837e-07,2.7413914349408385e-07,2.8711123823455573e-07,6.236397274685451e-08,0.18532900412487568,2.7413914349408385e-07,8.479878529271647e-05,6.908306416050913e-05,7.235203203510805e-05
2017-12-06,1.4230044382764837e-05,1.5260023210386354e-05,1.1945014896909823e-05,0.0,0.0,1.5260023210386354e-05,0.003585971184456739,0.0038455258490173614,0.0030101437540212754
2017-12-07,7.106521631195808e-06,6.534684633715175e-06,5.744589440580704e-06,5.718369974806324e-07,0.08046649918068437,6.534684633715175e-06,0.0017908434510613435,0.0016467405276962242,0.0014476365390263372
2017-12-08,2.6136554982352044e-07,2.646714294194008e-07,3.0689385884156014e-07,0.0,0.0,2.646714294194008e-07,6.586411855552715e-05,6.6697200213689e-05,7.733725242807316e-05
2017-12-11,0.00012695564132323553,0.0001324602851325417,0.00012907552714529967,0.0,0.0,0.0001324602851325417,0.031992821613455354,0.03337999185340051,0.03252703284061552
2017-12-12,0.00014045863949602218,0.0001502400286006021,0.00014907046481687066,0.0,0.0,0.0001502400286006021,0.03539557715299759,0.03786048720735173,0.03756575713385141
2017-12-13,1.4213734916977122e-05,1.6486127927724245e-05,2.3263214038357385e-05,0.0,0.0,1.6486127927724245e-05,0.003581861199078235,0.00415450423778651,0.0058623299376660614
2017-12-14,1.1203672387842202e-07,1.0364908835883491e-07,1.060531959418777e-07,8.387635519587104e-09,0.07486438700494277,1.0364908835883491e-07,2.823325441736235e-05,2.6119570266426398e-05,2.672540537735318e-05
2017-12-15,6.624404476661275e-05,6.004765546848743e-05,6.889312328581013e-05,6.196389298125318e-06,0.09353881132133875,6.004765546848743e-05,0.016693499281186415,0.015132009178058833,0.017361067068024153
2017-12-18,0.0013434250054508519,0.0014241943260107901,0.0008072282180335074,0.0,0.0,0.0014241943260107901,0.33854310137361465,0.3588969701547191,0.20342151094444386
2017-12-19,0.0011992044952859316,0.0012988550578475191,0.0016235642778912429,0.0,0.0,0.0012988550578475191,0.30219953281205475,0.3273114745775748,0.4091381980285932
2017-12-20,5.7809870385165325e-06,5.783081069411924e-06,5.43631878754077e-06,0.0,0.0,5.783081069411924e-06,0.0014568087337061661,0.001457336429491805,0.001369952334460274
2017-12-21,0.023163290807535136,0.019609928158904923,0.011277218824134606,0.003553362648630213,0.15340491461260253,0.019609928158904923,5.837149283498854,4.941701896044041,2.841859143681921
2017-12-22,0.0,0.0,0.0,0.0,0.0,0.0,0.0,0.0,0.0
2017-12-26,0.001363786268107369,0.0012856668009016145,0.0016140750977870926,7.811946720575453e-05,0.05728131231067871,0.0012856668009016145,0.343674139563057,0.32398803382720687,0.40674692464234735
2017-12-27,1.4386906284922455e-07,1.379553038045592e-07,1.1507126937245957e-07,5.913759044665353e-09,0.04110486175892587,1.379553038045592e-07,3.6255003838004585e-05,3.476473655874892e-05,2.8997959881859812e-05
2017-12-28,1.1279415687472989e-05,1.1950794437584337e-05,8.796751628846778e-06,0.0,0.0,1.1950794437584337e-05,0.0028424127532431934,0.003011600198271253,0.002216781410469388
2017-12-29,0.00016708913475486787,0.0001535507109945661,0.00013819144478037875,1.3538423760301756e-05,0.0810251588120225,0.0001535507109945661,0.042106461958226704,0.03869477917063066,0.03482424408465545
2018-01-02,0.0006891779921447405,0.0006464753491492926,0.000704493850073268,4.270264299544794e-05,0.061961704262485894,0.0006464753491492926,0.1736728540204746,0.16291178798562173,0.17753245021846353
2018-01-03,1.6322569990060866e-06,1.5037243513813855e-06,1.7719731805314963e-06,1.2853264762470106e-07,0.07874530111230398,1.5037243513813855e-06,0.0004113287637495338,0.00037893853654810916,0.00044653724149393704
2018-01-04,9.772427845112653e-06,9.869150193973774e-06,1.0123759836133164e-05,0.0,0.0,9.869150193973774e-06,0.0024626518169683885,0.002487025848881391,0.0025511874787055573
2018-01-05,6.629247378404533e-05,6.3696772691394e-05,5.694132889301374e-05,2.5957010926513257e-06,0.039155290266460765,6.3696772691394e-05,0.01670570339357942,0.01605158671823129,0.014349214881039463
2018-01-08,9.2523989105334e-06,9.482709213353846e-06,1.2328020294265085e-05,0.0,0.0,9.482709213353846e-06,0.002331604525454417,0.0023896427217651693,0.003106661114154801
2018-01-09,8.717658111648966e-08,8.256658767747924e-08,9.502185665108013e-08,4.6099934390104274e-09,0.05288049266760908,8.256658767747924e-08,2.1968498441355397e-05,2.080678009472477e-05,2.3945507876072193e-05
2018-01-10,9.617894978940877e-08,1.0419247036288745e-07,1.1433798878475696e-07,0.0,0.0,1.0419247036288745e-07,2.423709534693101e-05,2.625650253144764e-05,2.8813173173758757e-05
2018-01-11,6.437734939862361e-06,6.925511845439382e-06,8.879104122445806e-06,0.0,0.0,6.925511845439382e-06,0.001622309204845315,0.0017452289850507243,0.002237534238856343
2018-01-12,0.00155584312960688,0.0015259454996145354,0.000849682070744328,2.9897629992344616e-05,0.019216352474225724,0.0015259454996145354,0.39207246866093376,0.38453826590286294,0.21411988182757064
2018-01-16,0.00010530499494328234,0.00010792225832156336,6.915975755661063e-05,0.0,0.0,0.00010792225832156336,0.02653685872570715,0.027196409097033965,0.01742825890426588
2018-01-17,0.00023185747629950317,0.0002499517059544947,0.00025380640461046544,0.0,0.0,0.0002499517059544947,0.0584280840274748,0.06298782990053267,0.06395921396183729
2018-01-18,5.628755406724556e-07,5.007155244439716e-07,6.353788381038625e-07,6.216001622848399e-08,0.1104327711974332,5.007155244439716e-07,0.00014184463624945882,0.00012618031215988083,0.00016011546720217336
2018-01-19,4.663294615192271e-05,4.713463980216513e-05,5.2895047306680025e-05,0.0,0.0,4.713463980216513e-05,0.011751502430284522,0.011877929230145613,0.013329551921283366
2018-01-22,0.0008009848847710156,0.0005934168593909142,0.0006055469967260426,0.00020756802538010144,0.259141001368958,0.0005934168593909142,0.20184819096229592,0.14954104856651038,0.15259784317496275
2018-01-23,5.144089876212032e-08,5.059903287917063e-08,6.649281718475252e-08,8.418658829496938e-10,0.01636537342532171,5.059903287917063e-08,1.296310648805432e-05,1.2750956285550998e-05,1.6756189930557633e-05
2018-01-24,0.051994553236717866,0.05461617043831993,0.03840947803384142,0.0,0.0,0.05461617043831993,13.102627415652902,13.763274950456621,9.679188464528037
2018-01-25,0.004358531692339474,0.004855333303534239,0.004839808621416308,0.0,0.0,0.004855333303534239,1.0983499864695474,1.2235439924906284,1.2196317725969097
2018-01-26,1.9864085132372328e-06,2.0032256155941902e-06,1.7495191404896049e-06,0.0,0.0,2.0032256155941902e-06,0.0005005749453357827,0.0005048128551297359,0.00044087882340338043
2018-01-29,0.000450414058247512,0.00044644603373620196,0.00040427749572255456,3.968024511310055e-06,0.008809726139408855,0.00044644603373620196,0.11350434267837303,0.1125044005015229,0.10187792892208375
2018-01-30,0.0018095115895718369,0.001999959098095227,0.001002486868755346,0.0,0.0,0.001999959098095227,0.4559969205721029,0.5039896927199973,0.2526266909263472
2018-01-31,0.00028161403221282607,0.00023672142253376355,0.00020117848454592128,4.4892609679062515e-05,0.15941183458402275,0.00023672142253376355,0.07096673611763217,0.059653798478508414,0.050696978105572166
2018-02-01,7.115547372214567e-06,6.999768405634572e-06,1.1013563104147886e-05,1.157789665799956e-07,0.016271264071803616,6.999768405634572e-06,0.0017931179377980709,0.001763941638219912,0.0027754179022452673
2018-02-02,0.016455202463480298,0.015969381686305992,0.013475006368063409,0.00048582077717430547,0.029523840756319076,0.015969381686305992,4.146711020797035,4.02428418494911,3.395701604751979
2018-02-05,0.0036783720398186636,0.004128085614987451,0.0015788464031158858,0.0,0.0,0.004128085614987451,0.9269497540343032,1.0402775749768376,0.39786929358520323
2018-02-06,128.30208416197624,127.51940239367846,128.19453237697095,0.7826817682977776,0.006100304398092764,127.51940239367846,32332.12520881801,32134.889403206973,32305.022158996682
2018-02-07,0.0009931482910631396,0.0008466856994128037,0.0010829799954031876,0.0001464625916503359,0.14747303380654106,0.0008466856994128037,0.25027336934791117,0.21336479625202653,0.27291095884160327
2018-02-08,0.0003233508628721721,0.0002968598458642849,0.0003190242428235794,2.6491017007887246e-05,0.08192653853047921,0.0002968598458642849,0.08148441744378737,0.07480868115779979,0.08039410919154201
2018-02-09,0.01830522510376597,0.018734477624486903,0.02908316346963554,0.0,0.0,0.018734477624486903,4.612916726149025,4.7210883613706995,7.328957194348156
2018-02-12,0.0030307075741602815,0.003083737297006103,0.0033849131100104975,0.0,0.0,0.003083737297006103,0.763738308688391,0.777101798845538,0.8529981037226454
2018-02-13,4.8186267699266545e-05,4.728538427236552e-05,4.193359281831074e-05,9.008834269010245e-07,0.018695853636717403,4.728538427236552e-05,0.01214293946021517,0.011915916836636111,0.010567265390214306
2018-02-14,0.001952293834353091,0.0018183810207603956,0.001273973658407026,0.00013391281359269552,0.06859255055142666,0.0018183810207603956,0.49197804625697894,0.45823201723161966,0.3210413619185706
2018-02-15,0.0005513736272127936,0.0005406927196986733,0.0004978601824355845,1.0680907514120275e-05,0.01937145153050039,0.0005406927196986733,0.13894615405762398,0.1362545653640657,0.1254607659737673
2018-02-16,4.486337395316903e-06,4.020434733895664e-06,2.2452234582520235e-06,4.659026614212391e-07,0.10384920181401719,4.020434733895664e-06,0.0011305570236198595,0.0010131495529417073,0.00056579631147951
2018-02-20,0.00012392110886199443,0.0001354699276560743,0.00010263635943315499,0.0,0.0,0.0001354699276560743,0.031228119433222595,0.034138421769330726,0.025864362577155058
2018-02-21,5.698571434492789e-06,5.3132034855009345e-06,4.03179855338575e-06,3.8536794899185434e-07,0.0676253488784783,5.3132034855009345e-06,0.0014360400014921829,0.0013389272783462356,0.001016013235453209
2018-02-22,7.7060845580706e-05,7.625424222239048e-05,5.550689089554354e-05,8.066033583155178e-07,0.010467097029238582,7.625424222239048e-05,0.019419333086337913,0.019216069040042402,0.013987736505676973
2018-02-23,0.00011051286223388999,0.00011191510850568931,0.00010419720607375392,0.0,0.0,0.00011191510850568931,0.027849241282940276,0.028202607343433706,0.026257695930585988
2018-02-26,0.000592519786064222,0.0005546398607209989,0.00044142768462096846,3.787992534322305e-05,0.06393022844166607,0.0005546398607209989,0.14931498608818394,0.13976924490169174,0.11123977652448405
2018-02-27,1.4518461687805807e-05,1.5635387444835165e-05,1.6962037454139682e-05,0.0,0.0,1.5635387444835165e-05,0.0036586523453270635,0.003940117636098462,0.0042744334384431995
2018-02-28,2.7015593295558656e-06,2.593812970184813e-06,2.164937253666037e-06,1.0774635937105249e-07,0.03988301064102682,2.593812970184813e-06,0.0006807929510480781,0.000653640868486573,0.0005455641879238413
2018-03-01,0.0002647776757266199,0.0002831472585829533,0.00028037278769785,0.0,0.0,0.0002831472585829533,0.06672397428310821,0.07135310916290423,0.07065394249985821
2018-03-02,0.017252391578460393,0.01650995056618771,0.01541247957736862,0.0007424410122726828,0.04303409233746967,0.01650995056618771,4.347602677772019,4.160507542679303,3.8839448534968923
2018-03-05,0.0010513264271887989,0.0011009422818203008,0.000868759107699323,0.0,0.0,0.0011009422818203008,0.2649342596515773,0.2774374550187158,0.21892729514022938
2018-03-06,1.1864695649940515e-06,1.1574853642555757e-06,5.048971885311102e-07,2.8984200738475856e-08,0.024428925245710727,1.1574853642555757e-06,0.000298990330378501,0.0002916863117924051,0.00012723409150983977
2018-03-07,0.00046098369309420186,0.000489782246364824,0.0005283399945219626,0.0,0.0,0.000489782246364824,0.11616789065973887,0.12342512608393563,0.13314167861953458
2018-03-08,0.004332148816722476,0.004312829026860599,0.002927996443770756,1.9319789861877573e-05,0.004459632084392357,0.004312829026860599,1.091701501814064,1.086832914768871,0.7378551038302305
2018-03-09,0.0002317668475098964,0.00025061250482709483,0.00016618559628458593,0.0,0.0,0.00025061250482709483,0.058405245572493894,0.0631543512164279,0.041878770263715656
2018-03-12,0.0008002531460056481,0.0007596801157223825,0.0010528336629594519,4.057303028326561e-05,0.05070024458520404,0.0007596801157223825,0.20166379279342334,0.1914393891620404,0.26531408306578186
2018-03-13,0.0010984475205546773,0.0011943510135815336,0.0005499576992648487,0.0,0.0,0.0011943510135815336,0.2768087751797787,0.3009764554225465,0.13858934021474187
2018-03-14,0.00035464895193136554,0.000302437128023554,0.00019620493426482081,5.221182390781153e-05,0.1472211421357727,0.000302437128023554,0.08937153588670411,0.07621415626193562,0.04944364343473485
2018-03-15,4.430596710094784e-07,4.1844369949831806e-07,5.233123361681757e-07,2.461597151116031e-08,0.055558918048570605,4.1844369949831806e-07,0.00011165103709438855,0.00010544781227357615,0.0001318747087143803
2018-03-16,2.8793160582895875e-05,2.2293492404476997e-05,3.190934444685006e-05,6.499668178418878e-06,0.22573652287909585,2.2293492404476997e-05,0.007255876466889761,0.005617960085928203,0.008041154800606215
2018-03-19,0.0001357495497686293,0.00014935651322866712,8.336652293618184e-05,0.0,0.0,0.00014935651322866712,0.034208886541694586,0.03763784133362411,0.021008363779917823
2018-03-20,1.1986283757603813e-07,1.0996452789631989e-07,1.0978623002399667e-07,9.898309679718248e-09,0.08257961600335921,1.0996452789631989e-07,3.020543506916161e-05,2.7711061029872612e-05,2.766612996604716e-05
2018-03-21,0.00031292940569104005,0.0002764661547636756,0.0003202981556850943,3.6463250927364424e-05,0.11652228952507857,0.0002764661547636756,0.07885821023414209,0.06966947100044625,0.08071513523264377
2018-03-22,0.0001424077440001087,0.00013163294405974617,0.00011362779205235536,1.0774799940362528e-05,0.07566161475525299,0.00013163294405974617,0.03588675148802739,0.03317150190305603,0.028634203597193552
2018-03-23,0.007132730276221456,0.007098049210160885,0.0055466678859789715,3.4681066060571024e-05,0.004862242747538882,0.007098049210160885,1.7974480296078068,1.788708400960543,1.3977603072667009
2018-03-26,0.013543916468872338,0.012219504482909866,0.009932089904082024,0.0013244119859624724,0.09778648509155757,0.012219504482909866,3.4130669501558293,3.079315129693286,2.50288665582867
2018-03-27,0.0010844912307057912,0.000929400432881659,0.0013238680842901345,0.00015509079782413215,0.1430078854396919,0.000929400432881659,0.27329179013785937,0.23420890908617809,0.3336147572411139
2018-03-28,0.00011269674503616986,0.00011507085185399503,0.00012709413113702408,0.0,0.0,0.00011507085185399503,0.028399579749114806,0.028997854667206745,0.03202772104653007
2018-03-29,2.907641803243596e-05,3.1252799718107225e-05,2.076616796975734e-05,0.0,0.0,3.1252799718107225e-05,0.0073272573441738615,0.007875705528963021,0.005233074328378849
2018-04-02,0.026905280020024347,0.017060922945715165,0.019723830358676198,0.009844357074309182,0.36588941154362997,0.017060922945715165,6.780130565046136,4.299352582320221,4.970405250386402
2018-04-03,0.00016619882249781966,0.00016135169393926652,6.400952336441542e-05,4.847128558553142e-06,0.029164638211874774,0.00016135169393926652,0.041882103269450556,0.040660626872695164,0.016130399887832686
2018-04-04,0.00042382770376948994,0.0003935619573433486,0.00047410251088710997,3.026574642614135e-05,0.07141049555172942,0.0003935619573433486,0.10680458134991147,0.09917761325052385,0.11947383274355171
2018-04-05,0.00019769332137184627,0.00015144318502191613,0.00018689612934444434,4.625013634993014e-05,0.2339489052793453,0.00015144318502191613,0.04981871698570526,0.03816368262552287,0.04709782459479998
2018-04-06,0.0038152831595797817,0.0036238470534041304,0.003442846178870363,0.0001914361061756513,0.0501761201248717,0.0036238470534041304,0.961451356214105,0.9132094574578409,0.8675972370753314
2018-04-09,4.2095724279758194e-05,4.105385682714953e-05,4.7078537764979125e-05,1.0418674526086646e-06,0.024749958474041267,4.105385682714953e-05,0.010608122518499064,0.01034557192044168,0.01186379151677474
2018-04-10,0.0009980444474827748,0.0010296283082345265,0.0011267826493706905,0.0,0.0,0.0010296283082345265,0.25150720076565924,0.2594663336751007,0.283949227641414
2018-04-11,2.2932830679989917e-06,2.1392114431004377e-06,3.413278878584515e-06,1.5407162489855406e-07,0.06718383781952904,2.1392114431004377e-06,0.0005779073331357459,0.0005390812836613103,0.0008601462774032977
2018-04-12,0.0026890086545608128,0.0022959444629981163,0.0015223969256113832,0.0003930641915626965,0.14617438688783993,0.0022959444629981163,0.6776301809493248,0.5785780046755253,0.38364402525406854
2018-04-13,2.1732198483652994e-05,2.2191230629626472e-05,2.823727156327013e-05,0.0,0.0,2.2191230629626472e-05,0.005476514017880555,0.005592190118665871,0.007115792433944073
2018-04-16,0.0001960016771988634,0.00018599892261497128,0.00017812280405974062,1.0002754583892119e-05,0.05103402519718897,0.00018599892261497128,0.049392422654113574,0.04687172849897276,0.04488694662305464
2018-04-17,0.0001317295311564629,9.758999542590191e-05,0.000161192406179299,3.413953573056098e-05,0.2591638729120472,9.758999542590191e-05,0.03319584185142865,0.02459267884732728,0.04062048635718334
2018-04-18,3.2487010657988057e-06,3.32635828928973e-06,4.344117116382388e-06,0.0,0.0,3.32635828928973e-06,0.000818672668581299,0.000838242288901012,0.0010947175133283618
2018-04-19,0.0018807526955302173,0.0023441931411501524,0.0018218900839596592,0.0,0.0,0.0023441931411501524,0.47394967927361475,0.5907366715698384,0.4591163011578341
2018-04-20,3.77103592503089,4.248766279712742,3.594610242770576,0.0,0.0,4.248766279712742,950.3010531077842,1070.6891024876109,905.8417811781851
2018-04-23,1.0853957895932051e-05,1.0407516044779532e-05,1.0619801222463453e-05,4.4644185115251925e-07,0.04113170645227346,1.0407516044779532e-05,0.002735197389774877,0.002622694043284442,0.00267618990806079
2018-04-24,0.002759304671942705,0.0025633859255468016,0.002504455282793129,0.0001959187463959032,0.07100294081949367,0.0025633859255468016,0.6953447773295616,0.645973253237794,0.6311227312638684
2018-04-25,0.00033629528473173804,0.0003248936500132219,0.00024509431587610447,1.1401634718516157e-05,0.033903641241082444,0.0003248936500132219,0.08474641175239798,0.08187319980333191,0.06176376760077833
2018-04-26,5.487093659218218e-05,3.9193474689725734e-05,4.4247153902401563e-05,1.5677461902456448e-05,0.28571521811739764,3.9193474689725734e-05,0.01382747602122991,0.009876755621810885,0.011150282783405194
2018-04-27,0.0005687527251282962,0.000549482139093949,0.0005409040873652763,1.9270586034347186e-05,0.03388218666753296,0.000549482139093949,0.14332568673233065,0.13846949905167516,0.13630783001604962
2018-04-30,0.008049292601701266,0.007425965734749487,0.0048007838065908465,0.0006233268669517799,0.077438713899231,0.007425965734749487,2.028421735628719,1.8713433651568707,1.2097975192608934
2018-05-01,0.0015125021156988882,0.001596075819865725,0.0010383862193547471,0.0,0.0,0.001596075819865725,0.3811505331561198,0.4022111066061627,0.2616733272773963
2018-05-02,0.0020888710042694606,0.002201792208259673,0.0012720078418769591,0.0,0.0,0.002201792208259673,0.526395493075904,0.5548516364814376,0.3205459761529937
2018-05-03,2.111122956768335e-05,2.1920678634401374e-05,1.0702661476562573e-05,0.0,0.0,2.1920678634401374e-05,0.005320029851056204,0.005524011015869146,0.0026970706920937683
2018-05-04,0.0020195178200968105,0.0021873559669947445,0.0015132333436680635,0.0,0.0,0.0021873559669947445,0.5089184906643962,0.5512137036826756,0.381334802604352
2018-05-07,0.0002583264558269725,0.0002730801707338551,0.00016145778531866193,0.0,0.0,0.0002730801707338551,0.06509826686839706,0.06881620302493148,0.04068736190030281
2018-05-08,0.00028854260017399197,0.0002231356247679102,0.0004508809168380075,6.540697540608178e-05,0.22668048024784113,0.0002231356247679102,0.07271273524384597,0.05623017744151337,0.11362199104317788
2018-05-09,6.717801393362652e-05,6.656296088750386e-05,5.1639446337607605e-05,6.150530461226635e-07,0.009155570415862251,6.656296088750386e-05,0.016928859511273885,0.01677386614365097,0.013013140477077117
2018-05-10,0.0003501689475225576,0.0003584984428577201,0.00042059675973464767,0.0,0.0,0.0003584984428577201,0.0882425747756845,0.09034160760014547,0.1059903834531312
2018-05-11,0.0004130166710986146,0.00043933397143202746,0.00019361930039019098,0.0,0.0,0.00043933397143202746,0.10408020111685087,0.11071216080087092,0.04879206369832813
2018-05-14,5.503529557133229e-06,5.32693041608766e-06,4.044286296460413e-06,1.7659914104556898e-07,0.03208833660724851,5.32693041608766e-06,0.0013868894483975737,0.0013423864648540904,0.001019160146708024
2018-05-15,0.000723969811970904,0.0006746273094169382,0.0006007099395150523,4.934250255396585e-05,0.06815546956506721,0.0006746273094169382,0.1824403926166678,0.1700060819730684,0.15137890475779317
2018-05-16,5.336479037494389e-05,5.297134376619328e-05,5.766054761070279e-05,3.934466087506135e-07,0.0073727751690480054,5.297134376619328e-05,0.01344792717448586,0.013348778629080706,0.014530457997897104
2018-05-17,0.00010680472455391333,0.00011064520200714934,6.254719201735867e-05,0.0,0.0,0.00011064520200714934,0.026914790587586158,0.027882590905801634,0.015761892388374384
2018-05-18,3.646132396746815e-05,3.797805150488861e-05,2.087669891901532e-05,0.0,0.0,3.797805150488861e-05,0.009188253639801974,0.00957046897923193,0.0052609281275918605
2018-05-21,0.00013772750952247193,0.00012857634843875025,0.00013137960615579555,9.151161083721687e-06,0.06644395915533928,0.00012857634843875025,0.03470733239966293,0.03240123980656506,0.03310766075126048
2018-05-22,5.8880548757822825e-05,6.24223122656419e-05,4.9721633552778e-05,0.0,0.0,6.24223122656419e-05,0.014837898286971352,0.01573042269094176,0.012529851655300057
2018-05-23,4.576617243015519e-06,4.444675761642235e-06,7.3661340128535405e-06,1.3194148137328358e-07,0.02882947066311298,4.444675761642235e-06,0.0011533075452399108,0.0011200582919338434,0.0018562657712390923
2018-05-24,1.6079172042617012e-06,1.7142520060820256e-06,1.7669041136665346e-06,0.0,0.0,1.7142520060820256e-06,0.0004051951354739487,0.00043199150553267047,0.0004452598366439667
2018-05-25,5.232240351705107e-05,5.3005697553577114e-05,4.5888430634496614e-05,0.0,0.0,5.3005697553577114e-05,0.01318524568629687,0.013357435783501433,0.011563884519893146
2018-05-29,0.00107281236830432,0.001195197478168613,0.0006093511082789621,0.0,0.0,0.001195197478168613,0.2703487168126886,0.3011897644984905,0.15355647928629845
2018-05-30,3.4509212642487845e-06,3.6813480562186803e-06,2.7259729136528766e-06,0.0,0.0,3.6813480562186803e-06,0.0008696321585906937,0.0009276997101671074,0.0006869451742405249
2018-05-31,0.002397419266513476,0.0025604989276816806,0.0015803403847895452,0.0,0.0,0.0025604989276816806,0.6041496551613958,0.6452457297757835,0.3982457769669654
2018-06-01,0.003604278204999744,0.0034952852850041517,0.0037422949258016525,0.00010899291999559232,0.030239874328835334,0.0034952852850041517,0.9082781076599354,0.8808118918210462,0.9430583213020164
2018-06-04,7.981829203805234e-05,7.580831796017241e-05,0.00010122369652621017,4.009974077879929e-06,0.050238785186351026,7.580831796017241e-05,0.02011420959358919,0.019103696125963448,0.025508371524604962
2018-06-05,0.0003354826440214074,0.0003541402196350297,0.000334808276942316,0.0,0.0,0.0003541402196350297,0.08454162629339466,0.08924333534802749,0.08437168578946364
2018-06-06,1.2314130245623846e-05,1.331247293325355e-05,1.2414797431923547e-05,0.0,0.0,1.331247293325355e-05,0.003103160821897209,0.0033547431791798948,0.003128528952844734
2018-06-07,4.582680444574067e-05,4.5810885138682364e-05,4.55027092397677e-05,1.5919307058306334e-08,0.00034737981195645263,4.5810885138682364e-05,0.01154835472032665,0.011544343054947956,0.01146668272842146
2018-06-08,0.00011083913397447141,0.00010660701085674784,9.423598268905496e-05,4.232123117723572e-06,0.03818257079233178,0.00010660701085674784,0.027931461761566797,0.026864966735900456,0.02374746763764185
2018-06-11,1.95020106137977e-05,1.5972741206305956e-05,1.3395433273267404e-05,3.529269407491744e-06,0.18096950598648917,1.5972741206305956e-05,0.004914506674677021,0.004025130783989101,0.0033756491848633855
2018-06-12,0.00016218600080842397,0.0001535942941198778,0.00020541599699895927,8.591706688546182e-06,0.05297440341796457,0.0001535942941198778,0.04087087220372284,0.038705762118209204,0.051764831243737736
2018-06-13,0.00011765331918658499,0.0001292125008582447,0.00012115957150746465,0.0,0.0,0.0001292125008582447,0.02964863643501942,0.03256155021627767,0.030532212019881093
2018-06-14,1.5460686338253584e-06,1.7416229009480529e-06,7.664267833709182e-07,0.0,0.0,1.7416229009480529e-06,0.0003896092957239903,0.00043888897103890935,0.0001931395494094714
2018-06-15,3.2260151433780317e-05,2.6663470579481146e-05,3.405107046027635e-05,5.596680854299171e-06,0.17348587753226988,2.6663470579481146e-05,0.00812955816131264,0.006719194586029249,0.00858086975598964
2018-06-18,5.813773333120151e-06,5.861236005625181e-06,7.437462100052548e-06,0.0,0.0,5.861236005625181e-06,0.001465070879946278,0.0014770314734175458,0.001874240449213242
2018-06-19,0.0007191228869781182,0.0007184662472888033,0.0006228955520755277,6.566396893148939e-07,0.0009131119316214483,0.0007184662472888033,0.1812189675184858,0.18105349431677845,0.15696967912303297
2018-06-20,8.85199415476036e-05,9.698221932607792e-05,5.226479148188684e-05,0.0,0.0,9.698221932607792e-05,0.022307025269996106,0.024439519270171635,0.013170727453435484
2018-06-21,1.1149642239587928e-05,1.0228606624814635e-05,1.527041994165798e-05,9.210356147732936e-07,0.08260673413325587,1.0228606624814635e-05,0.002809709844376158,0.002577608869453288,0.003848145825297811
2018-06-22,3.061896092093427e-06,3.123174258985828e-06,3.253097782967547e-06,0.0,0.0,3.123174258985828e-06,0.0007715978152075436,0.0007870399132644287,0.0008197806413078218
2018-06-25,8.557568159876004e-05,9.404856813159897e-05,8.29561583765587e-05,0.0,0.0,9.404856813159897e-05,0.02156507176288753,0.02370023916916294,0.020904951910892793
2018-06-26,0.0001377431616912403,0.0001221237805074329,0.00015873694054193682,1.5619381183807393e-05,0.11339496551868196,0.0001221237805074329,0.03471127674619256,0.03077519268787309,0.04000170901656808
2018-06-27,5.649903210023154e-06,5.001317055202231e-06,3.452331217407602e-06,6.485861548209227e-07,0.11479595595095314,5.001317055202231e-06,0.0014237756089258348,0.0012603318979109623,0.0008699874667867157
2018-06-28,0.0014478265145427553,0.0014513733800446522,0.0007394148569747042,0.0,0.0,0.0014513733800446522,0.36485228166477435,0.36574609177125234,0.18633254395762544
2018-06-29,2.6914343611830788e-06,2.5160519416283506e-06,2.0808800726030802e-06,1.7538241955472814e-07,0.0651631549782548,2.5160519416283506e-06,0.0006782414590181359,0.0006340450892903444,0.0005243817782959763
2018-07-02,0.000699188949745128,0.000671480993589861,0.0009159881240804601,2.770795615526702e-05,0.03962870998710514,0.000671480993589861,0.17619561533577227,0.16921321038464499,0.23082900726827593
2018-07-03,0.0020582734644067637,0.0017455060623306263,0.003230391243349083,0.0003127674020761374,0.15195619402999355,0.0017455060623306263,0.5186849130305045,0.43986752770731785,0.8140585933239689
2018-07-05,0.0002534315897255959,0.0002893283128405817,0.0001939159745665302,0.0,0.0,0.0002893283128405817,0.06386476061085017,0.0729107348358266,0.048866825590765606
2018-07-06,0.011290380102405071,0.009699013883975623,0.007071815951343201,0.0015913662184294484,0.14094886123005793,0.009699013883975623,2.845175785806078,2.444151498761857,1.7820976197384866
2018-07-09,0.0035030627347002793,0.0032093484176773522,0.0033079324898908987,0.00029371431702292705,0.08384500626541366,0.0032093484176773522,0.8827718091444704,0.8087558012546927,0.8335989874525065
2018-07-10,1.2277124364287451e-06,1.3413291380166203e-06,1.6501981618012372e-06,0.0,0.0,1.3413291380166203e-06,0.00030938353398004376,0.0003380149427801883,0.0004158499367739118
2018-07-11,0.0006313964540818208,0.0006002368712167317,0.00040981766784701064,3.11595828650891e-05,0.049350265770895435,0.0006002368712167317,0.15911190642861883,0.15125969154661636,0.10327405229744668
2018-07-12,0.00017677567910225482,0.00018042373343366062,0.00027260793928794995,0.0,0.0,0.00018042373343366062,0.04454747113376822,0.04546678082528248,0.06869720070056339
2018-07-13,1.7098013231292813e-06,1.6945127253098744e-06,1.8354634029614085e-06,1.528859781940688e-08,0.008941734148205904,1.6945127253098744e-06,0.0004308699334285789,0.0004270172067780884,0.0004625367775462749
2018-07-16,8.90477057251445e-05,8.657736616622944e-05,7.817310711442341e-05,2.4703395589150654e-06,0.02774175382797941,8.657736616622944e-05,0.022440021842736416,0.02181749627388982,0.0196996229928347
2018-07-17,1.1545966318066035e-05,1.04340557905205e-05,1.1045113008485133e-05,1.1119105275455342e-06,0.09630293390885683,1.04340557905205e-05,0.002909583512152641,0.0026293820592111663,0.0027833684781382534
2018-07-18,0.0051677589405293625,0.0047598915994713714,0.0033874118823443854,0.000407867341057991,0.07892538055137793,0.0047598915994713714,1.3022752530133994,1.1994926830667856,0.8536277943507851
2018-07-19,4.178182196993384e-05,3.972575053007622e-05,5.5670374227573274e-05,2.056071439857619e-06,0.0492097111544694,3.972575053007622e-05,0.010529019136423328,0.010010889133579209,0.014028934305348465
2018-07-20,1.973265475408672e-05,2.013258536407437e-05,1.8480482670824667e-05,0.0,0.0,2.013258536407437e-05,0.004972628998029854,0.005073411511746741,0.004657081633047816
2018-07-23,5.2573894931859474e-05,5.6963531956712746e-05,4.5628208887079296e-05,0.0,0.0,5.6963531956712746e-05,0.013248621522828588,0.014354810053091612,0.011498308639543982
2018-07-24,2.5005038660275e-05,2.791554688402454e-05,1.9945997168556003e-05,0.0,0.0,2.791554688402454e-05,0.006301269742389299,0.007034717814774184,0.005026391286476113
2018-07-25,0.0007317170832422084,0.0007672023543995305,0.0005812120071913554,0.0,0.0,0.0007672023543995305,0.1843927049770365,0.19333499330868167,0.14646542581222155
2018-07-26,6.090664881393651e-05,6.448405990606722e-05,7.816191071700913e-05,0.0,0.0,6.448405990606722e-05,0.015348475501112001,0.01624998309632894,0.0196968015006863
2018-07-27,0.0016138650907307952,0.00144724315745755,0.0015165884519574054,0.0001666219332732452,0.10324402834350356,0.00144724315745755,0.4066940028641604,0.3647052756793026,0.3821802898932662
2018-07-30,0.0006573901662864385,0.0007276302589974426,0.000428549056484034,0.0,0.0,0.0007276302589974426,0.1656623219041825,0.18336282526735553,0.10799436223397657
2018-07-31,2.1304487524521483e-05,2.4487487421285043e-05,2.6960723024033222e-05,0.0,0.0,2.4487487421285043e-05,0.005368730856179414,0.006170846830163831,0.006794102202056372
2018-08-01,0.05972240773609668,0.05805432921327194,0.041244610941414496,0.0016680785228247452,0.02793053036588502,0.05805432921327194,15.050046749496364,14.629690961744528,10.393641957236452
2018-08-02,0.006205542308126189,0.006242610109794147,0.005935450607205037,0.0,0.0,0.006242610109794147,1.5637966616477996,1.573137747668125,1.4957335530156695
2018-08-03,0.00022555273447588477,0.00019162537051211755,0.00028588056153351193,3.392736396376722e-05,0.15041876522661196,0.00019162537051211755,0.05683928908792296,0.04828959336905362,0.072041901506445
2018-08-06,0.00012722888163413493,0.00012150876221650191,0.00010580384187074205,5.720119417633015e-06,0.04495928360922611,0.00012150876221650191,0.032061678171802,0.030620208078558482,0.026662568151426997
2018-08-07,7.334260251093106e-05,6.919100424234714e-05,7.669196496401596e-05,4.151598268583919e-06,0.056605548069549524,6.919100424234714e-05,0.018482335832754625,0.017436133069071477,0.019326375170932022
2018-08-08,2.0587615698676267e-07,1.8143173284587372e-07,1.2872178916914441e-07,2.4444424140888955e-08,0.11873305663755918,1.8143173284587372e-07,5.1880791560664195e-05,4.572079667716018e-05,3.243789087062439e-05
2018-08-09,7.719279826101775e-05,6.01135279017884e-05,7.512963955541274e-05,1.7079270359229352e-05,0.22125470928289498,6.01135279017884e-05,0.019452585161776476,0.015148609031250678,0.01893266916796401
2018-08-10,2.281098412987121e-05,2.3706312163538765e-05,2.3196887199969147e-05,0.0,0.0,2.3706312163538765e-05,0.005748368000727545,0.005973990665211769,0.005845615574392225
2018-08-13,0.00010354043986859809,0.00011603432560797463,0.00012636473241835588,0.0,0.0,0.00011603432560797463,0.026092190846886718,0.029240650053209607,0.03184391256942568
2018-08-14,2.4952590722166218e-05,2.396732679708736e-05,1.6704957908498702e-05,9.852639250788588e-07,0.03948543446104703,2.396732679708736e-05,0.006288052861985887,0.006039766352866014,0.004209649392941673
2018-08-15,2.3957195299535964e-05,2.182699801446497e-05,2.1080626938330953e-05,2.1301972850709955e-06,0.088916802218307,2.182699801446497e-05,0.006037213215483063,0.0055004034996451725,0.0053123179884594
2018-08-16,0.0002673864037433471,0.0002167852086413821,0.00033231312244140417,5.060119510196502e-05,0.18924370949426153,0.0002167852086413821,0.06738137374332348,0.05462987257762829,0.08374290685523385
2018-08-17,0.0002430092016166448,0.00025255398580166744,0.0001886785814664841,0.0,0.0,0.00025255398580166744,0.06123831880739449,0.06364360442202019,0.047547002529553996
2018-08-20,0.0004857834844651374,0.0005311140312266477,0.00032007105162947636,0.0,0.0,0.0005311140312266477,0.12241743808521462,0.13384073586911524,0.08065790501062804
2018-08-21,0.00036211392006350044,0.00035442054871568144,0.0005504722385950665,7.693371347819e-06,0.02124572102951515,0.00035442054871568144,0.0912527078560021,0.08931397827635172,0.13871900412595678
2018-08-22,1.3375365759831567e-09,1.4285853244972929e-09,2.3749012543876535e-09,0.0,0.0,1.4285853244972929e-09,3.370592171477555e-07,3.600035017733178e-07,5.984751161056887e-07
2018-08-23,4.425735812649332e-07,4.840453069710511e-07,7.633251157858791e-07,0.0,0.0,4.840453069710511e-07,0.00011152854247876317,0.00012197941735670488,0.00019235792917804152
2018-08-24,9.70407455901713e-06,1.025965942667994e-05,1.1180127420911243e-05,0.0,0.0,1.025965942667994e-05,0.002445426788872317,0.002585434175523345,0.0028173921100696333
2018-08-27,0.0002851305682105758,0.0003169813669144003,0.00034038109822305453,0.0,0.0,0.0003169813669144003,0.07185290318906509,0.07987930446242889,0.08577603675220974
2018-08-28,4.6568446332587086e-05,4.783107194130759e-05,6.0875789911270185e-05,0.0,0.0,4.783107194130759e-05,0.011735248475811946,0.012053430129209513,0.015340699057640086
2018-08-29,0.00011593628077992085,0.0001022723410120523,9.270170767311169e-05,1.3663939767868553e-05,0.11785732264388549,0.0001022723410120523,0.029215942756540055,0.025772629935037178,0.023360830333624145
2018-08-30,0.03720910917154931,0.03958374739533774,0.02748555131453873,0.0,0.0,0.03958374739533774,9.376695511230425,9.97510434362511,6.92635893126376
2018-08-31,0.0002765218581586764,0.0003433220466879553,0.00031884945214640545,0.0,0.0,0.0003433220466879553,0.06968350825598645,0.08651715576536473,0.08035006194089417
2018-09-04,2.8567235927727555e-06,2.605332620986652e-06,3.6187992196761515e-06,2.5139097178610354e-07,0.08799972262713006,2.605332620986652e-06,0.0007198943453787344,0.0006565438204886363,0.0009119374033583901
2018-09-05,0.00022126971415273165,0.0001672280856848673,0.0001654523554897231,5.4041628467864345e-05,0.24423418464909244,0.0001672280856848673,0.055759967966488376,0.04214147759258656,0.04169399358341022
2018-09-06,0.33438167250606887,0.29653256540146944,0.18735013114247426,0.03784910710459943,0.11319133258955542,0.29653256540146944,84.26418147152935,74.7262064811703,47.21223304790351
2018-09-07,0.005162345083621261,0.005200919432347642,0.004062746943292501,0.0,0.0,0.005200919432347642,1.300910961072558,1.3106316969516059,1.0238122297097103
2018-09-10,0.00307663202248401,0.0028607108026526785,0.0020154713157492996,0.00021592121983133152,0.07018103503545416,0.0028607108026526785,0.7753112696659705,0.720899122268475,0.5078987715688235
2018-09-11,0.0006493433612798295,0.0006996754530556292,0.0005934748770733871,0.0,0.0,0.0006996754530556292,0.16363452704251705,0.17631821417001856,0.14955566902249354
2018-09-12,0.003440334604620622,0.003515785926278682,0.0026714898588242313,0.0,0.0,0.003515785926278682,0.8669643203643967,0.8859780534222278,0.6732154444237063
2018-09-13,0.00024204516906742917,0.00025387411759722093,0.00022593268682487812,0.0,0.0,0.00025387411759722093,0.06099538260499215,0.06397627763449967,0.056935037079869286
2018-09-14,0.0064605497373906775,0.006419081183104675,0.004990544424640918,4.146855428600275e-05,0.006418734622470774,0.006419081183104675,1.6280585338224507,1.617608458142378,1.2576171950095114
2018-09-17,0.0012945146961492134,0.0012373012826587266,0.0013167481402554843,5.721341349048683e-05,0.04419680488485954,0.0012373012826587266,0.32621770342960177,0.3117999232299991,0.33182053134438205
2018-09-18,2.7374886001541636e-06,3.135343124296142e-06,2.3704951584841145e-06,0.0,0.0,3.135343124296142e-06,0.0006898471272388492,0.0007901064673226277,0.0005973647799379969
2018-09-19,7.650354098564257e-07,7.816977501812117e-07,7.033366268172845e-07,0.0,0.0,7.816977501812117e-07,0.00019278892328381927,0.00019698783304566536,0.0001772408299579557
2018-09-20,0.00012419658676519974,0.00013627324401494891,0.0001651694868291911,0.0,0.0,0.00013627324401494891,0.03129753986483034,0.03434085749176713,0.04162271068095616
2018-09-21,0.0007910609913139253,0.0007496221556678121,0.0011683514289185489,4.143883564611316e-05,0.05238386932074706,0.0007496221556678121,0.19934736981110918,0.18890478322828866,0.2944245600874743
2018-09-24,8.912574896393327e-05,8.069492631149219e-05,6.572993270661938e-05,8.43082265244108e-06,0.09459468959142338,8.069492631149219e-05,0.022459688738911184,0.020335121430496032,0.016563943042068086
2018-09-25,87.42843827732416,88.19065934409814,70.328083963878,0.0,0.0,88.19065934409814,22031.96644588569,22224.04615471273,17722.677158897255
2018-09-26,1.3467519233094276e-05,1.2823047689012962e-05,9.164414544176197e-06,6.444715440813148e-07,0.0478537646817585,1.2823047689012962e-05,0.0033938148467397575,0.0032314080176312665,0.0023094324651324015
2018-09-27,0.0005235499323232444,0.0004581639438257144,0.0005735934130943077,6.538598849753003e-05,0.12488968928425044,0.0004581639438257144,0.1319345829454576,0.11545731384408003,0.14454554009976556
2018-09-28,5.21231566640471e-05,5.505433375279994e-05,2.763500261907527e-05,0.0,0.0,5.505433375279994e-05,0.01313503547933987,0.013873692105705585,0.006964020660006968
2018-10-01,6.317638384871917e-05,6.18812794806442e-05,8.930535648505338e-05,1.295104368074967e-06,0.02049981763243016,6.18812794806442e-05,0.015920448729877232,0.01559408242912234,0.02250494983423345
2018-10-02,0.00012859211624398798,0.00014522436371560562,8.245103316856753e-05,0.0,0.0,0.00014522436371560562,0.03240521329348497,0.03659653965633262,0.020777660358479017
2018-10-03,0.0010560018931906599,0.0009664941233791604,0.0004350499918385564,8.950776981149944e-05,0.08476099361554641,0.0009664941233791604,0.2661124770840463,0.24355651909154843,0.10963259794331622
2018-10-04,0.00011854146169048068,0.00010909672136935337,9.541510977584376e-05,9.444740321127304e-06,0.0796745721434881,0.00010909672136935337,0.02987244834600113,0.02749237378507705,0.02404460766351263
2018-10-05,0.2437450100680618,0.24187934425164,0.21811279061463795,0.0018656658164217799,0.007654170298268544,0.24187934425164,61.42374253715157,60.953594751413284,54.96442323488876
2018-10-08,7.266511270875709e-05,6.447983550701303e-05,5.5021774003112634e-05,8.185277201744066e-06,0.11264383669102597,6.447983550701303e-05,0.018311608402606788,0.016248918547767284,0.013865487048784384
2018-10-09,0.0028024225317286448,0.0027007946960175247,0.00435410425156102,0.00010162783571112007,0.03626428010916959,0.0027007946960175247,0.7062104779956185,0.6806002633964162,1.0972342713933771
2018-10-10,0.015932694297846026,0.013888017828293502,0.015099201351935392,0.002044676469552524,0.12833212206303463,0.013888017828293502,4.015038963057199,3.4997804927299625,3.8049987406877186
2018-10-11,3.434531511304326e-05,3.1762915093026716e-05,4.864658819544717e-05,2.5824000200165448e-06,0.07518929252294262,3.1762915093026716e-05,0.008655019408486902,0.008004254603442732,0.012258940225252687
2018-10-12,1.00754514676106,1.003170337057828,0.7533732998623198,0.004374809703232119,0.004342048311474091,1.003170337057828,253.90137698378715,252.79892493857264,189.8500715653046
2018-10-15,1.6632113651569127,1.8561096350404216,1.6180983617895608,0.0,0.0,1.8561096350404216,419.129264019542,467.7396280301862,407.7607871709693
2018-10-16,0.012564955874936964,0.013757193560166013,0.006255730124404996,0.0,0.0,0.013757193560166013,3.166368880484115,3.4668127771618353,1.576443991350059
2018-10-17,0.00011912244887392191,0.00011912920893427119,0.00015291824621353745,0.0,0.0,0.00011912920893427119,0.03001885711622832,0.03002056065143634,0.038535398045811436
2018-10-18,0.009814994516541782,0.009378550136273745,0.01183780850873779,0.0004364443802680369,0.04446710382649778,0.009378550136273745,2.473378618168529,2.3633946343409837,2.983127744201923
2018-10-19,0.00011525758968148116,0.00011409525336218942,0.00012298745693875872,1.1623363192917385e-06,0.010084683467867207,0.00011409525336218942,0.029044912599733252,0.028752003847271734,0.030992839148567194
2018-10-22,0.18652605151444981,0.19279700166710403,0.13956813241346838,0.0,0.0,0.19279700166710403,47.00456498164135,48.584844420110215,35.17116936819403
2018-10-23,0.00011917452436998872,0.00011515715461597712,7.68153406125745e-05,4.017369754011601e-06,0.03370997066310348,0.00011515715461597712,0.030031980141237157,0.029019602963226233,0.019357465834368773
2018-10-24,0.000667640857831181,0.0006796569547402804,0.0009270263719713521,0.0,0.0,0.0006796569547402804,0.16824549617345763,0.17127355259455065,0.23361064573678073
2018-10-25,0.0004048965993787317,0.0003905306104422575,0.0004703753989481518,1.436598893647423e-05,0.03548063610076397,0.0003905306104422575,0.10203394304344039,0.0984137138314489,0.11853460053493425
2018-10-26,0.09299868301428157,0.09923447228387164,0.07009367116495076,0.0,0.0,0.09923447228387164,23.435668119598958,25.007087015535653,17.66360513356759
2018-10-29,0.0011069109329187967,0.001095715082972891,0.0019103060237376072,1.1195849945905625e-05,0.010114499371931361,0.001095715082972891,0.27894155509553675,0.27612020090916856,0.481397117981877
2018-10-30,1.7009098785230805e-05,1.6790158474250046e-05,1.5222899579998267e-05,2.1894031098075874e-07,0.012871951704984829,1.6790158474250046e-05,0.004286292893878163,0.004231119935511012,0.0038361706941595635
2018-10-31,0.0045495862442534426,0.004483910977362805,0.006604269440689227,6.567526689063748e-05,0.014435437279413288,0.004483910977362805,1.1464957335518675,1.129945566295427,1.6642758990536852
2018-11-01,0.0003130628057994187,0.00028800343578133815,0.00022389050989996958,2.505937001808054e-05,0.08004582299083594,0.00028800343578133815,0.0788918270614535,0.07257686581689722,0.05642040849479233
2018-11-02,0.011735638939068307,0.0117642888703547,0.020830005430072653,0.0,0.0,0.0117642888703547,2.9573810126452136,2.964600795329384,5.249161368378308
2018-11-05,0.00295160624628785,0.0029258396643740336,0.0016159262301090962,2.5766581913816596e-05,0.00872968131758523,0.0029258396643740336,0.7438047740645383,0.7373115954222564,0.4072134099874922
2018-11-06,7.74570004344171e-05,7.919409813555131e-05,6.130316086117944e-05,0.0,0.0,7.919409813555131e-05,0.01951916410947311,0.01995691273015893,0.01544839653701722
2018-11-07,0.0010651442990930163,0.0012414164916712505,0.0015685830626662638,0.0,0.0,0.0012414164916712505,0.2684163633714401,0.3128369559011551,0.3952829317918985
2018-11-08,1.2272103373630066e-05,1.2821433921855278e-05,1.1102178941204798e-05,0.0,0.0,1.2821433921855278e-05,0.0030925700501547764,0.0032310013483075302,0.0027977490931836092
2018-11-09,0.11608802815234688,0.12691415796958705,0.06546245205914106,0.0,0.0,0.12691415796958705,29.254183094391415,31.982367808335937,16.496537918903545
2018-11-12,0.000519688360844216,0.00048518864051708995,0.0007491764544118626,3.449972032712603e-05,0.06638540105977554,0.00048518864051708995,0.13096146693274244,0.12226753741030667,0.18879246651178938
2018-11-13,2.3322078362263596e-05,2.1420726041716502e-05,3.313860037693196e-05,1.9013523205470935e-06,0.08152584900399515,2.1420726041716502e-05,0.005877163747290426,0.005398022962512559,0.008350927294986854
2018-11-14,0.011847544955506979,0.011152094190853182,0.012256037135271805,0.0006954507646537971,0.05869998950895202,0.011152094190853182,2.9855813287877586,2.810327736095002,3.088521358088495
2018-11-15,0.006109860008638819,0.006195766952559387,0.006446522244006527,0.0,0.0,0.006195766952559387,1.5396847221769823,1.5613332720449655,1.6245236054896448
2018-11-16,9.809142440925967e-05,8.463387994536832e-05,0.00011679969487798517,1.3457544463891348e-05,0.13719389240948862,8.463387994536832e-05,0.024719038951133438,0.021327737746232818,0.029433523109252263
2018-11-19,0.18684328957452426,0.20790273820316255,0.24779531649852904,0.0,0.0,0.20790273820316255,47.084508972780114,52.39149002719696,62.44441975762932
2018-11-20,0.001742458507799434,0.0015722274296513638,0.0021512941136610335,0.00017023107814807012,0.09769591487453008,0.0015722274296513638,0.43909954396545736,0.39620131227214367,0.5421261166425805
2018-11-21,1.7845953565018636e-05,1.601677434466522e-05,1.3555669063639964e-05,1.8291792203534175e-06,0.10249825604391857,1.601677434466522e-05,0.004497180298384696,0.004036227134855635,0.003416028604037271
2018-11-23,0.00017993850776260988,0.00017073195163034598,0.00022862610013315367,9.206556132263904e-06,0.051165012956787215,0.00017073195163034598,0.04534450395617769,0.043024451810847186,0.05761377723355472
2018-11-26,0.00010957108333130479,0.00010770119634956111,9.236714374862831e-05,1.8698869817436735e-06,0.01706551498650672,0.00010770119634956111,0.027611912999488807,0.027140701480089402,0.023276520224654335
2018-11-27,9.929456621704726e-05,9.894626418918378e-05,9.946681599563186e-05,3.483020278634844e-07,0.003507765204335234,9.894626418918378e-05,0.02502223068669591,0.024934458575674313,0.02506563763089923
2018-11-28,0.008136106651306563,0.008242934664377604,0.010467523826761208,0.0,0.0,0.008242934664377604,2.0502988761292538,2.077219535423156,2.6378160043438243
2018-11-29,0.0014202897690086976,0.0015129912216905862,0.001454794405684873,0.0,0.0,0.0015129912216905862,0.3579130217901918,0.3812737878660277,0.366608190232588
2018-11-30,0.0006507916718736061,0.0006736437341420784,0.0008533676887105451,0.0,0.0,0.0006736437341420784,0.16399950131214874,0.16975822100380378,0.21504865755505737
2018-12-03,4.574003244489958,4.541194057280926,3.9685119287211115,0.032809187209032586,0.007172969815565561,4.541194057280926,1152.6488176114694,1144.3809024347934,1000.0650060377201
2018-12-04,0.11841255792483152,0.10612024743730512,0.12816561250702113,0.012292310487526395,0.10380917955700074,0.10612024743730512,29.83996459705754,26.74230235420089,32.29773435176933
2018-12-06,8.013809557244332e-05,8.347901209447292e-05,0.000121564791354948,0.0,0.0,8.347901209447292e-05,0.020194800084255716,0.021036711047807174,0.030634327421446898
2018-12-07,0.0056979693456850715,0.005452565523907696,0.007003241381819079,0.00024540382177737526,0.0430686454851051,0.005452565523907696,1.435888275112638,1.3740465120247394,1.764816828218408
2018-12-10,6.328794873762414e-05,5.746718902493914e-05,6.100702706153107e-05,5.820759712685002e-06,0.09197263834294526,5.746718902493914e-05,0.015948563081881282,0.014481731634284662,0.01537377081950583
2018-12-11,0.00022165411179149598,0.00013844972423229112,0.0002798927690345626,8.320438755920486e-05,0.3753793986104511,0.00013844972423229112,0.05585683617145699,0.034889330506537364,0.07053297779670978
2018-12-12,1.1888613435263037e-05,1.0762746969065443e-05,1.5034850362569074e-05,1.125866466197594e-06,0.09470123472573397,1.0762746969065443e-05,0.0029959305856862854,0.0027122122362044916,0.003788782291367407
2018-12-13,0.03254194688994665,0.033894909521856684,0.013415138000475144,0.0,0.0,0.033894909521856684,8.200570616266557,8.541517199507885,3.3806147761197365
2018-12-14,0.013654186821934672,0.014345081794240822,0.008305092231265663,0.0,0.0,0.014345081794240822,3.4408550791275374,3.6149606121486872,2.092883242278947
2018-12-17,0.0004764423940702121,0.0004972905779454251,0.0003035730272617621,0.0,0.0,0.0004972905779454251,0.12006348330569346,0.12531722564224712,0.07650040286996404
2018-12-18,3.539954664455356e-05,3.4720203923679287e-05,7.45689334808297e-05,6.793427208742748e-07,0.019190717567793433,3.4720203923679287e-05,0.008920685754427497,0.00874949138876718,0.018791371237169084
2018-12-19,0.00023408444965253462,0.0001971788641806433,0.00038430953172733794,3.690558547189132e-05,0.15765927796149287,0.0001971788641806433,0.058989281312438725,0.049689073773522115,0.09684600199528916
2018-12-20,0.0017253504033343252,0.0017889437988489502,0.0015146684864148267,0.0,0.0,0.0017889437988489502,0.43478830164024995,0.45081383730993546,0.38169645857653633
2018-12-21,1.260793259649863,1.2150956363756058,1.059990192177782,0.04569762327425719,0.03624513608750709,1.2150956363756058,317.7199014317655,306.20410036665265,267.11752842880105
2018-12-24,0.05342024215304709,0.06370676744615238,0.053168716193418515,0.0,0.0,0.06370676744615238,13.461901022567867,16.054105396430398,13.398516480741465
2018-12-26,0.0014434326375272646,0.0014111828058054514,0.00120044310056162,3.22498317218132e-05,0.02234245704372996,0.0014111828058054514,0.3637450246568707,0.3556180670629738,0.30251166134152824
2018-12-27,5.353724452822381e-05,5.598891457973108e-05,7.402817520245585e-05,0.0,0.0,5.598891457973108e-05,0.0134913856211124,0.014109206474092232,0.018655100151018872
2018-12-28,8.54734606094129e-08,7.597058936965596e-08,1.283728921852289e-07,9.502871239756948e-09,0.1111779024050424,7.597058936965596e-08,2.153931207357205e-05,1.91445885211533e-05,3.234996883067769e-05
2018-12-31,3.0428500737848264e-05,2.682431933147019e-05,3.602200101852163e-05,3.604181406378073e-06,0.11844754754701048,2.682431933147019e-05,0.007667982185937763,0.006759728471530488,0.00907754425666745
2019-01-02,9.930425367082542e-07,1.0720799119852164e-06,1.545798835808686e-06,0.0,0.0,1.0720799119852164e-06,0.00025024671925048006,0.00027016413782027454,0.0003895413066237889
2019-01-03,0.8642206344956307,0.8464919213268839,1.073169914497399,0.0177287131687468,0.020514105381287236,0.8464919213268839,217.78359989289893,213.31596417437473,270.43881845334454
2019-01-04,0.03452135085272444,0.036042592322041295,0.03148056299655422,0.0,0.0,0.036042592322041295,8.699380414886559,9.082733265154406,7.933101875131663
2019-01-07,5.237262062815861e-06,4.63513416051873e-06,3.64974151728525e-06,6.02127902297131e-07,0.11496995569540698,4.63513416051873e-06,0.001319790039829597,0.0011680538084507198,0.000919734862355883
2019-01-08,0.000328642934383219,0.0003186515951375527,0.0003490809225968262,9.991339245666274e-06,0.03040180746321452,0.0003186515951375527,0.08281801946457118,0.08030020197466328,0.0879683924944002
2019-01-09,8.562826324547831e-05,8.797737319251349e-05,0.0001083263040395001,0.0,0.0,8.797737319251349e-05,0.021578322337860535,0.022170298044513398,0.027298228617954026
2019-01-10,0.0001709164793337131,0.0001818266279581484,0.0001512339068656888,0.0,0.0,0.0001818266279581484,0.0430709527920957,0.0458203102454534,0.038110944530153575
2019-01-11,0.0009376250486968141,0.0009007588355146671,0.000632015416801331,3.686621318214705e-05,0.039318716147854545,0.0009007588355146671,0.23628151227159716,0.2269912265496961,0.1592678850339354
2019-01-14,0.0003403449929006472,0.0002767250687570513,0.0004352683235569602,6.36199241435959e-05,0.18692775061697456,0.0002767250687570513,0.0857669382109631,0.06973471732677693,0.10968761753635396
2019-01-15,0.08563709669370698,0.0822104987192443,0.121731345420969,0.0034265979744626807,0.04001300962687202,0.0822104987192443,21.58054836681416,20.717045677249562,30.67629904608419
2019-01-16,0.0003406866611734657,0.00035929727382824487,0.0003535175173988651,0.0,0.0,0.00035929727382824487,0.08585303861571335,0.0905429130047177,0.089086414384514
2019-01-17,0.00038808586697368645,0.00034674597228044287,0.00025130908239929243,4.133989469324358e-05,0.10652254592286924,0.00034674597228044287,0.09779763847736898,0.0873799850146716,0.06332988876462169
2019-01-18,1.4189109134331386e-05,1.3407109567958262e-05,2.4858544780535063e-05,7.819995663731246e-07,0.055112657451366925,1.3407109567958262e-05,0.003575655501851509,0.003378591611125482,0.006264353284694836
2019-01-22,0.8629521889609362,0.9324154709994558,1.090154588274423,0.0,0.0,0.9324154709994558,217.4639516181559,234.96869869186284,274.7189562451546
2019-01-23,7.93568112210918e-06,7.500166324522865e-06,6.21537561982574e-06,4.3551479758631504e-07,0.054880574963171794,7.500166324522865e-06,0.0019997916427715134,0.001890041913779762,0.0015662746561960865
2019-01-24,0.00010879971681348429,9.872663815802145e-05,9.870705093351815e-05,1.0073078655462836e-05,0.09258368365192958,9.872663815802145e-05,0.02741752863699804,0.024879112815821405,0.024874176835246575
2019-01-25,0.001307849557974423,0.0009385220427281588,0.0012911250024270288,0.0003693275152462642,0.2823929653926556,0.0009385220427281588,0.3295780886095546,0.23650755476749602,0.32536350061161123
2019-01-28,7.637264313513928e-05,8.224726553565285e-05,5.849814907635315e-05,0.0,0.0,8.224726553565285e-05,0.019245906070055097,0.020726310914984516,0.014741533567240995
2019-01-29,0.0008982510404786484,0.0008609597492271756,0.00048228532507372303,3.729129125147276e-05,0.04151544449098107,0.0008609597492271756,0.2263592622006194,0.21696185680524827,0.1215359019185782
2019-01-30,0.014803425792291049,0.01596175795280429,0.013638933277391229,0.0,0.0,0.01596175795280429,3.730463299657344,4.022363004106682,3.43701118590259
2019-01-31,2.7773005076905164e-05,2.9385026492645253e-05,3.1443187714526456e-05,0.0,0.0,2.9385026492645253e-05,0.006998797279380102,0.007405026676146604,0.007923683304060666
2019-02-01,1.1048166058973552e-06,1.1806449259619454e-06,1.3806601526590603e-06,0.0,0.0,1.1806449259619454e-06,0.0002784137846861335,0.00029752252134241026,0.0003479263584700832
2019-02-04,0.02121375313381485,0.022775714974955646,0.021819892432474616,0.0,0.0,0.022775714974955646,5.345865789721342,5.739480173688823,5.498612892983603
2019-02-05,0.0006498852863617762,0.000604108355568109,0.0007950859262092399,4.577693079366716e-05,0.07043847842670763,0.000604108355568109,0.1637710921631676,0.15223530560316348,0.20036165340472845
2019-02-06,4.349451822197438e-06,4.506885240139367e-06,5.422920336184317e-06,0.0,0.0,4.506885240139367e-06,0.0010960618591937543,0.0011357350805151205,0.001366575924718448
2019-02-07,0.000630755755550717,0.000626091316244448,0.0006208068334807438,4.664439306269023e-06,0.007395000771418201,0.000626091316244448,0.1589504503987807,0.1577750116936009,0.15644332203714745
2019-02-08,3.8350040354720705e-07,3.317102792627858e-07,3.2014980265239286e-07,5.1790124284421265e-08,0.1350454621688136,3.317102792627858e-07,9.664210169389617e-05,8.359099037422202e-05,8.0677750268403e-05
2019-02-11,3.63555219810562e-05,3.362654135308757e-05,2.818272244665343e-05,2.72898062796863e-06,0.07506371533674876,3.362654135308757e-05,0.009161591539226162,0.008473888420978067,0.007102046056556665
2019-02-12,0.00011866886726468354,0.00010990218794869538,0.00012039359075119317,8.766679315988163e-06,0.07387514049965177,0.00010990218794869538,0.029904554550700253,0.027695351363071236,0.030339184869300678
2019-02-13,2.0072112303066332e-05,2.074468708267958e-05,1.4601491834425164e-05,0.0,0.0,2.074468708267958e-05,0.005058172300372716,0.005227661144835254,0.0036795759422751416
2019-02-14,2.148142277079638e-05,2.0230326134723663e-05,2.26341522312304e-05,1.2510966360727185e-06,0.05824086193828374,2.0230326134723663e-05,0.005413318538240688,0.005098042185950363,0.005703806362270061
2019-02-15,0.00010526208750009503,9.911579630372689e-05,0.0001207254049014218,6.146291196368144e-06,0.058390359567705094,9.911579630372689e-05,0.026526046050023948,0.024977180668539174,0.030422802035158295
2019-02-19,0.0001837301863842371,0.00016435054229830054,0.00016353648847012022,1.9379644085936555e-05,0.10547882393113592,0.00016435054229830054,0.046300006968827745,0.041416336659171736,0.04121119509447029
2019-02-20,2.9561993078152047e-05,2.9550083099998535e-05,1.9834972389558763e-05,1.190997815351226e-08,0.000402881420043122,2.9550083099998535e-05,0.007449622255694316,0.0074466209411996305,0.0049984130421688085
2019-02-21,0.00019812038023962633,0.00020297167696228916,0.00015978763891072678,0.0,0.0,0.00020297167696228916,0.04992633582038584,0.051148862594496865,0.04026648500550315
2019-02-22,0.004287619337044701,0.004444738508415359,0.0023449242874600674,0.0,0.0,0.004444738508415359,1.0804800729352646,1.1200741041206703,0.590920920439937
2019-02-25,0.0003904275916793807,0.0003608996302579148,0.0003214376824051075,2.9527961421465935e-05,0.0756298017228365,0.0003608996302579148,0.09838775310320394,0.09094670682499453,0.08100229596608709
2019-02-26,2.1300200658718427e-06,2.0202075578328578e-06,1.8034850998579868e-06,1.0981250803898495e-07,0.051554658213691144,2.0202075578328578e-06,0.0005367650565997043,0.0005090923045738802,0.0004544782451642127
2019-02-27,0.00025954100966417133,0.0002610792837012592,0.0005011096159708978,0.0,0.0,0.0002610792837012592,0.06540433443537118,0.06579197949271733,0.12627962322466624
2019-02-28,0.0007233981097077916,0.0008496788398451625,0.0006391646351603227,0.0,0.0,0.0008496788398451625,0.18229632364636347,0.21411906764098093,0.1610694880604013
2019-03-01,0.0005668434683892224,0.0006015652890058519,0.00037626465825152156,0.0,0.0,0.0006015652890058519,0.14284455403408405,0.15159445282947467,0.09481869387938344
2019-03-04,0.001693484127969093,0.001506420676250122,0.0016199381595159031,0.00018706345171897116,0.11046070554723525,0.001506420676250122,0.4267580002482115,0.37961801041503074,0.4082244161980076
2019-03-05,1.422730862982277e-05,1.3825688202006625e-05,1.2363796675376353e-05,4.016204278161444e-07,0.028228838639617587,1.3825688202006625e-05,0.003585281774715338,0.0034840734269056695,0.003115676762194841
2019-03-06,0.0036799699200223187,0.003624298267454748,0.0029618603876992314,5.5671652567570486e-05,0.015128290111704107,0.003624298267454748,0.9273524198456243,0.9133231633985965,0.7463888177002063
2019-03-07,3.906618275819772e-05,3.996366995685927e-05,4.9754459984055143e-05,0.0,0.0,3.996366995685927e-05,0.009844678055065824,0.010070844829128537,0.012538123915981896
2019-03-08,1.2875520156578203e-05,1.3597551746312684e-05,1.4464354422228857e-05,0.0,0.0,1.3597551746312684e-05,0.0032446310794577073,0.0034265830400707965,0.003645017314401672
2019-03-11,0.04856487848656637,0.03634111760773483,0.06385597567034734,0.012223760878831542,0.2516996080194267,0.03634111760773483,12.238349378614725,9.157961637149176,16.09170586892753
2019-03-12,0.00019422649851852464,0.0002228401409515954,0.00010777701863509066,0.0,0.0,0.0002228401409515954,0.048945077626668214,0.05615571551980204,0.027159808696042845
2019-03-13,1.2565716943785361e-05,1.3037479909215192e-05,1.2495457736973984e-05,0.0,0.0,1.3037479909215192e-05,0.003166560669833911,0.0032854449371222286,0.003148855349717444
2019-03-14,4.92353477354361e-05,4.679808632596187e-05,7.955952651030001e-05,2.4372614094742305e-06,0.049502267620175566,4.679808632596187e-05,0.012407307629329897,0.011793117754142391,0.020049000680595605
2019-03-15,0.0002683603572523814,0.00025764110694166074,0.0003394570876242182,1.0719250310720681e-05,0.03994349381751714,0.00025764110694166074,0.06762681002760011,0.06492555894929851,0.08554318608130299
2019-03-18,0.0005879197642116301,0.000618950747736402,0.00033043896541204193,0.0,0.0,0.000618950747736402,0.14815578058133078,0.15597558842957332,0.08327061928383457
2019-03-19,7.617643691267372e-05,8.536412473356662e-05,6.30193684513023e-05,0.0,0.0,8.536412473356662e-05,0.01919646210199378,0.02151175943285879,0.01588088084972818
2019-03-20,2.300546427939046e-05,2.1205284052275873e-05,1.8836015954134444e-05,1.8001802271145871e-06,0.07825011166921653,2.1205284052275873e-05,0.005797376998406396,0.00534373158117352,0.00474667602044188
2019-03-21,0.001851497771929195,0.0018746917637944144,0.001574619235919875,0.0,0.0,0.0018746917637944144,0.46657743852615713,0.4724223244761924,0.3968040474518085
2019-03-22,0.0005780065557648435,0.0005647140403293698,0.00047930724294780006,1.3292515435473634e-05,0.022997170672030227,0.0005647140403293698,0.14565765205274056,0.1423079381630012,0.12078542522284562
2019-03-25,4.8237371289778564e-05,5.4333521323606235e-05,3.367033213253281e-05,0.0,0.0,5.4333521323606235e-05,0.012155817565024199,0.01369204737354877,0.008484923697398268
2019-03-26,0.00026147041071376305,0.00026691091182265767,0.0003517866263453178,0.0,0.0,0.00026691091182265767,0.0658905434998683,0.06726154977930973,0.08865022983902009
2019-03-27,2.8241890221715503e-05,3.0070879115452345e-05,4.26067023237581e-05,0.0,0.0,3.0070879115452345e-05,0.007116956335872306,0.007577861537093991,0.010736888985587043
2019-03-28,2.793716717609493e-07,2.9211923359525094e-07,4.185776106002495e-07,0.0,0.0,2.9211923359525094e-07,7.040166128375923e-05,7.361404686600324e-05,0.00010548155787126287
2019-03-29,1.1311273251744517e-05,1.2671590489313148e-05,1.1138908700019218e-05,0.0,0.0,1.2671590489313148e-05,0.002850440859439618,0.003193240803306913,0.002807004992404843
2019-04-01,3.810203543196721e-05,3.4875276081432645e-05,3.403435181940402e-05,3.2267593505345653e-06,0.08468731996244032,3.4875276081432645e-05,0.009601712928855737,0.008788569572521027,0.008576656658489813
2019-04-02,0.0021050979277119014,0.00195652258070951,0.0021139243130907817,0.0001485753470023914,0.0705788291252103,0.00195652258070951,0.5304846777833991,0.4930436903387965,0.5327089268988769
2019-04-03,0.0002656509531995245,0.0002359273141999053,0.0003247476260977688,2.9723638999619196e-05,0.11188982584001725,0.0002359273141999053,0.06694404020628017,0.059453683178376134,0.08183640177663774
2019-04-04,5.876225437092482e-07,5.325773400447083e-07,6.458468962626417e-07,5.5045203664539986e-08,0.09367426518869357,5.325773400447083e-07,0.00014808088101473055,0.00013420948969126647,0.0001627534178581857
2019-04-05,1.530575938171196e-05,1.556935593103585e-05,1.2753466521002777e-05,0.0,0.0,1.556935593103585e-05,0.0038570513641914142,0.003923477694621034,0.0032138735632926997
2019-04-08,0.0028966506342336064,0.0026688692635046273,0.0022920904671663894,0.00022778137072897902,0.07863612130449729,0.0026688692635046273,0.7299559598268688,0.6725550544031661,0.5776067977259302
2019-04-09,2.182606234296035e-06,1.8497730463324432e-06,2.4567743400952264e-06,3.328331879635919e-07,0.15249339539138013,1.8497730463324432e-06,0.0005500167710426008,0.00046614280767577566,0.000619107133703997
2019-04-10,8.065450891065358e-06,7.084460597090925e-06,1.0852212768672476e-05,9.809902939744325e-07,0.12162868333033408,7.084460597090925e-06,0.00203249362454847,0.0017852840704669132,0.002734757617705464
2019-04-11,1.1018498732541178e-05,1.1390808148630441e-05,1.8154958646486963e-05,0.0,0.0,1.1390808148630441e-05,0.002776661680600377,0.002870483653454871,0.004575049578914715
2019-04-12,3.869935451794355e-06,3.5805513462898047e-06,2.875501388790614e-06,2.893841055045504e-07,0.07477748255281376,3.5805513462898047e-06,0.0009752237338521775,0.0009022989392650308,0.0007246263499752347
2019-04-15,9.50949372537795e-05,0.00010766951619106242,5.8687361079045755e-05,0.0,0.0,0.00010766951619106242,0.023963924187952436,0.02713271808014773,0.014789214991919531
2019-04-16,1.9863871067916472e-08,1.8385277403583417e-08,1.6487732126974867e-08,1.4785936643330547e-09,0.07443258298923039,1.8385277403583417e-08,5.005695509114951e-06,4.633089905703021e-06,4.1549084959976666e-06
2019-04-17,4.240437576297993,4.229101189005219,4.566982229161706,0.011336387292774752,0.0026734003481473307,4.229101189005219,1068.5902692270943,1065.733499629315,1150.87952174875
2019-04-18,0.003282196273519983,0.003935806161314881,0.002984157917584436,0.0,0.0,0.003935806161314881,0.8271134609270357,0.9918231526513499,0.7520077952312778
2019-04-22,8.594204050884049e-05,7.115980375490198e-05,8.893099807188843e-05,1.4782236753938511e-05,0.1720023924777017,7.115980375490198e-05,0.021657394208227803,0.017932270546235297,0.022410611514115886
2019-04-23,0.0016509998882263388,0.001799747206189477,0.001557836834822852,0.0,0.0,0.001799747206189477,0.4160519718330374,0.4535362959597482,0.3925748823753587
2019-04-24,5.603363534063988e-05,5.2809235820750516e-05,3.093855591424859e-05,3.2243995198893614e-06,0.05754399911309665,5.2809235820750516e-05,0.014120476105841249,0.01330792742682913,0.0077965160903906445
2019-04-25,0.00010618010740254225,9.906399455400513e-05,0.00014829796475054874,7.116112848537119e-06,0.06701926524278007,9.906399455400513e-05,0.026757387065440646,0.024964126627609294,0.03737108711713828
2019-04-26,4.00257992013777e-05,3.77400639200263e-05,3.930398575895003e-05,2.2857352813513988e-06,0.057106548022810615,3.77400639200263e-05,0.01008650139874718,0.009510496107846628,0.009904604411255407
2019-04-29,6.2896626970514545e-06,5.544269233510348e-06,5.49400778939574e-06,7.453934635411069e-07,0.11851086154106165,5.544269233510348e-06,0.0015849949996569665,0.0013971558468446076,0.0013844899629277265
2019-04-30,8.427248365910339e-05,8.141226506211485e-05,9.616309624835634e-05,2.8602185969885428e-06,0.03394012421205588,8.141226506211485e-05,0.021236665882094056,0.02051589079565294,0.024233100254585797
2019-05-01,0.0009327681768519454,0.0010284145968376273,0.0012642017593774812,0.0,0.0,0.0010284145968376273,0.23505758056669024,0.2591604784030821,0.31857884336312525
2019-05-02,2.0189201096560854e-05,1.9558025723718035e-05,2.7929303063534957e-05,6.31175372842819e-07,0.03126301722198011,1.9558025723718035e-05,0.005087678676333335,0.0049286224823769445,0.00703818437201081
2019-05-03,4.529033678697414e-05,4.736500179411294e-05,2.783123171787846e-05,0.0,0.0,4.736500179411294e-05,0.011413164870317483,0.011935980452116461,0.007013470392905372
2019-05-06,0.00011465112499144948,0.00011410289296091256,0.0001411917984427659,5.482320305369236e-07,0.004781741354880457,0.00011410289296091256,0.028892083497845267,0.028753929026149965,0.03558033320757701
2019-05-07,0.0015357822220055768,0.0016135757458472086,0.0011750330198307473,0.0,0.0,0.0016135757458472086,0.38701711994540533,0.40662108795349655,0.2961083209973483
2019-05-08,7.756554932945569e-08,8.217071386664935e-08,4.4026039996550617e-08,0.0,0.0,8.217071386664935e-08,1.9546518431022835e-05,2.0707019894395637e-05,1.1094562079130755e-05
2019-05-09,3.397199822393677,3.3766345629668337,1.2373871166782278,0.020565259426843063,0.006053591340513691,3.3766345629668337,856.0943552432066,850.9119098676421,311.8215534029134
2019-05-10,0.06418166643947065,0.07013430000247965,0.08635490496402104,0.0,0.0,0.07013430000247965,16.173779942746606,17.673843600624874,21.761436050933302
2019-05-13,0.002134386471190824,0.0018946631172594344,0.001965620298008507,0.00023972335393138968,0.11231487692354401,0.0018946631172594344,0.5378653907400877,0.4774551055493775,0.4953363150981438
2019-05-14,0.0009922573358877589,0.0009431831712164227,0.0010541769085913235,4.907416467133622e-05,0.04945709429094132,0.0009431831712164227,0.25004884864371524,0.2376821591465385,0.26565258096501354
2019-05-15,5.911371835492484e-05,6.287635406926452e-05,0.00010387936297128038,0.0,0.0,6.287635406926452e-05,0.01489665702544106,0.01584484122545466,0.026177599468762656
2019-05-16,5.798263696107648e-05,4.712137689808555e-05,4.4175924975587264e-05,1.0861260062990934e-05,0.18731917768698372,4.712137689808555e-05,0.014611624514191273,0.011874586978317558,0.01113233309384799
2019-05-17,6.077917319642542e-05,5.966800145822509e-05,5.514491940898274e-05,1.1111717382003244e-06,0.01828211312330853,5.966800145822509e-05,0.015316351645499205,0.015036336367472723,0.013896519691063652
2019-05-20,0.0009333626843349797,0.0007943350392326693,0.001033372212305854,0.00013902764510231045,0.14895350680578584,0.0007943350392326693,0.2352073964524149,0.20017242988663267,0.2604097975010752
2019-05-21,0.0013520420444852025,0.0012706819712046732,0.002161506650073593,8.136007328052937e-05,0.060175697606602144,0.0012706819712046732,0.34071459521027103,0.32021185674357766,0.5446996758185455
2019-05-22,0.003099638891993382,0.0035489978309026474,0.001732803767353913,0.0,0.0,0.0035489978309026474,0.7811090007823323,0.8943474533874671,0.4366665493731861
2019-05-23,0.0018376042868777276,0.0016538342726291253,0.002173379461677855,0.00018377001424860228,0.10000521628127054,0.0016538342726291253,0.46307628029318737,0.4167662367025396,0.5476916243428194
2019-05-24,0.00020586567146933273,0.0002155964556057649,0.00015805980161509632,0.0,0.0,0.0002155964556057649,0.05187814921027185,0.05433030681265275,0.039831070007004275
2019-05-28,7.97595253841216e-06,6.3212635378489e-06,1.105439523254067e-05,1.6546890005632595e-06,0.2074597090610275,6.3212635378489e-06,0.002009940039679864,0.0015929584115379229,0.002785707598600249
2019-05-29,5.810572038292196e-06,5.389535611918573e-06,9.702583724516702e-06,4.2103642637362334e-07,0.0724603965218156,5.389535611918573e-06,0.0014642641536496334,0.0013581629742034803,0.0024450510985782087
2019-05-30,0.00020014677333890266,0.00020150011883424135,0.00016308528604379029,0.0,0.0,0.00020150011883424135,0.05043698688140347,0.05077802994622882,0.041097492083035154
2019-05-31,0.00044066840831343684,0.000439194871385936,0.0005117381726482157,1.4735369275008237e-06,0.0033438678524666658,0.000439194871385936,0.11104843889498608,0.11067710758925588,0.12895801950735036
2019-06-03,4.839231439158835e-05,4.698324958149497e-05,5.152948831585013e-05,1.409064810093381e-06,0.02911753237453704,4.698324958149497e-05,0.012194863226680265,0.011839778894536733,0.012985431055594233
2019-06-04,0.000822926956018314,0.0007440225307409755,0.0010612246530178298,7.89044252773385e-05,0.09588265957799035,0.0007440225307409755,0.20737759291661512,0.18749367774672582,0.2674286125604931
2019-06-05,0.00010780333822935447,0.00012108643772737278,8.543199627775606e-05,0.0,0.0,0.00012108643772737278,0.027166441233797328,0.03051378230729794,0.021528863061994526
2019-06-06,0.00016189856076864997,0.0001471542279814258,9.702662966200039e-05,1.4744332787224176e-05,0.09107142537988419,0.0001471542279814258,0.040798437313699795,0.0370828654513193,0.024450710674824096
2019-06-07,0.003482970244219587,0.003926335378708481,0.002848226998129669,0.0,0.0,0.003926335378708481,0.8777085015433359,0.9894365154345371,0.7177532035286766
2019-06-10,0.0015579063642886316,0.00166770436257218,0.0011844665172182343,0.0,0.0,0.00166770436257218,0.3925924038007352,0.42026149936818935,0.29848556233899504
2019-06-11,0.0005189931096440075,0.000533019774510851,0.0002979068182984738,0.0,0.0,0.000533019774510851,0.1307862636302899,0.13432098317673444,0.0750725182112154
2019-06-12,1.1824574256605842e-05,1.2071263085188797e-05,9.278958936325164e-06,0.0,0.0,1.2071263085188797e-05,0.0029797927126646723,0.0030419582974675766,0.0023382976519539414
2019-06-13,0.00023400516055506514,0.00025015138053860843,0.0002704554373741376,0.0,0.0,0.00025015138053860843,0.05896930045987642,0.06303814789572933,0.06815477021828269
2019-06-14,0.0003420927030488523,0.00037180031527631307,0.0006186792406017404,0.0,0.0,0.00037180031527631307,0.08620736116831078,0.09369367944963089,0.15590716863163856
2019-06-17,2.0571926066223333e-05,2.2444977000696322e-05,2.4258102690587113e-05,0.0,0.0,2.2444977000696322e-05,0.00518412536868828,0.005656134204175473,0.006113041878027953
2019-06-18,0.0004913877984158523,0.00043387724587039056,0.000689208163811979,5.751055254546179e-05,0.1170369972836702,0.00043387724587039056,0.12382972520079479,0.10933706595933843,0.1736804572806187
2019-06-19,0.00018598876708103836,0.00016249998472743117,0.0001366170479359054,2.3488782353607194e-05,0.12629140241077755,0.00016249998472743117,0.046869169304421664,0.04094999615131265,0.03442749607984816
2019-06-20,0.0006452902770264119,0.0005649186253810609,0.0006504268530181758,8.037165164535094e-05,0.12455115841999607,0.0005649186253810609,0.1626131498106558,0.14235949359602734,0.16390756696058031
2019-06-21,3.622468343432999e-05,3.3048675438154456e-05,2.8485813740635106e-05,3.176007996175531e-06,0.08767524260792844,3.3048675438154456e-05,0.009128620225451156,0.008328266210414922,0.007178425062640046
2019-06-24,1.5075303462593559e-05,1.3392689772752384e-05,1.689371589976304e-05,1.6826136898411746e-06,0.11161391095060494,1.3392689772752384e-05,0.003798976472573577,0.003374957822733601,0.004257216406740286
2019-06-25,0.0018470820062598153,0.002021865484115547,0.0016901380650811723,0.0,0.0,0.002021865484115547,0.46546466557747346,0.5095101019971179,0.42591479240045543
2019-06-26,0.2510300108903581,0.24469346741133718,0.23826027124998006,0.006336543479020906,0.025242175055170058,0.24469346741133718,63.259562744370236,61.66275378765697,60.04158835499498
2019-06-27,5.315004117615302e-07,5.768117025578814e-07,7.661448412939201e-07,0.0,0.0,5.768117025578814e-07,0.0001339381037639056,0.00014535654904458613,0.00019306850000606787
2019-06-28,0.0005565760536689398,0.0005548893108907421,0.0005641303701311262,1.6867427781976562e-06,0.0030305701512814047,0.0005548893108907421,0.14025716552457282,0.13983210634446702,0.1421608532730438
2019-07-01,0.13998045854779478,0.1195272241228551,0.07757420203771359,0.02045323442493968,0.14611492659034286,0.1195272241228551,35.275075554044285,30.120860478959486,19.548698913503824
2019-07-02,0.00018929707564037144,0.00018624202499323406,0.0001921456547114918,3.0550506471373803e-06,0.01613892143163625,0.00018624202499323406,0.0477028630613736,0.04693299029829498,0.048420704987295934
2019-07-03,2.4789104943645312e-05,2.5914060163711567e-05,2.785041876118066e-05,0.0,0.0,2.5914060163711567e-05,0.006246854445798619,0.006530343161255315,0.007018305527817526
2019-07-05,3.130946971403696e-07,3.123423808054945e-07,3.148860511363634e-07,7.523163348750983e-10,0.0024028319192704005,3.123423808054945e-07,7.889986367937314e-05,7.871027996298462e-05,7.935128488636358e-05
2019-07-08,0.000514434530322085,0.0006052363481079814,0.0002718319133965588,0.0,0.0,0.0006052363481079814,0.12963750164116541,0.15251955972321132,0.06850164217593281
2019-07-09,9.561254677879058e-06,7.904130839187015e-06,1.6191740770280492e-05,1.6571238386920438e-06,0.1733165490518122,7.904130839187015e-06,0.0024094361788255226,0.0019918409714751277,0.004080318674110684
2019-07-10,0.00011448135066780908,0.0001269830308022195,0.00015734878166077826,0.0,0.0,0.0001269830308022195,0.028849300368287888,0.031999723762159316,0.03965189297851612
2019-07-11,7.037189682214192e-05,6.592709731272714e-05,7.860283470539635e-05,4.444799509414782e-06,0.06316156941864176,6.592709731272714e-05,0.017733717999179763,0.01661362852280724,0.01980791434575988
2019-07-12,0.001476811361794625,0.0015862256308588683,0.0018230895023885253,0.0,0.0,0.0015862256308588683,0.3721564631722455,0.39972885897643484,0.4594185546019084
2019-07-15,0.0005962401519072041,0.0007089771300507024,0.00036356884685675474,0.0,0.0,0.0007089771300507024,0.15025251828061542,0.17866223677277698,0.0916193494079022
2019-07-16,0.0007344603560377553,0.0006669230563126268,0.00031382565057577614,6.75372997251285e-05,0.09195499672374655,0.0006669230563126268,0.18508400972151434,0.16806461019078195,0.07908406394509558
2019-07-17,0.00011061477593486909,0.0001028051897350149,0.00011221486517638462,7.80958619985418e-06,0.07060165392235551,0.0001028051897350149,0.027874923535587008,0.025906907813223756,0.028278146024448923
2019-07-18,0.0018141457255380993,0.0018878887951173204,0.0015388340688405546,0.0,0.0,0.0018878887951173204,0.457164722835601,0.47574797636956473,0.3877861853478197
2019-07-19,0.00039812719333081703,0.000411755201013523,0.00032184590130554953,0.0,0.0,0.000411755201013523,0.10032805271936589,0.10376231065540781,0.08110516712899848
2019-07-22,0.0005048425467459044,0.0004151625598315927,0.0005284847006887016,8.967998691431173e-05,0.17763951813239232,0.0004151625598315927,0.12722032177996792,0.10462096507756136,0.1331781445735528
2019-07-23,7.426581888029381e-05,6.892874804466866e-05,5.950266122384895e-05,5.337070835625146e-06,0.07186443028876223,6.892874804466866e-05,0.01871498635783404,0.017370044507256502,0.014994670628409935
2019-07-24,2.342075690555286e-06,2.448537318094597e-06,2.9938813188889522e-06,0.0,0.0,2.448537318094597e-06,0.0005902030740199321,0.0006170314041598385,0.000754458092360016
2019-07-25,1.0329627536081883e-05,1.1446001314373862e-05,1.7345859535449608e-05,0.0,0.0,1.1446001314373862e-05,0.0026030661390926343,0.0028843923312222132,0.0043711566029333015
2019-07-26,3.667837444195395e-05,3.956757420622043e-05,2.3480274059658416e-05,0.0,0.0,3.956757420622043e-05,0.009242950359372394,0.009971028699967549,0.005917029063033921
2019-07-29,6.42908087052898e-05,7.109051526723006e-05,5.973873990259884e-05,0.0,0.0,7.109051526723006e-05,0.016201283793733028,0.017914809847341975,0.015054162455454908
2019-07-30,0.0004079732826598486,0.000468292170097427,0.0003376731393572537,0.0,0.0,0.000468292170097427,0.10280926723028184,0.1180096268645516,0.08509363111802792
2019-07-31,0.00030648607555816467,0.00030349767554785134,0.00035613425496945666,2.988400010313331e-06,0.00975052453890575,0.00030349767554785134,0.0772344910406575,0.07648141423805854,0.08974583225230308
2019-08-01,0.009072752668013464,0.008684505884033541,0.009760375992363903,0.0003882467839799227,0.04279261191654849,0.008684505884033541,2.286333672339393,2.1884954827764522,2.4596147500757035
2019-08-02,0.00023574718760598082,0.00019454487782289562,0.00016639557007855018,4.12023097830852e-05,0.1747732816103662,0.00019454487782289562,0.059408291276707166,0.049025309211369696,0.04193168365979465
2019-08-05,0.010195738659524261,0.010157347685546462,0.014316559252196855,3.839097397779871e-05,0.0037653940784536217,0.010157347685546462,2.5693261422001137,2.5596516167577086,3.6077729315536073
2019-08-06,0.0018643266427234597,0.0019212428703473778,0.0015704410898330805,0.0,0.0,0.0019212428703473778,0.46981031396631184,0.4841532033275392,0.3957511546379363
2019-08-07,5.067233553143205e-05,4.844958395274853e-05,5.018551209734537e-05,2.2227515786835188e-06,0.04386518820391765,4.844958395274853e-05,0.012769428553920877,0.01220929515609263,0.012646749048531034
2019-08-08,0.01720260357261401,0.01670915943807401,0.011605655908173047,0.0004934441345399998,0.028684270519194126,0.01670915943807401,4.33505610029873,4.2107081783946505,2.9246252888596076
2019-08-09,0.00010512297984830384,0.00010846326257419768,8.708467267725653e-05,0.0,0.0,0.00010846326257419768,0.026490990921772567,0.027332742168697813,0.021945337514668647
2019-08-12,2.475688833563967e-06,2.2118828046617833e-06,2.8238591959726806e-06,2.6380602890218387e-07,0.10655859442715913,2.2118828046617833e-06,0.0006238735860581197,0.0005573944667747693,0.0007116125173851155
2019-08-13,0.02249310031550202,0.019982181657419423,0.023685882712456478,0.0025109186580825962,0.11163061662248783,0.019982181657419423,5.668261279506509,5.035509777669694,5.968842443539033
2019-08-14,0.005830454071790478,0.005363971995333254,0.002903596727326951,0.00046648207645722407,0.08000784683892792,0.005363971995333254,1.4692744260912003,1.35172094282398,0.7317063752863916
2019-08-15,2.6460896323809913e-05,2.5129864911783862e-05,3.649396492063498e-05,1.331031412026051e-06,0.050301824452051704,2.5129864911783862e-05,0.006668145873600098,0.006332725957769533,0.009196479160000015
2019-08-16,0.00036738730699898515,0.00037521898903180537,0.00041276163522273437,0.0,0.0,0.00037521898903180537,0.09258160136374426,0.09455518523601496,0.10401593207612907
2019-08-19,0.000345181950871237,0.0003722216431688383,0.00017553411400625588,0.0,0.0,0.0003722216431688383,0.08698585161955173,0.09379985407854725,0.044234596729576484
2019-08-20,2.241983066538397e-07,2.3214112696336762e-07,2.122227392840955e-07,0.0,0.0,2.3214112696336762e-07,5.64979732767676e-05,5.849956399476864e-05,5.348013029959207e-05
2019-08-21,0.00019424262766631672,0.00017221568390900747,0.0002507497823415386,2.202694375730925e-05,0.11339912308924031,0.00017221568390900747,0.04894914217191181,0.043398352345069884,0.06318894515006772
2019-08-22,5.777843316631918e-06,5.315805591473971e-06,4.088297534965503e-06,4.620377251579466e-07,0.0799671468869349,5.315805591473971e-06,0.0014560165157912433,0.0013395830090514407,0.0010302509788113069
2019-08-23,15.716419965451493,15.147198339784671,27.119587804132223,0.5692216256668221,0.03621827533993576,15.147198339784671,3960.5378312937764,3817.093981625737,6834.1361266413205
2019-08-26,0.0020958755079132263,0.0019463314331855939,0.0038777148499180005,0.00014954407472763244,0.07135160179679541,0.0019463314331855939,0.528160627994133,0.49047552116276966,0.9771841421793361
2019-08-27,0.0002162280813883682,0.00020201583168630635,0.0002084951213519368,1.4212249702061835e-05,0.0657280476480162,0.00020201583168630635,0.05448947650986878,0.0509079895849492,0.052540770580688075
2019-08-28,9.203930816308984e-06,1.0401243115562018e-05,1.0671130535022429e-05,0.0,0.0,1.0401243115562018e-05,0.002319390565709864,0.0026211132651216286,0.002689124894825652
2019-08-29,0.0006827842989200447,0.0006246505772360801,0.0005599977789871077,5.8133721683964576e-05,0.08514214766035502,0.0006246505772360801,0.17206164332785126,0.1574119454634922,0.14111944030475113
2019-08-30,1.1757772263407761e-05,1.2776069205031253e-05,1.298171520040569e-05,0.0,0.0,1.2776069205031253e-05,0.0029629586103787557,0.0032195694396678757,0.003271392230502234
2019-09-03,0.0029355982758356353,0.003308864719325395,0.0024436053655888185,0.0,0.0,0.003308864719325395,0.7397707655105801,0.8338339092699996,0.6157885521283822
2019-09-04,0.000783578751616403,0.0008672703933157874,0.0010518905173902636,0.0,0.0,0.0008672703933157874,0.19746184540733355,0.21855213911557844,0.2650764103823464
2019-09-05,0.045088818673812474,0.049557547108264405,0.1036122607453111,0.0,0.0,0.049557547108264405,11.362382305800743,12.48850187128263,26.1102897078184
2019-09-06,3.6125337332284723e-09,3.5358718489628626e-09,3.1313340704146134e-09,7.666188426560966e-11,0.021215212012734398,3.5358718489628626e-09,9.10358500773575e-07,8.910397059386414e-07,7.890961857444826e-07
2019-09-09,1.5917794169813222e-05,1.6177211585936313e-05,1.2628198559242805e-05,0.0,0.0,1.6177211585936313e-05,0.0040112841307929316,0.004076657319655951,0.003182306036929187
2019-09-10,0.0021126417656198875,0.001955666112499711,0.0027450489602670438,0.0001569756531201766,0.07430301511615438,0.001955666112499711,0.5323857249362116,0.49282786034992715,0.6917523379872951
2019-09-11,0.010139284522742376,0.011815627275713406,0.008529312119569,0.0,0.0,0.011815627275713406,2.5550996997310786,2.9775380734797783,2.149386654131388
2019-09-12,0.0010150669733154582,0.0010341758068221926,0.0005599780623647251,0.0,0.0,0.0010341758068221926,0.25579687727549544,0.26061230331919255,0.1411144717159107
2019-09-13,7.198778246801117e-05,7.051048474584726e-05,0.0001201739559342813,1.4772977221639113e-06,0.020521505886069824,7.051048474584726e-05,0.018140921181938816,0.01776864215595351,0.030283836895438884
2019-09-16,8.735682497239222e-06,8.875659707696009e-06,8.290102177964906e-06,0.0,0.0,8.875659707696009e-06,0.002201391989304284,0.002236666246339394,0.0020891057488471565
2019-09-17,0.004654636957189124,0.005275181940073687,0.004539187918080547,0.0,0.0,0.005275181940073687,1.1729685132116592,1.329345848898569,1.143875355356298
2019-09-18,0.0007245308301478577,0.0007548658434857055,0.0009680628674466833,0.0,0.0,0.0007548658434857055,0.18258176919726016,0.1902261925583978,0.2439518425965642
2019-09-19,0.001091980570003309,0.0011206708889416781,0.0008442390192798879,0.0,0.0,0.0011206708889416781,0.27517910364083387,0.2824090640133029,0.21274823285853176
2019-09-20,0.0022389772322850476,0.0018355494512512492,0.0012748882820441088,0.00040342778103379844,0.1801839585666021,0.0018355494512512492,0.564222262535832,0.4625584617153148,0.3212718470751154
2019-09-23,0.002391009457558072,0.0023275121454956428,0.001351712200945403,6.349731206242932e-05,0.026556696308814336,0.0023275121454956428,0.6025343833046342,0.586533060664902,0.34063147463824156
2019-09-24,3.728088476989517e-05,4.028905102999849e-05,3.440541166565383e-05,0.0,0.0,4.028905102999849e-05,0.009394782962013582,0.01015284085955962,0.008670163739744765
2019-09-25,0.00011168388717835902,0.00010742137417578381,9.053234627519158e-05,4.262513002575215e-06,0.03816587219606813,0.00010742137417578381,0.028144339568946474,0.02707018629229752,0.022814151261348278
2019-09-26,0.00024882430990274293,0.0002436222492515767,0.00022765178436218172,5.202060651166241e-06,0.020906561068301528,0.0002436222492515767,0.06270372609549121,0.061392806811397325,0.057368249659269795
2019-09-27,2.007873179279453e-05,2.1595501091649036e-05,1.9044017273173424e-05,0.0,0.0,2.1595501091649036e-05,0.005059840411784222,0.005442066275095557,0.004799092352839702
2019-09-30,0.0016422560975726322,0.001826819310217204,0.001793523159271575,0.0,0.0,0.001826819310217204,0.41384853658830334,0.4603584661747354,0.45196783613643693
2019-10-01,1.427898205769604e-05,1.4355361599755856e-05,1.3502323640047168e-05,0.0,0.0,1.4355361599755856e-05,0.003598303478539402,0.0036175511231384756,0.0034025855572918863
2019-10-02,0.005301539006759139,0.005821933470514337,0.005967895284456586,0.0,0.0,0.005821933470514337,1.3359878297033032,1.467127234569613,1.5039096116830597
2019-10-03,6.66735916578568e-05,7.247018223262744e-05,3.833577142482365e-05,0.0,0.0,7.247018223262744e-05,0.016801745097779913,0.018262485922622116,0.009660614399055559
2019-10-04,0.0004975943940742248,0.0004329447431717893,0.0006445066679318126,6.464965090243553e-05,0.12992439533566674,0.0004329447431717893,0.12539378730670467,0.1091020752792909,0.16241568031881679
2019-10-07,6.132381038212044e-08,6.218538715954695e-08,8.817750116821128e-08,0.0,0.0,6.218538715954695e-08,1.545360021629435e-05,1.5670717564205833e-05,2.2220730294389243e-05
2019-10-08,0.0010285180384148889,0.0009221218445340382,0.0011132361727727853,0.00010639619388085064,0.1034461135376664,0.0009221218445340382,0.259186545680552,0.23237470482257763,0.2805355155387419
2019-10-09,0.0007111919021051866,0.0007660103164489403,0.0010598675080914072,0.0,0.0,0.0007660103164489403,0.179220359330507,0.19303459974513296,0.2670866120390346
2019-10-10,0.00042438370222789597,0.000452821408658121,0.00037591343710151017,0.0,0.0,0.000452821408658121,0.10694469296142979,0.1141109949818465,0.09473018614958056
2019-10-11,0.004034773181518363,0.003820115093727438,0.003205737086964464,0.0002146580877909251,0.05320202105064629,0.003820115093727438,1.0167628417426275,0.9626690036193144,0.8078457459150449
2019-10-14,5.514164034355877e-07,5.312187096753257e-07,5.742218220841664e-07,2.019769376026197e-08,0.03662868388705346,5.312187096753257e-07,0.0001389569336657681,0.00013386711483818207,0.00014470389916520994
2019-10-15,2.8593260872013077e-05,2.8464736845641503e-05,1.503306898494369e-05,1.2852402637157412e-07,0.004494906070768117,2.8464736845641503e-05,0.007205501739747295,0.007173113685101659,0.00378833338420581
2019-10-16,2.5053745139521702e-05,2.8367395140841418e-05,1.456281981596877e-05,0.0,0.0,2.8367395140841418e-05,0.006313543775159469,0.007148583575492038,0.00366983059362413
2019-10-17,9.249091558921385e-06,9.130727189249798e-06,1.1887554684551855e-05,1.1836436967158725e-07,0.012797403520134167,9.130727189249798e-06,0.002330771072848189,0.002300943251690949,0.0029956637805070674
2019-10-18,0.00653632496471313,0.007070720773038323,0.00640682448918359,0.0,0.0,0.007070720773038323,1.6471538911077088,1.7818216348056575,1.6145197712742645
2019-10-21,0.006469377575838601,0.006122318697600266,0.007070448938818258,0.00034705887823833527,0.05364640942907107,0.006122318697600266,1.6302831491113274,1.542824311795267,1.7817531325822011
2019-10-22,2.5704000214622512e-06,2.364470503194162e-06,2.7127533214486404e-06,2.0592951826808904e-07,0.08011571601031335,2.364470503194162e-06,0.0006477408054084874,0.0005958465668049289,0.0006836138370050574
2019-10-23,0.011035297199305962,0.011689800853183663,0.012479074765591855,0.0,0.0,0.011689800853183663,2.7808948942251024,2.9458298150022832,3.1447268409291476
2019-10-24,0.0001713936888555539,0.00017990302029766757,0.00011633478623545576,0.0,0.0,0.00017990302029766757,0.04319120959159958,0.045335561115012225,0.02931636613133485
2019-10-25,0.011787361568694634,0.014533307638676145,0.01275367090604408,0.0,0.0,0.014533307638676145,2.970415115311048,3.662393524946389,3.213925068323108
2019-10-28,0.001367690943476302,0.0014357605426457874,0.0008268120283392141,0.0,0.0,0.0014357605426457874,0.3446581177560281,0.36181165674673843,0.20835663114148195
2019-10-29,0.0010804626407393174,0.0010854087346844272,0.0009419412300198623,0.0,0.0,0.0010854087346844272,0.272276585466308,0.2735230011404757,0.2373691899650053
2019-10-30,6.294437492352323e-08,5.747177966820812e-08,5.005810440887684e-08,5.4725952553151115e-09,0.0869419756727822,5.747177966820812e-08,1.5861982480727853e-05,1.4482888476388445e-05,1.2614642311036964e-05
2019-10-31,0.00047702045172084447,0.0004420312558535224,0.0005682123691485407,3.498919586732206e-05,0.07334946681583478,0.0004420312558535224,0.12020915383365281,0.11139187647508765,0.14318951702543226
2019-11-01,1.3595787154518308,1.2783082917038011,1.2094450438429774,0.08127042374802973,0.05977618127168255,1.2783082917038011,342.61383629386137,322.1336895093579,304.7801510484303
2019-11-04,1.1934090815167741e-05,1.109143458281361e-05,1.261474758401401e-05,8.426562323541318e-07,0.07060916284246702,1.109143458281361e-05,0.0030073908854222706,0.0027950415148690296,0.0031789163911715304
2019-11-05,2.7087770719237366e-06,2.6534842050398934e-06,2.309800878992462e-06,5.529286688384318e-08,0.02041247581592203,2.6534842050398934e-06,0.0006826118221247816,0.0006686780196700532,0.0005820698215061004
2019-11-06,6.787239492219716e-07,6.899941754098107e-07,4.957530243095405e-07,0.0,0.0,6.899941754098107e-07,0.00017103843520393684,0.00017387853220327231,0.0001249297621260042
2019-11-07,0.005036011283450006,0.0048210644667774786,0.006757342926722788,0.00021494681667252706,0.04268195691622678,0.0048210644667774786,1.2690748434294015,1.2149082456279245,1.7028504175341426
2019-11-08,5.5781539085455895e-05,5.9040988967559996e-05,3.2754396584823844e-05,0.0,0.0,5.9040988967559996e-05,0.014056947849534885,0.014878329219825119,0.008254107939375609
2019-11-11,0.010187916386712147,0.010936975063348621,0.013110459034553986,0.0,0.0,0.010936975063348621,2.567354929451461,2.7561177159638524,3.3038356767076045
2019-11-12,7.261001709837052e-07,6.325596315445719e-07,8.481734926945291e-07,9.354053943913335e-08,0.12882576585354732,6.325596315445719e-07,0.00018297724308789372,0.0001594050271492321,0.00021373972015902132
2019-11-13,6.089727558335283e-05,6.276133033382306e-05,3.7152628702361486e-05,0.0,0.0,6.276133033382306e-05,0.015346113447004914,0.01581585524412341,0.009362462432995095
2019-11-14,5.9621674628757653e-05,5.353380640151324e-05,6.976793855880125e-05,6.08786822724441e-06,0.10210830479088405,5.353380640151324e-05,0.01502466200644693,0.013490519213181337,0.017581520516817915
2019-11-15,0.0025109963990151587,0.0024170654766745943,0.0017330298437251944,9.393092234056448e-05,0.03740782835849443,0.0024170654766745943,0.63277109255182,0.6091005001219978,0.436723520618749
2019-11-18,2.4302331373589178e-05,2.6543129105151198e-05,2.82253706081001e-05,0.0,0.0,2.6543129105151198e-05,0.006124187506144473,0.006688868534498102,0.007112793393241225
2019-11-19,3.412421284640287e-05,3.277412959374563e-05,2.5327695120760123e-05,1.3500832526572423e-06,0.039563790648309935,3.277412959374563e-05,0.008599301637293524,0.008259080657623898,0.006382579170431551
2019-11-20,0.00013979702160578006,0.00013500631540921745,0.00015537750548622075,4.790706196562613e-06,0.0342690145130783,0.00013500631540921745,0.035228849444656575,0.034021591483122796,0.03915513138252763
2019-11-21,2.1381978631929773e-05,2.1956346938354477e-05,2.974032432628465e-05,0.0,0.0,2.1956346938354477e-05,0.005388258615246303,0.005532999428465329,0.007494561730223732
2019-11-22,2.0037682734130757e-05,1.8600256498387293e-05,1.740689358950823e-05,1.437426235743464e-06,0.07173614749169112,1.8600256498387293e-05,0.0050494960490009505,0.004687264637593598,0.004386537184556075
2019-11-25,7.368012844990912e-05,7.109073247117676e-05,0.00011026111774137633,2.5893959787323597e-06,0.03514374904149349,7.109073247117676e-05,0.018567392369377097,0.017914864582736542,0.027785801670826837
2019-11-26,0.00014898652044858295,0.00013225365140581818,0.00015344926914572716,1.6732869042764768e-05,0.11231129420347923,0.00013225365140581818,0.0375446031530429,0.03332792015426618,0.03866921582472325
2019-11-27,7.068848316406488e-05,7.180829253982499e-05,6.501094919617402e-05,0.0,0.0,7.180829253982499e-05,0.01781349775734435,0.018095689720035897,0.016382759197435853
2019-11-29,4.38879403732116e-06,3.4804981813731252e-06,5.72436269731198e-06,9.082958559480346e-07,0.20695791173297573,3.4804981813731252e-06,0.0011059760974049323,0.0008770855417060276,0.001442539399722619
2019-12-02,0.0002454825401855934,0.00022280444409104324,0.0002105109111051705,2.2678096094550166e-05,0.09238170659723101,0.00022280444409104324,0.061861600126769535,0.056146719910942895,0.05304874959850296
2019-12-03,0.0009587934886411257,0.0007983428185551032,0.0005790618200142711,0.0001604506700860225,0.16734643259423762,0.0007983428185551032,0.24161595913756367,0.201182390275886,0.1459235786435963
2019-12-04,3.062904836908805e-05,3.0108702148637417e-05,2.5088696342468097e-05,5.203462204506362e-07,0.01698865068191729,3.0108702148637417e-05,0.007718520189010189,0.007587392941456629,0.006322351478301961
2019-12-05,0.022624272147280248,0.021362567546202946,0.020033076541639307,0.0012617046010773014,0.055767743280669836,0.021362567546202946,5.7013165811146225,5.383367021643142,5.048335288493106
2019-12-06,0.00036084723346127513,0.0003606669192799541,0.00018701485759956203,1.803141813210029e-07,0.000499696725098093,0.0003606669192799541,0.09093350283224133,0.09088806365854844,0.04712774411508963
2019-12-09,5.807102478361155e-05,5.562276210863553e-05,8.228542883690831e-05,2.448262674976023e-06,0.042159797281675654,5.562276210863553e-05,0.01463389824547011,0.014016936051376152,0.020735928066900895
2019-12-10,5.8390181976254434e-05,5.795721159428901e-05,7.348325821070952e-05,4.329703819654269e-07,0.007415122883610473,5.795721159428901e-05,0.014714325858016117,0.01460521732176083,0.018517781069098797
2019-12-11,4.487447206109812e-05,4.957097622338337e-05,5.2872092726280896e-05,0.0,0.0,4.957097622338337e-05,0.011308366959396727,0.012491886008292609,0.013323767367022786
2019-12-12,6.653157999232979e-05,6.632124908968684e-05,6.056020104883495e-05,2.1033090264294628e-07,0.0031613693753526563,6.632124908968684e-05,0.016765958158067105,0.016712954770601085,0.015261170664306408
2019-12-13,0.0004859765757951331,0.0004911656466062627,0.0003816519290053051,0.0,0.0,0.0004911656466062627,0.12246609710037354,0.12377374294477819,0.09617628610933689
2019-12-16,0.3480766098575347,0.29280821018985626,0.36269156464772784,0.055268399667678436,0.1587822855725371,0.29280821018985626,87.71530568409874,73.78766896784377,91.39827429122741
2019-12-17,1.7578228115796543e-05,1.9498943856863644e-05,2.298422037995875e-05,0.0,0.0,1.9498943856863644e-05,0.004429713485180729,0.004913733851929638,0.005792023535749605
2019-12-18,3.2756447758182473e-06,3.4962676837873176e-06,2.9892551988308464e-06,0.0,0.0,3.4962676837873176e-06,0.0008254624835061983,0.000881059456314404,0.0007532923101053733
2019-12-19,3.796110009457019e-05,3.890624106444501e-05,2.6620738334702265e-05,0.0,0.0,3.890624106444501e-05,0.009566197223831688,0.009804372748240142,0.006708426060344971
2019-12-20,4.103596313425226e-06,4.404071276742984e-06,1.687193792732552e-06,0.0,0.0,4.404071276742984e-06,0.001034106270983157,0.001109825961739232,0.0004251728357686031
2019-12-23,0.0035848516833264345,0.00374628469844016,0.0017547991264038137,0.0,0.0,0.00374628469844016,0.9033826241982615,0.9440637440069204,0.442209379853761
2019-12-24,1.8183141701525548e-06,2.1080057451041206e-06,9.986928271266695e-07,0.0,0.0,2.1080057451041206e-06,0.0004582151708784438,0.0005312174477662384,0.0002516705924359207
2019-12-26,0.00038778717053020124,0.0003571585990835355,0.00023671197343214123,3.062857144666575e-05,0.07898294140521966,0.0003571585990835355,0.09772236697361071,0.09000396696905094,0.05965141730489959
2019-12-27,1.2347352430552922e-05,1.0568303736265918e-05,9.831181502496715e-06,1.7790486942870036e-06,0.14408340251157262,1.0568303736265918e-05,0.0031115328124993362,0.0026632125415390114,0.0024774577386291723
2019-12-30,2.020664852197277e-05,2.080678058160468e-05,2.365826392692974e-05,0.0,0.0,2.080678058160468e-05,0.005092075427537138,0.005243308706564379,0.005961882509586294
2019-12-31,0.00020656566485258572,0.0002463638333902955,0.00029280325024264313,0.0,0.0,0.0002463638333902955,0.052054547542851604,0.06208368601435447,0.07378641906114607
2020-01-02,0.0003289582865100737,0.0003503953611140426,0.0003827943476001504,0.0,0.0,0.0003503953611140426,0.08289748820053858,0.08829963100073875,0.09646417559523791
2020-01-03,0.00046933489146580814,0.000420221988063846,0.00044242665929944836,4.911290340196215e-05,0.10464362268897387,0.000420221988063846,0.11827239264938365,0.1058959409920892,0.11149151814346099
2020-01-06,4.162027149786536e-05,3.9037497811424975e-05,4.6895618000940506e-05,2.582773686440384e-06,0.06205566497847534,3.9037497811424975e-05,0.01048830841746207,0.009837449448479094,0.011817695736237007
2020-01-07,9.184528926579971e-06,7.908407154262814e-06,6.492869061219886e-06,1.2761217723171572e-06,0.13894252427923057,7.908407154262814e-06,0.0023145012894981525,0.001992918602874229,0.0016362030034274113
2020-01-08,0.000973410745815198,0.0009757052922528815,0.0013645130535359423,0.0,0.0,0.0009757052922528815,0.2452995079454299,0.24587773364772614,0.3438572894910575
2020-01-09,0.0005940026186591274,0.0006405507371007062,0.0004328543712598527,0.0,0.0,0.0006405507371007062,0.14968865990210012,0.16141878574937799,0.10907930155748288
2020-01-10,1.716807486478249e-05,1.8390945726928148e-05,8.868400879294452e-06,0.0,0.0,1.8390945726928148e-05,0.004326354865925188,0.004634518323185894,0.0022348370215822017
2020-01-13,0.0028234509383557368,0.002277198979920392,0.0019489613669498999,0.0005462519584353447,0.19346961224691586,0.002277198979920392,0.7115096364656457,0.5738541429399387,0.49113826447137476
2020-01-14,0.00034428013761922746,0.00039438706761087426,0.00019287007888004623,0.0,0.0,0.00039438706761087426,0.08675859468004532,0.09938554103794031,0.04860325987777165
2020-01-15,6.311291173675557e-06,5.842455489538181e-06,5.998363331347226e-06,4.6883568413737595e-07,0.07428521311260043,5.842455489538181e-06,0.0015904453757662404,0.0014722987833636217,0.001511587559499501
2020-01-16,0.00010671878614411433,0.00011752886033130353,8.536064071762834e-05,0.0,0.0,0.00011752886033130353,0.02689313410831681,0.02961727280348849,0.02151088146084234
2020-01-17,4.952225327299274e-05,5.020032009758177e-05,5.158129796011297e-05,0.0,0.0,5.020032009758177e-05,0.01247960782479417,0.012650480664590605,0.012998487085948468
2020-01-21,1.5168551005403923e-05,1.6054501819798344e-05,2.2514519710919575e-05,0.0,0.0,1.6054501819798344e-05,0.0038224748533617885,0.004045734458589183,0.005673658967151733
2020-01-22,2.4987075743944337e-05,2.3462340923439632e-05,2.331393157595499e-05,1.5247348205047042e-06,0.06102093638761591,2.3462340923439632e-05,0.006296743087473973,0.005912509912706788,0.005875110757140658
2020-01-23,1.2010412734260321e-05,1.2155239501024046e-05,1.3784318460255798e-05,0.0,0.0,1.2155239501024046e-05,0.003026624009033601,0.0030631203542580594,0.0034736482519844613
2020-01-24,6.7437124831251245e-06,6.406159192148315e-06,9.54557522725853e-06,3.375532909768091e-07,0.05005451252065687,6.406159192148315e-06,0.0016994155457475313,0.0016143521164213755,0.0024054849572691496
2020-01-27,0.0007784592480238511,0.0007181608719009606,0.0004891702796633279,6.029837612289051e-05,0.07745861610418484,0.0007181608719009606,0.19617173050201048,0.18097653971904207,0.12327091047515863
2020-01-28,0.0007129073129544375,0.000668264338417678,0.001037403210858321,4.464297453675946e-05,0.06262100789670483,0.000668264338417678,0.17965264286451824,0.16840261328125486,0.26142560913629687
2020-01-29,0.056679256873472875,0.04514806682770949,0.06760320996716272,0.011531190045763383,0.20344638729652761,0.04514806682770949,14.283172732115164,11.377312840582793,17.036008911725006
2020-01-30,8.845505008385281e-06,7.989898925754853e-06,1.0511139342662478e-05,8.556060826304277e-07,0.096727771347319,7.989898925754853e-06,0.0022290672621130907,0.0020134545292902232,0.0026488071143509445
2020-01-31,0.11830792999259739,0.1226858561108146,0.1315310572697165,0.0,0.0,0.1226858561108146,29.81359835813454,30.91683573992528,33.14582643196856
2020-02-03,4.703398332682211e-05,4.096179360653256e-05,2.1941693172309298e-05,6.072189720289553e-06,0.12910217595209683,4.096179360653256e-05,0.011852563798359172,0.010322371988846205,0.0055293066794219435
2020-02-04,0.00664701548515237,0.006659777678763792,0.010803045128698608,0.0,0.0,0.006659777678763792,1.675047902258397,1.6782639750484756,2.7223673724320494
2020-02-05,0.20322913339226484,0.22997196661335698,0.1094864988197555,0.0,0.0,0.22997196661335698,51.21374161485074,57.95293558656596,27.590597702578386
2020-02-06,0.003816756377250105,0.0037634132998450604,0.005222069607181135,5.334307740504458e-05,0.013976023649039175,0.0037634132998450604,0.9618226070670265,0.9483801515609552,1.3159615410096461
2020-02-07,0.00029821344119549363,0.0002813716360573973,0.00039200916082077447,1.6841805138096354e-05,0.056475673980704466,0.0002813716360573973,0.07514978718126439,0.07090565228646412,0.09878630852683516
2020-02-10,0.0010372656219356387,0.0010093055603355749,0.001289861014049706,2.796006160006386e-05,0.026955546372906983,0.0010093055603355749,0.26139093672778096,0.2543450012045649,0.3250449755405259
2020-02-11,2.300582376066706e-05,2.2157716127078212e-05,1.2244073034448687e-05,8.481076335888493e-07,0.03686490888337351,2.2157716127078212e-05,0.005797467587688099,0.005583744464023709,0.003085506404681069
2020-02-12,0.0025075729590667835,0.0022558562367115537,0.002001124577143857,0.0002517167223552298,0.10038261153865924,0.0022558562367115537,0.6319083856848294,0.5684757716513116,0.504283393440252
2020-02-13,9.550623322703801e-05,9.460971945241628e-05,7.541912172436799e-05,8.965137746217366e-07,0.009386966011983454,9.460971945241628e-05,0.02406757077321358,0.023841649302008903,0.019005618674540734
2020-02-14,9.403376546966021e-07,8.36974441881194e-07,8.192874728318586e-07,1.0336321281540812e-07,0.10992126325888198,8.36974441881194e-07,0.00023696508898354374,0.0002109175593540609,0.00020646044315362838
2020-02-18,0.0017271109520426361,0.0017560642903127574,0.0015884973321887033,0.0,0.0,0.0017560642903127574,0.4352319599147443,0.44252820115881486,0.40030132771155325
2020-02-19,0.00018168174786678922,0.0001314053043849733,0.00019616409158627096,5.027644348181592e-05,0.27672809071581034,0.0001314053043849733,0.045783800462430885,0.03311413670501327,0.049433351079740284
2020-02-20,2.018371882404722e-05,2.1145358811729255e-05,2.3423841777167105e-05,0.0,0.0,2.1145358811729255e-05,0.0050862971436599,0.0053286304205557725,0.00590280812784611
2020-02-21,0.001348568222930842,0.0012365729208808126,0.0014396612621196607,0.00011199530205002945,0.08304756115607011,0.0012365729208808126,0.33983919217857217,0.3116163760619648,0.3627946380541545
2020-02-24,0.025791006302698455,0.025811183662518795,0.02676630039684139,0.0,0.0,0.025811183662518795,6.4993335882800105,6.504418282954736,6.74510770000403
2020-02-25,0.001998682606807962,0.0018489519631747012,0.0018281785713934872,0.00014973064363326067,0.07491466781585521,0.0018489519631747012,0.5036680169156064,0.4659358947200247,0.46070099999115877
2020-02-26,0.0003032272824789881,0.0003190450514121082,0.000291767285235144,0.0,0.0,0.0003190450514121082,0.076413275184705,0.08039935295585127,0.0735253558792563
2020-02-27,0.003155924633247892,0.0029415273241369076,0.002656715526027524,0.0002143973091109845,0.06793486345787812,0.0029415273241369076,0.7952930075784688,0.7412648856825007,0.669492312558936
2020-02-28,2.412779993665955e-07,2.214396208210011e-07,2.9269873494216833e-07,1.9838378545594373e-08,0.08222173748098258,2.214396208210011e-07,6.080205584038206e-05,5.580278444689228e-05,7.376008120542641e-05
2020-03-02,0.4524028239408017,0.44977722077079446,0.3537600309710355,0.0026256031700072624,0.00580368430756088,0.44977722077079446,114.00551163308204,113.3438596342402,89.14752780470094
2020-03-03,0.0008526981352441158,0.0008449946362680145,0.0010659987040751166,7.703498976101286e-06,0.009034262711107745,0.0008449946362680145,0.21487993008151718,0.21293864833953965,0.2686316734269294
2020-03-04,0.4288951139366028,0.36615656517287903,0.48686653190463697,0.06273854876372376,0.14627946722855692,0.36615656517287903,108.08156871202391,92.27145442356552,122.69036603996851
2020-03-05,0.18281723273831607,0.19866643970182407,0.17880082135920222,0.0,0.0,0.19866643970182407,46.06994265005565,50.063942804859664,45.05780698251896
2020-03-06,2.1771985147162227e-05,2.1021637224374237e-05,3.052276711017211e-05,7.503479227879899e-07,0.034463916967253386,2.1021637224374237e-05,0.005486540257084881,0.005297452580542308,0.007691737311763371
2020-03-09,0.014711996961017902,0.013897701698061015,0.019788372740725618,0.0008142952629568868,0.05534906410456448,0.013897701698061015,3.7074232341765114,3.502220827911376,4.986669930662856
2020-03-10,0.001009834148000943,0.00102328633876574,0.0013416777905268754,0.0,0.0,0.00102328633876574,0.2544782052962376,0.2578681573689665,0.3381028032127726
2020-03-11,0.0008855664311053223,0.000831769325924933,0.0009312359263060337,5.3797105180389314e-05,0.060748808028431585,0.000831769325924933,0.22316274063854122,0.2096058701330831,0.2346714534291205
2020-03-12,0.02855877825899841,0.0254748376771734,0.024785464574577944,0.0030839405818250086,0.10798573222386791,0.0254748376771734,7.196812121267599,6.419659094647697,6.245937072793642
2020-03-13,0.12785426732462318,0.11721688690683423,0.17196140346411015,0.010637380417788958,0.08319925990970133,0.11721688690683423,32.21927536580504,29.538655500522225,43.33427367295576
2020-03-16,0.5662099566295313,0.5718402749502964,0.42192429420310634,0.0,0.0,0.5718402749502964,142.6849090706419,144.1037492874747,106.3249221391828
2020-03-17,0.008108217681104129,0.008962670312663346,0.00473513475091942,0.0,0.0,0.008962670312663346,2.0432708556382404,2.2585929187911633,1.1932539572316938
2020-03-18,0.4268314861525676,0.39926399472931134,0.3610669271433381,0.027567491423256263,0.06458635859243499,0.39926399472931134,107.56153451044703,100.61452667178646,90.9888656401212
2020-03-19,6.91767204384393e-05,7.229745929686657e-05,5.7727054106985254e-05,0.0,0.0,7.229745929686657e-05,0.0174325335504867,0.018218959742810376,0.014547217634960283
2020-03-20,0.007000435825236361,0.007142247766688888,0.010248177410927529,0.0,0.0,0.007142247766688888,1.764109827959563,1.7998464372055998,2.582540707553737
2020-03-23,0.003951007647327326,0.004038707497705861,0.0021560003890728017,0.0,0.0,0.004038707497705861,0.995653927126486,1.017754289421877,0.5433120980463461
2020-03-24,0.1672287378047809,0.19346532836007743,0.09955097640680587,0.0,0.0,0.19346532836007743,42.14164192680479,48.753262746739516,25.086846054515078
2020-03-25,9.253899497958222e-05,8.574119449453755e-05,7.807600175861074e-05,6.797800485044674e-06,0.07345876636207009,8.574119449453755e-05,0.02331982673485472,0.02160678101262346,0.01967515244316991
2020-03-26,0.0012969092623256074,0.0013941047501234605,0.0010268299334852534,0.0,0.0,0.0013941047501234605,0.32682113410605307,0.35131439703111206,0.25876114323828386
2020-03-27,0.005305791703899018,0.004320192312428307,0.009091837215502043,0.000985599391470711,0.18575915646305405,0.004320192312428307,1.3370595093825526,1.0886884627319333,2.291142978306515
2020-03-30,0.04468624640472109,0.044922610958405836,0.05551158710674843,0.0,0.0,0.044922610958405836,11.260934093989714,11.32049796151827,13.988919950900604
2020-03-31,3.8913187380867314e-06,3.0608515115666186e-06,2.8006957575097807e-06,8.304672265201128e-07,0.2134153147046286,3.0608515115666186e-06,0.0009806123219978564,0.0007713345809147879,0.0007057753308924648
2020-04-01,0.005391137444982383,0.004846207778704641,0.0037733392746656007,0.0005449296662777426,0.10107879306320383,0.004846207778704641,1.3585666361355606,1.2212443602335694,0.9508814972157313
2020-04-02,8.07038187905714e-05,8.756812168342329e-05,8.859505555662433e-05,0.0,0.0,8.756812168342329e-05,0.020337362335223992,0.02206716666422267,0.022325954000269328
2020-04-03,0.000738955979834876,0.0007075901377983439,0.0006194847273541808,3.1365842036532076e-05,0.04244615761969312,0.0007075901377983439,0.18621690691838874,0.17831271472518267,0.15611015129325356
2020-04-06,0.0019235408157639853,0.0019655847767505517,0.0015961356350948242,0.0,0.0,0.0019655847767505517,0.4847322855725243,0.49532736374113906,0.4022261800438957
2020-04-07,6.290920757132747e-05,6.324125023748777e-05,6.458307516582735e-05,0.0,0.0,6.324125023748777e-05,0.015853120307974523,0.015936795059846916,0.016274934941788492
2020-04-08,0.00020164351891133013,0.00018841135171255015,0.00033386210751767606,1.323216719877998e-05,0.06562158409354606,0.00018841135171255015,0.05081416676565519,0.047479660631562635,0.08413325109445437
2020-04-09,0.00011326276725231663,9.864540451118699e-05,0.0001143366265901778,1.461736274112964e-05,0.12905708527771803,9.864540451118699e-05,0.02854221734758379,0.02485864193681912,0.028812829900724805
2020-04-13,0.00038540231888661104,0.00039619669952852004,0.00027723207161702766,0.0,0.0,0.00039619669952852004,0.09712138435942598,0.09984156828118705,0.06986248204749097
2020-04-14,0.001834381363605682,0.0017507209615240961,0.002246087870463724,8.366040208158585e-05,0.045606875263677495,0.0017507209615240961,0.46226410362863185,0.44118168230407223,0.5660141433568584
2020-04-15,6.44972136769673e-05,6.844182754488595e-05,5.481506395859414e-05,0.0,0.0,6.844182754488595e-05,0.016253297846595762,0.01724734054131126,0.013813396117565723
2020-04-16,0.0008558845929701076,0.0008245777234782395,0.0006653516356666586,3.130686949186809e-05,0.03657837716957609,0.0008245777234782395,0.21568291742846712,0.20779358631651634,0.16766861218799797
2020-04-17,0.00015306023712810383,0.00016963835843762957,0.00015662783629743232,0.0,0.0,0.00016963835843762957,0.038571179756282166,0.04274886632628265,0.03947021474695295
2020-04-20,0.0010559815927017864,0.0009990738594956067,0.0010375069086764029,5.690773320617972e-05,0.053890838197934256,0.0009990738594956067,0.26610736136085017,0.2517666125928929,0.2614517409864535
2020-04-21,0.00047293700446573875,0.0004276171690002479,0.0006697185426761239,4.5319835465490834e-05,0.09582636787083468,0.0004276171690002479,0.11918012512536616,0.10775952658806247,0.16876907275438321
2020-04-22,0.002862732892434642,0.0025064282646971637,0.004254006623743744,0.0003563046277374783,0.12446310606016481,0.0025064282646971637,0.7214086888935298,0.6316199227036853,1.0720096691834233
2020-04-23,2.7034549135476944e-05,2.7234310476462276e-05,2.2926792645213504e-05,0.0,0.0,2.7234310476462276e-05,0.00681270638214019,0.006863046240068493,0.005777551746593803
2020-04-24,0.0005399338863061956,0.0005211504526870822,0.0006246526321527835,1.8783433619113353e-05,0.03478839550676563,0.0005211504526870822,0.1360633393491613,0.13132991407714473,0.15741246330250144
2020-04-27,0.00010381091528525266,9.725146887427316e-05,0.00020805556593521843,6.559446410979501e-06,0.06318648024409484,9.725146887427316e-05,0.02616035065188367,0.024507370156316835,0.05243000261567504
2020-04-28,0.0023007587892895556,0.0024482552255916234,0.002194941837732779,0.0,0.0,0.0024482552255916234,0.579791214900968,0.6169603168490891,0.5531253431086604
2020-04-29,0.001143208529617227,0.0012195011929793031,0.0010114540964394766,0.0,0.0,0.0012195011929793031,0.2880885494635412,0.3073143006307844,0.2548864323027481
2020-04-30,0.00027560099707148514,0.00026506810523672236,0.0002201387791108186,1.0532891834762778e-05,0.038217901634851,0.00026506810523672236,0.06945145126201425,0.06679716251965404,0.055474972335926284
2020-05-01,3.084323398069622e-05,2.85997425438505e-05,5.3058498632539216e-05,2.243491436845718e-06,0.07273852558753473,2.85997425438505e-05,0.007772494963135447,0.007207135121050326,0.013370741655399882
2020-05-04,0.0029861792495543544,0.003111265161223653,0.002601572634328799,0.0,0.0,0.003111265161223653,0.7525171708876973,0.7840388206283606,0.6555963038508573
2020-05-05,0.0003187734546414123,0.00031860511903943794,0.000370211017490364,1.6833560197436785e-07,0.0005280728335289256,0.00031860511903943794,0.0803309105696359,0.08028848999793836,0.09329317640757172
2020-05-06,0.0004222081812663701,0.00044053564845791777,0.0004042950575443355,0.0,0.0,0.00044053564845791777,0.10639646167912527,0.11101498341139528,0.10188235450117254
2020-05-07,2.259620393235792e-05,2.2357674177722735e-05,2.2284533899327335e-05,2.385297546351854e-07,0.010556186552088186,2.2357674177722735e-05,0.005694243390954196,0.005634133892786129,0.0056157025426304885
2020-05-08,0.00025279451126294797,0.000259096718517974,0.00031649571434756507,0.0,0.0,0.000259096718517974,0.06370421683826288,0.06529237306652945,0.0797569200155864
2020-05-11,0.0008801717488521852,0.000846000481073698,0.0007053451297313389,3.417126777848726e-05,0.0388234089360695,0.000846000481073698,0.22180328071075067,0.21319212123057188,0.1777469726922974
2020-05-12,0.0008871869348870843,0.0007693408424114118,0.0010157018753998114,0.00011784609247567253,0.13283118552443524,0.0007693408424114118,0.22357110759154525,0.19387389228767576,0.25595687260075245
2020-05-13,0.00034740920077230706,0.000328967427020149,0.0002931050751152515,1.8441773752158057e-05,0.05308372276288999,0.000328967427020149,0.08754711859462137,0.08289979160907755,0.07386247892904338
2020-05-14,2.830416350623024e-05,2.6707238001469895e-05,3.343281062767977e-05,1.5969255047603435e-06,0.056420160517680444,2.6707238001469895e-05,0.00713264920357002,0.006730223976370414,0.008425068278175301
2020-05-15,0.007477258391808828,0.00737179596957635,0.005196535320275453,0.00010546242223247789,0.0141044239334975,0.00737179596957635,1.8842691147358246,1.8576925843332401,1.3095269007094141
2020-05-18,0.0005779892967535722,0.0005588094643521214,0.0009194797403807085,1.9179832401450855e-05,0.0331837154701578,0.0005588094643521214,0.1456533027819002,0.1408199850167346,0.23170889457593855
2020-05-19,8.203541025093015e-05,7.90577939975918e-05,7.036168387210857e-05,2.977616253338353e-06,0.036296718794160875,7.90577939975918e-05,0.0206729233832344,0.01992256408739313,0.01773114433577136
2020-05-20,0.0025036943054668136,0.002611208750591911,0.00153636071222477,0.0,0.0,0.002611208750591911,0.630930964977637,0.6580246051491616,0.38716289948064203
2020-05-21,0.00029579560765882496,0.0002733942649703547,0.00020633080940173814,2.2401342688470284e-05,0.07573250593557095,0.0002733942649703547,0.0745404931300239,0.06889535477252938,0.05199536396923801
2020-05-22,6.40937549763346e-05,5.785228765273128e-05,7.63336294102702e-05,6.241467323603314e-06,0.09738027095662576,5.785228765273128e-05,0.01615162625403632,0.014578776488488283,0.019236074611388092
2020-05-26,0.0001599325885406435,0.00016206439366826618,0.0002764474038269658,0.0,0.0,0.00016206439366826618,0.04030301231224216,0.04084022720440308,0.06966474576439538
2020-05-27,2.2547015718245285e-05,2.2948417844217168e-05,2.3723087034203066e-05,0.0,0.0,2.2948417844217168e-05,0.005681847960997812,0.005783001296742726,0.005978217932619173
2020-05-28,2.7988657650687636e-06,2.569518026501494e-06,2.307026459695768e-06,2.2934773856726964e-07,0.08194307118496759,2.569518026501494e-06,0.0007053141727973284,0.0006475185426783764,0.0005813706678433336
2020-05-29,4.5563180486758545e-07,4.834357677735601e-07,4.96938798858926e-07,0.0,0.0,4.834357677735601e-07,0.00011481921482663153,0.00012182581347893715,0.00012522857731244935
2020-06-01,0.00016767923308296586,0.00016614308133204017,0.00018809480360616325,1.5361517509256887e-06,0.0091612521927767,0.00016614308133204017,0.04225516673690739,0.04186805649567412,0.04739989050875314
2020-06-02,0.0013195140830103784,0.0012417225504457717,0.0008192189158969052,7.77915325646068e-05,0.058954681505313085,0.0012417225504457717,0.33251754891861535,0.31291408271233445,0.20644316680602012
2020-06-03,6.439629809459782e-05,5.2945364109389803e-05,6.742863925026366e-05,1.1450933985208015e-05,0.17781975278403275,5.2945364109389803e-05,0.01622786711983865,0.01334223175556623,0.016992017091066444
2020-06-04,1.8017367118253153e-05,1.534002694943065e-05,2.413047104744155e-05,2.6773401688225043e-06,0.1485977392064342,1.534002694943065e-05,0.004540376513799795,0.0038656867912565235,0.0060808787039552704
2020-06-05,0.0008209347185657171,0.0006679671464793565,0.00079918574902298,0.00015296757208636054,0.18633341779877693,0.0006679671464793565,0.2068755490785607,0.16832772091279785,0.20139480875379095
2020-06-08,0.00010549537713190323,0.00010266203958499078,7.818244771303451e-05,2.8333375469124502e-06,0.026857456668574288,0.00010266203958499078,0.026584835037239612,0.025870833975417677,0.019701976823684696
2020-06-09,0.009898394919436272,0.009336300288339526,0.006083814264389802,0.0005620946310967451,0.05678644220753831,0.009336300288339526,2.4943955196979406,2.3527476726615606,1.53312119462623
2020-06-10,0.004544965812150981,0.0038833002337161217,0.004262096531630013,0.0006616655784348591,0.1455820804020818,0.0038833002337161217,1.1453313846620472,0.9785916588964627,1.0740483259707634
2020-06-11,0.024945026494646715,0.023864304736106512,0.03256333750447725,0.0010807217585402026,0.043324137528128304,0.023864304736106512,6.286146676650972,6.013804793498841,8.205961051128266
2020-06-12,3.911967749774894e-05,3.91258579753515e-05,2.881571510662303e-05,0.0,0.0,3.91258579753515e-05,0.009858158729432732,0.009859716209788578,0.007261560206869004
2020-06-15,0.00020550238974191223,0.00018871543031264413,0.00022932348904769419,1.67869594292681e-05,0.08168741671891605,0.00018871543031264413,0.05178660221496188,0.04755628843878632,0.05778951924001893
2020-06-16,0.005680676185694068,0.00494165093954372,0.0040332417100719525,0.0007390252461503474,0.1300945911828907,0.00494165093954372,1.431530398794905,1.2452960367650174,1.016376910938132
2020-06-17,0.011466091337971078,0.011833659613145343,0.010589217212946391,0.0,0.0,0.011833659613145343,2.8894550171687117,2.9820822225126267,2.6684827376624907
2020-06-18,5.1816107722311267e-08,4.529032377940936e-08,6.639806148985405e-08,6.525783942901905e-09,0.12593879183442055,4.529032377940936e-08,1.3057659146022439e-05,1.141316159241116e-05,1.673231149544322e-05
2020-06-19,0.0005277273272434396,0.00051386122562707,0.0006295646722085448,1.386610161636958e-05,0.026275125191116074,0.00051386122562707,0.13298728646534677,0.12949302885802164,0.15865029739655329
2020-06-22,0.002675751160689138,0.0028275946212161056,0.002106885153030689,0.0,0.0,0.0028275946212161056,0.6742892924936628,0.7125538445464586,0.5309350585637336
2020-06-23,0.16371327044864772,0.15410246873792677,0.12503889650812833,0.009610801710720956,0.05870508654750069,0.15410246873792677,41.255744153059226,38.833822121957546,31.50980192004834
2020-06-24,1.4813309970594164,1.4560910238422666,2.023886514396178,0.02523997321714977,0.017038712662623336,1.4560910238422666,373.29541125897293,366.9349380082512,510.0194016278369
2020-06-25,6.669903352487997e-05,6.239273832464653e-05,8.190865016786197e-05,4.306295200233435e-06,0.0645630814734973,6.239273832464653e-05,0.016808156448269752,0.015722970057810925,0.02064097984230122
2020-06-26,0.0009240305866845857,0.001022181786667321,0.0007833900485266177,0.0,0.0,0.001022181786667321,0.2328557078445156,0.25758981024016486,0.19741429222870768
2020-06-29,0.0005156839086981892,0.0004274502642803619,0.00039172954812315424,8.823364441782732e-05,0.17110024718333217,0.0004274502642803619,0.1299523449919437,0.10771746659865121,0.09871584612703486
2020-06-30,2.7253359345667214e-05,2.6753469768596652e-05,2.683839830680897e-05,4.998895770705619e-07,0.01834230974566904,2.6753469768596652e-05,0.006867846555108138,0.006741874381686356,0.00676327637331586
2020-07-01,6.464804641552128e-06,6.800883390985498e-06,6.7636814604653085e-06,0.0,0.0,6.800883390985498e-06,0.0016291307696711362,0.0017138226145283456,0.0017044477280372576
2020-07-02,0.0,0.0,0.0,0.0,0.0,0.0,0.0,0.0,0.0
2020-07-06,0.008089913250231201,0.006957350313705666,0.006126053150615667,0.0011325629365255352,0.13999691978812887,0.006957350313705666,2.0386581390582625,1.7532522790538279,1.5437653939551481
2020-07-07,1.2155241668495394e-05,1.3835804405540437e-05,1.2405928856906757e-05,0.0,0.0,1.3835804405540437e-05,0.0030631209004608395,0.00348662271019619,0.0031262940719405025
2020-07-08,0.001837191766432413,0.002065933602937457,0.0015491338516023555,0.0,0.0,0.002065933602937457,0.46297232514096803,0.5206152679402392,0.3903817306037936
2020-07-09,0.0006860038424154278,0.0007581724802756005,0.0005719906463522705,0.0,0.0,0.0007581724802756005,0.1728729682886878,0.19105946502945134,0.14414164288077216
2020-07-10,3.1030150914498033e-06,2.599984439203219e-06,2.7731497700446375e-06,5.030306522465843e-07,0.16211022998967317,2.599984439203219e-06,0.0007819598030453504,0.0006551960786792112,0.0006988337420512486
2020-07-13,6.50051362914561e-06,6.810383641243411e-06,5.407637888591306e-06,0.0,0.0,6.810383641243411e-06,0.0016381294345446937,0.0017162166775933397,0.001362724747925009
2020-07-14,0.0008397814972614858,0.0007668218680357609,0.0007254172579087204,7.295962922572495e-05,0.08687930059993683,0.0007668218680357609,0.21162493730989443,0.19323911074501174,0.18280514899299755
2020-07-15,2.82770187495489e-05,2.6723500531563718e-05,4.3781046066231694e-05,1.5535182179851831e-06,0.05493924861052467,2.6723500531563718e-05,0.007125808724886323,0.006734322133954057,0.011032823608690387
2020-07-16,5.6960585095440166e-05,5.830217202663269e-05,7.806583936010093e-05,0.0,0.0,5.830217202663269e-05,0.014354067444050923,0.014692147350711438,0.019672591518745435
2020-07-17,3.4473437627541024e-05,4.012026924511331e-05,5.845836617623664e-05,0.0,0.0,4.012026924511331e-05,0.008687306282140338,0.010110307849768553,0.014731508276411632
2020-07-20,0.0001713401643615506,0.00015389555275415774,0.0002255078209457754,1.7444611607392855e-05,0.10181273941566707,0.00015389555275415774,0.04317772141911075,0.03878167929404775,0.0568279708783354
2020-07-21,0.0001137702505455193,0.00012015471807283557,0.00010586404403495919,0.0,0.0,0.00012015471807283557,0.028670103137470863,0.030278988954354564,0.026677739096809715
2020-07-22,2.6074546320367452e-05,2.3689210260497706e-05,2.0431839293929397e-05,2.3853360598697464e-06,0.09148139872044887,2.3689210260497706e-05,0.006570785672732598,0.005969680985645422,0.005148823502070208
2020-07-23,0.0031442462621728904,0.0032009676436143596,0.0022559110061059094,0.0,0.0,0.0032009676436143596,0.7923500580675684,0.8066438461908186,0.5684895735386891
2020-07-24,0.00012089859837490371,0.0001392580103742665,7.053839173508744e-05,0.0,0.0,0.0001392580103742665,0.030466446790475735,0.03509301861431516,0.017775674717242035
2020-07-27,0.0023449457972487884,0.0025114019884257674,0.002853228825828962,0.0,0.0,0.0025114019884257674,0.5909263409066947,0.6328733010832934,0.7190136641088983
2020-07-28,0.003082375229979234,0.0029512084710478005,0.0022791978225918997,0.0001311667589314336,0.042553793455498104,0.0029512084710478005,0.776758557954767,0.7437045347040457,0.5743578512931587
2020-07-29,0.0005918367392023397,0.0005739927788516396,0.0006906503285751168,1.784396035070014e-05,0.030150139622287672,0.0005739927788516396,0.14914285827898963,0.14464618027061318,0.17404388280092942
2020-07-30,0.00011794023900832561,0.00010724290568180783,8.737339053065766e-05,1.0697333326517778e-05,0.0907013019963554,0.00010724290568180783,0.029720940230098053,0.027025212231815574,0.022018094413725733
2020-07-31,0.310889000661085,0.3530430343911556,0.19431028175546078,0.0,0.0,0.3530430343911556,78.34402816659342,88.9668446665712,48.966191002376114
2020-08-03,0.006519050504686792,0.006319477636630936,0.0068783426684022216,0.00019957286805585579,0.030613793815795952,0.006319477636630936,1.6428007271810714,1.5925083644309959,1.73334235243736
2020-08-04,0.000294822540313252,0.00028034916925095954,0.00032810084092722006,1.4473371062292473e-05,0.049091806202546655,0.00028034916925095954,0.0742952801589395,0.0706479906512418,0.08268141191365945
2020-08-05,9.497796295504979e-06,8.697463072730785e-06,1.0412114048370463e-05,8.003332227741934e-07,0.08426514041871236,8.697463072730785e-06,0.0023934446664672544,0.002191760694328158,0.0026238527401893567
2020-08-06,0.0006657220524959875,0.0005999360328872959,0.0007786381179518065,6.578601960869159e-05,0.09881904807452516,0.0005999360328872959,0.16776195722898884,0.15118388028759855,0.19621680572385525
2020-08-07,0.002041517712178586,0.0023192685600616296,0.0031975485586639646,0.0,0.0,0.0023192685600616296,0.5144624634690037,0.5844556771355307,0.8057822367833191
2020-08-10,0.0010479878594029613,0.0009248230577737148,0.0009758944304616119,0.00012316480162924653,0.11752502703789765,0.0009248230577737148,0.26409294056954624,0.23305541055897613,0.24592539647632622
2020-08-11,0.007007967212695122,0.007435267235423238,0.005684936397606393,0.0,0.0,0.007435267235423238,1.7660077375991707,1.8736873433266559,1.4326039721968111
2020-08-12,0.002675934617467595,0.0027904319295725317,0.001782221517086539,0.0,0.0,0.0027904319295725317,0.6743355236018339,0.703188846252278,0.4491198223058078
2020-08-13,0.0005341977539869138,0.0005440470836666272,0.00043069389312905526,0.0,0.0,0.0005440470836666272,0.13461783400470229,0.13709986508399005,0.10853486106852192
2020-08-14,7.488777853083268e-07,6.298697120190253e-07,4.402663676676678e-07,1.1900807328930146e-07,0.1589150014982781,6.298697120190253e-07,0.00018871720189769835,0.00015872716742879438,0.00011094712465225229
2020-08-17,1.2591343060233117e-06,1.124340342780215e-06,1.7550045354650873e-06,1.3479396324309674e-07,0.10705280250524653,1.124340342780215e-06,0.00031730184511787453,0.00028333376638061417,0.000442261142937202
2020-08-18,1.2641530996917626e-05,1.323915531256814e-05,1.4046602403342543e-05,0.0,0.0,1.323915531256814e-05,0.0031856658112232416,0.0033362671387671713,0.003539743805642321
2020-08-19,4.140331801842694e-06,4.359447107126986e-06,5.594873762917865e-06,0.0,0.0,4.359447107126986e-06,0.0010433636140643589,0.0010985806709960006,0.001409908188255302
2020-08-20,0.0001543658125991044,0.00014546642746322215,0.00019164956888714297,8.899385135882263e-06,0.057651269593890796,0.00014546642746322215,0.03890018477497431,0.036657539720731984,0.04829569135956003
2020-08-21,0.0017849829316133631,0.0019464694615369128,0.0016158719716635721,0.0,0.0,0.0019464694615369128,0.4498156987665675,0.490510304307302,0.4071997368592202
2020-08-24,3.8079784439946437e-05,3.528702990778737e-05,4.297665261886651e-05,2.7927545321590664e-06,0.07333955535446406,3.528702990778737e-05,0.009596105678866502,0.008892331536762417,0.01083011645995436
2020-08-25,2.4546082798612634e-05,2.595490552489204e-05,1.6396106611381632e-05,0.0,0.0,2.595490552489204e-05,0.0061856128652503835,0.006540636192272795,0.004131818866068171
2020-08-26,3.61710909001479e-05,3.560981045958694e-05,7.68315360779451e-05,5.612804405609613e-07,0.015517376199491128,3.560981045958694e-05,0.00911511490683727,0.008973672235815909,0.019361547091642166
2020-08-27,0.0003512561854961024,0.000381295881868865,0.0002308025993814735,0.0,0.0,0.000381295881868865,0.0885165587450178,0.09608656223095398,0.05816225504413132
2020-08-28,2.0388014025870252e-06,2.136585992384387e-06,2.9561550243730673e-06,0.0,0.0,2.136585992384387e-06,0.0005137779534519303,0.0005384196700808655,0.000744951066142013
2020-08-31,0.000910146011917398,0.0009878303593410178,0.0008209907661483622,0.0,0.0,0.0009878303593410178,0.2293567950031843,0.24893325055393647,0.20688967306938727
2020-09-01,0.022824073111082976,0.02127500781714812,0.01056707148252378,0.0015490652939348579,0.0678698007287222,0.02127500781714812,5.75166642399291,5.361301969921326,2.6629020135959927
2020-09-02,0.0014003653663104555,0.0013250258870983753,0.0007490713486913619,7.533947921208018e-05,0.05379987321221556,0.0013250258870983753,0.3528920723102348,0.3339065235487906,0.1887659798702232
2020-09-03,0.0006112171342581393,0.0005723137364335366,0.0014199362326500337,3.890339782460265e-05,0.06364906279692621,0.0005723137364335366,0.1540267178330511,0.14422306158125123,0.3578239306278085
2020-09-04,9.637915926883988e-08,9.773093163848602e-08,8.80888179626754e-08,0.0,0.0,9.773093163848602e-08,2.428754813574765e-05,2.4628194772898475e-05,2.2198382126594202e-05
2020-09-08,0.12456088958834903,0.109124523541768,0.1728976260857519,0.015436366046581024,0.12392626688418383,0.109124523541768,31.389344176263954,27.49937993252554,43.57020177360948
2020-09-09,0.0017963886543907468,0.0017393037544927716,0.0013676864783792458,5.7084899897975145e-05,0.031777588734303246,0.0017393037544927716,0.4526899409064682,0.43830454613217845,0.34465699255156995
2020-09-10,0.006523830935930231,0.00679006468045758,0.005074194414852733,0.0,0.0,0.00679006468045758,1.6440053958544183,1.7110962994753103,1.2786969925428886
2020-09-11,0.007189969092316713,0.006940784003525162,0.00472433016797931,0.0002491850887915512,0.034657324052084736,0.006940784003525162,1.8118722112638117,1.7490775688883409,1.1905312023307861
2020-09-14,0.00034550616093434813,0.0003944580570254185,0.00029909155373973725,0.0,0.0,0.0003944580570254185,0.08706755255545573,0.09940343037040546,0.07537107154241379
2020-09-15,6.433834415782726e-06,6.376051270931781e-06,7.976237512857346e-06,5.7783144850945765e-08,0.008981135064350413,6.376051270931781e-06,0.001621326272777247,0.0016067649202748087,0.002010011853240051
2020-09-16,0.004695033890424503,0.005015627924333964,0.00415193940247772,0.0,0.0,0.005015627924333964,1.1831485403869746,1.263938236932159,1.0462887294243854
2020-09-17,0.00012899542595284298,0.00012429823613229436,0.00010087522735486215,4.697189820548615e-06,0.03641361505215044,0.00012429823613229436,0.03250684734011643,0.03132315550533818,0.025420557293425263
2020-09-18,0.012277361335320806,0.014574203589341618,0.01421687644149781,0.0,0.0,0.014574203589341618,3.0938950565008434,3.672699304514088,3.582652863257448
2020-09-21,0.0015876523827231123,0.0015356167192715788,0.00149587438198364,5.2035663451533484e-05,0.03277522459261998,0.0015356167192715788,0.4000884004462243,0.38697541325643786,0.3769603442598773
2020-09-22,0.010487153341814522,0.010488628807226036,0.005267127556004808,0.0,0.0,0.010488628807226036,2.6427626421372596,2.643134459420961,1.3273161441132117
2020-09-23,0.014400287887777594,0.014851912047331318,0.009356031245306614,0.0,0.0,0.014851912047331318,3.6288725477199537,3.7426818359274923,2.357719873817267
2020-09-24,0.0010114571746389174,0.0010515720878361673,0.000761937519914072,0.0,0.0,0.0010515720878361673,0.25488720800900716,0.26499616613471416,0.19200825501834615
2020-09-25,0.005276344593664945,0.004855906397198115,0.005112153086705365,0.0004204381964668302,0.07968361219089948,0.004855906397198115,1.3296388376035662,1.2236884120939249,1.2882625778497518
2020-09-28,0.0007736656474480538,0.0007083662836079667,0.0008347689543324216,6.529936384008707e-05,0.08440256326628345,0.0007083662836079667,0.19496374315690956,0.17850830346920762,0.21036177649177026
2020-09-29,0.0003894328665892519,0.0004285532851811625,0.0002530883795654831,0.0,0.0,0.0004285532851811625,0.09813708238049149,0.10799542786565296,0.06377827165050175
2020-09-30,0.0003315098488373552,0.00036027290375921175,0.0005341496619860504,0.0,0.0,0.00036027290375921175,0.0835404819070135,0.09078877174732136,0.13460571482048472
2020-10-01,0.001382839832762413,0.0013676769671782545,0.0018964545252274582,1.5162865584158374e-05,0.010965019385436304,0.0013676769671782545,0.34847563785612806,0.34465459572892015,0.47790654035731944
2020-10-02,0.000331756815943136,0.000308019439467393,0.0005477180286276675,2.373737647574296e-05,0.07155053118263915,0.000308019439467393,0.08360271761767027,0.07762089874578304,0.13802494321417222
2020-10-05,0.026723257344120108,0.024490790420192303,0.02329392768099617,0.0022324669239278047,0.08354022472247277,0.024490790420192303,6.734260850718267,6.17167918588846,5.870069775611035
2020-10-06,0.002531533356320713,0.0025055887419522765,0.002638555145852489,2.59446143684363e-05,0.010248576932004238,0.0025055887419522765,0.6379464057928196,0.6314083629719737,0.6649158967548272
2020-10-07,0.0011527603486421348,0.0010762561574870367,0.0014448190942650608,7.650419115509807e-05,0.06636608483181104,0.0010762561574870367,0.290495607857818,0.27121655168673325,0.36409441175479534
2020-10-08,6.180829887686967e-07,4.966637698587407e-07,4.709899607109606e-07,1.2141921890995601e-07,0.1964445303814435,4.966637698587407e-07,0.00015575691316971156,0.00012515927000440264,0.00011868947009916207
2020-10-09,0.0008293429452806301,0.0007878664624229193,0.0006877455091788788,4.147648285771077e-05,0.050011256554024046,0.0007878664624229193,0.2089944222107188,0.19854234853057567,0.17331186831307746
2020-10-12,0.14729044267771935,0.16621304145155896,0.08365182950570296,0.0,0.0,0.16621304145155896,37.11719155478527,41.88568644579286,21.080261035437147
2020-10-13,0.00031140323353584314,0.0003062503024252258,0.00046584727965663734,5.15293111061734e-06,0.016547455322029506,0.0003062503024252258,0.07847361485103248,0.0771750762111569,0.11739351447347261
2020-10-14,1.8304996510333377e-05,1.7667635380871925e-05,8.332348081048706e-06,6.373611294614525e-07,0.03481896837744201,1.7667635380871925e-05,0.004612859120604011,0.004452244115979725,0.002099751716424274
2020-10-15,0.0013303034803561643,0.001386217519176643,0.0009660102429001594,0.0,0.0,0.001386217519176643,0.3352364770497534,0.34932681483251404,0.24343458121084016
2020-10-16,0.00026371474087659685,0.00026875148912204226,0.00033306832536411066,0.0,0.0,0.00026875148912204226,0.0664561147009024,0.06772537525875465,0.08393321799175589
2020-10-19,0.0014721778735511128,0.001578971835294426,0.0015194385576902912,0.0,0.0,0.001578971835294426,0.37098882413488043,0.39790090249419535,0.38289851653795337
2020-10-20,0.00041511687680065773,0.00044780381193590445,0.0004357978538048003,0.0,0.0,0.00044780381193590445,0.10460945295376575,0.11284656060784792,0.10982105915880969
2020-10-21,3.115763859589184e-05,3.227769765826451e-05,3.242838590863998e-05,0.0,0.0,3.227769765826451e-05,0.007851724926164743,0.008133979809882657,0.008171953248977275
2020-10-22,0.2229246515765605,0.21434392480632772,0.26305793282631346,0.008580726770232777,0.03849160112849767,0.21434392480632772,56.177012197293244,54.01466905119459,66.29059907223099
2020-10-23,4.4472188689402404e-05,4.6826397365107136e-05,3.649579927102096e-05,0.0,0.0,4.6826397365107136e-05,0.011206991549729406,0.011800252136006998,0.009196941416297282
2020-10-26,6.162725008843612e-09,4.989182719028747e-09,6.956870406670231e-09,1.1735422898148647e-09,0.1903949783825666,4.989182719028747e-09,1.5530067022285902e-06,1.2572740451952443e-06,1.7531313424808983e-06
2020-10-27,0.003901028393386242,0.004221556532692863,0.0024646584217521915,0.0,0.0,0.004221556532692863,0.983059155133333,1.0638322462386016,0.6210939222815522
2020-10-28,0.09518975309407389,0.09171399726242542,0.08983807103587997,0.0034757558316484694,0.036513970449917485,0.09171399726242542,23.98781777970662,23.111927310131207,22.639193901041754
2020-10-29,2.877922757804684,3.1578339532096473,2.7041411032624776,0.0,0.0,3.1578339532096473,725.2365349667804,795.7741562088311,681.4435580221443
2020-10-30,0.009922343652661786,0.00913325033745233,0.013639716168899264,0.0007890933152094552,0.0795269084354123,0.00913325033745233,2.50043060047077,2.301579085037987,3.4372084745626146
2020-11-02,3.894414177908727e-07,3.4786725262269705e-07,2.9483317823593826e-07,4.157416516817563e-08,0.1067530481245641,3.4786725262269705e-07,9.813923728329992e-05,8.766254766091965e-05,7.429796091545644e-05
2020-11-03,0.0004330876514264366,0.0004193749183587134,0.0004675151135578834,1.3712733067723203e-05,0.03166271998496291,0.0004193749183587134,0.10913808815946202,0.10568247942639578,0.11781380861658662
2020-11-04,1112.4189399900583,1106.2640506985315,1124.1776261084583,6.1548892915268425,0.005532887898853865,1106.2640506985315,280329.5728774947,278778.5407760299,283292.7617793315
2020-11-05,0.0004523763094284115,0.0004673793763609301,0.000556947575080628,0.0,0.0,0.0004673793763609301,0.1139988299759597,0.11777960284295438,0.14035078892031824
2020-11-06,2.0256367363366338e-06,2.054040070636656e-06,3.069251930982164e-06,0.0,0.0,2.054040070636656e-06,0.0005104604575568317,0.0005176180978004373,0.0007734514866075052
2020-11-09,0.000375667713979957,0.0003883589360182482,0.000355421480105829,0.0,0.0,0.0003883589360182482,0.09466826392294916,0.09786645187659855,0.0895662129866689
2020-11-10,3.981685425261474e-06,3.855854827726942e-06,4.277570126971532e-06,1.2583059753453248e-07,0.03160233732526269,3.855854827726942e-06,0.0010033847271658915,0.0009716754165871893,0.0010779476719968261
2020-11-11,0.0003732402326079868,0.0003399677217734789,0.0006283840431451098,3.3272510834507875e-05,0.08914502735376033,0.0003399677217734789,0.09405653861721268,0.08567186588691669,0.15835277887256768
2020-11-12,2.2159232119249844e-06,2.1482820590880254e-06,3.083555961538424e-06,6.764115283695896e-08,0.030525029905331805,2.1482820590880254e-06,0.0005584126494050961,0.0005413670788901824,0.0007770561023076829
2020-11-13,4.6452715149966995e-06,4.898184403471114e-06,8.919128253540028e-06,0.0,0.0,4.898184403471114e-06,0.0011706084217791683,0.0012343424696747208,0.0022476203198920873
2020-11-16,0.0004058533506812487,0.000416539298503667,0.00043913884234421835,0.0,0.0,0.000416539298503667,0.10227504437167467,0.10496790322292408,0.11066298827074303
2020-11-17,0.00025104490527674367,0.0002679549896934395,0.0002531232811481834,0.0,0.0,0.0002679549896934395,0.0632633161297394,0.06752465740274675,0.06378706684934222
2020-11-18,5.313867743335353e-05,5.076488802238024e-05,5.980587575157446e-05,2.3737894109732887e-06,0.04467159291419888,5.076488802238024e-05,0.01339094671320509,0.012792751781639822,0.015071080689396764
2020-11-19,3.6193378557486604e-05,3.3591671520359464e-05,1.994376610574154e-05,2.6017070371271397e-06,0.07188350656768044,3.3591671520359464e-05,0.009120731396486625,0.008465101223130584,0.0050258290586468685
2020-11-20,0.00025467742787602544,0.0002450644283379111,0.0002746508364795779,9.61299953811432e-06,0.03774578524897013,0.0002450644283379111,0.06417871182475841,0.0617562359411536,0.06921201079285363
2020-11-23,0.004588018354724267,0.004305802456208366,0.004497825420630136,0.0002822158985159003,0.061511501618948854,0.004305802456208366,1.1561806253905151,1.0850622189645083,1.1334520059987943
2020-11-24,8.67891740729478e-05,0.00010142768266193152,7.69709235996682e-05,0.0,0.0,0.00010142768266193152,0.021870871866382844,0.025559776030806742,0.019396672747116386
2020-11-25,9.757055936066498e-06,9.405284376724575e-06,1.0399686409001425e-05,3.517715593419231e-07,0.03605303952277005,9.405284376724575e-06,0.0024587780958887574,0.002370131662934593,0.0026207209750683594
2020-11-27,0.0003989043588454241,0.00040314393496554245,0.0007383843829784145,0.0,0.0,0.00040314393496554245,0.10052389842904687,0.10159227161131669,0.18607286451056046
2020-11-30,8.023209694802224e-05,7.347508846311071e-05,7.416894509083274e-05,6.757008484911534e-06,0.08421826996583102,7.347508846311071e-05,0.020218488430901606,0.018515722292703898,0.01869057416288985
2020-12-01,0.001886857035755808,0.0016804072075471876,0.0015092209535793994,0.00020644982820862043,0.10941466374346125,0.0016804072075471876,0.47548797301046364,0.4234626163018913,0.38032368030200864
2020-12-02,2.8003330775308226e-05,2.602304521876352e-05,1.538397998332403e-05,1.9802855565447066e-06,0.07071606951751405,2.602304521876352e-05,0.007056839355377673,0.006557807395128407,0.003876762955797656
2020-12-03,2.4948010832978016e-06,2.427525695803485e-06,9.515607765806832e-07,6.727538749431652e-08,0.02696622226857662,2.427525695803485e-06,0.000628689872991046,0.0006117364753424783,0.00023979331569833217
2020-12-04,0.00022338076823781222,0.00022924649792695749,0.00017085852950969387,0.0,0.0,0.00022924649792695749,0.05629195359592868,0.05777011747759329,0.043056349436442855
2020-12-07,0.0017371750930214632,0.0017092682946386016,0.0022904754568346996,2.7906798382861626e-05,0.016064470690895612,0.0017092682946386016,0.43776812344140875,0.4307356102489276,0.5771998151223443
2020-12-08,7.450690504218839e-05,7.3474219470012e-05,6.663409592138057e-05,1.0326855721763938e-06,0.013860266477736326,7.3474219470012e-05,0.018775740070631475,0.018515503306443023,0.016791792172187903
2020-12-09,0.0029856144320835566,0.0022083834438796075,0.0021253333026677334,0.0007772309882039491,0.2603253051001704,0.0022083834438796075,0.7523748368850562,0.5565126278576611,0.5355839922722688
2020-12-10,0.0038399618999822816,0.0031859836827096955,0.0027837965488241153,0.0006539782172725861,0.17030851715098924,0.0031859836827096955,0.967670398795535,0.8028678880428433,0.7015167303036771
2020-12-11,0.004159575220350912,0.0043927962550108805,0.002082286106074364,0.0,0.0,0.0043927962550108805,1.0482129555284299,1.106984656262742,0.5247360987307398
2020-12-14,1.2553945322263668e-05,1.3139958808578891e-05,1.604484281153965e-05,0.0,0.0,1.3139958808578891e-05,0.003163594221210444,0.0033112696197618806,0.004043300388507991
2020-12-15,0.002116018280821429,0.002398616239952311,0.0029853080970370528,0.0,0.0,0.002398616239952311,0.5332366067670001,0.6044512924679825,0.7522976404533372
2020-12-16,5.807412810443762e-05,5.667622769735791e-05,6.747960372129153e-05,1.3979004070797135e-06,0.0240709663431336,5.667622769735791e-05,0.01463468028231828,0.014282409379734193,0.017004860137765466
2020-12-17,0.02581559884724033,0.025503245957090758,0.029587555077662035,0.0003123528901495705,0.012099385801033294,0.025503245957090758,6.505530909504563,6.426817981186871,7.4560638795708325
2020-12-18,4.3654789175008266e-05,4.876605499153771e-05,6.83206929406145e-05,0.0,0.0,4.876605499153771e-05,0.011001006872102084,0.012289045857867503,0.017216814621034852
2020-12-21,0.0028398935182721943,0.0026409526814259814,0.0027139581393119234,0.00019894083684621287,0.0700522169215687,0.0026409526814259814,0.715653166604593,0.6655200757193473,0.6839174511066047
2020-12-22,0.0005294603481276606,0.0006407141330053917,0.0004887488046407507,0.0,0.0,0.0006407141330053917,0.13342400772817048,0.1614599615173587,0.12316469876946919
2020-12-23,3.485413208711398e-05,3.693817854826993e-05,3.4578352006643526e-05,0.0,0.0,3.693817854826993e-05,0.008783241285952724,0.009308420994164023,0.008713744705674169
2020-12-24,0.027579617423731606,0.030929019014249586,0.01712390017078489,0.0,0.0,0.030929019014249586,6.950063590780365,7.794112791590896,4.315222843037793
2020-12-28,7.6904746126853105,7.675758155412742,3.5778791542864905,0.014716457272568206,0.0019135954559022586,7.675758155412742,1937.9996023966983,1934.2910551640111,901.6255468801957
2020-12-29,4.2289950490150265e-05,4.844851638330551e-05,4.546166007440634e-05,0.0,0.0,4.844851638330551e-05,0.010657067523517867,0.012209026128592988,0.011456338338750397
2020-12-30,4.8242194775991305e-05,5.231040263901975e-05,6.377033331647976e-05,0.0,0.0,5.231040263901975e-05,0.012157033083549809,0.013182221465032978,0.0160701239957529
2020-12-31,7.924754259778621e-05,8.042458203662272e-05,8.344528072396638e-05,0.0,0.0,8.042458203662272e-05,0.019970380734642124,0.020266994673228924,0.02102821074243953
2021-01-04,0.0002352695657977017,0.0002600391735863323,0.00032912062189572694,0.0,0.0,0.0002600391735863323,0.05928793058102083,0.06552987174375574,0.08293839671772318
2021-01-05,0.04236654789179319,0.04561130914063634,0.05534799512396406,0.0,0.0,0.04561130914063634,10.676370068731885,11.494049903440358,13.947694771238943
2021-01-06,0.003845375626909873,0.0033800582330920626,0.0031536731125971955,0.0004653173938178102,0.12100700655626984,0.0033800582330920626,0.969034657981288,0.8517746747391998,0.7947256243744932
2021-01-07,0.11434663442151352,0.12392771169789556,0.061989717656583905,0.0,0.0,0.12392771169789556,28.815351874221406,31.22978334786968,15.621408849459144
2021-01-08,0.002727704875341266,0.0026878595206935177,0.0028234151691768506,3.984535464774839e-05,0.014607648720852049,0.0026878595206935177,0.687381628585999,0.6773405992147664,0.7115006226325663
2021-01-11,0.00025489059919978145,0.00023429830044977267,0.00024818209290958346,2.0592298750008776e-05,0.08078877264939813,0.00023429830044977267,0.06423243099834493,0.05904317171334271,0.06254188741321504
2021-01-12,1.0971523913536636e-06,8.914388861457907e-07,1.1233090323284119e-06,2.0571350520787297e-07,0.1874974883448744,8.914388861457907e-07,0.0002764824026211232,0.00022464259930873924,0.0002830738761467598
2021-01-13,0.02904530701331742,0.0260774051246431,0.011853401934131673,0.00296790188867432,0.10218180469606813,0.0260774051246431,7.31941736735599,6.571506091410061,2.9870572874011816
2021-01-14,0.00022291602346480356,0.00022293023273201,0.00017032032343660368,0.0,0.0,0.00022293023273201,0.0561748379131305,0.05617841864846652,0.04292072150602413
2021-01-15,0.0004748933175213523,0.0005142603274019778,0.0003227556784437864,0.0,0.0,0.0005142603274019778,0.11967311601538078,0.12959360250529842,0.08133443096783417
2021-01-19,0.00023342238081789073,0.00023626505071322587,0.0002017020697768021,0.0,0.0,0.00023626505071322587,0.05882243996610846,0.05953879277973292,0.05082892158375413
2021-01-20,0.6038558241154712,0.5836120281277868,0.49721231922997083,0.020243795987684443,0.03352422081430457,0.5836120281277868,152.17166767709875,147.07023108820226,125.29750444595265
2021-01-21,0.0026577544416872714,0.0025095778481589283,0.002397182012164068,0.0001481765935283431,0.05575255228565091,0.0025095778481589283,0.6697541193051924,0.63241361773605,0.6040898670653451
2021-01-22,0.00041855581281142475,0.00040618538006025794,0.00031678870747141704,1.2370432751166816e-05,0.02955503744774207,0.00040618538006025794,0.10547606482847904,0.102358715775185,0.0798307542827971
2021-01-25,0.001492827580991912,0.0015672985255149134,0.001882180213228487,0.0,0.0,0.0015672985255149134,0.37619255040996186,0.39495922842975817,0.4743094137335787
2021-01-26,3.1226460577031073e-06,3.1532537463576555e-06,3.2466610905227395e-06,0.0,0.0,3.1532537463576555e-06,0.000786906806541183,0.0007946199440821292,0.0008181585948117304
2021-01-27,0.0001118717934394595,0.00011404393347728477,0.00011662408191137308,0.0,0.0,0.00011404393347728477,0.028191691946743796,0.028739071236275764,0.02938926864166602
2021-01-28,0.00218444184013587,0.002282789857549304,0.001839131869388027,0.0,0.0,0.002282789857549304,0.5504793437142392,0.5752630441024246,0.4634612310857828
2021-01-29,0.0034879401703867955,0.003225585485890142,0.0029773036899240104,0.0002623546844966536,0.07521765615387321,0.003225585485890142,0.8789609229374725,0.8128475424443158,0.7502805298608506
2021-02-01,0.00019518277506055837,0.00018588607742380444,0.00011935613085051409,9.296697636753922e-06,0.04763072758976172,0.00018588607742380444,0.04918605931526071,0.04684329151079872,0.03007774497432955
2021-02-02,1.2117982479908016e-05,1.1107330782080975e-05,1.1750774490787292e-05,1.0106516978270412e-06,0.08340097999825899,1.1107330782080975e-05,0.00305373158493682,0.0027990473570844057,0.0029611951716783974
2021-02-03,0.00033641478664670957,0.00032365753648282456,0.0002154578882310479,1.275725016388501e-05,0.0379211932184212,0.00032365753648282456,0.08477652623497081,0.08156169919367179,0.05429538783422407
2021-02-04,0.009968559268969498,0.010834090516055349,0.014316559970217078,0.0,0.0,0.010834090516055349,2.5120769357803137,2.730190810045948,3.6077731124947037
2021-02-05,0.0003606366965729546,0.0003591777976534604,0.00030705338309704324,1.4588989194942053e-06,0.004045342388371552,0.0003591777976534604,0.09088044753638456,0.09051280500867202,0.0773774525404549
2021-02-08,2.910039049652417e-07,2.998701914991292e-07,2.551417523322024e-07,0.0,0.0,2.998701914991292e-07,7.33329840512409e-05,7.556728825778056e-05,6.4295721587715e-05
2021-02-09,0.24129706073088153,0.20111534486186766,0.253381267749321,0.04018171586901387,0.16652385133552036,0.20111534486186766,60.80685930418215,50.68106690519065,63.8520794728289
2021-02-10,0.0001359442163472111,0.00010514155313353236,0.00011318902542268501,3.080266321367874e-05,0.22658310750362093,0.00010514155313353236,0.034257942519497195,0.026495671389650154,0.02852363440651662
2021-02-11,3.2306855720014637e-06,2.9658683870495286e-06,1.972687035368625e-06,2.648171849519351e-07,0.08196932108702717,2.9658683870495286e-06,0.0008141327641443688,0.0007473988335364812,0.0004971171329128935
2021-02-12,7.957995202919543e-06,8.433183951936825e-06,8.37810781517106e-06,0.0,0.0,8.433183951936825e-06,0.0020054147911357247,0.0021251623558880797,0.0021112831694231073
2021-02-16,0.01882812484361318,0.01966045440219938,0.01079112345935787,0.0,0.0,0.01966045440219938,4.744687460590521,4.954434509354243,2.719363111758183
2021-02-17,0.03187528033234968,0.030149202435008213,0.025692290275530657,0.001726077897341468,0.05415098720043412,0.030149202435008213,8.03257064375212,7.5975990136220695,6.474457149433726
2021-02-18,0.014708592765084466,0.017331790814874376,0.010412771821002587,0.0,0.0,0.017331790814874376,3.706565376801285,4.367611285348342,2.624018498892652
2021-02-19,3.4711929791118647e-07,3.3059260756994203e-07,5.261940505925157e-07,1.652669034124444e-08,0.04761084396589487,3.3059260756994203e-07,8.7474063073619e-05,8.33093371076254e-05,0.00013260090074931395
2021-02-22,0.0025600562758946966,0.0025484221080266504,0.001836537229438296,1.1634167868046236e-05,0.0045444969210435785,0.0025484221080266504,0.6451341815254635,0.642202371222716,0.46280738181845055
2021-02-23,4.543340775470158e-07,4.164989973084968e-07,6.837094357695989e-07,3.7835080238519045e-08,0.08327571897550387,4.164989973084968e-07,0.00011449218754184799,0.00010495774732174118,0.00017229477781393894
2021-02-24,6.1998726775691905e-06,5.725465863278498e-06,7.205551313871146e-06,4.744068142906928e-07,0.07651878714998196,5.725465863278498e-06,0.001562367914747436,0.0014428173975461814,0.0018157989310955288
2021-02-25,0.0008784623720019309,0.0008855912652450225,0.0009180432617318573,0.0,0.0,0.0008855912652450225,0.22137251774448657,0.22316899884174565,0.23134690195642804
2021-02-26,1.010122181515842e-05,9.044935233727205e-06,1.879503764263603e-05,1.056286581431215e-06,0.10457016944979142,9.044935233727205e-06,0.0025455078974199216,0.0022793236788992556,0.0047363494859442795
2021-03-01,0.056929706510343486,0.062463142287547006,0.061071282125142234,0.0,0.0,0.062463142287547006,14.346286040606559,15.740711856461846,15.389963095535844
2021-03-02,0.0019082864213861117,0.001572834029116971,0.0016479189639402344,0.00033545239226914075,0.17578723420863246,0.001572834029116971,0.48088817818930013,0.3963541753374767,0.4152755789129391
2021-03-03,0.014287512488534543,0.01422672983876812,0.008741812538921395,6.07826497664235e-05,0.0042542499830496155,0.01422672983876812,3.600453147110705,3.585135919369566,2.2029367598081917
2021-03-04,0.00018500212440108343,0.0001692488209456151,0.00026642028478662854,1.5753303455468324e-05,0.08515201336911812,0.0001692488209456151,0.046620535349073025,0.042650702878295005,0.0671379117662304
2021-03-05,0.0003561852343089634,0.00032840371489221813,0.0002931814058801501,2.778151941674529e-05,0.07799739198242439,0.00032840371489221813,0.08975867904585878,0.08275773615283896,0.07388171428179784
2021-03-08,0.14023222518356085,0.15283359038567434,0.0790347811007758,0.0,0.0,0.15283359038567434,35.33852074625733,38.51406477718994,19.9167648373955
2021-03-09,0.00034757384939882303,0.0003441492495636604,0.00034879306297210433,3.4245998351626326e-06,0.009852869631110284,0.0003441492495636604,0.0875886100485034,0.08672561089004242,0.0878958518689703
2021-03-10,0.00020659621269134693,0.00022841246992833707,0.00017530410217045248,0.0,0.0,0.00022841246992833707,0.052062245598219425,0.05755994242194094,0.044176633746954026
2021-03-11,0.00043793363300811245,0.0004252755004924648,0.0004650935390615689,1.2658132515647625e-05,0.028904225509687936,0.0004252755004924648,0.11035927551804434,0.10716942612410113,0.11720357184351536
2021-03-12,5.984597636180815e-05,6.139525131483944e-05,9.70190823730491e-05,0.0,0.0,6.139525131483944e-05,0.015081186043175654,0.01547160333133954,0.024448808758008374
2021-03-15,0.0013848855506174392,0.001402014354933596,0.001240180963028461,0.0,0.0,0.001402014354933596,0.34899115875559467,0.3533076174432662,0.3125256026831722
2021-03-16,0.00013705014178406523,0.00015360479267097736,6.85443820997171e-05,0.0,0.0,0.00015360479267097736,0.03453663572958444,0.038708407753086295,0.01727318428912871
2021-03-17,0.0073373347372345495,0.008636447237599222,0.006260195789481327,0.0,0.0,0.008636447237599222,1.8490083537831066,2.1763847038750037,1.5775693389492944
2021-03-18,0.00291320216131488,0.002857321978367486,0.002813278607644714,5.588018294739412e-05,0.01918170447291951,0.002857321978367486,0.7341269446513498,0.7200451385486064,0.7089462091264679
2021-03-19,0.00011497853321011396,0.00011802344104274485,0.00010431558900328649,0.0,0.0,0.00011802344104274485,0.028974590368948717,0.029741907142771702,0.026287528428828193
2021-03-22,0.03078446802411082,0.029501694446819514,0.020084632777877604,0.001282773577291306,0.04166950607185905,0.029501694446819514,7.757685942075927,7.434427000598517,5.061327460025156
2021-03-23,0.000320058190830926,0.00026481729383238,0.00030255631121894194,5.524089699854599e-05,0.1725964165532984,0.00026481729383238,0.08065466408939335,0.06673395804575977,0.07624419042717337
2021-03-24,0.026019375706114928,0.02410974651199982,0.04366766693799067,0.001909629194115109,0.07339258311231987,0.02410974651199982,6.556882677940962,6.075656121023954,11.004252068373649
2021-03-25,0.00017194762896973552,0.00017928889724848926,0.00016549681987514448,0.0,0.0,0.00017928889724848926,0.04333080250037335,0.045180802106619296,0.04170519860853641
2021-03-26,5.1581354692434704e-05,4.977795741077677e-05,6.070212482723958e-05,1.8033972816579322e-06,0.034962192393916305,4.977795741077677e-05,0.012998501382493545,0.012544045267515746,0.015296935456464374
2021-03-29,0.00010298614403703121,9.919369508266984e-05,0.0001341289748735631,3.7924489543613652e-06,0.03682484622565197,9.919369508266984e-05,0.025952508297331867,0.0249968111608328,0.0338005016681379
2021-03-30,0.025418401177723985,0.024929433432230527,0.02405147741479247,0.0004889677454934585,0.01923676245627676,0.024929433432230527,6.405437096786444,6.282217224922093,6.0609723085277025
2021-03-31,0.0013851717058341686,0.001268712976725125,0.000757180260539321,0.0001164587291090436,0.08407530166437764,0.001268712976725125,0.34906326987021047,0.3197156701347315,0.1908094256559089
2021-04-01,1.4122415464650938e-05,1.533496822161748e-05,1.0566201293992342e-05,0.0,0.0,1.533496822161748e-05,0.0035588486970920363,0.0038644119918476052,0.00266268272608607
2021-04-05,0.0021534428093493902,0.0017291609790473436,0.0018070990950331358,0.0004242818303020466,0.1970248888259113,0.0017291609790473436,0.5426675879560463,0.43574856671993056,0.4553889719483502
2021-04-06,3.74445305773884e-06,4.187690376928996e-06,2.3705229824760716e-06,0.0,0.0,4.187690376928996e-06,0.0009436021705501877,0.001055297974986107,0.00059737179158397
2021-04-07,0.0001397979009701511,0.00014997622902992316,0.00019352458079787443,0.0,0.0,0.00014997622902992316,0.035229071044478075,0.03779400971554064,0.04876819436106436
2021-04-08,0.8699325990555381,0.8415463092875726,0.8903038589843625,0.028386289767965533,0.0326304472309132,0.8415463092875726,219.2230149619956,212.0696699404683,224.35657246405935
2021-04-09,6.770869188061923e-05,6.77264205944485e-05,7.609128803779811e-05,0.0,0.0,6.77264205944485e-05,0.017062590353916045,0.017067057989801022,0.019175004585525124
2021-04-12,0.0011371944807148312,0.0010448540390759977,0.0008676081622660308,9.234044163883358e-05,0.08120021959620215,0.0010448540390759977,0.28657300914013745,0.2633032178471514,0.21863725689103974
2021-04-13,0.0010998212198821509,0.0011349069418470927,0.0012101564169790808,0.0,0.0,0.0011349069418470927,0.277154947410302,0.28599654934546737,0.30495941707872837
2021-04-14,0.00014335578678526082,0.00014463524488084355,0.0001610830024929535,0.0,0.0,0.00014463524488084355,0.03612565826988572,0.036448081709972574,0.040592916628224285
2021-04-15,0.00999067373553864,0.010871137257262077,0.004245722320350403,0.0,0.0,0.010871137257262077,2.5176497813557375,2.7395265888300435,1.0699220247283014
2021-04-16,4.022476384195623e-06,4.273941221125065e-06,3.894027707156537e-06,0.0,0.0,4.273941221125065e-06,0.001013664048817297,0.0010770331877235162,0.0009812949822034472
2021-04-19,0.00011983468197437274,0.00010826808573296774,7.760894048364019e-05,1.1566596241405008e-05,0.09652127376077412,0.00010826808573296774,0.03019833985754193,0.02728355760470787,0.019557453001877327
2021-04-20,0.00025869674920923376,0.0002817551461463173,0.0003460703221190025,0.0,0.0,0.0002817551461463173,0.06519158080072691,0.07100229682887195,0.08720972117398863
2021-04-21,2.5152638001898903e-05,2.5350765672079802e-05,2.957110087593244e-05,0.0,0.0,2.5350765672079802e-05,0.006338464776478523,0.0063883929493641104,0.007451917420734974
2021-04-22,9.44199318158953e-05,9.002486476468421e-05,0.00015007191653024554,4.395067051211088e-06,0.04654808492377144,9.002486476468421e-05,0.023793822817605614,0.02268626592070042,0.03781812296562188
2021-04-23,0.019530542949298922,0.019069067101999848,0.014663190205308966,0.00046147584729907404,0.023628418752793097,0.019069067101999848,4.9216968232233285,4.805404909703961,3.6951239317378595
2021-04-26,9.556915727401763e-05,9.839819896235347e-05,6.552619342553553e-05,0.0,0.0,9.839819896235347e-05,0.02408342763305244,0.024796346138513076,0.01651260074323495
2021-04-27,9.074544018237998e-05,8.380557792575089e-05,9.821237720099762e-05,6.939862256629089e-06,0.07647615314009407,8.380557792575089e-05,0.022867850925959755,0.021119005637289225,0.024749519054651403
2021-04-28,0.00024266997825931496,0.0002203342725749899,0.0003351480118484817,2.2335705684325058e-05,0.09204148676527195,0.0002203342725749899,0.06115283452134737,0.05552423668889746,0.08445729898581739
2021-04-29,1.5077309029326428e-06,1.2913656724031193e-06,1.077867544980165e-06,2.1636523052952353e-07,0.14350378214368098,1.2913656724031193e-06,0.000379948187539026,0.00032542414944558605,0.0002716226213350016
2021-04-30,0.0036388421552585406,0.0036953487034971,0.003833139692343952,0.0,0.0,0.0036953487034971,0.9169882231251523,0.9312278732812692,0.9659512024706759
2021-05-03,0.004830926033268857,0.004824631170151887,0.008506830600508426,6.294863116970695e-06,0.00130303446426569,0.004824631170151887,1.2173933603837521,1.2158070548782756,2.1437213113281235
2021-05-04,0.0021983203040203446,0.00221640262515992,0.0015082054907053389,0.0,0.0,0.00221640262515992,0.5539767166131269,0.5585334615402998,0.3800677836577454
2021-05-05,4.261627792150485e-06,4.301085172115579e-06,2.0214954768639695e-06,0.0,0.0,4.301085172115579e-06,0.0010739302036219221,0.0010838734633731258,0.0005094168601697203
2021-05-06,0.00021219747641531214,0.00021907275968136586,0.00019168286411181675,0.0,0.0,0.00021907275968136586,0.05347376405665866,0.0552063354397042,0.04830408175617782
2021-05-07,7.994306341996126e-06,8.61619750872116e-06,7.988694199417516e-06,0.0,0.0,8.61619750872116e-06,0.0020145651981830237,0.002171281772197732,0.0020131509382532143
2021-05-10,0.11077016009615126,0.09777724717739528,0.08094151736817039,0.012992912918755983,0.11729614642933182,0.09777724717739528,27.91408034423012,24.639866288703608,20.397262376778936
2021-05-11,0.0002175626807032465,0.00021736867444962463,0.0002509133631970028,1.9400625362187961e-07,0.0008917257872676085,0.00021736867444962463,0.05482579553721812,0.054776905961305404,0.06323016752564471
2021-05-12,0.0001480005089916584,0.0001426831023795729,0.00015281427320742162,5.317406612085517e-06,0.035928299249679725,0.0001426831023795729,0.03729612826589792,0.03595614179965237,0.03850919684827025
2021-05-13,0.0017394613435273297,0.0018637102322772374,0.0019484248157460556,0.0,0.0,0.0018637102322772374,0.4383442585688871,0.4696549785338638,0.491003053568006
2021-05-14,0.00042214132597460805,0.0004158513197610256,0.0005725874194975095,6.290006213582433e-06,0.014900237933730614,0.0004158513197610256,0.10637961414560122,0.10479453257977846,0.14429202971337238
2021-05-17,0.0015708744001138764,0.0014798142656373798,0.0009826766807654128,9.106013447649657e-05,0.05796780087060278,0.0014798142656373798,0.39586034882869686,0.3729131949406197,0.24763452355288404
2021-05-18,0.0011986353022202375,0.0014076441754918897,0.0009102996969677311,0.0,0.0,0.0014076441754918897,0.30205609615949985,0.3547263322239562,0.22939552363586824
2021-05-19,8.196192978275967e-07,7.639643034230483e-07,7.163234602655535e-07,5.56549944045484e-08,0.06790338715629901,7.639643034230483e-07,0.00020654406305255435,0.00019251900446260817,0.00018051351198691948
2021-05-20,0.0005156579276038243,0.00044138571578068156,0.0003501974798432013,7.42722118231427e-05,0.14403387925060962,0.00044138571578068156,0.12994579775616372,0.11122920037673176,0.08824976492048674
2021-05-21,0.00012107847321613445,0.00013221076540839553,0.0001446761425152208,0.0,0.0,0.00013221076540839553,0.03051177525046588,0.033317112882915674,0.03645838791383564
2021-05-24,0.0032430163976705177,0.0032145447399956973,0.0021468442345388833,2.8471657674820385e-05,0.008779375178766412,0.0032145447399956973,0.8172401322129704,0.8100652744789157,0.5410047471037986
2021-05-25,8.489909601673606e-07,7.963597819701118e-07,7.841214133119651e-07,5.263117819724872e-08,0.06199255195169765,7.963597819701118e-07,0.00021394572196217486,0.0002006826650564682,0.0001975985961546152
2021-05-26,6.161072650062356e-08,6.270940105520424e-08,5.449545795876293e-08,0.0,0.0,6.270940105520424e-08,1.5525903078157138e-05,1.5802769065911468e-05,1.3732855405608258e-05
2021-05-27,9.038933983981835e-05,7.942464334374067e-05,0.00010215979938326486,1.0964696496077676e-05,0.12130519366778593,7.942464334374067e-05,0.022778113639634223,0.020015010122622648,0.025744269444582746
2021-05-28,7.014830163639381e-05,6.174026882185149e-05,5.137692479988838e-05,8.408032814542321e-06,0.11986081627839887,6.174026882185149e-05,0.01767737201237124,0.015558547743106575,0.012946985049571872
2021-06-01,1.3578250543130043e-05,1.5472754563830405e-05,1.159095632054737e-05,0.0,0.0,1.5472754563830405e-05,0.003421719136868771,0.003899134150085262,0.002920920992777937
2021-06-02,5.4512133255835825e-05,5.960547110924269e-05,4.879456543477152e-05,0.0,0.0,5.960547110924269e-05,0.013737057580470629,0.015020578719529158,0.012296230489562424
2021-06-03,0.00027033327682119286,0.0002591674686861178,0.000255710415540889,1.1165808135075073e-05,0.041303861015810635,0.0002591674686861178,0.0681239857589406,0.06531020210890168,0.06443902471630403
2021-06-04,0.0027667382036721997,0.00260085817545985,0.00313417565778554,0.00016588002821234975,0.05995508643796786,0.00260085817545985,0.6972180273253943,0.6554162602158822,0.7898122657619561
2021-06-07,1.1100481741879922e-07,9.057992726527713e-08,1.1520129670465212e-07,2.0424890153522085e-08,0.18399837619738169,9.057992726527713e-08,2.7973213989537405e-05,2.2826141670849837e-05,2.9030726769572334e-05
2021-06-08,0.0001704734268856563,0.00014412920326577574,0.00016577253351358746,2.6344223619880565e-05,0.1545356595841479,0.00014412920326577574,0.04295930357518539,0.03632055922297549,0.04177467844542404
2021-06-09,6.546083648709282e-05,6.440756935965293e-05,7.363674222867026e-05,1.0532671274398968e-06,0.01609003440641244,6.440756935965293e-05,0.01649613079474739,0.016230707478632537,0.018556459041624906
2021-06-10,0.0004558353781735905,0.0004836018900689565,0.0005672548545935821,0.0,0.0,0.0004836018900689565,0.1148705152997448,0.12186767629737703,0.1429482233575827
2021-06-11,1.5487851775162273e-05,1.6295656744367587e-05,2.3528573848552165e-05,0.0,0.0,1.6295656744367587e-05,0.003902938647340893,0.004106505499580632,0.005929200609835146
2021-06-14,0.008424399574903886,0.009875237856412457,0.007166800866235055,0.0,0.0,0.009875237856412457,2.122948692875779,2.4885599398159393,1.8060338182912339
2021-06-15,1.3948321577248785e-05,1.4514178073383574e-05,1.5825321044394813e-05,0.0,0.0,1.4514178073383574e-05,0.0035149770374666937,0.0036575728744926606,0.003987980903187493
2021-06-16,0.00020864737151438632,0.00022784633508165237,0.00018279156728319434,0.0,0.0,0.00022784633508165237,0.05257913762162535,0.0574172764405764,0.046063474955364975
2021-06-17,0.0278525732274449,0.027865698553082442,0.03469196292854088,0.0,0.0,0.027865698553082442,7.0188484533161155,7.022156035376775,8.742374657992302
2021-06-18,0.0065441258154736535,0.006101819890729458,0.005342059779908376,0.00044230592474419576,0.06758823671005386,0.006101819890729458,1.6491197054993607,1.5376586124638234,1.3461990645369108
2021-06-21,0.0013543148362839166,0.0012068869591547295,0.0011607301035087853,0.0001474278771291871,0.1088579059097176,0.0012068869591547295,0.341287338743547,0.3041355137069918,0.2925039860842139
2021-06-22,6.020465175722445e-05,6.789519594030756e-05,4.9897517318268315e-05,0.0,0.0,6.789519594030756e-05,0.015171572242820562,0.017109589376957505,0.012574174364203616
2021-06-23,9.285603740371336e-06,8.794703653484129e-06,5.810765163692657e-06,4.909000868872072e-07,0.05286678688280844,8.794703653484129e-06,0.0023399721425735767,0.0022162653206780005,0.0014643128212505497
2021-06-24,0.02468799352911983,0.028634795646954873,0.018130937646475297,0.0,0.0,0.028634795646954873,6.221374369338197,7.215968503032628,4.568996286911775
2021-06-25,6.327630441258978e-05,6.228193147342782e-05,2.5398060883617466e-05,9.943729391619581e-07,0.01571477558113108,6.228193147342782e-05,0.015945628711972623,0.01569504673130381,0.006400311342671602
2021-06-28,0.00039191576048677675,0.00037431031551494353,0.000526989262324605,1.7605444971833216e-05,0.04492150278683606,0.00037431031551494353,0.09876277164266774,0.09432619950976577,0.13280129410580047
2021-06-29,3.880583546787779e-05,4.221795451815227e-05,6.431725842538138e-05,0.0,0.0,4.221795451815227e-05,0.009779070537905202,0.010638924538574372,0.01620794912319611
2021-06-30,4.085482186959821e-05,3.898605808312254e-05,4.5108366770251224e-05,1.8687637864756653e-06,0.045741571134464296,3.898605808312254e-05,0.010295415111138748,0.009824486636946881,0.011367308426103308
2021-07-01,0.0001632441914761805,0.00014364227951436373,0.00012573588488377918,1.9601911961816777e-05,0.12007723928480309,0.00014364227951436373,0.04113753625199749,0.03619785443761966,0.031685442990712354
2021-07-02,0.0015292010713884223,0.0013790541400549832,0.001051243330523888,0.00015014693133343906,0.09818651977462205,0.0013790541400549832,0.38535866998988244,0.34752164329385576,0.2649133192920198
2021-07-06,9.964474404146936e-05,0.00011839027477438067,9.807922610425729e-05,0.0,0.0,0.00011839027477438067,0.025110475498450278,0.029834349243143928,0.024715964978272838
2021-07-07,0.0014864714155726716,0.0015330814882869818,0.0013221744515687882,0.0,0.0,0.0015330814882869818,0.3745907967243132,0.3863365350483194,0.3331879617953346
2021-07-08,0.00015973279929364936,0.0001862384249438981,0.00015973890283265546,0.0,0.0,0.0001862384249438981,0.04025266542199964,0.046932083085862324,0.040254203513829176
2021-07-09,0.00020319735470844956,0.00022650822402610956,0.00011308501638147028,0.0,0.0,0.00022650822402610956,0.05120573338652929,0.057080072454579606,0.02849742412813051
2021-07-12,9.466134245787805e-05,0.00010273272993262586,9.760210310570044e-05,0.0,0.0,0.00010273272993262586,0.023854658299385267,0.025888647943021717,0.02459572998263651
2021-07-13,5.726243283129693e-05,6.694435696895407e-05,7.248320987727335e-05,0.0,0.0,6.694435696895407e-05,0.014430133073486826,0.016869977956176428,0.018265768889072883
2021-07-14,0.001729473885207529,0.0017940510038364377,0.0020601446183090453,0.0,0.0,0.0017940510038364377,0.43582741907229733,0.4521008529667823,0.5191564438138794
2021-07-15,0.00011384999715229421,9.413489718740768e-05,0.0001021908685963666,1.971509996488653e-05,0.1731673279301608,9.413489718740768e-05,0.02869019928237814,0.023721994091226734,0.02575209888628438
2021-07-16,0.0028175219181860982,0.0024758171280095014,0.0024411858758946604,0.00034170479017659686,0.12127848512898372,0.0024758171280095014,0.7100155233828968,0.6239059162583943,0.6151788407254545
2021-07-19,0.001907265243016312,0.001711783080631338,0.0008923710851159666,0.00019548216238497403,0.10249343293926357,0.001711783080631338,0.48063084124011063,0.43136933631909713,0.22487751344922358
2021-07-20,0.30579027618526894,0.30672491518858286,0.3233096112924228,0.0,0.0,0.30672491518858286,77.05914959868777,77.29467862752288,81.47402204569055
2021-07-21,0.000300436553125185,0.00028338602467184454,0.000318635849819223,1.7050528453340448e-05,0.056752509703715634,0.00028338602467184454,0.07571001138754661,0.07141327821730482,0.0802962341544442
2021-07-22,4.189377440743408e-05,4.541378633301571e-05,4.098748030924123e-05,0.0,0.0,4.541378633301571e-05,0.010557231150673389,0.011444274155919958,0.01032884503792879
2021-07-23,0.0005429283962566251,0.0005552362738656721,0.00041134751553654944,0.0,0.0,0.0005552362738656721,0.13681795585666953,0.13991954101414936,0.10365957391521045
2021-07-26,7.598312146638142e-05,8.639886924345797e-05,8.335716637241466e-05,0.0,0.0,8.639886924345797e-05,0.01914774660952812,0.021772515049351408,0.021006005925848493
2021-07-27,0.0007691853173997363,0.0009317352640145387,0.00048114802653254155,0.0,0.0,0.0009317352640145387,0.19383469998473354,0.23479728653166376,0.12124930268620047
2021-07-28,9.155706269545944e-05,7.721270120913705e-05,6.520703854135885e-05,1.4344361486322385e-05,0.1566712704334331,7.721270120913705e-05,0.023072379799255777,0.019457600704702538,0.01643217371242243
2021-07-29,3.0413617041516323e-05,2.8636523981112512e-05,2.8175113251200444e-05,1.7770930604038112e-06,0.05843083377906495,2.8636523981112512e-05,0.007664231494462113,0.007216404043240353,0.007100128539302512
2021-07-30,6.201966758334348e-06,5.845536702456098e-06,9.447270241845731e-06,3.5643005587824946e-07,0.0574704786878762,5.845536702456098e-06,0.0015628956231002555,0.0014730752490189367,0.0023807121009451243
2021-08-02,8.446292156575613e-06,8.99714549458973e-06,8.605426751872597e-06,0.0,0.0,8.99714549458973e-06,0.0021284656234570546,0.002267280664636612,0.0021685675414718944
2021-08-03,0.0013104554657592648,0.0011939707462070039,0.002087375597590377,0.0001164847195522609,0.08888872800868673,0.0011939707462070039,0.3302347773713347,0.300880628044165,0.5260186505927751
2021-08-04,2.0668932108254986e-06,2.1177056849545684e-06,2.564823779520892e-06,0.0,0.0,2.1177056849545684e-06,0.0005208570891280256,0.0005336618326085513,0.0006463355924392648
2021-08-05,2.968771096336394e-06,2.7995057083617445e-06,2.1375587258859314e-06,1.692653879746496e-07,0.057015285270139514,2.7995057083617445e-06,0.0007481303162767713,0.0007054754385071596,0.0005386647989232547
2021-08-06,1.679110550561857e-05,1.7727450128819602e-05,1.3654392468460046e-05,0.0,0.0,1.7727450128819602e-05,0.00423135858741588,0.00446731743246254,0.0034409069020519315
2021-08-09,1.7955310754496635e-06,1.6929933243072642e-06,2.812826620952736e-06,1.0253775114239927e-07,0.05710716758803669,1.6929933243072642e-06,0.0004524738310133152,0.0004266343177254306,0.0007088323084800894
2021-08-10,2.6454060384859745e-05,3.014524729079808e-05,2.8734052172174966e-05,0.0,0.0,3.014524729079808e-05,0.006666423216984655,0.0075966023172811155,0.007240981147388092
2021-08-11,3.144119638785196e-05,3.1947749924599244e-05,2.1286728873381517e-05,0.0,0.0,3.1947749924599244e-05,0.007923181489738694,0.00805083298099901,0.005364255676092142
2021-08-12,0.00012827595101374788,0.0001430430028534959,0.00015827305984961667,0.0,0.0,0.0001430430028534959,0.03232553965546447,0.03604683671908097,0.0398848110821034
2021-08-13,9.010955710620964e-05,8.67009364851031e-05,0.00012503196654017513,3.4086206211065407e-06,0.037827514558321264,8.67009364851031e-05,0.022707608390764827,0.02184863599424598,0.03150805556812413
2021-08-16,0.10522175033052697,0.08834412850989902,0.08744132953062031,0.01687762182062795,0.16040050433917755,0.08834412850989902,26.515881083292797,22.262720384494553,22.035215041716317
2021-08-17,2.5721915371625754e-05,2.637912880222013e-05,2.5943746720763638e-05,0.0,0.0,2.637912880222013e-05,0.00648192267364969,0.0066475404581594726,0.006537824173632437
2021-08-18,0.0006996854731509672,0.0007476263623813347,0.0008304287576002497,0.0,0.0,0.0007476263623813347,0.17632073923404373,0.18840184332009635,0.20926804691526293
2021-08-19,7.823686754838043e-05,7.299090269974092e-05,0.00011816395404014064,5.24596484863951e-06,0.06705233665372853,7.299090269974092e-05,0.01971569062219187,0.01839370748033471,0.029777316418115443
2021-08-20,5.884092782958933e-05,5.5162666087813295e-05,6.737811428585655e-05,3.678261741776034e-06,0.06251195919134347,5.5162666087813295e-05,0.01482791381305651,0.01390099185412895,0.01697928480003585
2021-08-23,0.00040983007093786314,0.00043124223297693134,0.0006182487256227541,0.0,0.0,0.00043124223297693134,0.10327717787634151,0.1086730427101867,0.15579867885693405
2021-08-24,4.636030294656255e-07,4.5731162823467147e-07,3.903506257345749e-07,6.2914012309540535e-09,0.0135706353506156,4.5731162823467147e-07,0.00011682796342533763,0.00011524253031513721,9.836835768511288e-05
2021-08-25,6.035139587239735e-05,5.476664014763336e-05,4.204435682644654e-05,5.58475572476399e-06,0.09253730674323903,5.476664014763336e-05,0.015208551759844131,0.013801193317203607,0.010595177920264529
2021-08-26,0.00025975985439104595,0.00026719632466631513,0.00018743975527967823,0.0,0.0,0.00026719632466631513,0.06545948330654358,0.06733347381591141,0.04723481833047891
2021-08-27,0.03368219255844479,0.03758626087858046,0.01938196886097806,0.0,0.0,0.03758626087858046,8.487912524728086,9.471737741402276,4.884256152966471
2021-08-30,0.0011154931421547942,0.0010895961317512277,0.0013161908156106162,2.589701040356645e-05,0.023215750417188163,0.0010895961317512277,0.2811042718230081,0.27457822520130937,0.3316800855338753
2021-08-31,0.0001365432093197582,0.00013903845558202284,0.00012844330846958096,0.0,0.0,0.00013903845558202284,0.034408888748579065,0.035037690806669755,0.032367713734334405
2021-09-01,3.479390839231676e-05,3.6106509150433494e-05,3.276649395700558e-05,0.0,0.0,3.6106509150433494e-05,0.008768064914863824,0.009098840305909241,0.008257156477165406
2021-09-02,0.001313072862656578,0.0013758294585826144,0.0011111585899337992,0.0,0.0,0.0013758294585826144,0.33089436138945766,0.34670902356281885,0.2800119646633174
2021-09-03,0.00014514069916579694,0.00014622475645465635,0.00013602319665443322,0.0,0.0,0.00014622475645465635,0.03657545618978083,0.0368486386265734,0.03427784555691717
2021-09-07,0.0008540031508113367,0.0008164470771586899,0.0015022644098699565,3.755607365264681e-05,0.04397650473887661,0.0008164470771586899,0.21520879400445686,0.20574466344398987,0.378570631287229
2021-09-08,0.0003262292799100086,0.0003353646192005117,0.00032919784538629616,0.0,0.0,0.0003353646192005117,0.08220977853732217,0.08451188403852895,0.08295785703734664
2021-09-09,1.56864013653423e-05,1.588413105495157e-05,1.334608851311184e-05,0.0,0.0,1.588413105495157e-05,0.00395297314406626,0.004002801025847796,0.003363214305304184
2021-09-10,0.0021670014592058895,0.0019193727708434706,0.002195400492448702,0.0002476286883624189,0.11427250646102075,0.0019193727708434706,0.5460843677198841,0.48368193825255457,0.5532409240970729
2021-09-13,2.461825982666476e-05,2.560180374782183e-05,2.952975007639984e-05,0.0,0.0,2.560180374782183e-05,0.0062038014763195195,0.006451654544451101,0.00744149701925276
2021-09-14,0.00012802817854881755,0.00010357913223614434,0.00012730901178828845,2.4449046312673215e-05,0.190966132603258,0.00010357913223614434,0.032263100994302026,0.026101941323508373,0.03208187097064869
2021-09-15,0.1620179909039008,0.16752697358117802,0.15342104121285288,0.0,0.0,0.16752697358117802,40.828533707782995,42.21679734245686,38.662102385638924
2021-09-16,6.932768274117692e-06,6.598395041661882e-06,5.717846711143111e-06,3.343732324558096e-07,0.04823083233191315,6.598395041661882e-06,0.0017470576050776583,0.0016627955504987942,0.0014408973712080639
2021-09-17,0.00033365859176701063,0.0002992710439649006,0.0003849259816441157,3.4387547802110024e-05,0.10306207766728308,0.0002992710439649006,0.08408196512528668,0.07541630307915495,0.09700134737431716
2021-09-20,0.0004572819158806818,0.0004744200929210808,0.0007322094171698627,0.0,0.0,0.0004744200929210808,0.11523504280193182,0.11955386341611236,0.1845167731268054
2021-09-21,1.6640448589367102e-05,1.8206777657978907e-05,1.481708660313404e-05,0.0,0.0,1.8206777657978907e-05,0.00419339304452051,0.004588107969810685,0.003733905823989778
2021-09-22,0.00024943546539412515,0.00023004896587174253,0.00015583324622806338,1.9386499522382612e-05,0.07772150369246454,0.00023004896587174253,0.06285773727931954,0.05797233939967912,0.03926997804947197
2021-09-23,7.995589108127492e-05,7.985343973715468e-05,8.436438318739484e-05,1.0245134412023376e-07,0.001281348271570684,7.985343973715468e-05,0.02014888455248128,0.02012306681376298,0.0212598245632235
2021-09-24,5.321156282756765e-07,5.014495489476917e-07,5.077555959667183e-07,3.0666079327984776e-08,0.057630372174908684,5.014495489476917e-07,0.00013409313832547047,0.00012636528633481832,0.00012795441018361302
2021-09-27,0.23953124160586625,0.25990752171056825,0.08740882444855583,0.0,0.0,0.25990752171056825,60.3618728846783,65.49669547106319,22.02702376103607
2021-09-28,0.6497373780977229,0.6461701274327112,0.6629653500345172,0.003567250665011734,0.005490296210832611,0.6461701274327112,163.73381928062616,162.83487211304322,167.06726820869832
2021-09-29,2.7696244737037802e-05,3.0320696230872103e-05,3.362567257106215e-05,0.0,0.0,3.0320696230872103e-05,0.0069794536737335265,0.00764081545017977,0.008473669487907662
2021-09-30,5.4144895931707135e-05,4.6713237207793255e-05,4.4540698332420106e-05,7.43165872391388e-06,0.13725501653992284,4.6713237207793255e-05,0.013644513774790198,0.0117717357763639,0.011224255979769867
2021-10-01,0.00012840847027548467,0.00011991972212222707,0.00011963245521705726,8.488748153257598e-06,0.06610738426319263,0.00011991972212222707,0.032358934509422135,0.030219769974801223,0.030147378714698428
2021-10-04,0.0003054675315243928,0.0002818101110175196,0.00035948463344476233,2.36574205068732e-05,0.07744659575231308,0.0002818101110175196,0.07697781794414699,0.07101614797641495,0.09059012762808011
2021-10-05,0.00021140453781861625,0.00022156207434062496,0.00023868684651931786,0.0,0.0,0.00022156207434062496,0.053273943530291294,0.05583364273383749,0.0601490853228681
2021-10-06,0.0010600972251089782,0.0011261904180713367,0.0010752299927606049,0.0,0.0,0.0011261904180713367,0.2671445007274625,0.2837999853539768,0.2709579581756724
2021-10-07,0.003460201669142885,0.0034521429774765355,0.001971802550161513,8.058691666349652e-06,0.00232896589117503,0.0034521429774765355,0.8719708206240071,0.869940030324087,0.4968942426407013
2021-10-08,8.30468373582885e-06,9.294968501145326e-06,4.925070965069241e-06,0.0,0.0,9.294968501145326e-06,0.0020927803014288704,0.002342332062288622,0.0012411178831974487
2021-10-11,7.417908619567676e-05,7.22245490750178e-05,7.490675175812956e-05,1.95453712065896e-06,0.026348896900053424,7.22245490750178e-05,0.018693129721310542,0.018200586366904484,0.01887650144304865
2021-10-12,2.0254478314761787e-05,2.1707879620292604e-05,1.8531705608993478e-05,0.0,0.0,2.1707879620292604e-05,0.00510412853531997,0.005470385664313736,0.004669989813466356
2021-10-13,1.4465368523133694e-05,1.3872142518144535e-05,1.3067755119932858e-05,5.932260049891587e-07,0.04101008301519322,1.3872142518144535e-05,0.0036452728678296907,0.003495779914572423,0.00329307429022308
2021-10-14,0.00017283092411933987,0.00017792380830960073,0.00015897519955575617,0.0,0.0,0.00017792380830960073,0.043553392878073645,0.04483679969401938,0.040061750288050556
2021-10-15,1.7698395698932072e-05,1.656925331914932e-05,1.4878038738664968e-05,1.1291423797827504e-06,0.06379913384193063,1.656925331914932e-05,0.0044599957161308825,0.004175451836425629,0.0037492657621435717
2021-10-18,0.002605575703086609,0.00279145182525568,0.00389215025286883,0.0,0.0,0.00279145182525568,0.6566050771778255,0.7034458599644314,0.9808218637229452
2021-10-19,0.002675546451190187,0.002667088733174002,0.001887369090866772,8.457718016185046e-06,0.0031611179874158437,0.002667088733174002,0.6742377056999271,0.6721063607598485,0.47561701089842656
2021-10-20,0.002464985616164802,0.002563998242228969,0.0011812491478683743,0.0,0.0,0.002563998242228969,0.6211763752735302,0.6461275570417002,0.2976747852628303
2021-10-21,6.658375704714629e-06,6.036320524240151e-06,5.154091239540535e-06,6.220551804744773e-07,0.09342444984135784,6.036320524240151e-06,0.0016779106775880865,0.0015211527721085182,0.0012988309923642148
2021-10-22,8.108045443509862e-06,7.531563880771743e-06,9.341526290108515e-06,5.764815627381191e-07,0.07109993347405742,7.531563880771743e-06,0.002043227451764485,0.0018979540979544793,0.0023540646251073456
2021-10-25,1.2081229901502449e-06,1.2799340494660873e-06,1.3792998183249782e-06,0.0,0.0,1.2799340494660873e-06,0.0003044469935178617,0.000322543380465454,0.0003475835542178945
2021-10-26,2.4507612681217756e-05,2.682832206779858e-05,2.246827688635041e-05,0.0,0.0,2.682832206779858e-05,0.006175918395666874,0.006760737161085242,0.005662005775360304
2021-10-27,7.98934403403261e-06,8.748144683702578e-06,5.400039430922583e-06,0.0,0.0,8.748144683702578e-06,0.0020133146965762177,0.0022045324602930497,0.001360809936592491
2021-10-28,0.001941582454495507,0.002086816132536928,0.0021879780195654367,0.0,0.0,0.002086816132536928,0.4892787785328678,0.5258776653993059,0.55137046093049
2021-10-29,0.00044147179893647105,0.0004109742861217343,0.0005855169072871824,3.0497512814736736e-05,0.0690814516785113,0.0004109742861217343,0.1112508933319907,0.10356552010267704,0.14755026063636995
2021-11-01,1.3685093415747382e-05,1.3560812912938772e-05,1.581172075144013e-05,1.2428050280861028e-07,0.009081450155404205,1.3560812912938772e-05,0.00344864354076834,0.0034173248540605703,0.0039845536293629125
2021-11-02,9.905554258742252e-05,7.791609922557888e-05,0.00010518567906754456,2.1139443361843646e-05,0.21340999802991145,7.791609922557888e-05,0.024961996732030475,0.019634857004845876,0.02650679112502123
2021-11-03,0.00286079755905632,0.0028215214251054986,0.004554171027039008,3.9276133950821336e-05,0.013729085377872078,0.0028215214251054986,0.7209209848821926,0.7110233991265856,1.14765109881383
2021-11-04,1.0131863738349302e-05,8.46062669172455e-06,1.0128359381007613e-05,1.6712370466247521e-06,0.16494861407881692,8.46062669172455e-06,0.002553229662064024,0.0021320779263145867,0.0025523465640139185
2021-11-05,1.012979202021976e-05,1.1342228644327026e-05,1.0357362004957975e-05,0.0,0.0,1.1342228644327026e-05,0.0025527075890953792,0.0028582416183704105,0.0026100552252494094
2021-11-08,0.004123985131927195,0.0037505565476666043,0.004117609213312015,0.00037342858426059073,0.09055041961209301,0.0037505565476666043,1.0392442532456532,0.9451402500119843,1.0376375217546279
2021-11-09,6.9051073481870445e-06,8.192476469449736e-06,6.308448069346864e-06,0.0,0.0,8.192476469449736e-06,0.0017400870517431351,0.0020645040703013338,0.0015897289134754096
2021-11-10,0.000428353829174044,0.0004493291340055179,0.0003666126079007959,0.0,0.0,0.0004493291340055179,0.10794516495185909,0.11323094176939051,0.09238637719100057
2021-11-11,2.617468323630907e-07,1.9732726547590857e-07,2.1617951352802324e-07,6.441956688718213e-08,0.24611308642212845,1.9732726547590857e-07,6.596020175549886e-05,4.972647089992896e-05,5.447723740906186e-05
2021-11-12,0.00013219288366327414,0.0001310579368243333,0.00016581573291414825,1.1349468389408493e-06,0.008585536519849925,0.0001310579368243333,0.033312606683145084,0.03302660007973199,0.04178556469436536
2021-11-15,1.7746661599786107e-09,2.070923314244884e-09,1.4330300039655737e-09,0.0,0.0,2.070923314244884e-09,4.4721587231460986e-07,5.218726751897107e-07,3.611235609993246e-07
2021-11-16,2.392100535292654e-05,2.486015940566574e-05,2.8521161046461787e-05,0.0,0.0,2.486015940566574e-05,0.006028093348937488,0.006264760170227766,0.00718733258370837
2021-11-17,0.0002778984393146617,0.00024022393239375066,0.000291744133073653,3.767450692091103e-05,0.13556933561142895,0.00024022393239375066,0.07003040670729474,0.06053643096322517,0.07351952153456055
2021-11-18,0.00285064268284612,0.0031316411376100593,0.0028516273120433415,0.0,0.0,0.0031316411376100593,0.7183619560772222,0.789173566677735,0.7186100826349221
2021-11-19,0.00041663727876050305,0.00036612752675422964,0.0005289225371671062,5.05097520062734e-05,0.12123195513207095,0.00036612752675422964,0.10499259424764677,0.09226413674206586,0.13328847936611077
2021-11-22,0.0073477291919136906,0.007300076869374249,0.005280599935074129,4.7652322539441794e-05,0.0064853128481379965,0.007300076869374249,1.85162775636225,1.8396193710823108,1.3307111836386805
2021-11-23,7.821419177274515e-07,7.888722292262454e-07,9.221921894750601e-07,0.0,0.0,7.888722292262454e-07,0.00019709976326731776,0.00019879580176501385,0.00023239243174771516
2021-11-24,7.128278169241304e-06,7.422999030250056e-06,4.8053984032970545e-06,0.0,0.0,7.422999030250056e-06,0.0017963260986488087,0.001870595755623014,0.0012109603976308578
2021-11-26,0.19596782665957554,0.1883407911877683,0.18996454143964325,0.007627035471807236,0.03891983496361155,0.1883407911877683,49.383892318213036,47.461879379317615,47.8710644427901
2021-11-29,8.030693841657516e-05,9.373458217533041e-05,9.015911826526687e-05,0.0,0.0,9.373458217533041e-05,0.02023734848097694,0.023621114708183264,0.022720097802847252
2021-11-30,0.010265756516799493,0.009365053143967184,0.005205479023859678,0.0009007033728323094,0.0877386261081301,0.009365053143967184,2.586970642233472,2.3599933922797303,1.3117807140126387
2021-12-01,6.134747666430191e-05,6.244468497553277e-05,7.951832278543322e-05,0.0,0.0,6.244468497553277e-05,0.01545956411940408,0.015736060613834257,0.02003861734192917
2021-12-02,2.0649920726965056e-05,2.1447969014740373e-05,2.540004812448017e-05,0.0,0.0,2.1447969014740373e-05,0.005203780023195194,0.005404888191714574,0.006400812127369003
2021-12-03,0.0006217713404578672,0.0006175163080330067,0.0007138579957242612,4.255032424860532e-06,0.006843403902926368,0.0006175163080330067,0.15668637779538253,0.15561410962431768,0.17989221492251384
2021-12-06,0.0008157104858500505,0.0008161651101106681,0.0005884263707677897,0.0,0.0,0.0008161651101106681,0.20555904243421272,0.20567360774788834,0.148283445433483
2021-12-07,0.0009423709592166853,0.0010445113859125976,0.0015266464546371185,0.0,0.0,0.0010445113859125976,0.23747748172260472,0.2632168692499746,0.3847149065685539
2021-12-08,0.0004680840643064141,0.0004678636724468575,0.0005882775175845679,2.20391859556625e-07,0.00047083820170710903,0.0004678636724468575,0.11795718420521635,0.11790164545660808,0.1482459344313111
2021-12-09,4.848233413876332e-05,4.232005988947046e-05,2.6591114130966742e-05,6.162274249292858e-06,0.1271034951525242,4.232005988947046e-05,0.012217548202968356,0.010664655092146556,0.006700960761003619
2021-12-10,0.0012091998717866496,0.0010992269015693715,0.001118029313565346,0.00010997297021727811,0.0909468919839042,0.0010992269015693715,0.3047183676902357,0.2770051791954816,0.2817433870184672
2021-12-13,0.00021196626990324565,0.00022010873331548868,0.0001807651187057198,0.0,0.0,0.00022010873331548868,0.0534155000156179,0.05546740079550315,0.04555280991384139
2021-12-14,2.788208676537014e-05,2.7321627293331067e-05,3.5748881139653785e-05,5.604594720390714e-07,0.02010105831225337,2.7321627293331067e-05,0.007026285864873275,0.006885050077919429,0.009008718047192754
2021-12-15,0.037641288760619736,0.0426131290998008,0.0375201229755327,0.0,0.0,0.0426131290998008,9.485604767676174,10.738508533149801,9.45507098983424
2021-12-16,0.0008507149094887677,0.0008441187789578987,0.0009700784783301162,6.596130530869089e-06,0.007753632209266631,0.0008441187789578987,0.21438015719116948,0.21271793229739047,0.24445977653918927
2021-12-17,0.000173483865470204,0.00015614992422899063,0.0001536204703926297,1.733394124121338e-05,0.09991673343405968,0.00015614992422899063,0.04371793409849141,0.039349780905705636,0.038712358538942684
2021-12-20,0.0009092457485320417,0.0009613800067090317,0.000928661007217261,0.0,0.0,0.0009613800067090317,0.2291299286300745,0.242267761690676,0.23402257381874977
2021-12-21,0.00039328062949129446,0.0003502183681177812,0.0002305451086412006,4.3062261373513235e-05,0.10949499679076223,0.0003502183681177812,0.0991067186318062,0.08825502876568087,0.05809736737758255
2021-12-22,0.0007730475747915903,0.0007698392654443396,0.0009270489021210645,3.2083093472507103e-06,0.004150209440816685,0.0007698392654443396,0.19480798884748077,0.19399949489197357,0.23361632333450824
2021-12-23,2.8773841622785627e-05,2.6064266786964607e-05,2.2544071359747484e-05,2.7095748358210203e-06,0.09416798692279438,2.6064266786964607e-05,0.0072510080889419785,0.006568195230315081,0.005681105982656366
2021-12-27,0.0005082490797141783,0.00041115680749676914,0.0005517511512300224,9.709227221740916e-05,0.1910328535783629,0.00041115680749676914,0.12807876808797294,0.10361151548918582,0.13904129010996563
2021-12-28,3.4853089867618765e-05,3.1796122227523376e-05,3.9408803699572855e-05,3.0569676400953895e-06,0.08771008722602419,3.1796122227523376e-05,0.00878297864663993,0.00801262280133589,0.00993101853229236
2021-12-29,1.5287639409736472e-07,1.4539770131571283e-07,1.8561313815672254e-07,7.478692781651882e-09,0.04891954644967878,1.4539770131571283e-07,3.8524851312535907e-05,3.664022073155963e-05,4.677451081549408e-05
2021-12-30,0.00019635242211305377,0.00021742286024101156,0.00016418736606338706,0.0,0.0,0.00021742286024101156,0.04948081037248955,0.05479056078073491,0.04137521624797354
2021-12-31,1.8744023123011344e-05,1.943942823461533e-05,1.1670737217253427e-05,0.0,0.0,1.943942823461533e-05,0.004723493826998859,0.004898735915123064,0.0029410257787478634
2022-01-03,0.0004172934297920032,0.00033442548467536284,0.00047526606611856853,8.286794511664036e-05,0.19858435096704236,0.00033442548467536284,0.10515794430758481,0.08427522213819144,0.11976704866187927
2022-01-04,0.00012814777048884534,0.00012713609513855813,6.497087532905106e-05,1.0116753502872032e-06,0.007894599637070277,0.00012713609513855813,0.03229323816318903,0.03203829597491665,0.01637266058292087
2022-01-05,0.002405426221355159,0.002269360051595268,0.0025668525746153415,0.00013606616975989083,0.05656634508069347,0.002269360051595268,0.6061674077815,0.5718787330020075,0.6468468488030661
2022-01-06,0.0004332021218758446,0.0005084531856712923,0.00047968392520683954,0.0,0.0,0.0005084531856712923,0.10916693471271284,0.12813020278916568,0.12088034915212356
2022-01-07,1.1960498421582689e-05,1.0725560295519892e-05,1.2649074316143819e-05,1.2349381260627967e-06,0.10325138462314996,1.0725560295519892e-05,0.0030140456022388377,0.0027028411944710127,0.0031875667276682423
2022-01-10,7.66473981307367e-09,7.840733539569285e-09,9.970494725017427e-09,0.0,0.0,7.840733539569285e-09,1.931514432894565e-06,1.9758648519714596e-06,2.5125646707043916e-06
2022-01-11,0.36837470430538194,0.35248430913595064,0.392917564079698,0.015890395169431304,0.043136499286376244,0.35248430913595064,92.83042548495625,88.82604590225957,99.0152261480839
2022-01-12,3.810999307476729e-05,3.653809384873812e-05,2.6517982722565894e-05,1.5718992260291647e-06,0.04124637812709403,3.653809384873812e-05,0.009603718254841357,0.009207599649882006,0.0066825316460866055
2022-01-13,0.35096887641697333,0.38823585215245854,0.23419659745636123,0.0,0.0,0.38823585215245854,88.44415685707727,97.83543474241955,59.01754255900303
2022-01-14,0.0002661086829674622,0.00030381415123322306,0.00025987508755886675,0.0,0.0,0.00030381415123322306,0.06705938810780047,0.07656116611077221,0.06548852206483442
2022-01-18,0.000164783366132101,0.00019576652335513123,0.00018713364222769496,0.0,0.0,0.00019576652335513123,0.04152540826528946,0.04933316388549307,0.04715767784137913
2022-01-19,0.00230150737692297,0.0021417503671025914,0.0025885880318585936,0.00015975700982037884,0.06941407677109163,0.0021417503671025914,0.5799798589845885,0.539721092509853,0.6523241840283656
2022-01-20,0.000214412063878293,0.00024551168540196805,0.00016075541511050435,0.0,0.0,0.00024551168540196805,0.054031840097329836,0.06186894472129595,0.0405103646078471
2022-01-21,0.0005237413883875525,0.0004955772187792358,0.00044402467934625487,2.816416960831666e-05,0.053774954928139246,0.0004955772187792358,0.13198282987366322,0.12488545913236743,0.11189421919525623
2022-01-24,0.00015121305689745347,0.00016348320386731866,0.0001177213793992671,0.0,0.0,0.00016348320386731866,0.03810569033815828,0.041197767374564306,0.02966578760861531
2022-01-25,0.0004526306553460775,0.00046979211036513746,0.0004257734898659269,0.0,0.0,0.00046979211036513746,0.11406292514721153,0.11838761181201464,0.10729491944621358
2022-01-26,7.562085090181216e-07,7.05171904637236e-07,5.23070420022067e-07,5.103660438088565e-08,0.06749003255348197,7.05171904637236e-07,0.00019056454427256666,0.00017770331996858348,0.00013181374584556087
2022-01-27,4.9997734719697705e-06,4.877922129556673e-06,5.654721718513202e-06,1.2185134241309749e-07,0.024371367767932837,4.877922129556673e-06,0.001259942914936382,0.0012292363766482817,0.0014249898730653268
2022-01-28,0.018964408779201063,0.019854496209946518,0.013277916978303335,0.0,0.0,0.019854496209946518,4.779031012358668,5.0033330449065225,3.34603507853244
2022-01-31,0.0007713106679142519,0.0008000382423945712,0.0006099392295933676,0.0,0.0,0.0008000382423945712,0.1943702883143915,0.20160963708343194,0.15370468585752864
2022-02-01,3.6441674727919757e-06,3.5211904422249776e-06,2.658871520411299e-06,1.2297703056699817e-07,0.03374625281052922,3.5211904422249776e-06,0.0009183302031435779,0.0008873399914406943,0.0006700356231436474
2022-02-02,0.0024158340807260937,0.0027112395887520643,0.003107389902141912,0.0,0.0,0.0027112395887520643,0.6087901883429756,0.6832323763655203,0.7830622553397618
2022-02-03,0.00027839713347308225,0.00031407136510575544,0.000123897529067589,0.0,0.0,0.00031407136510575544,0.07015607763521672,0.07914598400665038,0.031222177325032432
2022-02-04,9.274325568312412e-07,9.401973512119837e-07,1.4016787088321024e-06,0.0,0.0,9.401973512119837e-07,0.0002337130043214728,0.00023692973250541988,0.0003532230346256898
2022-02-07,0.0004115736754993916,0.0003545469259564908,0.0004200270995686508,5.702674954290079e-05,0.13855781552391164,0.0003545469259564908,0.10371656622584668,0.08934582534103569,0.1058468290913
2022-02-08,0.003343629613426339,0.0032961538517770287,0.0036696704692988566,4.747576164931041e-05,0.01419886982830655,0.0032961538517770287,0.8425946625834374,0.8306307706478112,0.9247569582633118
2022-02-09,0.0010384951623823727,0.0010704648064523363,0.0006131990364482535,0.0,0.0,0.0010704648064523363,0.2617007809203579,0.2697571312259887,0.15452615718495988
2022-02-10,0.0017989400548104975,0.0015978316380700795,0.0017838717998646895,0.00020110841674041797,0.11179272821840094,0.0015978316380700795,0.45333289381224534,0.40265357279366004,0.44953569356590173
2022-02-11,0.00028679826197089425,0.000268860768074991,0.0002278001970574199,1.7937493895903275e-05,0.06254394189871249,0.000268860768074991,0.07227316201666535,0.06775291355489772,0.057405649658469816
2022-02-14,3.357240540592692e-05,2.8382522514594072e-05,2.9260426424449226e-05,5.189882891332845e-06,0.15458775366238314,2.8382522514594072e-05,0.008460246162293582,0.007152395673677706,0.007373627458961205
2022-02-15,0.001703499382648985,0.0018570522588983829,0.0013005882764037502,0.0,0.0,0.0018570522588983829,0.42928184442754425,0.46797716924239247,0.32774824565374505
2022-02-16,1.1065964661825701e-06,1.075287790927749e-06,1.5019249148718882e-06,3.1308675254821225e-08,0.028292740776668122,1.075287790927749e-06,0.0002788623094780077,0.0002709725233137927,0.0003784850785477158
2022-02-17,0.0005325730921616278,0.000510887820610588,0.00048245036689180696,2.1685271551039813e-05,0.040717925538267224,0.000510887820610588,0.1342084192247302,0.12874373079386817,0.12157749245673535
2022-02-18,0.9764205640804633,1.0371187534161772,0.5975097428647639,0.0,0.0,1.0371187534161772,246.05798214827675,261.35392586087664,150.5724552019205
2022-02-22,0.0032414558729478514,0.0034378052265214704,0.0014172121976823186,0.0,0.0,0.0034378052265214704,0.8168468799828585,0.8663269170834105,0.3571374738159443
2022-02-23,0.009208251839715565,0.00967954969485547,0.010620723371533369,0.0,0.0,0.00967954969485547,2.3204794636083226,2.439246523103578,2.6764222896264087
2022-02-24,0.00021092961003435888,0.00021094009182912786,0.00030339231320351226,0.0,0.0,0.00021094009182912786,0.05315426172865844,0.05315690314094022,0.0764548629272851
2022-02-25,0.0006838237386886183,0.0005365150182234356,0.0003814393355834028,0.0001473087204651827,0.2154191378793902,0.0005365150182234356,0.1723235821495318,0.13520178459230575,0.0961227125670175
2022-02-28,1.306594477011241e-06,1.3829901316999599e-06,1.3474703908583366e-06,0.0,0.0,1.3829901316999599e-06,0.00032926180820683275,0.0003485135131883899,0.00033956253849630084
2022-03-01,0.0023694029002484123,0.002264840580500179,0.0022414977511599596,0.00010456231974823342,0.044130240447135725,0.002264840580500179,0.5970895308625999,0.5707398262860451,0.5648574332923099
2022-03-02,0.0015860012007835348,0.0013711989974752113,0.0021172996047458185,0.00021480220330832357,0.13543634334373023,0.0013711989974752113,0.3996723025974508,0.3455421473637532,0.5335595003959462
2022-03-03,5.436674665236553e-05,5.890396992930118e-05,7.282542962393557e-05,0.0,0.0,5.890396992930118e-05,0.013700420156396114,0.014843800422183896,0.018352008265231763
2022-03-04,0.036362154339674005,0.03707149736232025,0.02806778016487148,0.0,0.0,0.03707149736232025,9.16326289359785,9.342017335304703,7.0730806015476135
2022-03-07,0.00027281545372257235,0.0003167194233290519,0.0003851432787137889,0.0,0.0,0.0003167194233290519,0.06874949433808823,0.07981329467892108,0.0970561062358748
2022-03-08,9.330198493066515e-05,9.489170336783726e-05,7.939433815812744e-05,0.0,0.0,9.489170336783726e-05,0.023512100202527617,0.02391270924869499,0.020007373215848116
2022-03-09,0.0016810324570275847,0.001686027825064387,0.001791895562726122,0.0,0.0,0.001686027825064387,0.42362017917095135,0.4248790119162255,0.45155768180698275
2022-03-10,0.0012223732467639202,0.0012301293869350876,0.0010809042987217248,0.0,0.0,0.0012301293869350876,0.3080380581845079,0.30999260550764207,0.27238788327787467
2022-03-11,0.0013578927643541894,0.001234078296632936,0.0010525983959880957,0.0001238144677212533,0.09118132954258568,0.001234078296632936,0.3421889766172557,0.3109877307514999,0.26525479578900013
2022-03-14,0.0020675795064570295,0.002205402110651445,0.001045751233430334,0.0,0.0,0.002205402110651445,0.5210300356271714,0.5557613318841641,0.2635293108244442
2022-03-15,0.02677805060395004,0.02320704788001863,0.028109390661086007,0.0035710027239314115,0.13335558949430382,0.02320704788001863,6.74806875219541,5.848176065764695,7.083566446593673
2022-03-16,0.0014336110659984144,0.0013863744511535244,0.0021678555320565015,4.723661484489004e-05,0.03294939327148922,0.0013863744511535244,0.3612699886316004,0.34936636169068813,0.5462995940782384
2022-03-17,0.00026960090305804663,0.00020811312643403146,0.00016570569615757908,6.148777662401517e-05,0.22806962327832733,0.00020811312643403146,0.06793942757062775,0.05244450786137593,0.041757835431709925
2022-03-18,0.0004501823233643653,0.00041811186136256925,0.0004582647760144264,3.207046200179607e-05,0.071238829838728,0.00041811186136256925,0.11344594548782005,0.10536418906336745,0.11548272355563545
2022-03-21,0.00010898749784511536,0.00010884936140834925,8.612902983210448e-05,1.381364367661049e-07,0.0012674521227651419,0.00010884936140834925,0.02746484945696907,0.027430039074904013,0.02170451551769033
2022-03-22,0.0028300393827139707,0.002332809510779783,0.003508305571294153,0.0004972298719341877,0.1756971562995189,0.002332809510779783,0.7131699244439206,0.5878679967165054,0.8840930039661266
2022-03-23,7.228467469083516e-05,7.391234994937557e-05,0.00014610270384260194,0.0,0.0,7.391234994937557e-05,0.01821573802209046,0.018625912187242643,0.036817881368335685
2022-03-24,0.08488988883344371,0.09108704361807689,0.07681232452169799,0.0,0.0,0.09108704361807689,21.392251986027816,22.953934991755375,19.356705779467895
2022-03-25,1.1811310815204396e-05,1.1443244570930415e-05,1.2075107577439683e-05,3.6806624427398114e-07,0.03116218164693434,1.1443244570930415e-05,0.0029764503254315075,0.0028836976318744644,0.0030429271095148004
2022-03-28,1.0102168260554121e-05,9.768620241138248e-06,8.401440956987216e-06,3.3354801941587293e-07,0.03301746494372015,9.768620241138248e-06,0.0025457464016596385,0.0024616923007668387,0.0021171631211607785
2022-03-29,0.00031926685108393024,0.0002893763706486461,0.00021328382414476948,2.989048043528414e-05,0.09362224809804684,0.0002893763706486461,0.08045524647315042,0.07292284540345882,0.05374752368448191
2022-03-30,0.00013318824766253988,0.00011533960717574753,0.00012093305111532125,1.7848640486792342e-05,0.1340106253068586,0.00011533960717574753,0.03356343841096005,0.029065581008288377,0.030475128881060954
2022-03-31,0.0007443557436688604,0.0006119323898456482,0.0008958471668697455,0.00013242335382321216,0.17790331406943463,0.0006119323898456482,0.18757764740455282,0.15420696224110333,0.22575348605117587
2022-04-01,0.1240240533416945,0.12070149899826255,0.051519545622908836,0.003322554343431955,0.026789596484573096,0.12070149899826255,31.254061442107016,30.41677774756216,12.982925496973026
2022-04-04,0.0015056535829152187,0.0012533664724080824,0.0013362021851017463,0.00025228711050713634,0.16755986450156937,0.0012533664724080824,0.37942470289463515,0.3158483510468368,0.33672295064564006
2022-04-05,0.0016206974976835907,0.0016869478452649126,0.0007084528811798245,0.0,0.0,0.0016869478452649126,0.40841576941626484,0.425110857006758,0.17853012605731577
2022-04-06,0.006583213172468413,0.006055527702500651,0.004892633081375392,0.0005276854699677617,0.08015621795363294,0.006055527702500651,1.65896971946204,1.525992981030164,1.2329435365065988
2022-04-07,6.973034125169742e-05,7.796757801790232e-05,4.220119032642816e-05,0.0,0.0,7.796757801790232e-05,0.01757204599542775,0.019647829660511384,0.010634699962259896
2022-04-08,0.002614291075216254,0.0026788187892638708,0.0027292931897704782,0.0,0.0,0.0026788187892638708,0.6588013509544961,0.6750623348944954,0.6877818838221605
2022-04-11,0.0010884875689912376,0.001003797417083146,0.0007542817498696846,8.469015190809147e-05,0.07780534591568486,0.001003797417083146,0.27429886738579184,0.2529569491049528,0.19007900096716052
2022-04-12,0.01092863313083381,0.009667958562702462,0.011813732610101895,0.0012606745681313473,0.11535519153435136,0.009667958562702462,2.75401554897012,2.4363255578010206,2.9770606177456775
2022-04-13,0.0010881907555064896,0.0011252572908472575,0.0009386373619418717,0.0,0.0,0.0011252572908472575,0.27422407038763535,0.2835648372935089,0.23653661520935168
2022-04-14,0.0001840633604496749,0.0002060487872902018,0.00018429299473912434,0.0,0.0,0.0002060487872902018,0.04638396683331807,0.05192429439713085,0.04644183467425934
2022-04-18,6.208056346980584e-07,6.216398667321589e-07,7.639462127537929e-07,0.0,0.0,6.216398667321589e-07,0.00015644301994391073,0.00015665324641650404,0.0001925144456139558
2022-04-19,0.005177995936806771,0.004797422056632325,0.006035014290159309,0.0003805738801744467,0.07349829639604646,0.004797422056632325,1.3048549760753063,1.208950358271346,1.520823601120146
2022-04-20,3.048710854773069e-06,3.6336804158608576e-06,4.181055164095418e-06,0.0,0.0,3.6336804158608576e-06,0.0007682751354028134,0.0009156874647969362,0.0010536259013520454
2022-04-21,2.5737732325238585e-05,2.568486804370231e-05,2.2510592103976377e-05,5.286428153627464e-08,0.002053960264031316,2.568486804370231e-05,0.006485908545960124,0.0064725867470129825,0.005672669210202047
2022-04-22,0.00013510706798951978,0.0001486551963263074,0.00016707994228860906,0.0,0.0,0.0001486551963263074,0.03404698113335899,0.03746110947422947,0.04210414545672948
2022-04-25,2.5768008059584085e-05,2.680897552454709e-05,2.7864182111918017e-05,0.0,0.0,2.680897552454709e-05,0.00649353803101519,0.006755861832185866,0.00702177389220334
2022-04-26,0.0002891354807560198,0.0002741889363840086,0.0005775744939106707,1.4946544372011175e-05,0.05169391276793717,0.0002741889363840086,0.07286214115051698,0.06909561196877016,0.145548772465489
2022-04-27,3.48319872860223e-06,3.709594238037584e-06,3.815259835458945e-06,0.0,0.0,3.709594238037584e-06,0.0008777660796077619,0.0009348177479854712,0.0009614454785356541
2022-04-28,0.025328207592922786,0.02744042724873657,0.016938143193683516,0.0,0.0,0.02744042724873657,6.382708313416542,6.914987666681616,4.268412084808246
2022-04-29,0.009773688157062142,0.00902472955870148,0.010796843644950599,0.0007489585983606623,0.07663008950647353,0.00902472955870148,2.4629694155796598,2.274231848792773,2.720804598527551
2022-05-02,3.686603665147825e-06,3.282957538645841e-06,4.345218555697899e-06,4.03646126501984e-07,0.10948994078967744,3.282957538645841e-06,0.0009290241236172519,0.0008273052997387519,0.0010949950760358706
2022-05-03,0.0002253387438807969,0.00020463845792182024,0.00012748394380793462,2.0700285958976647e-05,0.09186296821670414,0.00020463845792182024,0.056785363457960814,0.0515688913962987,0.03212595383959953
2022-05-04,2.6707455962824413,2.419818142242815,3.713656816646293,0.25092745403962624,0.09395408323009578,2.419818142242815,673.0278902631752,609.7941718451895,935.8415177948658
2022-05-05,0.007653504150376198,0.006882808941701604,0.004684728290199043,0.0007706952086745942,0.10069834593818222,0.006882808941701604,1.9286830458948019,1.734467853308804,1.1805515291301587
2022-05-06,0.0001011995626350617,0.00010583244383315129,0.00012839233496482472,0.0,0.0,0.00010583244383315129,0.02550228978403555,0.026669775845954126,0.03235486841113583
2022-05-09,0.038481688393927994,0.032769404430215435,0.04038869644245448,0.00571228396371256,0.14844161475164008,0.032769404430215435,9.697385475269854,8.257889916414289,10.177951503498528
2022-05-10,0.0003395027253035296,0.0003289711173646174,0.00026342260256319923,1.0531607938912195e-05,0.031020687384691277,0.0003289711173646174,0.08555468677648945,0.08290072157588357,0.0663824958459262
2022-05-11,0.43581803241807926,0.461401202697139,0.44902294973587614,0.0,0.0,0.461401202697139,109.82614416935597,116.27310307967903,113.15378333344078
2022-05-12,0.023433416860668074,0.02218571326525214,0.020226954192382077,0.0012477035954159346,0.05324462935906304,0.02218571326525214,5.905221048888355,5.590799742843539,5.0971924564802835
2022-05-13,0.004107016822827896,0.0038672238047839256,0.00367904032711452,0.00023979301804397026,0.058386178662027985,0.0038672238047839256,1.0349682393526298,0.9745403988055492,0.927118162432859
2022-05-16,3.813996496028144e-05,3.6063205168495525e-05,4.125535201535794e-05,2.076759791785916e-06,0.05445101324811436,3.6063205168495525e-05,0.009611271169990923,0.009087927702460872,0.010396348707870201
2022-05-17,0.0009874142865859583,0.000962507075651435,0.0007133986297455259,2.490721093452333e-05,0.025224681521893676,0.000962507075651435,0.24882840021966152,0.2425517830641616,0.17977645469587253
2022-05-18,0.005521582321928269,0.006032823286560837,0.005245695414424242,0.0,0.0,0.006032823286560837,1.3914387451259238,1.520271468213331,1.321915244434909
2022-05-19,0.00035354241246340293,0.00034812160625606944,0.0003724018856927746,5.42080620733349e-06,0.01533283136874503,0.00034812160625606944,0.08909268794077754,0.0877266447765295,0.0938452751945792
2022-05-20,4.936089601769564e-06,5.1246852132137385e-06,5.302158962618029e-06,0.0,0.0,5.1246852132137385e-06,0.0012438945796459302,0.001291420673729862,0.0013361440585797433
2022-05-23,0.043809366868535524,0.04267218837886374,0.04840697015785007,0.0011371784896717849,0.025957428078299035,0.04267218837886374,11.039960450870952,10.753391471473662,12.198556479778217
2022-05-24,0.0010871809221406205,0.0009649741806614225,0.0007595789687310109,0.00012220674147919795,0.1124069958164555,0.0009649741806614225,0.27396959237943636,0.24317349352667847,0.19141390012021475
2022-05-25,2.8424610137362735e-06,2.861845555163893e-06,2.0887654115575673e-06,0.0,0.0,2.861845555163893e-06,0.0007163001754615409,0.000721185079901301,0.000526368883712507
2022-05-26,0.0015030182594022747,0.0014824773153403424,0.0012741411747790592,2.0540944061932243e-05,0.013666463411053016,0.0014824773153403424,0.37876060136937323,0.3735842834657663,0.3210835760443229
2022-05-27,0.0007416274259832385,0.0007417446939990622,0.0012436514822067287,0.0,0.0,0.0007417446939990622,0.1868901113477761,0.18691966288776368,0.3134001735160956
2022-05-31,3.4134780741806636e-05,3.800150074693878e-05,3.1150008658791937e-05,0.0,0.0,3.800150074693878e-05,0.008601964746935272,0.009576378188228572,0.007849802182015569
2022-06-01,7.107299096432942e-07,6.430010014554449e-07,1.1522515477470706e-06,6.77289081878493e-08,0.09529472725738279,6.430010014554449e-07,0.00017910393723011015,0.00016203625236677212,0.0002903673900322618
2022-06-02,4.089924748474179e-05,3.305665535254386e-05,4.477887093102186e-05,7.842592132197926e-06,0.19175394225455628,3.305665535254386e-05,0.01030661036615493,0.008330277148841053,0.011284275474617508
2022-06-03,0.00028214839330936524,0.00028341439961544366,0.00034773324979850114,0.0,0.0,0.00028341439961544366,0.07110139511396005,0.0714204287030918,0.08762877894922229
2022-06-06,0.00011596912608890674,0.00011501592286405344,9.301128394181069e-05,9.53203224853303e-07,0.008219456753542156,0.00011501592286405344,0.029224219774404498,0.028984012561741466,0.023438843553336294
2022-06-07,0.00014769714328414984,0.00016872508056193938,0.00016051284453332093,0.0,0.0,0.00016872508056193938,0.037219680107605756,0.04251872030160873,0.04044923682239687
2022-06-08,4.641613660695453e-05,4.838654189087777e-05,3.988482640545786e-05,0.0,0.0,4.838654189087777e-05,0.011696866424952542,0.012193408556501199,0.01005097625417538
2022-06-09,0.0022762949717789797,0.002306012237498795,0.0016467101272908792,0.0,0.0,0.002306012237498795,0.5736263328883029,0.5811150838496963,0.41497095207730156
2022-06-10,0.005270715907991854,0.004797706284091058,0.00309074405455654,0.0004730096239007964,0.08974295561895886,0.004797706284091058,1.3282204088139473,1.2090219835909466,0.7788675017482481
2022-06-13,0.0005487554578340823,0.0006341443465563944,0.0006996812187877916,0.0,0.0,0.0006341443465563944,0.13828637537418875,0.15980437533221137,0.17631966713452346
2022-06-14,0.0010529769086300952,0.0009494909014915336,0.0011030240681357548,0.00010348600713856152,0.09827946481268575,0.0009494909014915336,0.26535018097478397,0.2392717071758665,0.2779620651702102
2022-06-15,0.004678755941955408,0.004749259449108973,0.005646779409166799,0.0,0.0,0.004749259449108973,1.179046497372763,1.196813381175461,1.4229884111100333
2022-06-16,0.0021612947940321757,0.002298092608996082,0.003616681284961577,0.0,0.0,0.002298092608996082,0.5446462880961083,0.5791193374670127,0.9114036838103174
2022-06-17,4.458000235320748e-05,4.5497067104145904e-05,4.493624045876346e-05,0.0,0.0,4.5497067104145904e-05,0.011234160593008285,0.011465260910244768,0.011323932595608393
2022-06-21,0.00045975256489810096,0.0004913691582881125,0.00035368904865821013,0.0,0.0,0.0004913691582881125,0.11585764635432144,0.12382502788860435,0.08912964026186895
2022-06-22,4.471655355457246e-05,4.9282113551340965e-05,5.348254782094524e-05,0.0,0.0,4.9282113551340965e-05,0.011268571495752258,0.012419092614937923,0.0134776020508782
2022-06-23,0.01648212715005924,0.020306348337817165,0.014914466092868207,0.0,0.0,0.020306348337817165,4.153496041814928,5.1171997811299255,3.7584454554027884
2022-06-24,0.001157347090977058,0.0012045709117900066,0.0014949171521073112,0.0,0.0,0.0012045709117900066,0.29165146692621857,0.3035518697710817,0.37671912233104243
2022-06-27,0.0,0.0,0.0,0.0,0.0,0.0,0.0,0.0,0.0
2022-06-28,0.005494111063263391,0.005854484970363262,0.0038749998748886915,0.0,0.0,0.005854484970363262,1.3845159879423745,1.475330212531542,0.9764999684719503
2022-06-29,0.0022303990985420557,0.002256268747629095,0.0017475558742558492,0.0,0.0,0.002256268747629095,0.562060572832598,0.5685797244025319,0.440384080312474
2022-06-30,0.009749937329816159,0.009349082317535047,0.009273182988155099,0.0004008550122811122,0.041113598855056124,0.009349082317535047,2.4569842071136723,2.3559687440188317,2.336842113015085
2022-07-01,0.001187273461083263,0.0013010037985417729,0.0016476650644808304,0.0,0.0,0.0013010037985417729,0.2991929121929823,0.3278529572325268,0.41521159624916926
2022-07-05,0.0008188806790657856,0.000877492957800128,0.0010035531219834458,0.0,0.0,0.000877492957800128,0.20635793112457798,0.22112822536563226,0.25289538673982837
2022-07-06,3.263429995691852e-05,3.30261693874382e-05,4.647665408375616e-05,0.0,0.0,3.30261693874382e-05,0.008223843589143468,0.008322594685634425,0.011712116829106552
2022-07-07,0.00023504611320047432,0.0002252814510471921,0.00021354894305616886,9.764662153282207e-06,0.04154360171618826,0.0002252814510471921,0.05923162052651953,0.05677092566389241,0.053814333650154554
2022-07-08,6.583418603161427e-05,5.9979877381989953e-05,8.246821298479272e-05,5.85430864962432e-06,0.08892505419430516,5.9979877381989953e-05,0.016590214879966796,0.015114929100261468,0.020781989672167767
2022-07-11,0.0003682824377782531,0.000417473963227297,0.00045502894133032506,0.0,0.0,0.000417473963227297,0.09280717432011978,0.10520343873327884,0.11466729321524191
2022-07-12,0.00013279066570154918,0.00013552499091260133,0.00020103812742590819,0.0,0.0,0.00013552499091260133,0.033463247756790396,0.034152297709975535,0.05066160811132886
2022-07-13,0.00019822821209397997,0.00022059045131675052,0.00025934671048661673,0.0,0.0,0.00022059045131675052,0.04995350944768295,0.05558879373182113,0.06535537104262741
2022-07-14,0.00019110933068169488,0.00016354010680939672,0.00017655147529558246,2.756922387229816e-05,0.14425890996372961,0.00016354010680939672,0.04815955133178711,0.04121210691596797,0.04449097177448678
2022-07-15,0.0011269504292121565,0.0011402294973425057,0.0009017946133874834,0.0,0.0,0.0011402294973425057,0.28399150816146346,0.28733783333031143,0.22725224257364582
2022-07-18,0.00027106938495344247,0.0002731803938063919,0.00038146058986096343,0.0,0.0,0.0002731803938063919,0.0683094850082675,0.06884145923921076,0.09612806864496279
2022-07-19,0.0013103607604330262,0.0015760669773933825,0.0020938197527396417,0.0,0.0,0.0015760669773933825,0.3302109116291226,0.3971688783031324,0.5276425776903897
2022-07-20,0.0004064689075781262,0.00035522591573613815,0.0005424384532093534,5.124299184198805e-05,0.12606866296672428,0.00035522591573613815,0.1024301647096878,0.08951693076550682,0.13669449020875707
2022-07-21,0.004456613059648014,0.004634047842311604,0.0035537701090407052,0.0,0.0,0.004634047842311604,1.1230664910312995,1.1677800562625242,0.8955500674782577
2022-07-22,0.000263625586139639,0.00027467938705065103,0.0002987294422789002,0.0,0.0,0.00027467938705065103,0.06643364770718903,0.06921920553676406,0.07527981945428286
2022-07-25,0.0007308761875233355,0.000721886894081924,0.0005914577282066822,8.989293441411515e-06,0.01229933822248815,0.000721886894081924,0.18418079925588055,0.18191549730864484,0.14904734750808393
2022-07-26,0.00014751451734113118,0.00014111588947932654,0.00011398549816550992,6.398627861804637e-06,0.04337625837619347,0.00014111588947932654,0.03717365836996506,0.03556120414879029,0.028724345537708498
2022-07-27,0.0014516637648353593,0.0014193479907325666,0.0014763653696944308,3.231577410279271e-05,0.02226119771212765,0.0014193479907325666,0.36581926873851056,0.3576756936646068,0.37204407316299654
2022-07-28,6.911037152513242e-06,7.165169552650855e-06,6.6607281629715865e-06,0.0,0.0,7.165169552650855e-06,0.001741581362433337,0.0018056227272680156,0.0016785034970688399
2022-07-29,0.0005463267976353074,0.00044748979065895267,0.0007023252576535045,9.883700697635472e-05,0.18091187769526193,0.00044748979065895267,0.13767435300409747,0.11276742724605607,0.17698596492868313
2022-08-01,4.515705597100678e-05,4.725194165013057e-05,4.6550130474146346e-05,0.0,0.0,4.725194165013057e-05,0.01137957810469371,0.011907489295832904,0.011730632879484879
2022-08-02,3.802990775971756e-05,3.295991967926186e-05,4.4873866168397574e-05,5.0699880804557e-06,0.13331580973515209,3.295991967926186e-05,0.009583536755448825,0.008305899759173988,0.01130821427443619
2022-08-03,0.004995223371631195,0.004725605492357103,0.00503741021673122,0.0002696178792740917,0.05397513968070512,0.004725605492357103,1.258796289651061,1.1908525840739899,1.2694273746162674
2022-08-04,2.7751376014264083e-05,2.8697531538594708e-05,4.14997543427625e-05,0.0,0.0,2.8697531538594708e-05,0.006993346755594549,0.0072317779477258665,0.01045793809437615
2022-08-05,1.5225529069601407e-05,1.4119535598740355e-05,2.125271188830141e-05,1.1059934708610517e-06,0.07264072027739957,1.4119535598740355e-05,0.0038368333255395545,0.0035581229708825696,0.005355683395851955
2022-08-08,9.597832688643134e-05,8.096779934927712e-05,7.853439906671787e-05,1.5010527537154226e-05,0.15639496819444274,8.096779934927712e-05,0.0241865383753807,0.020403885436017833,0.019790668564812902
2022-08-09,5.103571337085476e-06,5.176858695684725e-06,4.847705521506865e-06,0.0,0.0,5.176858695684725e-06,0.00128609997694554,0.0013045683913125506,0.0012216217914197299
2022-08-10,0.00030552837050736763,0.0003381165973149916,0.0004620913874077888,0.0,0.0,0.0003381165973149916,0.07699314936785664,0.08520538252337788,0.11644702962676279
2022-08-11,0.03894305623983624,0.03940179091583407,0.06176926999640235,0.0,0.0,0.03940179091583407,9.813650172438733,9.929251310790185,15.565856039093392
2022-08-12,0.00025911250618241243,0.00025018817456222403,0.0002923274389469611,8.924331620188393e-06,0.0344419175949147,0.00025018817456222403,0.06529635155796794,0.06304741998968046,0.0736665146146342
2022-08-15,3.7126333312304715e-05,3.606934759229168e-05,2.2012703562618323e-05,1.0569857200130376e-06,0.02846997258392738,3.606934759229168e-05,0.009355835994700789,0.009089475593257502,0.005547201297779817
2022-08-16,0.016039629314708904,0.016850699759203405,0.01166111833906137,0.0,0.0,0.016850699759203405,4.041986587306644,4.246376339319258,2.9386018214434655
2022-08-17,9.72589053156684e-05,9.960480672090453e-05,6.986786370492912e-05,0.0,0.0,9.960480672090453e-05,0.024509244139548438,0.025100411293667944,0.01760670165364214
2022-08-18,5.439528851454462e-06,5.9136785669552696e-06,6.073014323800905e-06,0.0,0.0,5.9136785669552696e-06,0.0013707612705665243,0.001490246998872728,0.001530399609597828
2022-08-19,0.00456399017824981,0.004134981735813964,0.005398433728863941,0.00042900844243584646,0.09399854635672401,0.004134981735813964,1.1501255249189521,1.042015397425119,1.360405299673713
2022-08-22,0.005771340807778923,0.006045455011656278,0.004522262654881961,0.0,0.0,0.006045455011656278,1.4543778835602887,1.5234546629373822,1.1396101890302541
2022-08-23,0.010206640212060032,0.00941652327917879,0.00934105984784746,0.0007901169328812414,0.07741204905706753,0.00941652327917879,2.572073333439128,2.3729638663530555,2.3539470816575596
2022-08-24,2.4085351002407473e-06,2.125901106249068e-06,2.325166555968283e-06,2.826339939916791e-07,0.11734679582482828,2.125901106249068e-06,0.0006069508452606683,0.0005357270787747652,0.0005859419721040073
2022-08-25,0.00019982258075424921,0.0001836727870651529,9.905351959715982e-05,1.6149793689096322e-05,0.080820663747394,0.0001836727870651529,0.0503552903500708,0.046285542340418526,0.024961486938484274
2022-08-26,0.0020286536875428907,0.0020235530239138956,0.0028397605025004763,5.1006636289951425e-06,0.0025143096911029532,0.0020235530239138956,0.5112207292608084,0.5099353620263017,0.71561964663012
2022-08-29,0.0001653868420916804,0.00017735350319281632,0.0001554596759183018,0.0,0.0,0.00017735350319281632,0.04167748420710346,0.04469308280458971,0.03917583833141205
2022-08-30,0.00023723396226802166,0.000215812983589503,0.0003932117116641755,2.1420978678518673e-05,0.0902947385080682,0.000215812983589503,0.05978295849154146,0.054384871864554755,0.09908935133937222
2022-08-31,0.00016961727726117547,0.00018768281848885224,0.00016121776259121293,0.0,0.0,0.00018768281848885224,0.042743553869816216,0.04729607025919076,0.04062687617298566
2022-09-01,2.7062663530318627e-05,2.5728483488726792e-05,3.226986372240366e-05,1.3341800415918353e-06,0.049299655623234635,2.5728483488726792e-05,0.006819791209640294,0.006483577839159152,0.008132005658045723
2022-09-02,0.0002930610297823541,0.00026925171784398166,0.00017954069683190458,2.3809311938372446e-05,0.08124352758471927,0.00026925171784398166,0.07385137950515323,0.06785143289668338,0.04524425560163995
2022-09-06,4.934106517534044e-05,4.957099499285318e-05,5.9764039321338875e-05,0.0,0.0,4.957099499285318e-05,0.012433948424185791,0.012491890738199,0.015060537908977396
2022-09-07,0.0009087568285614311,0.0008672346334012925,0.000603469764921344,4.152219516013859e-05,0.045691205622275584,0.0008672346334012925,0.22900672079748063,0.21854312761712572,0.15207438076017868
2022-09-08,0.0020395700804084734,0.0019790634145974064,0.0014643471185240401,6.050666581106697e-05,0.029666382323711406,0.0019790634145974064,0.5139716602629353,0.49872398047854644,0.3690154738680581
2022-09-09,0.0007054398224916407,0.000542972137953695,0.0006347272697435239,0.00016246768453794577,0.23030693636460256,0.000542972137953695,0.17777083526789347,0.13682897876433114,0.15995127197536804
2022-09-12,0.08561510858277784,0.09006138413764506,0.09827008436547435,0.0,0.0,0.09006138413764506,21.575007362860013,22.695468802686555,24.76406126009954
2022-09-13,0.01567626241039211,0.014909309212160046,0.018407551099456076,0.0007669531982320635,0.04892449348606913,0.014909309212160046,3.9504181274188115,3.7571459214643315,4.638702877062931
2022-09-14,0.0033771205831465657,0.0032656582293414485,0.002373734424045146,0.00011146235380511725,0.03300514477580758,0.0032656582293414485,0.8510343869529345,0.822945873794045,0.5981810748593768
2022-09-15,0.006825889065953361,0.006750693871563357,0.008346155037876305,7.519519439000335e-05,0.011016175864042523,0.006750693871563357,1.7201240446202468,1.701174855633966,2.103231069544829
2022-09-16,7.091337290302267e-05,7.08795598670193e-05,9.186668576068831e-05,3.3813036003367655e-08,0.0004768217071381846,7.08795598670193e-05,0.017870169971561715,0.017861649086488865,0.023150404811693455
2022-09-19,0.003299350842204821,0.0032875526293234805,0.004572020476510818,1.1798212881340524e-05,0.003575919458713988,0.0032875526293234805,0.8314364122356149,0.8284632625895171,1.152149160080726
2022-09-20,0.0009338619952402729,0.0010387804767109114,0.001209532690971781,0.0,0.0,0.0010387804767109114,0.23533322280054877,0.2617726801311497,0.3048022381248888
2022-09-21,0.0004203837343805903,0.000452752939841691,0.0006893221413610912,0.0,0.0,0.000452752939841691,0.10593670106390875,0.11409374084010614,0.17370917962299498
2022-09-22,0.002427203096793556,0.0030412115822887106,0.0012424318975985094,0.0,0.0,0.0030412115822887106,0.6116551803919761,0.7663853187367551,0.31309283819482436
2022-09-23,0.0026579385189776554,0.0025487509013718316,0.0032806831107404445,0.00010918761760582386,0.04107981309016198,0.0025487509013718316,0.6698005067823691,0.6422852271457016,0.826732143906592
2022-09-26,0.00090718240832139,0.0008310375664833176,0.0007631813226413765,7.614484183807245e-05,0.08393553606824447,0.0008310375664833176,0.22860996689699029,0.20942146675379603,0.1923216933056269
2022-09-27,4.335819561466686e-05,4.8536654461015774e-05,2.9742508373517105e-05,0.0,0.0,4.8536654461015774e-05,0.01092626529489605,0.012231236924175975,0.007495112110126311
2022-09-28,8.265416265359895e-05,7.851293423435875e-05,0.00010851844417571477,4.141228419240201e-06,0.05010308296864465,7.851293423435875e-05,0.020828848988706936,0.019785259427058405,0.027346647932280123
2022-09-29,0.0025730896270287594,0.0023439031919401123,0.0026020131075533415,0.00022918643508864711,0.08907052152094155,0.0023439031919401123,0.6484185860112474,0.5906636043689083,0.655707303103442
2022-09-30,0.017727620691897785,0.020232477033618832,0.014120685313207815,0.0,0.0,0.020232477033618832,4.467360414358242,5.098584212471946,3.558412698928369
2022-10-03,0.00803106077021506,0.008995047487148184,0.014056287834290129,0.0,0.0,0.008995047487148184,2.023827314094195,2.2667519667613423,3.5421845342411125
2022-10-04,0.007755447789621597,0.007718417296263364,0.008288347484296155,3.7030493358233135e-05,0.0047747717937077555,0.007718417296263364,1.9543728429846423,1.9450411586583676,2.088663566042631
2022-10-05,2.4660621937516367e-06,1.928966881796717e-06,2.5615900917841703e-06,5.370953119549195e-07,0.21779462639715783,1.928966881796717e-06,0.0006214476728254125,0.00048609965421277275,0.0006455207031296109
2022-10-06,1.7220798345751355e-05,1.7119640617665066e-05,1.3093724106788829e-05,1.0115772808628974e-07,0.005874159849104041,1.7119640617665066e-05,0.0043396411831293415,0.004314149435651596,0.003299618474910785
2022-10-07,0.001438243323311048,0.0012512234231998275,0.001907495900983001,0.00018701990011122044,0.13003356035099786,0.0012512234231998275,0.36243731747438407,0.3153083026463565,0.48068896704771624
2022-10-10,1.8712457242503544e-05,1.6009882225541274e-05,1.7145759963176633e-05,2.7025750169622703e-06,0.14442650890323067,1.6009882225541274e-05,0.004715539225110893,0.004034490320836401,0.004320731510720511
2022-10-11,4.55117825980359e-05,4.381624513025606e-05,5.78573831452992e-05,1.6955374677798393e-06,0.037254911447878555,4.381624513025606e-05,0.011468969214705046,0.011041693772824528,0.014580060552615398
2022-10-12,6.216540133503472e-05,7.007958289129817e-05,6.304466855551721e-05,0.0,0.0,7.007958289129817e-05,0.015665681136428748,0.017660054888607137,0.015887256475990336
2022-10-13,0.0003284280452701074,0.00033168672319013883,0.0003791864208383023,0.0,0.0,0.00033168672319013883,0.08276386740806707,0.08358505424391499,0.09555497805125218
2022-10-14,0.0053513233135246896,0.004636227511378403,0.004231248169751758,0.0007150958021462867,0.1336297136458484,0.004636227511378403,1.3485334750082218,1.1683293328673576,1.066274538777443
2022-10-17,0.0005471088865740073,0.0005824651797910849,0.0005433141762114575,0.0,0.0,0.0005824651797910849,0.13787143941664984,0.1467812253073534,0.13691517240528728
2022-10-18,0.00020067867042689445,0.00016255281128174626,0.0002409357106070376,3.812585914514819e-05,0.18998461009363976,0.00016255281128174626,0.050571024947577405,0.04096330844300006,0.060715799072973475
2022-10-19,1.3191348975835124e-06,1.37429759625127e-06,1.3205328975359452e-06,0.0,0.0,1.37429759625127e-06,0.00033242199419104514,0.00034632299425532004,0.0003327742901790582
2022-10-20,0.00010976014248857182,0.00011714361885680737,0.00010749341903082638,0.0,0.0,0.00011714361885680737,0.0276595559071201,0.029520191951915457,0.027088341595768246
2022-10-21,0.0011384867194044277,0.0012322635319440434,0.0006943592590949559,0.0,0.0,0.0012322635319440434,0.28689865328991576,0.31053041004989895,0.17497853329192886
2022-10-24,0.1576032772154872,0.15448403455463502,0.13599109933969877,0.003119242660852173,0.019791737303581036,0.15448403455463502,39.71602585830277,38.92997670776803,34.269757033604094
2022-10-25,0.00038749235360390405,0.00038919720592845645,0.00041968464183576013,0.0,0.0,0.00038919720592845645,0.09764807310818382,0.09807769589397103,0.10576052974261155
2022-10-26,0.0005163092272805793,0.00046999622345242543,0.0003843007151264701,4.631300382815386e-05,0.08970012792989604,0.00046999622345242543,0.130109925274706,0.1184390483100112,0.09684378021187047
2022-10-27,0.01610605007761101,0.01628324781011942,0.00854857570446471,0.0,0.0,0.01628324781011942,4.0587246195579745,4.103378448150094,2.154241077525107
2022-10-28,0.00743923347711529,0.006737924040054192,0.008374194767896602,0.000701309437061098,0.09427173365699673,0.006737924040054192,1.874686836233053,1.6979568580936564,2.1102970815099438
2022-10-31,0.0006750139578169158,0.0006216420262082856,0.0006393573151967157,5.3371931608630165e-05,0.07906789320649626,0.0006216420262082856,0.17010351736986276,0.15665379060448797,0.16111804342957237
2022-11-01,0.000730287158019202,0.0007306987547789592,0.0006146085795142278,0.0,0.0,0.0007306987547789592,0.1840323638208389,0.18413608620429772,0.1548813620375854
2022-11-02,0.00592490538192974,0.005737080720209631,0.006546072223344555,0.0001878246617201089,0.031700871082473485,0.005737080720209631,1.4930761562462944,1.445744341492827,1.6496102002828277
2022-11-03,0.022762210144219593,0.02315621789594059,0.020466189989224948,0.0,0.0,0.02315621789594059,5.736076956343338,5.835366909777028,5.157479877284687
2022-11-04,5.180526548522185e-06,4.4859235610220075e-06,3.7076682641516678e-06,6.946029875001772e-07,0.13407958571677164,4.4859235610220075e-06,0.0013054926902275905,0.0011304527373775458,0.0009343324025662202
2022-11-07,6.7193528223595364e-06,6.675210794839853e-06,9.93591552114195e-06,4.414202751968374e-08,0.006569385790162637,6.675210794839853e-06,0.0016932769112346033,0.001682153120299643,0.0025038507113277716
2022-11-08,0.0018145817860639416,0.0020670297214511846,0.002207125082033,0.0,0.0,0.0020670297214511846,0.45727461008811326,0.5208914898056985,0.556195520672316
2022-11-09,0.0019149396024869577,0.001947178220156505,0.0013038782924731198,0.0,0.0,0.001947178220156505,0.48256477982671336,0.49068891147943927,0.3285773297032262
2022-11-10,0.010889327733310021,0.008956290484541819,0.019355934989144334,0.0019330372487682025,0.17751667466831783,0.008956290484541819,2.7441105887941255,2.2569852021045382,4.877695617264372
2022-11-11,0.0001471176614699662,0.00013453392261214523,0.00014275592405348068,1.2583738857820966e-05,0.0855352011889797,0.00013453392261214523,0.03707365069043148,0.0339025484982606,0.03597449286147713
2022-11-14,0.0005021073869357556,0.0003969183985797051,0.0003924117422767367,0.00010518898835605047,0.20949500223149345,0.0003969183985797051,0.1265310615078104,0.1000234364420857,0.09888775905373766
2022-11-15,0.00436755921953427,0.004778259413699216,0.003006535780750605,0.0,0.0,0.004778259413699216,1.1006249233226362,1.2041213722522026,0.7576470167491525
2022-11-16,0.0017215612486846514,0.0015275166441562397,0.0016863677945266398,0.0001940446045284117,0.11271431937954923,0.0015275166441562397,0.43383343466853214,0.3849341943273724,0.42496468422071326
2022-11-17,3.5749315018983134e-05,3.459470378780147e-05,4.174787352694123e-05,1.1546112311816654e-06,0.03229743558082506,3.459470378780147e-05,0.00900882738478375,0.00871786535452597,0.01052046412878919
2022-11-18,0.00024494214730436467,0.0002340657471898888,0.00022376536170168486,1.0876400114475862e-05,0.04440395493290468,0.0002340657471898888,0.0617254211206999,0.05898456829185198,0.056388871148824585
2022-11-21,0.0003232271392841813,0.0002951386090774978,0.00020064713678139706,2.808853020668347e-05,0.08690028375088811,0.0002951386090774978,0.08145323909961369,0.07437492948752945,0.05056307846891206
2022-11-22,0.0003170968894666891,0.0003474706060204492,0.00043540456799266925,0.0,0.0,0.0003474706060204492,0.07990841614560565,0.0875625927171532,0.10972195113415265
2022-11-23,1.4758260119689851e-05,1.615331173516088e-05,1.4564035437151192e-05,0.0,0.0,1.615331173516088e-05,0.0037190815501618427,0.0040706345572605425,0.0036701369301621006
2022-11-25,0.010822015307431153,0.009424590436850669,0.010276885397880018,0.001397424870580484,0.12912797023044187,0.009424590436850669,2.7271478574726506,2.3749967900863687,2.589775120265765
2022-11-28,0.012257785683631624,0.011787020515507323,0.013151702806518012,0.00047076516812430066,0.038405400472495556,0.011787020515507323,3.088961992275169,2.9703291699078456,3.314229107242539
2022-11-29,2.1951800038997664,1.9769529923983602,1.5070889766411302,0.21822701150140622,0.09941189839267105,1.9769529923983602,553.1853609827411,498.19215408438674,379.7864221135648
2022-11-30,0.001288332635107259,0.0012699549509191538,0.0014291950595206996,1.8377684188105236e-05,0.014264704372959174,0.0012699549509191538,0.32465982404702926,0.32002864763162675,0.3601571549992163
2022-12-01,6.550595766603305e-06,6.441556203464468e-06,4.549889405468103e-06,1.0903956313883694e-07,0.016645744963993174,6.441556203464468e-06,0.001650750133184033,0.001623272163273046,0.001146572130177962
2022-12-02,0.00037417483349403736,0.0003518972011062289,0.00037638636571132265,2.2277632387808478e-05,0.05953802964310119,0.0003518972011062289,0.09429205804049742,0.08867809467876968,0.09484936415925331
2022-12-05,2.9876393654312784e-05,2.987278454308775e-05,3.978345327395891e-05,3.609111225033753e-09,0.00012080143092207957,2.987278454308775e-05,0.0075288512008868215,0.007527941704858113,0.010025430225037645
2022-12-06,0.001398273035507881,0.0011755525035409763,0.0013728884545855565,0.0002227205319669046,0.15928257654394762,0.0011755525035409763,0.352364804947986,0.296239230892326,0.34596789055556026
2022-12-07,0.0030712334492285693,0.002954743883838144,0.005534282043567346,0.00011648956539042545,0.03792924480610746,0.002954743883838144,0.7739508292055994,0.7445954587272122,1.3946390749789712
2022-12-08,0.0022221200028381947,0.0022182314209514453,0.0016248185359406982,3.8885818867493566e-06,0.0017499423433625263,0.0022182314209514453,0.5599742407152251,0.5589943180797642,0.40945427105705595
2022-12-09,0.00033429104659266637,0.00036859916454007866,0.0004623627542444468,0.0,0.0,0.00036859916454007866,0.08424134374135192,0.09288698946409982,0.1165154140696006
2022-12-12,0.001503936567350952,0.0015144001699453043,0.0016426548040779688,0.0,0.0,0.0015144001699453043,0.3789920149724399,0.3816288428262167,0.41394901062764816
2022-12-13,7.445488603498697e-05,7.698211925479974e-05,0.0001020210701055543,0.0,0.0,7.698211925479974e-05,0.01876263128081672,0.019399494052209535,0.025709309666599685
2022-12-14,0.00010197641793110781,9.216945958987196e-05,9.6072493628543e-05,9.806958341235857e-06,0.09616888339510277,9.216945958987196e-05,0.02569805731863917,0.023226703816647733,0.024210268394392834
2022-12-15,0.012520126146702169,0.013637604419815182,0.004928048386005359,0.0,0.0,0.013637604419815182,3.1550717889689466,3.4366763137934258,1.2418681932733504
2022-12-16,0.0005752730488380612,0.0005838762840655942,0.0003814588947825328,0.0,0.0,0.0005838762840655942,0.14496880830719142,0.14713682358452973,0.09612764148519826
2022-12-19,0.0003722080901544097,0.00038193918405599275,0.0003626400844221327,0.0,0.0,0.00038193918405599275,0.09379643871891125,0.09624867438211017,0.09138530127437744
2022-12-20,9.710894535465514e-08,9.777420660587028e-08,1.0001052974192902e-07,0.0,0.0,9.777420660587028e-08,2.4471454229373095e-05,2.4639100064679313e-05,2.520265349496611e-05
2022-12-21,0.001731900014715834,0.0019741011581550505,0.0016080050239850444,0.0,0.0,0.0019741011581550505,0.43643880370839017,0.4974734918550727,0.4052172660442312
2022-12-22,0.009344832585491406,0.008659795328768675,0.00648102308072583,0.0006850372567227311,0.07330653068231519,0.008659795328768675,2.354897811543834,2.182268422849706,1.6332178163429092
2022-12-23,5.5545398751726175e-06,4.9841754862901095e-06,4.706168953782874e-06,5.70364388882508e-07,0.10268434452105511,4.9841754862901095e-06,0.0013997440485434996,0.0012560122225451077,0.0011859545763532842
2022-12-27,0.0002919872633170872,0.00028330839617952985,0.000246267965428863,8.67886713755737e-06,0.029723444129852342,0.00028330839617952985,0.07358079035590598,0.07139371583724152,0.06205952728807347
2022-12-28,0.0008985736412516548,0.0008150090139551499,0.001395498110712723,8.356462729650494e-05,0.092996971385793,0.0008150090139551499,0.226440557595417,0.20538227151669777,0.3516655238996062
2022-12-29,0.000666870376155527,0.0007127397080634297,0.000872897711477212,0.0,0.0,0.0007127397080634297,0.1680513347911928,0.17961040643198428,0.2199702232922574
2022-12-30,7.997699387127854e-05,8.091211208328272e-05,0.00011182616029707684,0.0,0.0,8.091211208328272e-05,0.02015420245556219,0.020389852244987246,0.028180192394863364
2023-01-03,0.001021061989352557,0.0011128404744156295,0.0010070703117371366,0.0,0.0,0.0011128404744156295,0.25730762131684437,0.2804357995527386,0.25378171855775844
2023-01-04,0.00024281905401205627,0.0002169221579011452,0.00022871458654243076,2.589689611091106e-05,0.10665100442642463,0.0002169221579011452,0.06119040161103818,0.054664383791088594,0.05763607580869255
2023-01-05,0.002951626803820149,0.0029125634962389735,0.0025196852655443884,3.906330758117558e-05,0.013234500891977032,0.0029125634962389735,0.7438099545626775,0.7339660010522213,0.6349606869171859
2023-01-06,0.0024326257297935363,0.002452935597216302,0.0029016787039443507,0.0,0.0,0.002452935597216302,0.6130216839079712,0.6181397704985081,0.7312230333939764
2023-01-09,0.0007965779913122498,0.0007787960601948313,0.000821692252906189,1.7781931117418436e-05,0.022322900317396813,0.0007787960601948313,0.20073765381068695,0.19625660716909749,0.20706644773235963
2023-01-10,0.0047256707995550744,0.004841384768870939,0.002910252212396153,0.0,0.0,0.004841384768870939,1.1908690414878789,1.2200289617554767,0.7333835575238306
2023-01-11,0.006311891555660966,0.005564943756717121,0.0047910914559936724,0.0007469477989438447,0.1183397706121214,0.005564943756717121,1.5905966720265634,1.4023658266927146,1.2073550469104055
2023-01-12,2.1143605767544756e-07,2.1793590565903838e-07,2.186092116300074e-07,0.0,0.0,2.1793590565903838e-07,5.328188653421279e-05,5.4919848226077675e-05,5.5089521330761866e-05
2023-01-13,2.560239245490263e-05,2.7144636383458113e-05,3.651181179551208e-05,0.0,0.0,2.7144636383458113e-05,0.006451802898635463,0.006840448368631445,0.009200976572469044
2023-01-17,3.133845762736445e-05,2.9834900061349913e-05,3.31743802786447e-05,1.50355756601454e-06,0.04797803184556267,2.9834900061349913e-05,0.007897291322095842,0.007518394815460178,0.008359943830218463
2023-01-18,9.15481287558773e-06,8.803634792054725e-06,9.891096064035291e-06,3.511780835330043e-07,0.03835993700204627,8.803634792054725e-06,0.0023070128446481077,0.002218515967597791,0.0024925562081368935
2023-01-19,4.428306756792845e-06,4.137751345960174e-06,3.1778864432085054e-06,2.905554108326707e-07,0.06561319284708035,4.137751345960174e-06,0.001115933302711797,0.0010427133391819638,0.0008008273836885433
2023-01-20,0.0002833656853489983,0.00027190246000467283,0.00035263140049186987,1.146322534432547e-05,0.04045382308642393,0.00027190246000467283,0.07140815270794758,0.06851941992117755,0.0888631129239512
2023-01-23,0.014074394891960674,0.013872885032491749,0.013509978725172194,0.0002015098594689256,0.014317479437052815,0.013872885032491749,3.5467475127740897,3.4959670281879207,3.4045146387433927
2023-01-24,0.0038529216432898463,0.0039012896782263475,0.003225364876395374,0.0,0.0,0.0039012896782263475,0.9709362541090413,0.9831249989130396,0.8127919488516342
2023-01-25,0.0012200895442399762,0.0012400591610555467,0.0009993244375984488,0.0,0.0,0.0012400591610555467,0.307462565148474,0.31249490858599777,0.2518297582748091
2023-01-26,0.0004126139009367695,0.0004426988679578002,0.00044473319907795464,0.0,0.0,0.0004426988679578002,0.10397870303606592,0.11156011472536564,0.11207276616764457
2023-01-27,0.00036011740978595535,0.00035728413589117074,0.00044798214849889865,2.833273894784611e-06,0.007867639302973432,0.00035728413589117074,0.09074958726606075,0.09003560224457503,0.11289150142172245
2023-01-30,0.002300836460526883,0.002542204009175326,0.0013914819937090174,0.0,0.0,0.002542204009175326,0.5798107880527744,0.6406354103121822,0.3506534624146724
2023-01-31,2.5724837461474218e-05,2.6945056385499467e-05,3.3851406948405195e-05,0.0,0.0,2.6945056385499467e-05,0.006482659040291503,0.006790154209145865,0.00853055455099811
2023-02-01,0.014019132860039005,0.014448641103012423,0.012306358898835816,0.0,0.0,0.014448641103012423,3.5328214807298295,3.6410575579591304,3.101202442506626
2023-02-02,0.003242942682172496,0.0028550823318075754,0.0029390900685636995,0.0003878603503649205,0.11960135847528632,0.0028550823318075754,0.817221555907469,0.7194807476155091,0.7406506972780523
2023-02-03,0.05929901403834728,0.05531156649134088,0.08776465164966063,0.003987447547006404,0.0672430665434095,0.05531156649134088,14.943351537663515,13.9385147558179,22.11669221571448
2023-02-06,0.0004672317107627623,0.00047487215951852647,0.0003577291416249341,0.0,0.0,0.00047487215951852647,0.1177423911122161,0.11966778419866866,0.09014774368948339
2023-02-07,0.00027208638399943386,0.00026508699485127204,0.0002811095438552566,6.99938914816182e-06,0.025724878325596424,0.00026508699485127204,0.06856576876785733,0.06680192270252056,0.07083960505152466
2023-02-08,0.027884418319221532,0.027296581624333797,0.011458930021450127,0.0005878366948877355,0.021081189076174543,0.027296581624333797,7.026873416443826,6.878738569332117,2.887650365405432
2023-02-09,3.280877881736668e-05,3.641285256959413e-05,2.7048490496148183e-05,0.0,0.0,3.641285256959413e-05,0.008267812261976403,0.00917603884753772,0.006816219605029342
2023-02-10,1.0590252069041582e-06,8.905342515951161e-07,1.2882981899636991e-06,1.6849095530904216e-07,0.159099892156201,8.905342515951161e-07,0.0002668743521398479,0.00022441463140196924,0.0003246511438708522
2023-02-13,9.98554760395446e-05,0.00010617697287901832,0.000117035260424398,0.0,0.0,0.00010617697287901832,0.02516357996196524,0.026756597165512618,0.029492885626948295
2023-02-14,0.0001703672766041216,0.00017703891615399896,9.66469927556655e-05,0.0,0.0,0.00017703891615399896,0.042932553704238645,0.04461380687080774,0.024355042174427705
2023-02-15,0.2454582933647767,0.21325571123340517,0.2094018643786488,0.03220258213137153,0.13119370174787262,0.21325571123340517,61.85548992792373,53.740439230818104,52.7692698234195
2023-02-16,0.08591005256826505,0.0852072230982671,0.14013316108261928,0.0007028294699979454,0.008180992200316588,0.0852072230982671,21.64933324720279,21.472220220763308,35.313556592820056
2023-02-17,0.0002748215216792745,0.0002775973313686868,0.00022820794928592734,0.0,0.0,0.0002775973313686868,0.06925502346317718,0.06995452750490908,0.05750840322005369
2023-02-21,0.29534195944998665,0.2780434628959699,0.22387283292210997,0.017298496554016773,0.05857107668064869,0.2780434628959699,74.42617378139664,70.06695264978441,56.41595389637171
2023-02-22,3.167550520734143e-06,2.808378685941879e-06,2.0431362837879947e-06,3.591718347922638e-07,0.11339100009619373,2.808378685941879e-06,0.0007982227312250041,0.0007077114288573536,0.0005148703435145747
2023-02-23,2.35489377820709e-05,2.199045603438966e-05,2.178207445832593e-05,1.5584817476812376e-06,0.06618055115365944,2.199045603438966e-05,0.0059343323210818665,0.005541594920666195,0.005489082763498135
2023-02-24,0.00017038266363625279,0.00015699857987053363,0.00021910357029950194,1.3384083765719153e-05,0.07855308399063143,0.00015699857987053363,0.042936431236335705,0.039563642127374475,0.05521409971547449
2023-02-27,0.009625930126708069,0.010010165238395602,0.006006176806123524,0.0,0.0,0.010010165238395602,2.4257343919304333,2.5225616400756916,1.513556555143128
2023-02-28,0.000619614745637717,0.0005841069193152898,0.0007065987215909357,3.55078263224272e-05,0.057306296396441796,0.0005841069193152898,0.1561429159007047,0.14719494366745303,0.1780628778409158
2023-03-01,0.0043554645111977194,0.00446898932451119,0.0040401777317404216,0.0,0.0,0.00446898932451119,1.0975770568218253,1.12618530977682,1.0181247883985862
2023-03-02,0.0007710627600324344,0.0007662689502375115,0.0006418393977452537,4.793809794922965e-06,0.006217146044641255,0.0007662689502375115,0.19430781552817347,0.19309977545985288,0.16174352823180393
2023-03-03,12.378516870076014,12.619488192848152,9.096992858709678,0.0,0.0,12.619488192848152,3119.3862512591554,3180.1110245977343,2292.442200394839
2023-03-06,7.861816459570286e-05,6.389960972263025e-05,0.00011742958861015797,1.471855487307261e-05,0.18721569959751266,6.389960972263025e-05,0.01981177747811712,0.016102701650102823,0.02959225632975981
2023-03-07,0.00014220231533520512,0.00013915000791603748,0.00017276809149268255,3.0523074191676476e-06,0.02146454078829928,0.00013915000791603748,0.03583498346447169,0.035065801994841446,0.04353755905615601
2023-03-08,0.00011159386268888746,0.00010617477963456493,9.718993814531905e-05,5.419083054322531e-06,0.048560761991630584,0.00010617477963456493,0.02812165339759964,0.026756044467910363,0.024491864412620398
2023-03-09,0.003957734245704846,0.0037882380522122525,0.003619357930629121,0.0001694961934925938,0.04282657271233255,0.0037882380522122525,0.9973490299176213,0.9546359891574876,0.9120781985185386
2023-03-10,0.00039873029082779547,0.0004552977155515233,0.0004656009709067058,0.0,0.0,0.0004552977155515233,0.10048003328860446,0.11473502431898387,0.11733144466848987
2023-03-13,0.0029687826454954966,0.0029490841132487995,0.0033846552761670648,1.9698532246697088e-05,0.006635222106930006,0.0029490841132487995,0.7481332266648651,0.7431691965386975,0.8529331295941003
2023-03-14,0.0008896499083583852,0.0010094504072573746,0.0004139749848719333,0.0,0.0,0.0010094504072573746,0.22419177690631306,0.2543815026288584,0.10432169618772719
2023-03-15,2.246272502134557e-06,2.0808223679968074e-06,2.610633473347658e-06,1.6545013413774968e-07,0.07365538256161953,2.0808223679968074e-06,0.0005660606705379084,0.0005243672367351954,0.0006578796352836099
2023-03-16,0.0019844233222853992,0.001852270000374667,0.0026840194440009776,0.00013215332191073232,0.06659532790208295,0.001852270000374667,0.5000746772159206,0.4667720400944161,0.6763728998882463
2023-03-17,0.0001675480289318063,0.00015879573604205184,0.00019808545911335302,8.75229288975447e-06,0.052237515972684,0.00015879573604205184,0.04222210329081519,0.040016525482597064,0.04991753569656496
2023-03-20,0.24260452618976752,0.2325386682642159,0.4035463120542127,0.010065857925551619,0.041490808451102514,0.2325386682642159,61.136340599821416,58.59974440258241,101.6936706376616
2023-03-21,0.0018801442666644605,0.0019045205269063894,0.0022403993890049564,0.0,0.0,0.0019045205269063894,0.4737963551994441,0.47993917278041015,0.5645806460292491
2023-03-22,7.278073558762441e-05,5.375972337070916e-05,4.086184441983459e-05,1.902101221691525e-05,0.261346794615288,5.375972337070916e-05,0.018340745368081352,0.013547450289418709,0.010297184793798316
2023-03-23,0.00017906271881541628,0.0001648516196014446,9.442136510417314e-05,1.4211099213971677e-05,0.07936380743362406,0.0001648516196014446,0.0451238051414849,0.041542608139564036,0.02379418400625163
2023-03-24,8.946485327469028e-05,8.809347181869448e-05,0.000111639678948735,1.3713814559958027e-06,0.015328717261251587,8.809347181869448e-05,0.02254514302522195,0.02219955489831101,0.02813319909508122
2023-03-27,0.012000834485355084,0.011922218656248087,0.008922812522100039,7.861582910699723e-05,0.006550863541729803,0.011922218656248087,3.0242102903094814,3.004399101374518,2.24854875556921
2023-03-28,7.605184532665619e-05,7.575684903998273e-05,4.8788610350679395e-05,2.949962866734615e-07,0.003878883957746405,7.575684903998273e-05,0.019165065022317358,0.019090725958075646,0.012294729808371208
2023-03-29,0.0021495789614691075,0.0017831737541959209,0.004064615191377759,0.00036640520727318666,0.17045440696550007,0.0017831737541959209,0.5416938982902151,0.44935978605737203,1.0242830282271953
2023-03-30,0.22128020637846763,0.22253029997331475,0.21445875700811437,0.0,0.0,0.22253029997331475,55.76261200737384,56.07763559327532,54.043606766044824
2023-03-31,0.010862920506073723,0.010013856618506022,0.008000598697261621,0.0008490638875677005,0.07816165892172428,0.010013856618506022,2.737455967530578,2.5234918678635174,2.0161508717099283
2023-04-03,7.837851060008858e-05,6.355683448643011e-05,5.769519017563032e-05,1.4821676113658467e-05,0.1891038220945461,6.355683448643011e-05,0.01975138467122232,0.01601632229058039,0.01453918792425884
2023-04-04,2.497736804662521e-05,2.5419789766081453e-05,2.3659251983553264e-05,0.0,0.0,2.5419789766081453e-05,0.006294296747749554,0.0064057870210525265,0.0059621314998554225
2023-04-05,8.882301508506486e-05,9.290024754754692e-05,7.971992534154059e-05,0.0,0.0,9.290024754754692e-05,0.022383399801436343,0.023410862381981826,0.02008942118606823
2023-04-06,3.207509771555835e-05,3.338337220777013e-05,3.181542304756278e-05,0.0,0.0,3.338337220777013e-05,0.008082924624320705,0.008412609796358073,0.00801748660798582
2023-04-10,0.0009670729957316125,0.000964941747135189,0.0007812810931465793,2.1312485964235543e-06,0.0022038135731495666,0.000964941747135189,0.24370239492436635,0.24316532027806761,0.19688283547293797
2023-04-11,0.00010376694536627336,0.00010512293757402733,6.953550364892719e-05,0.0,0.0,0.00010512293757402733,0.02614927023230089,0.026490980268654887,0.01752294691952965
2023-04-12,1.8282049869756788e-05,1.7520092337530585e-05,1.2447652571859654e-05,7.619575322262029e-07,0.04167790242213342,1.7520092337530585e-05,0.00460707656717871,0.004415063269057707,0.0031368084481086327
2023-04-13,0.006624852413916675,0.006164635965630777,0.005480542966084285,0.00046021644828589826,0.06946818124576842,0.006164635965630777,1.669462808307002,1.5534882633389557,1.3810968274532398
2023-04-14,2.3298788497927036e-05,2.459474493950418e-05,2.2436701253575336e-05,0.0,0.0,2.459474493950418e-05,0.005871294701477613,0.006197875724755053,0.005654048715900984
2023-04-17,7.136238385241616e-08,7.639035044801647e-08,8.198451134146868e-08,0.0,0.0,7.639035044801647e-08,1.7983320730808872e-05,1.925036831290015e-05,2.0660096858050106e-05
2023-04-18,4.46004966207448e-05,4.339684943636325e-05,7.461788816027115e-05,1.2036471843815475e-06,0.026987303922405146,4.339684943636325e-05,0.01123932514842769,0.01093600605796354,0.01880370781638833
2023-04-19,1.1783399353590846e-05,1.1591366053717451e-05,1.5640025725413403e-05,1.9203329987339495e-07,0.016296934171032826,1.1591366053717451e-05,0.0029694166371048935,0.002921024245536798,0.003941286482804177
2023-04-20,0.0003216098449686225,0.00027093903750093334,0.00020706540770697003,5.0670807467689176e-05,0.15755365733620236,0.00027093903750093334,0.08104568093209287,0.0682766374502352,0.05218048274215645
2023-04-21,2.3555586406014784e-05,2.148480892497738e-05,2.658748630153433e-05,2.0707774810374046e-06,0.08791024589387414,2.148480892497738e-05,0.005936007774315725,0.0054141718490943,0.006700046547986651
2023-04-24,0.0004147003722727333,0.00042794836306720026,0.00026336802158940685,0.0,0.0,0.00042794836306720026,0.10450449381272879,0.10784298749293447,0.06636874144053052
2023-04-25,0.0017310475627092025,0.0014431065316203335,0.00248189586692923,0.000287941031088869,0.16633917930705688,0.0014431065316203335,0.43622398580271904,0.36366284596832404,0.6254377584661659
2023-04-26,4.562099086574508e-09,4.078081512447011e-09,5.635018652922319e-09,4.840175741274971e-10,0.10607211567059051,4.078081512447011e-09,1.149648969816776e-06,1.0276765411366468e-06,1.4200247005364245e-06
2023-04-27,0.00021608710448910702,0.00021200349286664127,0.00037042129735969943,4.083611622465749e-06,0.018897988444162878,0.00021200349286664127,0.05445395033125497,0.053424880202393596,0.09334616693464426
2023-04-28,0.00026861440089730914,0.0003076729853441914,0.0003973199338180632,0.0,0.0,0.0003076729853441914,0.0676908290261219,0.07753359230673623,0.10012462332215193
2023-05-01,8.749144639181756e-08,9.319639657872644e-08,8.512165468036697e-08,0.0,0.0,9.319639657872644e-08,2.2047844490738028e-05,2.3485491937839063e-05,2.145065697945248e-05
2023-05-02,0.0001109172025637829,0.00011308965773970663,0.00010058267271079739,0.0,0.0,0.00011308965773970663,0.02795113504607329,0.02849859375040607,0.02534683352312094
2023-05-03,0.001503312280776756,0.001396563509448903,0.001907270814249968,0.00010674877132785298,0.07100904623867453,0.001396563509448903,0.3788346947557425,0.35193400438112354,0.48063224519099196
2023-05-04,0.00021656462624341488,0.00022683976606815146,0.0002871374549964777,0.0,0.0,0.00022683976606815146,0.05457428581334055,0.05716362104917417,0.07235863865911238
2023-05-05,0.004012687957911098,0.003477025479383643,0.004002797713700502,0.0005356624785274548,0.13349218379612418,0.003477025479383643,1.0111973653935966,0.876210420804678,1.0087050238525266
2023-05-08,7.957988309201768e-07,6.941234226400652e-07,6.302001190525881e-07,1.0167540828011164e-07,0.12776505388615778,6.941234226400652e-07,0.00020054130539188457,0.00017491910250529643,0.0001588104300012522
2023-05-09,0.00010167933484114349,0.00011346301646682752,0.00011462418149136455,0.0,0.0,0.00011346301646682752,0.025623192379968157,0.028592680149640535,0.028885293735823867
2023-05-10,0.00018122423120228977,0.00017999417505196159,0.00022532990401827988,1.2300561503281887e-06,0.006787481648453892,0.00017999417505196159,0.04566850626297702,0.04535853211309432,0.05678313581260653
2023-05-11,8.912201727174881e-07,8.350706952716917e-07,1.0861113063479876e-06,5.61494774457964e-08,0.06300285402173166,8.350706952716917e-07,0.000224587483524807,0.0002104378152084663,0.00027370004919969286
2023-05-12,2.9766803307402984e-05,3.094596088647346e-05,2.061907758161428e-05,0.0,0.0,3.094596088647346e-05,0.007501234433465552,0.007798382143391312,0.005196007550566799
2023-05-15,4.923922589052796e-05,5.232493054874388e-05,6.611893678235211e-05,0.0,0.0,5.232493054874388e-05,0.012408284924413046,0.013185882498283457,0.016661972069152733
2023-05-16,0.0,0.0,0.0,0.0,0.0,0.0,0.0,0.0,0.0
2023-05-17,0.00018699856265475714,0.00018246195505196725,0.0003151423568668173,4.536607602789885e-06,0.02426012004651286,0.00018246195505196725,0.0471236377889988,0.04598041267309575,0.07941587393043796
2023-05-18,0.0005868433983898691,0.0006328793088542208,0.000251934189790607,0.0,0.0,0.0006328793088542208,0.14788453639424703,0.15948558583126363,0.06348741582723297
2023-05-19,3.8163017709427764e-07,3.8069736126960807e-07,3.4190109872451024e-07,9.328158246695732e-10,0.002444286213123336,3.8069736126960807e-07,9.617080462775797e-05,9.593573503994123e-05,8.615907687857658e-05
2023-05-22,0.0005577498838299949,0.0005898958819464739,0.0005781815578980794,0.0,0.0,0.0005898958819464739,0.14055297072515874,0.1486537622505114,0.145701752590316
2023-05-23,0.0002471605089299171,0.0002493064868045414,0.00018610118703942378,0.0,0.0,0.0002493064868045414,0.06228444825033911,0.06282523467474443,0.046897499133934796
2023-05-24,8.664071488898678e-05,7.573117416093671e-05,7.919197631184361e-05,1.0909540728050064e-05,0.12591701968423852,7.573117416093671e-05,0.02183346015202467,0.019084255888556053,0.019956378030584587
2023-05-25,0.00040402621720782875,0.0004241078396955075,0.0003646359495585084,0.0,0.0,0.0004241078396955075,0.10181460673637284,0.1068751756032679,0.09188825928874413
2023-05-26,0.00011001323367542561,0.00011227265914883885,0.00010192064044842381,0.0,0.0,0.00011227265914883885,0.027723334886207256,0.02829271010550739,0.025684001393002802
2023-05-30,3.635133337253905e-05,3.578242311734217e-05,6.794128472293339e-05,5.689102551968795e-07,0.015650326597822287,3.578242311734217e-05,0.00916053600987984,0.009017170625570227,0.017121203750179212
2023-05-31,3.748054869706308e-08,3.979193950833744e-08,3.7273415858651826e-08,0.0,0.0,3.979193950833744e-08,9.445098271659897e-06,1.0027568756101034e-05,9.39290079638026e-06
2023-06-01,0.0015477526617356165,0.0016370153882023328,0.0012297304125366137,0.0,0.0,0.0016370153882023328,0.3900336707573754,0.41252787782698785,0.30989206395922664
2023-06-02,0.00010014623406698873,0.00010558375883515667,7.946738371357542e-05,0.0,0.0,0.00010558375883515667,0.02523685098488116,0.02660710722645948,0.020025780695821005
2023-06-05,0.0006443287663949602,0.0006127518749937205,0.0004624172437621431,3.157689140123967e-05,0.04900742136488171,0.0006127518749937205,0.16237084913152997,0.15441347249841758,0.11652914542806006
2023-06-06,0.00020037755029378435,0.00022541850512077525,0.00018748188935511977,0.0,0.0,0.00022541850512077525,0.050495142674033655,0.056805463290435364,0.04724543611749018
2023-06-07,2.8348676692847438e-05,2.7854931160783074e-05,2.6953468277248396e-05,4.937455320643639e-07,0.01741688051252349,2.7854931160783074e-05,0.007143866526597554,0.007019442652517334,0.0067922740058665955
2023-06-08,0.0017979626114340602,0.0010450405004898437,0.002072414121306745,0.0007529221109442165,0.4187640531217274,0.0010450405004898437,0.4530865780813832,0.2633502061234406,0.5222483585692997
2023-06-09,1.684520036723311e-06,1.543517956629804e-06,2.046593198978588e-06,1.4100208009350707e-07,0.08370455281922798,1.543517956629804e-06,0.0004244990492542744,0.00038896652507071063,0.0005157414861426042
2023-06-12,0.004784840039255341,0.0043208937121609154,0.0030290353273536214,0.00046394632709442513,0.09696172143503189,0.0043208937121609154,1.2057796898923459,1.0888652154645506,0.7633169024931126
2023-06-13,1.1488975227014591e-06,1.175170674099351e-06,1.3862002596298784e-06,0.0,0.0,1.175170674099351e-06,0.0002895221757207677,0.00029614300987303643,0.0003493224654267294
2023-06-14,1.1416139859796969e-05,1.2077823991728327e-05,1.469542965941899e-05,0.0,0.0,1.2077823991728327e-05,0.002876867244668836,0.0030436116459155384,0.003703248274173586
2023-06-15,0.00019604900147581533,0.00017603062508501387,0.00022627623195666817,2.0018376390801458e-05,0.10210904487142664,0.00017603062508501387,0.049404348371905465,0.044359717521423495,0.05702161045308038
2023-06-16,7.648870404350696e-05,8.339315827735794e-05,5.588437848164623e-05,0.0,0.0,8.339315827735794e-05,0.019275153418963752,0.021015075885894203,0.01408286337737485
2023-06-20,2.26333752366266e-08,2.3660522702456592e-08,3.715703759883224e-08,0.0,0.0,2.3660522702456592e-08,5.7036105596299034e-06,5.962451721019061e-06,9.363573474905724e-06
2023-06-21,0.0003661367718242133,0.0003459315521038054,0.000322883684591056,2.020521972040791e-05,0.05518489597358384,0.0003459315521038054,0.09226646649970176,0.08717475113015896,0.0813666885169461
2023-06-22,0.00031756513436941367,0.00030623246479406335,0.00036657239794942625,1.1332669575350317e-05,0.035686126445106686,0.00030623246479406335,0.08002641386109224,0.07717058112810396,0.09237624428325542
2023-06-23,0.00010548610382044508,0.0001149766270110322,7.009062889862828e-05,0.0,0.0,0.0001149766270110322,0.02658249816275216,0.028974110006780116,0.017662838482454327
2023-06-26,3.591050910048854e-05,3.126731938284739e-05,4.348753477464015e-05,4.6431897176411495e-06,0.12929890732958377,3.126731938284739e-05,0.009049448293323112,0.007879364484477543,0.010958858763209319
2023-06-27,432.12977803465185,429.10282270926723,592.2171897698464,3.0269553253846198,0.007004736723193109,429.10282270926723,108896.70406473227,108133.91132273534,149238.73182200128
2023-06-28,5.453506189138581e-05,5.006247029638728e-05,5.314927483189376e-05,4.472591594998528e-06,0.08201313719773862,5.006247029638728e-05,0.013742835596629224,0.012615742514689594,0.013393617257637228
2023-06-29,1.3767959208984784e-05,1.4340557551320225e-05,1.1872904796691305e-05,0.0,0.0,1.4340557551320225e-05,0.0034695257206641657,0.0036138205029326966,0.0029919720087662085
2023-06-30,0.0023487036740368304,0.0022307599965461383,0.002597492266566625,0.00011794367749069215,0.050216499741646915,0.0022307599965461383,0.5918733258572813,0.5621515191296268,0.6545680511747894
2023-07-03,0.0003978707627595463,0.0003563704885879275,0.0003083621859667877,4.150027417161882e-05,0.10430591526624348,0.0003563704885879275,0.10026343221540568,0.08980536312415772,0.07770727086363051
2023-07-05,3.788760259000353e-05,3.9867746335591334e-05,3.6036481745442615e-05,0.0,0.0,3.9867746335591334e-05,0.00954767585268089,0.010046672076569016,0.009081193399851539
2023-07-06,1.2242019754075575e-05,1.0788724987278526e-05,1.3695951015470872e-05,1.4532947667970487e-06,0.11871363363872933,1.0788724987278526e-05,0.003084988978027045,0.0027187586967941887,0.0034513796558986597
2023-07-07,6.978902740485797e-05,6.0242229461452494e-05,7.305571364768852e-05,9.546797943405476e-06,0.13679511180500872,6.0242229461452494e-05,0.01758683490602421,0.01518104182428603,0.018410039839217508
2023-07-10,0.00671029820040688,0.00556525082815615,0.004746728368924498,0.00114504737225073,0.17064031103873437,0.00556525082815615,1.690995146502534,1.4024432086953498,1.1961755489689736
2023-07-11,1.9244595520331336e-06,1.940559461189963e-06,1.4535615693182567e-06,0.0,0.0,1.940559461189963e-06,0.00048496380711234965,0.0004890209842198707,0.0003662975154682007
2023-07-12,0.00021445644372079586,0.00020918586534662302,0.00035793211978482685,5.270578374172837e-06,0.024576451321081463,0.00020918586534662302,0.054043023817640555,0.052714838067349,0.09019889418577637
2023-07-13,0.05766441754552544,0.05133006103212779,0.042008542988170076,0.00633435651339765,0.1098486169271873,0.05133006103212779,14.53143322147241,12.935175380096203,10.58615283301886
2023-07-14,2.2811455992242784e-05,2.4550528526541086e-05,2.76674478553121e-05,0.0,0.0,2.4550528526541086e-05,0.005748486910045181,0.006186733188688354,0.0069721968595386485
2023-07-17,0.0006408070575232498,0.0006268702228570118,0.0008639935117834307,1.3936834666238018e-05,0.021748878201116695,0.0006268702228570118,0.16148337849585895,0.15797129615996697,0.21772636496942455
2023-07-18,1.0330389159415507e-06,8.712278771835771e-07,1.706535290511764e-06,1.6181103875797368e-07,0.15663580492966056,8.712278771835771e-07,0.00026032580681727076,0.0002195494250502614,0.00043004689320896454
2023-07-19,6.21275567998907e-05,5.293923763495219e-05,5.191191074742052e-05,9.188319164938504e-06,0.14789442061337024,5.293923763495219e-05,0.015656144313572457,0.013340687884007952,0.01308180150834997
2023-07-20,2.4143409029437886e-05,2.317534147253461e-05,1.9887886245887466e-05,9.680675569032765e-07,0.040096554534877996,2.317534147253461e-05,0.0060841390754183475,0.005840186051078722,0.005011747333963641
2023-07-21,0.00019656340724980042,0.00019063700300754336,0.0001584714306050641,5.926404242257056e-06,0.030150088945983027,0.00019063700300754336,0.04953397862694971,0.04804052475790093,0.03993480051247615
2023-07-24,0.005156382555418877,0.004817441383773287,0.002086008789030751,0.0003389411716455898,0.06573235556847153,0.004817441383773287,1.299408403965557,1.2139952287108684,0.5256742148357493
2023-07-25,8.997716265212967e-06,8.510593565566727e-06,1.2519252271238995e-05,4.871226996462406e-07,0.054138475936508654,8.510593565566727e-06,0.0022674244988336676,0.0021446695785228152,0.003154851572352227
2023-07-26,2.3305761168652086e-05,2.4823277051221895e-05,2.699083531478121e-05,0.0,0.0,2.4823277051221895e-05,0.0058730518145003255,0.006255465816907918,0.0068016904993248644
2023-07-27,1.2809489167579915e-05,1.3329878557131668e-05,2.1229589945843597e-05,0.0,0.0,1.3329878557131668e-05,0.0032279912702301385,0.0033591293963971805,0.005349856666352586
2023-07-28,0.00012622722154088153,0.00013245809844232437,0.00011070910866321345,0.0,0.0,0.00013245809844232437,0.03180925982830215,0.03337944080746574,0.02789869538312979
2023-07-31,0.014387767852291743,0.014834726452830951,0.01256476127168508,0.0,0.0,0.014834726452830951,3.625717498777519,3.7383510661134,3.16631984046464
2023-08-01,4.593073999030751e-06,4.355683921722303e-06,6.8335750499679025e-06,2.3739007730844784e-07,0.05168434596834209,4.355683921722303e-06,0.0011574546477557492,0.0010976323482740204,0.0017220609125919114
2023-08-02,0.016209488846483707,0.013979994021270576,0.02042710401947601,0.0022294948252131307,0.13754257436435008,0.013979994021270576,4.084791189313894,3.522958493360185,5.147630212907954
2023-08-03,0.00014690489578159625,0.00016707438290283042,6.411127971258515e-05,0.0,0.0,0.00016707438290283042,0.037020033736962256,0.042102744491513265,0.016156042487571458
2023-08-04,0.017690764946146176,0.01643106281887644,0.016274468580258442,0.0012597021272697378,0.07120676415255574,0.01643106281887644,4.458072766428836,4.140627830356863,4.101166082225127
2023-08-07,0.0020345826245975053,0.0017691896754662118,0.0012581855841378572,0.00026539294913129345,0.13044097879944996,0.0017691896754662118,0.5127148213985714,0.44583579821748537,0.31706276720274
2023-08-08,9.28387343141309e-06,1.052981375168563e-05,9.621651762066109e-06,0.0,0.0,1.052981375168563e-05,0.0023395361047160988,0.002653513065424779,0.0024246562440406595
2023-08-09,5.126127426062809e-05,5.144339270063642e-05,4.1161518429988264e-05,0.0,0.0,5.144339270063642e-05,0.01291784111367828,0.012963734960560379,0.010372702644357043
2023-08-10,1.5846296814872091e-06,1.4492327001251833e-06,1.813827147960468e-06,1.3539698136202587e-07,0.08544387215508976,1.4492327001251833e-06,0.0003993266797347767,0.0003652066404315462,0.00045708444128603795
2023-08-11,9.159680467888113e-08,7.622625676349023e-08,7.423931463705281e-08,1.53705479153909e-08,0.16780476310841919,7.622625676349023e-08,2.3082394779078047e-05,1.920901670439954e-05,1.870830728853731e-05
2023-08-14,0.00015102612532542656,0.00015812786320885047,0.00014416342412809134,0.0,0.0,0.00015812786320885047,0.03805858358200749,0.039848221528630316,0.03632918288027902
2023-08-15,0.0002685574122839845,0.0002598167689419201,0.0004411565951936037,8.740643342064437e-06,0.032546647047205855,0.0002598167689419201,0.0676764678955641,0.06547382577336386,0.11117146198878813
2023-08-16,8.016489032723992e-06,7.856945043650934e-06,9.564221456604138e-06,1.5954398907305757e-07,0.01990197560550634,7.856945043650934e-06,0.002020155236246446,0.0019799501510000352,0.002410183807064243
2023-08-17,0.00017605870818122489,0.00016570060699492214,0.0001592436195046154,1.0358101186302743e-05,0.05883322236357361,0.00016570060699492214,0.04436679446166867,0.04175655296272038,0.04012939211516308
2023-08-18,6.231366216120476e-06,5.668262876082507e-06,6.676908684866747e-06,5.631033400379687e-07,0.09036593744326715,5.668262876082507e-06,0.00157030428646236,0.0014284022447727917,0.0016825809885864201
2023-08-21,4.797306609358779e-05,5.0647136888450985e-05,9.090608391342473e-05,0.0,0.0,5.0647136888450985e-05,0.012089212655584124,0.012763078495889648,0.02290833314618303
2023-08-22,9.229643544107855e-05,8.482683167781355e-05,0.00015713080546906648,7.4696037632650025e-06,0.08093057599286133,8.482683167781355e-05,0.023258701731151795,0.021376361582809013,0.03959696297820475
2023-08-23,0.0042970370567223205,0.004085548335781772,0.004350770623511527,0.0002114887209405487,0.04921733699281849,0.004085548335781772,1.0828533382940249,1.0295581806170064,1.0963941971249047
2023-08-24,0.001953461897961808,0.002021359976580424,0.002708796324396622,0.0,0.0,0.002021359976580424,0.4922723982863756,0.5093827140982669,0.6826166737479487
2023-08-25,0.0001946118583985939,0.0001962104409326209,0.00015601723592234884,0.0,0.0,0.0001962104409326209,0.04904218831644566,0.049445031115020466,0.03931634345243191
2023-08-28,0.001021218360222699,0.0011117454778075133,0.0007800639149607135,0.0,0.0,0.0011117454778075133,0.25734702677612015,0.28015986040749336,0.1965761065700998
2023-08-29,0.0009665932406354083,0.0010405979432576433,0.0007961971937571719,0.0,0.0,0.0010405979432576433,0.24358149664012288,0.2622306817009261,0.20064169282680733
2023-08-30,0.0028780215687554452,0.002750450452264982,0.00316383945828904,0.00012757111649046304,0.04432597650798815,0.002750450452264982,0.7252614353263722,0.6931135139707755,0.797287543488838
2023-08-31,3.671000294981474e-07,3.633036438700881e-07,4.096179936035396e-07,3.796385628059297e-09,0.010341528143490144,3.633036438700881e-07,9.250920743353314e-05,9.15525182552622e-05,0.00010322373438809199
2023-09-01,1.2518605982068008e-05,1.2426097082428303e-05,1.2634914585747091e-05,9.250889963970528e-08,0.0073897119521539045,1.2426097082428303e-05,0.003154688707481138,0.0031313764647719323,0.003183998475608267
2023-09-05,3.2201614038427452e-06,3.4076576167394974e-06,2.3600495062536504e-06,0.0,0.0,3.4076576167394974e-06,0.0008114806737683718,0.0008587297194183534,0.00059473247557592
2023-09-06,0.0006036404543916154,0.000590889109880713,0.0004505150993640657,1.2751344510902418e-05,0.021124072114467388,0.000590889109880713,0.15211739450668707,0.14890405568993967,0.11352980503974457
2023-09-07,0.0007243867807820811,0.0006731500297417523,0.0007133457390949206,5.1236751040328746e-05,0.0707312064892736,0.0006731500297417523,0.18254546875708444,0.16963380749492157,0.17976312625191998
2023-09-08,6.767668194060576e-05,6.909203571172371e-05,5.190574609438305e-05,0.0,0.0,6.909203571172371e-05,0.01705452384903265,0.017411192999354376,0.013080248015784529
2023-09-11,0.00026218964790742527,0.0002460818110181285,0.00014690507102994423,1.6107836889296754e-05,0.06143582310140763,0.0002460818110181285,0.06607179127267117,0.06201261637656839,0.03702007789954594
2023-09-12,0.00017730598449032823,0.00019299023254890676,0.00016578565101030862,0.0,0.0,0.00019299023254890676,0.04468110809156271,0.04863353860232451,0.041777984054597775
2023-09-13,0.0006803134668750452,0.000595974947939835,0.000731471674805197,8.433851893521022e-05,0.12397008572921693,0.000595974947939835,0.1714389936525114,0.15018568688083841,0.18433086205090965
2023-09-14,9.718695826153193e-05,9.880316810272316e-05,8.765248114683553e-05,0.0,0.0,9.880316810272316e-05,0.024491113481906048,0.024898398361886235,0.022088425249002553
2023-09-15,3.2804543854625986e-05,3.012912454240268e-05,2.938684442554514e-05,2.675419312223307e-06,0.08155636129321356,3.012912454240268e-05,0.00826674505136575,0.007592539384685475,0.0074054847952373755
2023-09-18,0.00019262374347249074,0.00018667111207900855,0.00017277000409014046,5.952631393482189e-06,0.03090289522604678,0.00018667111207900855,0.048541183355067664,0.047041120243910155,0.043538041030715395
2023-09-19,0.00027198901636382196,0.00025893639521334537,0.0003487897658151554,1.305262115047659e-05,0.047989515448033516,0.00025893639521334537,0.06854123212368314,0.06525197159376303,0.08789502098541915
2023-09-20,0.0002807674919233638,0.0003024754825455576,0.00021367885974394877,0.0,0.0,0.0003024754825455576,0.07075340796468768,0.07622382160148052,0.053847072655475094
2023-09-21,0.00010510937987095582,0.0001064355922612592,6.251428489835616e-05,0.0,0.0,0.0001064355922612592,0.026487563727480866,0.026821769249837316,0.01575359979438575
2023-09-22,3.342758790152612e-06,2.9558458986327713e-06,3.2926676404531785e-06,3.8691289151984055e-07,0.1157465435176173,2.9558458986327713e-06,0.0008423752151184582,0.0007448731664554583,0.000829752245394201
2023-09-25,0.0001854256370704593,0.0002021619077984798,0.0002209495494324421,0.0,0.0,0.0002021619077984798,0.04672726054175574,0.05094480076521691,0.05567928645697541
2023-09-26,0.002819657767455521,0.0028992188104081744,0.0020349662817155923,0.0,0.0,0.0028992188104081744,0.7105537573987913,0.73060314022286,0.5128115029923292
2023-09-27,7.891527314414242e-05,7.863477571626507e-05,5.8211414608749435e-05,2.8049742787734846e-07,0.0035544123861878355,7.863477571626507e-05,0.01988664883232389,0.0198159634804988,0.014669276481404857
2023-09-28,6.901100303278795e-05,6.284949832747757e-05,5.529738750709661e-05,6.161504705310379e-06,0.08928293091320588,6.284949832747757e-05,0.017390772764262562,0.015838073578524348,0.013934941651788347
2023-09-29,3.679623197317992e-05,3.928500539987794e-05,1.860235582122909e-05,0.0,0.0,3.928500539987794e-05,0.00927265045724134,0.00989982136076924,0.004687793666949731
2023-10-02,0.00012968890371281843,0.00012707348371242784,0.0001318147931881773,2.6154200003905873e-06,0.020166875540988973,0.00012707348371242784,0.03268160373563024,0.032022517895531816,0.03321732788342068
2023-10-03,0.00010649825331754454,9.962133864616145e-05,8.706227897416995e-05,6.876914671383088e-06,0.06457302718670183,9.962133864616145e-05,0.02683755983602122,0.025104577338832684,0.021939694301490828
2023-10-04,2.809324269723963e-05,2.559643681049302e-05,2.3574635406813772e-05,2.496805886746612e-06,0.08887567109211891,2.559643681049302e-05,0.0070794971597043874,0.006450302076244241,0.005940808122517071
2023-10-05,0.006327073324453135,0.006768304576550511,0.006952217691929218,0.0,0.0,0.006768304576550511,1.59442247776219,1.7056127532907286,1.751958858366163
2023-10-06,0.001658764070794671,0.0013240011454561781,0.0013526878116750139,0.00033476292533849285,0.2018146709533574,0.0013240011454561781,0.4180085458402571,0.3336482886549569,0.3408773285421035
2023-10-09,4.983825164409398e-05,5.3149100953648384e-05,7.20067159813108e-05,0.0,0.0,5.3149100953648384e-05,0.012559239414311684,0.013393573440319393,0.01814569242729032
2023-10-10,2.2052671913080403e-05,1.9511402961013532e-05,2.0214276786807358e-05,2.5412689520668704e-06,0.11523632360046174,1.9511402961013532e-05,0.005557273322096262,0.00491687354617541,0.005093997750275454
2023-10-11,0.004287661062690545,0.004685205307903813,0.0029052597897892027,0.0,0.0,0.004685205307903813,1.0804905877980175,1.1806717375917608,0.7321254670268791
2023-10-12,0.0006144298025281396,0.0005932211301983563,0.00046926342075521673,2.120867232978331e-05,0.03451764905933961,0.0005932211301983563,0.15483631023709118,0.1494917248099858,0.11825438203031462
2023-10-13,8.069955625188381e-05,7.043648513716924e-05,7.68460617454917e-05,1.0263071114714574e-05,0.12717630014599612,7.043648513716924e-05,0.02033628817547472,0.017749994254566647,0.019365207559863908
2023-10-16,2.787103197938042e-06,2.9020394637554768e-06,2.4880162203419088e-06,0.0,0.0,2.9020394637554768e-06,0.0007023500058803866,0.0007313139448663802,0.000626980087526161
2023-10-17,3.509461908726675e-05,3.681598153949348e-05,3.541536234605586e-05,0.0,0.0,3.681598153949348e-05,0.00884384400999122,0.009277627347952358,0.008924671311206077
2023-10-18,0.9999896635122795,0.8592480294253281,0.9783782774949723,0.1407416340869514,0.14074308887602058,0.8592480294253281,251.99739520509442,216.53050341518266,246.551325928733
2023-10-19,3.4706022699259406e-05,3.689733970160577e-05,3.777696069970523e-05,0.0,0.0,3.689733970160577e-05,0.00874591772021337,0.009298129604804653,0.009519794096325718
2023-10-20,0.001174056234877459,0.0012415469584328917,0.0009002829024509423,0.0,0.0,0.0012415469584328917,0.29586217118911967,0.3128698335250887,0.22687129141763746
2023-10-23,7.059854251690246e-07,8.228224413284843e-07,8.845954675016434e-07,0.0,0.0,8.228224413284843e-07,0.00017790832714259421,0.00020735125521477804,0.00022291805781041415
2023-10-24,8.255995362136316e-05,7.60612586999742e-05,7.951631203525956e-05,6.498694921388951e-06,0.07871485578199862,7.60612586999742e-05,0.020805108312583514,0.0191674371923935,0.02003811063288541
2023-10-25,0.0001226385875649426,0.00011525368444891686,0.00018193452619738772,7.3849031160257524e-06,0.06021679801146045,0.00011525368444891686,0.03090492406636554,0.029043928481127048,0.045847500601741704
2023-10-26,0.034655618825861344,0.03352417050914234,0.045610110933517266,0.0011314483167190054,0.032648336835988834,0.03352417050914234,8.733215944117058,8.44809096830387,11.49374795524635
2023-10-27,0.00010839372306057588,0.00011414783896857636,0.00012275981032287305,0.0,0.0,0.00011414783896857636,0.027315218211265122,0.028765255420081244,0.030935472201364007
2023-10-30,0.009932522934503621,0.010029237612093641,0.005922488496107357,0.0,0.0,0.010029237612093641,2.5029957794949125,2.5273678782475977,1.4924671010190538
2023-10-31,1.5349489853927175e-05,1.4483497667368572e-05,1.231890059832152e-05,8.659921865586031e-07,0.05641830043744015,1.4483497667368572e-05,0.003868071443189648,0.00364984141217688,0.0031043629507770234
2023-11-01,0.0013001901861644989,0.001650035930107142,0.0009427798825897314,0.0,0.0,0.001650035930107142,0.32764792691345374,0.4158090543869998,0.23758053041261232
2023-11-02,0.0002541719588609403,0.00022839963835494476,0.00020721890484257102,2.577232050599552e-05,0.10139718212857068,0.00022839963835494476,0.06405133363295695,0.05755670886544608,0.0522191640203279
2023-11-03,3.2333592356717175e-05,3.6123235504066504e-05,2.9152619093666253e-05,0.0,0.0,3.6123235504066504e-05,0.008148065273892727,0.009103055347024758,0.007346460011603896
2023-11-06,6.365796014676294e-05,5.551127188748005e-05,0.0001054222481398124,8.146688259282885e-06,0.12797595324331484,5.551127188748005e-05,0.01604180595698426,0.013988840515644972,0.026566406531232725
2023-11-07,0.004819300827241576,0.004845201639996997,0.0038269222737696055,0.0,0.0,0.004845201639996997,1.2144638084648771,1.220990813279243,0.9643844129899406
2023-11-08,5.756580652377335e-05,5.808903130977441e-05,4.0145437014550086e-05,0.0,0.0,5.808903130977441e-05,0.014506583243990885,0.014638435890063152,0.010116650127666622
2023-11-09,6.614846678267969e-06,5.421303582258613e-06,4.765226031376463e-06,1.1935430960093556e-06,0.18043395011657665,5.421303582258613e-06,0.0016669413629235282,0.0013661685027291706,0.0012008369599068687
2023-11-10,0.0002803706383880636,0.0003006180799895622,0.0002520595907337827,0.0,0.0,0.0003006180799895622,0.07065340087379203,0.07575575615736967,0.06351901686491324
2023-11-13,8.339314932762057e-05,8.671574109706772e-05,5.77990775176555e-05,0.0,0.0,8.671574109706772e-05,0.021015073630560384,0.021852366756461065,0.014565367534449187
2023-11-14,0.26965005387459673,0.26818869872707196,0.23732155181948336,0.0014613551475247677,0.005419450604667653,0.26818869872707196,67.95181357639838,67.58355207922213,59.805031058509805
2023-11-15,0.00020810118983398266,0.00021089637870618013,0.00022514884789302212,0.0,0.0,0.00021089637870618013,0.05244149983816363,0.053145887433957394,0.05673750966904157
2023-11-16,0.00016687945684906055,0.0001742792385499932,0.00015672403970661968,0.0,0.0,0.0001742792385499932,0.04205362312596326,0.04391836811459829,0.039494458006068156
2023-11-17,1.1325159985859667e-08,1.074138724932064e-08,1.2563383955598195e-08,5.837727365390268e-10,0.051541982213552315,1.074138724932064e-08,2.853940316436636e-06,2.7068295868288014e-06,3.1659727568107453e-06
2023-11-20,0.0008159959036818772,0.0007094721270259234,0.0008952553778903802,0.00010652377665595382,0.1305444991142241,0.0007094721270259234,0.20563096772783304,0.1787869760105327,0.2256043552283758
2023-11-21,0.00010512600592967978,0.000118164025463338,0.0001288367982766641,0.0,0.0,0.000118164025463338,0.026491753494279305,0.029777334416761177,0.032466873165719355
2023-11-22,1.1357791390212462e-05,1.1766721516555814e-05,9.21078264398127e-06,0.0,0.0,1.1766721516555814e-05,0.00286216343033354,0.002965213822172065,0.00232111722628328
2023-11-24,6.771771424773632e-05,6.776426803656997e-05,4.5487877546853746e-05,0.0,0.0,6.776426803656997e-05,0.01706486399042955,0.017076595545215633,0.011462945141807145
2023-11-27,1.7470484984863105e-05,1.7565947561693527e-05,1.0791531469335088e-05,0.0,0.0,1.7565947561693527e-05,0.004402562216185502,0.0044266187855467685,0.002719465930272442
2023-11-28,5.723916916739946e-05,5.742395238650725e-05,6.150944403928053e-05,0.0,0.0,5.742395238650725e-05,0.014424270630184664,0.014470836001399827,0.015500379897898695
2023-11-29,6.6965413205927496e-06,5.969840486003572e-06,9.125771634027001e-06,7.267008345891779e-07,0.10851881460593135,5.969840486003572e-06,0.001687528412789373,0.0015043998024729,0.0022996944517748043
2023-11-30,3.121232883665864e-05,3.565112001719016e-05,2.0184594056148584e-05,0.0,0.0,3.565112001719016e-05,0.007865506866837978,0.00898408224433192,0.005086517702149443
2023-12-01,0.0014906657144432983,0.001566694574497927,0.0011112489772498633,0.0,0.0,0.001566694574497927,0.3756477600397112,0.3948070327734776,0.28003474226696556
2023-12-04,0.00018437881333319703,0.00019821210865777044,0.0002104923664845367,0.0,0.0,0.00019821210865777044,0.046463460959965654,0.04994945138175815,0.05304407635410325
2023-12-05,0.0008253118598244822,0.0008427540339599777,0.0016138319107060644,0.0,0.0,0.0008427540339599777,0.20797858867576952,0.21237401655791438,0.40668564149792824
2023-12-06,0.0005565009418774712,0.00047842391206056,0.0005309596549228109,7.807702981691122e-05,0.1402999057166054,0.00047842391206056,0.14023823735312274,0.12056282583926112,0.13380183304054835
2023-12-07,9.854195307921916e-05,9.584733856120307e-05,0.0001230114837760547,2.6946145180160885e-06,0.027344845585767996,9.584733856120307e-05,0.024832572175963227,0.024153529317423175,0.03099889391156578
2023-12-08,4.337906878230187e-05,5.050058854028073e-05,6.605974611376131e-05,0.0,0.0,5.050058854028073e-05,0.01093152533314007,0.012726148312150742,0.01664705602066785
2023-12-11,7.096503008637063e-05,6.326337101378695e-05,9.7826218159916e-05,7.701659072583685e-06,0.10852752341093312,6.326337101378695e-05,0.017883187581765398,0.015942369495474312,0.024652206976298833
2023-12-12,0.0015107210876223437,0.001549865337499015,0.0023040686301989467,0.0,0.0,0.001549865337499015,0.3807017140808306,0.3905660650497518,0.5806252948101346
2023-12-13,0.0009912298286876013,0.0010921810329573292,0.001141081750998788,0.0,0.0,0.0010921810329573292,0.24978991682927554,0.27522962030524695,0.2875526012516946
2023-12-14,2.3913769829038293e-06,2.411818851930813e-06,1.3592753618189516e-06,0.0,0.0,2.411818851930813e-06,0.000602626999691765,0.000607778350686565,0.0003425373911783758
2023-12-15,9.16529066444392e-06,6.759122917626536e-06,1.1360317691285923e-05,2.4061677468173847e-06,0.2625304065501742,6.759122917626536e-06,0.002309653247439868,0.001703298975241887,0.0028628000582040527
2023-12-18,2.4368626351280644e-05,2.5003875939050573e-05,2.1672832432865604e-05,0.0,0.0,2.5003875939050573e-05,0.006140893840522722,0.006300976736640745,0.005461553773082132
2023-12-19,2.323831123457822e-05,2.4097842833812674e-05,2.7791749317930795e-05,0.0,0.0,2.4097842833812674e-05,0.005856054431113712,0.006072656394120793,0.007003520828118561
2023-12-20,3.889698711805279e-05,4.041905138620963e-05,4.6937478632074195e-05,0.0,0.0,4.041905138620963e-05,0.009802040753749304,0.010185600949324827,0.011828244615282698
2023-12-21,5.673317840944488e-06,5.571036485453039e-06,3.9681875005870586e-06,1.0228135549144945e-07,0.01802848709176757,5.571036485453039e-06,0.0014296760959180111,0.0014039011943341657,0.0009999832501479387
2023-12-22,0.0001684531091902303,0.00015142672781713146,0.00022877351567450742,1.7026381373098855e-05,0.1010749006288536,0.00015142672781713146,0.04245018351593804,0.03815953540991713,0.05765092594997587
2023-12-26,1.4013045995237538e-06,1.5459975768480475e-06,1.903882571306799e-06,0.0,0.0,1.5459975768480475e-06,0.00035312875907998596,0.000389591389365708,0.0004797784079693134
2023-12-27,5.44217443768567e-07,4.980232745164616e-07,3.852720108664393e-07,4.619416925210538e-08,0.08488166797917235,4.980232745164616e-07,0.00013714279582967889,0.0001255018651781483,9.708854673834271e-05
2023-12-28,2.8676959943970475e-05,2.7021768219762876e-05,3.8093395370145575e-05,1.6551917242075992e-06,0.05771851931735516,2.7021768219762876e-05,0.00722659390588056,0.006809485591380245,0.009599535633276686
2023-12-29,0.002010152795417618,0.001882733029213409,0.001484919690549156,0.00012741976620420895,0.0633880998654875,0.001882733029213409,0.5065585044452398,0.47444872336177907,0.3741997620183873
2024-01-02,0.005718845492043442,0.005511474719800911,0.004264372310538354,0.00020737077224253046,0.03626095030802666,0.005511474719800911,1.4411490639949474,1.3888916293898297,1.0746218222556654
2024-01-03,5.608282121095032e-05,4.849764415259885e-05,6.50556501259905e-05,7.58517705835147e-06,0.13524956054851398,4.849764415259885e-05,0.01413287094515948,0.01222140632645491,0.016394023831749604
2024-01-04,0.0004139017932807409,0.00043564279530524053,0.0005866877767267646,0.0,0.0,0.00043564279530524053,0.1043032519067467,0.10978198441692061,0.1478453197351447
2024-01-05,7.757030320956312e-05,8.005825591452644e-05,5.9718521173315116e-05,0.0,0.0,8.005825591452644e-05,0.019547716408809906,0.020174680490460662,0.015049067335675409
2024-01-08,0.0030977163814939227,0.003248687605525337,0.0019264039164557183,0.0,0.0,0.003248687605525337,0.7806245281364685,0.818669276592385,0.485453786946841
2024-01-09,1.1335274010801312e-05,9.158400891029106e-06,1.4990880045628878e-05,2.176873119772206e-06,0.19204413811732643,9.158400891029106e-06,0.0028564890507219304,0.0023079170245393346,0.003777701771498477
2024-01-10,2.6735108521573327e-05,2.1444432263427818e-05,4.39643821897165e-05,5.290676258145509e-06,0.19789244752770924,2.1444432263427818e-05,0.006737247347436478,0.00540399693038381,0.011079024311808558
2024-01-11,5.538931530995889e-05,5.327471002949389e-05,6.690376020138823e-05,2.114605280464998e-06,0.03817713272775667,5.327471002949389e-05,0.01395810745810964,0.01342522692743246,0.016859747570749834
2024-01-12,0.00024105328135963885,0.0002365806438813088,0.00011004041965180622,4.4726374783300455e-06,0.01855455953367648,0.0002365806438813088,0.06074542690262899,0.059618322258089815,0.02773018575225517
2024-01-16,8.142475210811246e-05,6.910254050903624e-05,6.501957686292216e-05,1.2322211599076214e-05,0.15133250183412023,6.910254050903624e-05,0.020519037531244337,0.01741384020827713,0.016384933369456383
2024-01-17,0.0003718238360832636,0.0003850880447527314,0.00027922913514612214,0.0,0.0,0.0003850880447527314,0.09369960669298244,0.09704218727768832,0.07036574205682278
2024-01-18,0.005634091500154177,0.0055680887238036625,0.006656269348349913,6.600277635051416e-05,0.011714892514080238,0.0055680887238036625,1.4197910580388524,1.403158358398523,1.6773798757841782
2024-01-19,0.0005106748438907207,0.0004947593530487052,0.0005752797367768963,1.5915490842015496e-05,0.031165605671102232,0.0004947593530487052,0.1286900606604616,0.1246793569682737,0.14497049366777787
2024-01-22,0.0022834546419221915,0.002137037551373801,0.0023948324383248434,0.00014641709054839065,0.0641208666010625,0.002137037551373801,0.5754305697643922,0.5385334629461979,0.6034977744578606
2024-01-23,0.00021098515098300438,0.00022833873899016195,0.0002393842135432906,0.0,0.0,0.00022833873899016195,0.053168258047717104,0.05754136222552081,0.06032482181290923
2024-01-24,1.2022350339629344e-05,1.1565044383398258e-05,1.2507490984661525e-05,4.5730595623108653e-07,0.038037979702328806,1.1565044383398258e-05,0.0030296322855865947,0.002914391184616361,0.0031518877281347044
2024-01-25,6.321627158034436e-07,6.757285710452395e-07,1.1464172041150496e-06,0.0,0.0,6.757285710452395e-07,0.0001593050043824678,0.00017028359990340036,0.0002888971354369925
2024-01-26,2.6695988834306447e-05,2.415278099733412e-05,3.6667179586283446e-05,2.5432078369723257e-06,0.09526553811105005,2.415278099733412e-05,0.006727389186245224,0.006086500811328199,0.009240129255743428
2024-01-29,1.3792275700749018e-06,1.4931762809574199e-06,2.1164996080130835e-06,0.0,0.0,1.4931762809574199e-06,0.00034756534765887525,0.0003762804228012698,0.000533357901219297
2024-01-30,7.226392475413638e-05,6.744336208670475e-05,0.00011077992956825897,4.820562667431634e-06,0.06670773303726453,6.744336208670475e-05,0.018210509038042368,0.016995727245849596,0.02791654225120126
2024-01-31,0.00020884378722927906,0.0002046430566717537,0.0002382732299365228,4.200730557525357e-06,0.020114223138461687,0.0002046430566717537,0.052628634381778325,0.051570050281281934,0.060044853944003745
2024-02-01,5.4084370150044946e-05,4.88884828763361e-05,5.959180318828741e-05,5.195887273708844e-06,0.09607003212247807,4.88884828763361e-05,0.013629261277811326,0.012319897684836698,0.015017134403448427
2024-02-02,5.395752486271492e-05,5.813913661927355e-05,6.561003124697204e-05,0.0,0.0,5.813913661927355e-05,0.01359729626540416,0.014651062428056935,0.016533727874236955
2024-02-05,4.532160317768396e-05,5.222795393095097e-05,4.9036445661461615e-05,0.0,0.0,5.222795393095097e-05,0.011421044000776358,0.013161444390599644,0.012357184306688328
2024-02-06,0.002009248281861836,0.0020779875530700085,0.0022069175634732447,0.0,0.0,0.0020779875530700085,0.5063305670291827,0.5236528633736421,0.5561432259952577
2024-02-07,6.885572823616116e-08,5.271157086468285e-08,1.1896082904797727e-07,1.6144157371478312e-08,0.23446012880699088,5.271157086468285e-08,1.7351643515512613e-05,1.3283315857900078e-05,2.9978128920090274e-05
2024-02-08,1.637427197153831e-05,1.6059766941357786e-05,1.1707018799183193e-05,3.145050301805247e-07,0.019207266834209737,1.6059766941357786e-05,0.004126316536827654,0.004047061269222162,0.002950168737394165
2024-02-09,1.9880925125738293e-05,1.9274207385664677e-05,1.3774844794038562e-05,6.067177400736165e-07,0.030517579323839753,1.9274207385664677e-05,0.00500999313168605,0.004857100261187498,0.0034712608880977176
2024-02-12,0.004050472251948398,0.004233607064739384,0.0036665584074119005,0.0,0.0,0.004233607064739384,1.0207190074909964,1.0668689803143248,0.923972718667799
2024-02-13,0.0003016245081272383,0.00030085557781826567,0.0004894232892501133,7.689303089726562e-07,0.0025492965117376717,0.00030085557781826567,0.07600937604806406,0.07581560561020295,0.12333466889102856
2024-02-14,0.0034706965968868244,0.0035520649028796735,0.0037618860353217285,0.0,0.0,0.0035520649028796735,0.8746155424154798,0.8951203555256777,0.9479952809010755
2024-02-15,2.3792594739699007e-06,2.2182107203306776e-06,1.6867782869038258e-06,1.610487536392231e-07,0.06768857609377514,2.2182107203306776e-06,0.000599573387440415,0.0005589891015233307,0.0004250681282997641
2024-02-16,0.0002257275088690594,0.0002208720740824432,0.0001650000284390606,4.855434786616195e-06,0.021510159702876928,0.0002208720740824432,0.05688333223500296,0.05565976266877568,0.04158000716664327
2024-02-20,0.00017483351192494707,0.00015533707897560128,0.00010610313961538534,1.9496432949345785e-05,0.11151427791601522,0.00015533707897560128,0.04405804500508666,0.039144943901851526,0.026737991183077108
2024-02-21,4.544533805265815e-05,4.4200780810364e-05,4.490558333575754e-05,1.2445572422941479e-06,0.02738580607467934,4.4200780810364e-05,0.011452225189269853,0.011138596764211727,0.0113162070006109
2024-02-22,0.0015746570531546258,0.0012907298202574468,0.001270941116992408,0.000283927232897179,0.18031052040700307,0.0012907298202574468,0.3968135773949657,0.3252639147048766,0.3202771614820868
2024-02-23,5.487023408941443e-05,5.736144121088813e-05,5.4382924508851556e-05,0.0,0.0,5.736144121088813e-05,0.013827298990532437,0.014455083185143809,0.013704496976230593
2024-02-26,1.6864960466231413e-05,1.834911580605475e-05,1.3206190340260303e-05,0.0,0.0,1.834911580605475e-05,0.004249970037490316,0.004623977183125797,0.003327959965745596
2024-02-27,5.584374299892661e-05,6.602189887300463e-05,3.7489815389018e-05,0.0,0.0,6.602189887300463e-05,0.014072623235729506,0.016637518515997166,0.009447433478032537
2024-02-28,2.179161711588193e-05,2.105164425587646e-05,2.5799733196360902e-05,7.399728600054701e-07,0.03395676521451939,2.105164425587646e-05,0.005491487513202246,0.005305014352480868,0.006501532765482947
2024-02-29,0.00015342159243198823,0.00015193936570013478,0.00010254566159832037,1.4822267318534497e-06,0.009661135037751518,0.00015193936570013478,0.038662241292861034,0.03828872015643396,0.025841506722776734
2024-03-01,6.523931631629667e-05,6.229226118419148e-05,4.719758808917932e-05,2.947055132105191e-06,0.045172991584463154,6.229226118419148e-05,0.01644030771170676,0.015697649818416252,0.011893792198473188
2024-03-04,0.012853498516982025,0.012785507715679321,0.007618037657222641,6.799080130270342e-05,0.005289672785007474,0.012785507715679321,3.23908162627947,3.221947944351189,1.9197454896201056
2024-03-05,0.003111339915676287,0.003507019295895259,0.003039544290976807,0.0,0.0,0.003507019295895259,0.7840576587504243,0.8837688625656053,0.7659651613261553
2024-03-06,2.2772770021958575e-05,1.9848252286233595e-05,2.7787543892477558e-05,2.92451773572498e-06,0.12842168978492002,1.9848252286233595e-05,0.005738738045533561,0.005001759576130866,0.007002461060904345
2024-03-07,4.264275380871353e-06,4.1853164344133916e-06,2.5790951916041476e-06,7.895894645796144e-08,0.018516376380329068,4.1853164344133916e-06,0.001074597395979581,0.0010546997414721748,0.0006499319882842452
2024-03-08,6.339536705849911e-05,5.637573790308368e-05,3.791161668297852e-05,7.01962915541543e-06,0.11072779243016545,5.637573790308368e-05,0.015975632498741777,0.014206685951577088,0.009553727404110587
2024-03-11,6.592740298182592e-05,6.660063489765902e-05,5.116148540138849e-05,0.0,0.0,6.660063489765902e-05,0.01661370555142013,0.016783359994210073,0.0128926943211499
2024-03-12,0.0002622681444193533,0.0002884501487468821,0.00019706504226002974,0.0,0.0,0.0002884501487468821,0.06609157239367702,0.07268943748421429,0.04966039064952749
2024-03-13,0.0004599320738765489,0.000446549364823814,0.00040940140222191815,1.3382709052734917e-05,0.029097142347219405,0.000446549364823814,0.11590288261689032,0.11253043993560112,0.10316915335992337
2024-03-14,0.039851857224264035,0.039062355332328866,0.02932607891308578,0.0007895018919351696,0.019810918408958513,0.039062355332328866,10.042668020514537,9.843713543746874,7.390171886097616
2024-03-15,2.919368965984503e-05,2.4939372352857125e-05,3.2055970704370275e-05,4.2543173069879055e-06,0.1457272859590713,2.4939372352857125e-05,0.007356809794280947,0.006284721832919995,0.00807810461750131
2024-03-18,3.2063351783330806e-05,3.501369045251007e-05,3.815313870049925e-05,0.0,0.0,3.501369045251007e-05,0.008079964649399363,0.008823449994032537,0.009614590952525811
2024-03-19,7.764059143358587e-05,7.507650342338224e-05,7.88707659925969e-05,2.5640880102036285e-06,0.033025095891649224,7.507650342338224e-05,0.01956542904126364,0.018919278862692325,0.01987543303013442
2024-03-20,0.00215999825250649,0.0023307449505047878,0.0021074887960053747,0.0,0.0,0.0023307449505047878,0.5443195596316355,0.5873477275272065,0.5310871765933545
2024-03-21,0.0007630673079041092,0.0007847061989629726,0.0009257054028949601,0.0,0.0,0.0007847061989629726,0.1922929615918355,0.1977459621386691,0.23327776152952995
2024-03-22,1.6495012380323668e-05,1.47560724244496e-05,1.7127959815923904e-05,1.7389399558740683e-06,0.10542216097553396,1.47560724244496e-05,0.004156743119841565,0.0037185302509612993,0.004316245873612824
2024-03-25,8.04242480415421e-05,6.0851203576893296e-05,7.758731216688493e-05,1.9573044464648804e-05,0.24337242433608058,6.0851203576893296e-05,0.02026691050646861,0.01533450330137711,0.019552002666055
2024-03-26,9.584332514402663e-06,9.828646735376499e-06,1.3173591949311356e-05,0.0,0.0,9.828646735376499e-06,0.002415251793629471,0.0024768189773148775,0.0033197451712264616
2024-03-27,0.00019038887392798734,0.00021754626124747235,0.00015806359157132863,0.0,0.0,0.00021754626124747235,0.04797799622985281,0.05482165783436303,0.03983202507597482
2024-03-28,0.00014892621135668887,0.00016157031791258258,0.00011314686648062212,0.0,0.0,0.00016157031791258258,0.03752940526188559,0.04071572011397081,0.028513010353116774
2024-04-01,0.013619588242686916,0.013602824209252865,0.016860743203771657,1.6764033434051376e-05,0.0012308766707262242,0.013602824209252865,3.4321362371571027,3.427911700731722,4.248907287350457
2024-04-02,0.00013493377572910696,0.00014687058459943525,0.0001116099486556537,0.0,0.0,0.00014687058459943525,0.034003311483734956,0.03701138731905768,0.028125707061224733
2024-04-03,3.9040999511525106e-05,3.8809198427556444e-05,1.770768827259432e-05,2.318010839686625e-07,0.0059373756033796726,3.8809198427556444e-05,0.009838331876904327,0.009779918003744224,0.004462337444693768
2024-04-04,0.00012753902092868156,0.000140831956837115,0.00024202382694330895,0.0,0.0,0.000140831956837115,0.03213983327402775,0.03548965312295298,0.06099000438971386
2024-04-05,1.229790816629669e-05,1.3554472318212867e-05,1.1806053768721714e-05,0.0,0.0,1.3554472318212867e-05,0.0030990728579067656,0.0034157270241896424,0.002975125549717872
2024-04-08,0.0001178777027785963,0.00012213523030622827,0.00013946616825363323,0.0,0.0,0.00012213523030622827,0.029705181100206268,0.030778078037169525,0.035145474399915576
2024-04-09,3.34497148481114e-05,3.5758750857050715e-05,4.300108434506433e-05,0.0,0.0,3.5758750857050715e-05,0.008429328141724073,0.00901120521597678,0.010836273254956211
2024-04-10,0.00028184477873588264,0.0002766494963469609,0.00019168657181809666,5.195282388921756e-06,0.01843313327921229,0.0002766494963469609,0.07102488424144243,0.06971567307943415,0.04830501609816036
2024-04-11,0.0007054994384367483,0.0007075327150605219,0.0012912773214151915,0.0,0.0,0.0007075327150605219,0.17778585848606057,0.17829824419525153,0.32540188499662825
2024-04-12,3.7964978848048194e-05,3.812823463248458e-05,3.899182939346024e-05,0.0,0.0,3.812823463248458e-05,0.009567174669708144,0.009608315127386115,0.009825941007151982
2024-04-15,0.0001904154851370883,0.00016994295122951973,0.00023708346467067964,2.0472533907568577e-05,0.10751506782819922,0.00016994295122951973,0.047984702254546256,0.04282562370983897,0.05974503309701127
2024-04-16,0.0015245885371334518,0.001723409366829809,0.002389410992647104,0.0,0.0,0.001723409366829809,0.3841963113576298,0.43429916044111183,0.6021315701470702
2024-04-17,0.0009096496277449374,0.0008658313132715428,0.0005482436087092359,4.381831447339464e-05,0.0481705407101102,0.0008658313132715428,0.22923170619172423,0.21818949094442877,0.13815738939472746
2024-04-18,7.512142131197613e-05,7.620171181678391e-05,5.379863891239683e-05,0.0,0.0,7.620171181678391e-05,0.018930598170617985,0.019202831377829545,0.013557257005924
2024-04-19,0.00011834545543870034,0.00011585359133298302,0.0001689440820285235,2.4918641057173187e-06,0.021055849381155036,0.00011585359133298302,0.029823054770552485,0.02919510501591172,0.04257390867118792
2024-04-22,1.6857725838631215e-05,1.6515531175932754e-05,8.5876301868837e-06,3.4219466269846103e-07,0.020298980163463484,1.6515531175932754e-05,0.004248146911335066,0.004161913856335054,0.0021640828070946926
2024-04-23,4.125573974341095e-05,4.433055542711006e-05,6.56014081802361e-05,0.0,0.0,4.433055542711006e-05,0.010396446415339558,0.011171299967631734,0.016531554861419495
2024-04-24,4.2738443902074254e-05,3.7535463413394225e-05,2.8206277748630845e-05,5.202980488680029e-06,0.12174005162334553,3.7535463413394225e-05,0.010770087863322711,0.009458936780175346,0.007107981992654973
2024-04-25,2.6561561696441667e-05,3.1625835035349586e-05,1.323053039918894e-05,0.0,0.0,3.1625835035349586e-05,0.0066935135475033,0.007969710428908096,0.003334093660595613
2024-04-26,7.804775663489393e-06,9.12737596535097e-06,8.107891354108669e-06,0.0,0.0,9.12737596535097e-06,0.001966803467199327,0.0023000987432684446,0.002043188621235385
2024-04-29,0.00021717753944535979,0.00020569446194985304,0.0001766601138957086,1.1483077495506741e-05,0.05287414836708585,0.00020569446194985304,0.05472873994023066,0.05183500441136297,0.044518348701718564
2024-04-30,0.0003254475112035081,0.00030264041819484807,0.0003553375510590757,2.2807093008660032e-05,0.07007917453183159,0.00030264041819484807,0.08201277282328404,0.07626538538510172,0.08954506286688708
2024-05-01,0.0004992163776113841,0.0004673532581357236,0.0005754214522228356,3.1863119475660515e-05,0.06382627021230891,0.0004673532581357236,0.1258025271580688,0.11777302105020235,0.14500620596015457
2024-05-02,0.0003186513556783329,0.00030350426553791453,0.000316591545903933,1.5147090140418373e-05,0.04753499341196534,0.00030350426553791453,0.08030014163093989,0.07648307491555446,0.07978106956779112
2024-05-03,0.008445405897896352,0.008455410032759273,0.005060969310259771,0.0,0.0,0.008455410032759273,2.128242286269881,2.1307633282553367,1.2753642661854623
2024-05-06,8.015705544569075e-05,8.76825774916529e-05,7.949269446719586e-05,0.0,0.0,8.76825774916529e-05,0.02019957797231407,0.022096009527896532,0.020032159005733356
2024-05-07,0.0001018859516912367,9.79339400773549e-05,6.467036229244762e-05,3.952011613881805e-06,0.038788581835793354,9.79339400773549e-05,0.02567525982619165,0.024679352899493433,0.0162969312976968
2024-05-08,4.553248152557798e-05,4.703326371190121e-05,3.741000913873112e-05,0.0,0.0,4.703326371190121e-05,0.01147418534444565,0.011852382455399104,0.009427322302960242
2024-05-09,0.03668760678919142,0.035996269052689774,0.040083335336928066,0.0006913377365016446,0.01884390389526516,0.035996269052689774,9.245276910876237,9.071059801277823,10.101000504905873
2024-05-10,0.0001392822934591747,0.0001448728889113914,0.00012255052941393437,0.0,0.0,0.0001448728889113914,0.035099137951712024,0.03650796800567063,0.030882733412311462
2024-05-13,0.00039263251285952516,0.0004218352734641361,0.00045842701432986907,0.0,0.0,0.0004218352734641361,0.09894339324060034,0.1063024889129623,0.11552360761112701
2024-05-14,0.012057364323672517,0.010598042749913906,0.009977096179169686,0.0014593215737586113,0.12103155668709936,0.010598042749913906,3.038455809565474,2.670706772978304,2.514228237150761
2024-05-15,0.00013906664655586204,0.00011121469360399451,0.00015955580941657153,2.7851952951867538e-05,0.2002777333125803,0.00011121469360399451,0.03504479493207723,0.028026102788206615,0.04020806397297603
2024-05-16,5.211205689770389e-06,5.17283171948876e-06,4.555549401451624e-06,3.8373970281628867e-08,0.007363739833416521,5.17283171948876e-06,0.0013132238338221382,0.0013035535933111676,0.0011479984491658093
2024-05-17,5.6851353900626086e-08,4.58120650502916e-08,4.8476202691237464e-08,1.1039288850334486e-08,0.19417470153707947,4.58120650502916e-08,1.4326541182957773e-05,1.1544640392673484e-05,1.221600307819184e-05
2024-05-20,0.0020074983380822904,0.0022826213071418244,0.001575966305434757,0.0,0.0,0.0022826213071418244,0.5058895811967372,0.5752205693997398,0.39714350896955875
2024-05-21,3.682366543093039e-05,3.649995475943745e-05,3.336624348790726e-05,3.2371067149294377e-07,0.008790832170395717,3.649995475943745e-05,0.009279563688594459,0.009197988599378237,0.008408293358952629
2024-05-22,0.00018598517744341166,0.00016734591399336388,0.000103231239827103,1.8639263450047783e-05,0.10021907985382295,0.00016734591399336388,0.04686826471573974,0.042171170326327695,0.026014272436429956
2024-05-23,0.0005723454481305478,0.0006072477366944437,0.000516475973199674,0.0,0.0,0.0006072477366944437,0.14423105292889804,0.1530264296469998,0.13015194524631785
2024-05-24,0.0005654320792017001,0.0005917048390690034,0.0005894626369078171,0.0,0.0,0.0005917048390690034,0.14248888395882844,0.14910961944538886,0.1485445845007699
2024-05-28,3.173819535521501e-05,3.365503835732709e-05,3.086986163814809e-05,0.0,0.0,3.365503835732709e-05,0.007998025229514183,0.008481069666046427,0.0077792051328133185
2024-05-29,2.648575788987611e-06,2.851796398440514e-06,2.4911844281108353e-06,0.0,0.0,2.851796398440514e-06,0.0006674410988248779,0.0007186526924070095,0.0006277784758839305
2024-05-30,4.6120049154500707e-05,4.650830847491013e-05,7.32423637879634e-05,0.0,0.0,4.650830847491013e-05,0.011622252386934179,0.011720093735677352,0.018457075674566777
2024-05-31,0.001098530134037237,0.001236771190180268,0.0009575985587925823,0.0,0.0,0.001236771190180268,0.2768295937773837,0.3116663399254275,0.24131483681573074
2024-06-03,0.00021793320306574528,0.00017222431174182006,0.00018835599020212865,4.570889132392522e-05,0.20973807786598656,0.00017222431174182006,0.05491916717256781,0.043400526558938654,0.04746570953093642
2024-06-04,3.248901472532733e-06,3.451872772409718e-06,2.7608773472075186e-06,0.0,0.0,3.451872772409718e-06,0.0008187231710782487,0.0008698719386472489,0.0006957410914962947
2024-06-05,9.516443436797224e-05,8.414484947482425e-05,0.00014818197008675644,1.101958489314799e-05,0.11579520070222213,8.414484947482425e-05,0.023981437460729005,0.02120450206765571,0.037341856461862624
2024-06-06,0.0005206171695682025,0.0004583296266151542,0.00046078655372784654,6.228754295304831e-05,0.1196417376804295,0.0004583296266151542,0.13119552673118703,0.11549906590701886,0.11611821153941733
2024-06-07,0.00022082310654014358,0.00019451185101501464,0.00026048892082649797,2.631125552512894e-05,0.11915082537431369,0.00019451185101501464,0.05564742284811618,0.04901698645578369,0.06564320804827749
2024-06-10,0.004123942298375614,0.00397723521123735,0.004176084806464668,0.00014670708713826475,0.03557447619004682,0.00397723521123735,1.039233459190655,1.0022632732318122,1.0523733712290964
2024-06-11,0.0014760581807527124,0.001394417746096868,0.0013261724378738605,8.164043465584431e-05,0.05530976736899503,0.001394417746096868,0.37196666154968355,0.35139327201641074,0.33419545434421283
2024-06-12,0.0006829459940251495,0.000706702887028976,0.001164909835882819,0.0,0.0,0.000706702887028976,0.17210239049433768,0.17808912753130196,0.2935572786424704
2024-06-13,6.368773702158834e-06,6.274240968247992e-06,7.811904452024777e-06,9.453273391084222e-08,0.01484315874430262,6.274240968247992e-06,0.0016049309729440262,0.001581108723998494,0.0019685999219102436
2024-06-14,2.96963223102864e-05,2.559366037732699e-05,3.117712710146832e-05,4.102661932959409e-06,0.13815386807626462,2.559366037732699e-05,0.007483473222192173,0.0064496024150864015,0.007856636029570015
2024-06-17,4.35125381881461,3.8019283945693343,4.331696373717975,0.5493254242452754,0.12624531850334558,3.8019283945693343,1096.5159623412817,958.0859554314723,1091.5874861769296
2024-06-18,0.0009089911922756951,0.0009473390591209895,0.0012112675770653484,0.0,0.0,0.0009473390591209895,0.22906578045347517,0.23872944289848935,0.30523942942046783
2024-06-20,0.0003669668278762665,0.0002897510611966575,0.00037643625048376737,7.721576667960901e-05,0.21041620278339804,0.0002897510611966575,0.09247564062481915,0.07301726742155769,0.09486193512190938
2024-06-21,0.00010384612969788537,9.982831026753651e-05,8.715617908255936e-05,4.017819430348864e-06,0.03869012165737514,9.982831026753651e-05,0.026169224683867114,0.0251567341874192,0.02196335712880496
2024-06-24,1.3306275964651825e-05,1.2288328962357808e-05,8.832681507235024e-06,1.017947002294017e-06,0.0765012636515982,1.2288328962357808e-05,0.00335318154309226,0.0030966588985141675,0.002225835739823226
2024-06-25,0.00010071196282644259,0.00010095952818466299,0.00013025945677303032,0.0,0.0,0.00010095952818466299,0.025379414632263533,0.025441801102535074,0.03282538310680364
2024-06-26,0.006371874917487329,0.005886459801893005,0.006559856215979154,0.0004854151155943235,0.07618089209283475,0.005886459801893005,1.605712479206807,1.4833878700770373,1.6530837664267468
2024-06-27,8.912250272562798e-06,1.0324309481173773e-05,1.0724242183398825e-05,0.0,0.0,1.0324309481173773e-05,0.002245887068685825,0.0026017259892557906,0.002702509030216504
2024-06-28,0.0005676236830554402,0.0006162145723800643,0.0009531426078476621,0.0,0.0,0.0006162145723800643,0.14304116812997092,0.1552860722397762,0.24019193717761084
2024-07-01,0.0016130620708989835,0.001769295770108016,0.001789840089307443,0.0,0.0,0.001769295770108016,0.40649164186654385,0.44586253406722004,0.45103970250547565
2024-07-02,5.312853494273168e-05,5.763539618911818e-05,8.674737558358169e-05,0.0,0.0,5.763539618911818e-05,0.013388390805568385,0.014524119839657781,0.021860338647062588
2024-07-03,4.3294055317151504e-05,4.628252236279531e-05,4.377242772355556e-05,0.0,0.0,4.628252236279531e-05,0.010910101939922178,0.011663195635424417,0.011030651786336002
2024-07-05,4.5762386277199144e-05,3.6877841360402416e-05,7.244660299096145e-05,8.884544916796729e-06,0.1941451363317185,3.6877841360402416e-05,0.011532121341854185,0.009293216022821408,0.018256543953722285
2024-07-08,0.0019482478304955633,0.0020251590117349788,0.0023797947456404398,0.0,0.0,0.0020251590117349788,0.49095845328488197,0.5103400709572147,0.5997082759013909
2024-07-09,7.136399412352983e-06,7.2575033529343034e-06,5.884487091802117e-06,0.0,0.0,7.2575033529343034e-06,0.0017983726519129517,0.0018288908449394445,0.0014828907471341336
2024-07-10,0.0001771760434597713,0.00016942375236344927,0.00015509737822872317,7.752291096322018e-06,0.04375473625658357,0.00016942375236344927,0.044648362951862364,0.042694785595589216,0.03908453931363824
2024-07-11,0.000652848971905866,0.0006351889954113929,0.0010444648469014211,1.765997649447312e-05,0.027050630739093622,0.0006351889954113929,0.16451794092027824,0.160067626843671,0.26320514141915813
2024-07-12,0.0001410969413405036,0.0001430164559533764,0.00015114271389729636,0.0,0.0,0.0001430164559533764,0.035556429217806905,0.03604014690025085,0.03808796390211868
2024-07-15,7.884397815482834e-05,6.714464007763616e-05,0.0001054313066265321,1.1699338077192175e-05,0.1483859414834686,6.714464007763616e-05,0.01986868249501674,0.016920449299564315,0.02656868926988609
2024-07-16,1.2036975704086671e-05,1.1165075646163977e-05,9.445110795945252e-06,8.719000579226939e-07,0.07243513710769876,1.1165075646163977e-05,0.0030333178774298412,0.0028135990628333223,0.0023801679205782034
2024-07-17,0.008514049482880938,0.006841021078686035,0.006550721282743132,0.0016730284041949024,0.19650207663959807,0.006841021078686035,2.1455404696859963,1.7239373118288808,1.6507817632512691
2024-07-18,0.005272594948081473,0.005927247529539763,0.0046654734386999035,0.0,0.0,0.005927247529539763,1.3286939269165312,1.4936663774440202,1.1756993065523758
2024-07-19,3.4369329441659496e-07,3.5118221465531756e-07,4.970755049332392e-07,0.0,0.0,3.5118221465531756e-07,8.661071019298192e-05,8.849791809314002e-05,0.0001252630272431763
2024-07-22,4.212273347954396e-06,3.5726607877631795e-06,2.7451355508380554e-06,6.396125601912169e-07,0.15184494345716854,3.5726607877631795e-06,0.001061492883684508,0.0009003105185163212,0.0006917741588111899
2024-07-23,1.585306504201354e-05,1.4409377163114422e-05,1.360789775910978e-05,1.4436878788991167e-06,0.09106679269947394,1.4409377163114422e-05,0.003994972390587412,0.0036311630451048345,0.0034291902352956644
2024-07-24,0.005842776301257919,0.004414128669474199,0.003978339595782446,0.0014286476317837199,0.24451520268397478,0.004414128669474199,1.4723796279169956,1.112360424707498,1.0025415781371765
2024-07-25,7.73032745997865e-06,7.2541989826292665e-06,7.866046695604362e-06,4.7612847734938356e-07,0.061592269955201694,7.2541989826292665e-06,0.00194804251991462,0.0018280581436225752,0.0019822437672922994
2024-07-26,1.1026983546118324e-05,1.1027407741931542e-05,6.9895683526854855e-06,0.0,0.0,1.1027407741931542e-05,0.002778799853621818,0.0027789067509667487,0.0017613712248767423
2024-07-29,1.0560685656146289e-06,1.0402184270286967e-06,9.396047997866854e-07,1.585013858593218e-08,0.015008612218369775,1.0402184270286967e-06,0.0002661292785348865,0.0002621350436112316,0.0002367804095462447
2024-07-30,5.163623603079582e-06,5.704359749277345e-06,3.893518433949074e-06,0.0,0.0,5.704359749277345e-06,0.0013012331479760548,0.001437498656817891,0.0009811666453551666
2024-07-31,0.0010185779278300774,0.0009831463180415233,0.0006647901919814777,3.543160978855412e-05,0.03478536966656082,0.0009831463180415233,0.2566816378131795,0.24775287214646388,0.16752712837933237
2024-08-01,0.00010181512801478156,8.921873989539608e-05,9.021623387289123e-05,1.259638811938548e-05,0.12371823560285164,8.921873989539608e-05,0.02565741225972495,0.02248312245363981,0.02273449093596859
2024-08-02,0.004351788949266264,0.003992869560454963,0.0033146724615626534,0.00035891938881130094,0.08247628570988959,0.003992869560454963,1.0966508152150987,1.0062031292346507,0.8352974603137887
2024-08-05,0.0014062607791155103,0.0013848663837101492,0.00118095620908042,2.1394395405361115e-05,0.015213675662350322,0.0013848663837101492,0.3543777163371086,0.3489863286949576,0.29760096468826586
2024-08-06,0.0027019244730828104,0.002699564395412428,0.003923878322825867,2.3600776703825745e-06,0.0008734802519540156,0.002699564395412428,0.6808849672168682,0.6802902276439318,0.9888173373521185
2024-08-07,0.0005145639199954326,0.00048628507245388256,0.00033533654305155575,2.8278847541550033e-05,0.05495691864063094,0.00048628507245388256,0.12967010783884902,0.1225438382583784,0.08450480884899204
2024-08-08,0.003540871148889026,0.0036912302850138673,0.0030446424323705007,0.0,0.0,0.0036912302850138673,0.8922995295200346,0.9301900318234946,0.7672498929573661
2024-08-09,0.0006661010009912209,0.0007069032200898648,0.0005017963056588696,0.0,0.0,0.0007069032200898648,0.16785745224978765,0.17813961146264592,0.12645266902603514
2024-08-12,0.0005252556947026374,0.000518462997595866,0.0003631720204322668,6.792697106771436e-06,0.01293217220174035,0.000518462997595866,0.13236443506506462,0.13065267539415823,0.09151934914893124
2024-08-13,0.00100871687881916,0.000819143688748655,0.0012775231051025768,0.00018957319007050497,0.1879349834063361,0.000819143688748655,0.2541966534624283,0.20642420956466107,0.32193582248584934
2024-08-14,3.9933580539221315e-05,3.671040441534017e-05,3.8252064823134794e-05,3.2231761238811445e-06,0.08071342463273568,3.671040441534017e-05,0.010063262295883772,0.009251021912665722,0.009639520335429969
2024-08-15,9.571351716698435e-05,8.992432809330703e-05,9.59976503245571e-05,5.789189073677323e-06,0.06048454998360159,8.992432809330703e-05,0.024119806326080056,0.022660930679513372,0.02419140788178839
2024-08-16,0.0021723923825034104,0.0019529423113327925,0.0030604976316452783,0.00021945007117061795,0.10101769497861685,0.0019529423113327925,0.5474428803908594,0.4921414624558637,0.7712454031746101
2024-08-19,7.192606820778485e-06,6.005362483941219e-06,7.452224834306544e-06,1.187244336837266e-06,0.16506451712930534,6.005362483941219e-06,0.0018125369188361784,0.0015133513459531873,0.0018779606582452492
2024-08-20,8.942425398646542e-07,8.896069474129897e-07,1.0106302050407295e-06,4.635592451664508e-09,0.005183814302271745,8.896069474129897e-07,0.00022534912004589286,0.0002241809507480734,0.0002546788116702638
2024-08-21,1.2527440072550157e-06,1.1889381552811622e-06,1.2606559789082474e-06,6.380585197385355e-08,0.050932832782677274,1.1889381552811622e-06,0.000315691489828264,0.00029961241513085286,0.00031768530668487834
2024-08-22,6.771051120434973e-05,7.30217113582855e-05,5.897371347687965e-05,0.0,0.0,7.30217113582855e-05,0.01706304882349613,0.018401471262287947,0.014861375796173672
2024-08-23,0.00560956023014621,0.004239604826714644,0.004190484003073624,0.0013699554034315659,0.2442179684291652,0.004239604826714644,1.413609177996845,1.0683804163320902,1.0560019687745532
2024-08-26,4.143436885713488e-06,4.514109488715291e-06,2.0161087210195976e-06,0.0,0.0,4.514109488715291e-06,0.001044146095199799,0.0011375555911562532,0.0005080593976969386
2024-08-27,2.785903729792506e-05,3.235361260801002e-05,1.7747997025724342e-05,0.0,0.0,3.235361260801002e-05,0.007020477399077115,0.008153110377218525,0.004472495250482534
2024-08-28,0.0001363893100541745,0.00012509650045932299,0.00010847325892244874,1.1292809594851512e-05,0.08279834766791919,0.00012509650045932299,0.034370106133651976,0.03152431811574939,0.02733526124845708
2024-08-29,0.001447355336504532,0.0015306924236839572,0.001564788762395752,0.0,0.0,0.0015306924236839572,0.36473354479914205,0.3857344907683572,0.39432676812372947
2024-08-30,0.00038093320234843723,0.000348324969823729,0.0002617968844700093,3.260823252470825e-05,0.08560091963126067,0.000348324969823729,0.09599516699180619,0.0877778923955797,0.06597281488644234
2024-09-03,0.0008249239783216335,0.0008821984272284403,0.00043044137512500267,0.0,0.0,0.0008821984272284403,0.20788084253705166,0.22231400366156695,0.10847122653150067
2024-09-04,8.743233228793588e-05,8.844216497559833e-05,5.725485590521992e-05,0.0,0.0,8.844216497559833e-05,0.02203294773655984,0.02228742557385078,0.01442822368811542
2024-09-05,0.013724835748432732,0.01545717774102874,0.015709427837799623,0.0,0.0,0.01545717774102874,3.4586586086050484,3.8952087907392423,3.958775815125505
2024-09-06,0.003954416036273194,0.004690999812488376,0.0037314210605118767,0.0,0.0,0.004690999812488376,0.9965128411408449,1.1821319527470706,0.9403181072489929
2024-09-09,5.200633844841659e-08,4.99840594813074e-08,6.920321374193296e-08,2.0222789671091906e-09,0.038884492601269825,4.99840594813074e-08,1.3105597289000981e-05,1.2595982989289466e-05,1.7439209862967106e-05
2024-09-10,8.198256690469328e-06,7.85896430023502e-06,5.9237644977304696e-06,3.3929239023430795e-07,0.041385914305760794,7.85896430023502e-06,0.0020659606859982707,0.001980459003659225,0.0014927886534280782
2024-09-11,0.0003197066548594533,0.0002992996402160137,0.0004853279725016764,2.0407014643439574e-05,0.06383043414776679,0.0002992996402160137,0.08056607702458222,0.07542350933443545,0.12230264907042245
2024-09-12,1.0298126724905272e-07,8.895502581184596e-08,1.4452993112604366e-07,1.402624143720676e-08,0.1362005499770717,8.895502581184596e-08,2.5951279346761285e-05,2.2416666504585183e-05,3.6421542643763e-05
2024-09-13,2.3925852464936853e-06,2.226095942639594e-06,2.0593225852018018e-06,1.6648930385409155e-07,0.06958549732452915,2.226095942639594e-06,0.0006029314821164087,0.0005609761775451776,0.0005189492914708541
2024-09-16,1.840739445005177,1.9634263459189203,2.013213322890129,0.0,0.0,1.9634263459189203,463.8663401413046,494.7834391715679,507.3297573683126
2024-09-17,6.328315792474423e-05,6.283614712089334e-05,5.87099063816537e-05,4.470108038508874e-07,0.007063661350762669,6.283614712089334e-05,0.015947355797035545,0.01583470907446512,0.014794896408176732
2024-09-18,0.00019244288712626714,0.0001842418606716359,0.0001640773520073294,8.201026454631236e-06,0.042615378175213804,0.0001842418606716359,0.04849560755581932,0.046428948889252246,0.041347492705847005
2024-09-19,0.24806412948854284,0.2459097232827758,0.1669854823470293,0.00215440620576704,0.00868487600444408,0.2459097232827758,62.51216063111279,61.969250267259504,42.08034155145139
2024-09-20,1.4042011095089115e-05,1.2362611461152796e-05,1.6572033698247744e-05,1.679399633936319e-06,0.11959821872847212,1.2362611461152796e-05,0.0035385867959624572,0.0031153780882105047,0.004176152491958431
2024-09-23,0.00010002109309052053,0.00011873011623514156,9.871447480919429e-05,0.0,0.0,0.00011873011623514156,0.025205315458811176,0.029919989291255673,0.02487604765191696
2024-09-24,7.235347880856003e-06,6.679016588732335e-06,9.39477473610535e-06,5.563312921236682e-07,0.07689073481938986,6.679016588732335e-06,0.0018233076659757129,0.0016831121803605484,0.0023674832334985483
2024-09-25,7.198006374018505e-06,8.770406536694796e-06,1.1145802320118032e-05,0.0,0.0,8.770406536694796e-06,0.0018138976062526634,0.0022101424472470888,0.002808742184669744
2024-09-26,0.00022365151798390417,0.00024169370036841823,0.00023386617540751902,0.0,0.0,0.00024169370036841823,0.05636018253194385,0.06090681249284139,0.05893427620269479
2024-09-27,3.1587411060785163e-06,3.0887574374025232e-06,3.3569529464584706e-06,6.998366867599308e-08,0.022155550002426666,3.0887574374025232e-06,0.0007960027587317861,0.0007783668742254358,0.0008459521425075346
2024-09-30,0.013389083163010518,0.010649659254200727,0.01598553776663758,0.002739423908809791,0.20460130654601397,0.010649659254200727,3.3740489570786503,2.6837141320585833,4.02835551719267
2024-10-01,0.012834553754597505,0.012163305228398378,0.010056362967030665,0.000671248526199127,0.05230010633648847,0.012163305228398378,3.234307546158571,3.065152917556391,2.5342034676917273
2024-10-02,3.4691272559279346e-06,3.6175887950306812e-06,3.468309898480448e-06,0.0,0.0,3.6175887950306812e-06,0.0008742200684938395,0.0009116323763477316,0.0008740140944170729
2024-10-03,4.185133328099896e-05,4.035944637812778e-05,3.332936378978449e-05,1.491886902871182e-06,0.03564729604208862,4.035944637812778e-05,0.010546535986811737,0.0101705804872882,0.00839899967502569
2024-10-04,0.0008623125176493049,0.0008500091415660535,0.00048495255153082413,1.2303376083251422e-05,0.014267885270322857,0.0008500091415660535,0.21730275444762484,0.21420230367464546,0.12220804298576768
2024-10-07,0.0012551698240258142,0.001165943892204379,0.0011867471922484684,8.922593182143519e-05,0.0710867406485016,0.001165943892204379,0.31630279565450514,0.2938178608355035,0.29906029244661403
2024-10-08,0.0001780835525325298,0.00017855824193304586,0.00019590100029936628,0.0,0.0,0.00017855824193304586,0.04487705523819751,0.04499667696712756,0.0493670520754403
2024-10-09,0.0012175220503378623,0.001343681351192193,0.0006504450420768661,0.0,0.0,0.001343681351192193,0.3068155566851413,0.3386077005004326,0.16391215060337025
2024-10-10,4.8345456801962e-06,4.8364460050340676e-06,3.903136894989826e-06,0.0,0.0,4.8364460050340676e-06,0.0012183055114094424,0.0012187843932685851,0.000983590497537436
2024-10-11,3.947358375216712e-05,3.322908715461178e-05,4.470845385293068e-05,6.244496597555344e-06,0.15819431239298623,3.322908715461178e-05,0.009947343105546114,0.008373729962962168,0.011266530370938532
2024-10-14,0.005085773230086984,0.005493007190879582,0.005972403281327369,0.0,0.0,0.005493007190879582,1.28161485398192,1.3842378121016548,1.505045626894497
2024-10-15,0.003212565414901013,0.003248653423722824,0.002249283382050986,0.0,0.0,0.003248653423722824,0.8095664845550553,0.8186606627781516,0.5668194122768484
2024-10-16,7.153639776734322e-05,7.132202263373662e-05,6.42910389941132e-05,2.1437513360660044e-07,0.002996728061525847,7.132202263373662e-05,0.018027172237370492,0.01797314970370163,0.016201341826516526
2024-10-17,3.739500734087544e-05,3.751802242521908e-05,3.892032679965207e-05,0.0,0.0,3.751802242521908e-05,0.009423541849900612,0.009454541651155208,0.009807922353512322
2024-10-18,0.03459142230598088,0.02726237343506485,0.04553734852103639,0.0073290488709160315,0.21187474761443847,0.02726237343506485,8.717038421107183,6.870118105636343,11.475411827301171
2024-10-21,0.0010017411294704348,0.0010136835177402394,0.000555197071479516,0.0,0.0,0.0010136835177402394,0.25243876462654957,0.2554482464705403,0.13990966201283803
2024-10-22,4.273762342592883e-05,4.5118372318474415e-05,3.119674956582957e-05,0.0,0.0,4.5118372318474415e-05,0.010769881103334066,0.011369829824255552,0.007861580890589052
2024-10-23,0.00010017736455179206,8.321893501336006e-05,0.00010675268125707633,1.6958429538432e-05,0.1692840438059277,8.321893501336006e-05,0.025244695867051598,0.020971171623366737,0.026901675676783234
2024-10-24,2.439977381953597e-07,2.79549206781642e-07,2.2448756459181093e-07,0.0,0.0,2.79549206781642e-07,6.148743002523064e-05,7.04464001089738e-05,5.657086627713636e-05
2024-10-25,2.395985424637003e-06,2.4062102043314403e-06,3.29236947558095e-06,0.0,0.0,2.4062102043314403e-06,0.0006037883270085248,0.0006063649714915229,0.0008296771078463995
2024-10-28,5.3247403584150176e-05,4.763016418738108e-05,4.868321164986693e-05,5.617239396769095e-06,0.10549320554942397,4.763016418738108e-05,0.013418345703205844,0.012002801375220033,0.012268169335766467
2024-10-29,1.3538849946302313e-06,1.2667914394231745e-06,8.712801374007828e-07,8.709355520705678e-08,0.06432857386256031,1.2667914394231745e-06,0.0003411790186468183,0.00031923144273463997,0.00021956259462499727
2024-10-30,0.003705183291823738,0.0039801530229994645,0.002702157997669554,0.0,0.0,0.0039801530229994645,0.933706189539582,1.002998561795865,0.6809438154127276
2024-10-31,0.0001239960878825422,0.00012442532725502075,0.00020917159095254058,0.0,0.0,0.00012442532725502075,0.031247014146400635,0.03135518246826523,0.052711240920040224
2024-11-01,0.07917907608705152,0.06485932390414668,0.1252293090874645,0.014319752182904835,0.18085273143349737,0.06485932390414668,19.953127173936984,16.344549623844966,31.557785890041053
2024-11-04,1.959491445712107e-05,1.8454640379414467e-05,2.4759182879605388e-05,1.1402740777066014e-06,0.05819234485608407,1.8454640379414467e-05,0.004937918443194509,0.004650569375612446,0.006239314085660558
2024-11-05,0.6504352475407381,0.6090621072908267,0.8074371507935044,0.041373140249911455,0.0636083920824979,0.6090621072908267,163.909682380266,153.48365103728833,203.47416199996312
2024-11-06,5.53985751892534e-06,5.37414206148985e-06,6.9010761976626e-06,1.6571545743548972e-07,0.029913301372114526,5.37414206148985e-06,0.0013960440947691857,0.0013542837994954423,0.001739071201810975
2024-11-07,0.00045586355058317663,0.0003824697257211171,0.0005157939590053763,7.339382486205951e-05,0.16099954604216282,0.0003824697257211171,0.11487761474696051,0.09638237088172151,0.12998007766935482
2024-11-08,4.820769544466244e-07,4.7267543027684363e-07,5.409594406311281e-07,9.401524169780807e-09,0.01950208277118331,4.7267543027684363e-07,0.00012148339252054935,0.00011911420842976459,0.00013632177903904428
2024-11-11,0.00013017886155503074,0.00012708811296764799,0.00011551329238322919,3.0907485873827548e-06,0.023742322883457345,0.00012708811296764799,0.03280507311186775,0.03202620446784729,0.029109349680573757
2024-11-12,0.0,0.0,0.0,0.0,0.0,0.0,0.0,0.0,0.0
2024-11-13,0.059174562857778126,0.052238998222112185,0.0525515468215037,0.006935564635665942,0.11720516892060319,0.052238998222112185,14.911989840160087,13.164227551972271,13.242989799018932
2024-11-14,0.00021984045535800001,0.00022224886177029353,0.000195371422223627,0.0,0.0,0.00022224886177029353,0.055399794750216,0.05600671316611397,0.049233598400354
2024-11-15,7.390961600304373e-05,7.285017392526676e-05,7.418799246735458e-05,1.0594420777769643e-06,0.014334292623020014,7.285017392526676e-05,0.01862522323276702,0.018358243829167224,0.018695374101773354
2024-11-18,0.00029957763407385986,0.0003066315809422197,0.00036198680495385207,0.0,0.0,0.0003066315809422197,0.07549356378661269,0.07727115839743937,0.09122067484837072
2024-11-19,1.0872675784181835e-05,9.624851277813746e-06,1.0369170011561975e-05,1.247824506368089e-06,0.11476700090850603,9.624851277813746e-06,0.0027399142976138225,0.002425462522009064,0.0026130308429136175
2024-11-20,4.8764864748494534e-05,5.456749468952639e-05,5.176512226464286e-05,0.0,0.0,5.456749468952639e-05,0.012288745916620623,0.01375100866176065,0.01304481081069
2024-11-21,4.211502211030188e-06,4.478938147863492e-06,3.825782654686353e-06,0.0,0.0,4.478938147863492e-06,0.0010612985571796074,0.0011286924132616,0.000964097228980961
2024-11-22,5.798923912454759e-05,5.9846917679072925e-05,9.568770404897302e-05,0.0,0.0,5.9846917679072925e-05,0.014613288259385994,0.015081423255126377,0.0241133014203412
2024-11-25,4.111826679229677e-05,4.1555192619638966e-05,5.762774958225534e-05,0.0,0.0,4.1555192619638966e-05,0.010361803231658787,0.01047190854014902,0.014522192894728345
2024-11-26,0.03402984670691828,0.03411823759432442,0.017964476298102407,0.0,0.0,0.03411823759432442,8.575521370143408,8.597795873769753,4.527048027121807
2024-11-27,7.090883177764368e-08,7.299637372043141e-08,1.009107113626147e-07,0.0,0.0,7.299637372043141e-08,1.7869025607966205e-05,1.8395086177548715e-05,2.5429499263378906e-05
2024-11-29,0.00022443338244392688,0.00017778575277839395,0.00018934501406633457,4.664762966553293e-05,0.20784621676920678,0.00017778575277839395,0.056557212375869574,0.04480200970015528,0.04771494354471631
2024-12-02,3.734441053180654e-05,4.063212002860168e-05,3.158986618595335e-05,0.0,0.0,4.063212002860168e-05,0.009410791454015249,0.010239294247207624,0.007960646278860244
2024-12-03,0.0067316938087088165,0.00679687740688512,0.00753641001701024,0.0,0.0,0.00679687740688512,1.6963868397946218,1.7128131065350503,1.8991753242865805
2024-12-04,1.1166435750667305e-06,1.0339944148286062e-06,1.001187332004691e-06,8.264916023812435e-08,0.07401563763759407,1.0339944148286062e-06,0.0002813941809168161,0.0002605665925368088,0.00025229920766518213
2024-12-05,7.815146807785968e-09,8.911354846244477e-09,6.651536657960398e-09,0.0,0.0,8.911354846244477e-09,1.969416995562064e-06,2.245661421253608e-06,1.6761872378060204e-06
2024-12-06,1.8982390344866291e-06,1.7082142404750237e-06,2.029191360972852e-06,1.9002479401160544e-07,0.10010577722484755,1.7082142404750237e-06,0.00047835623669063057,0.00043046998859970595,0.0005113562229651587
2024-12-09,0.0005213767389177244,0.0005183618875112892,0.00032904102851845466,3.0148514064351224e-06,0.005782481602287973,0.0005183618875112892,0.13138693820726655,0.1306271956528449,0.08291833918665058
2024-12-10,4.311369504392798e-05,3.583363864007405e-05,7.877618410255748e-05,7.28005640385393e-06,0.16885716307960177,3.583363864007405e-05,0.010864651151069852,0.009030076937298662,0.019851598393844483
2024-12-11,0.000300668762960918,0.0002639072701392576,0.0005039490417894502,3.676149282166039e-05,0.12226575297472131,0.0002639072701392576,0.07576852826615134,0.06650463207509291,0.12699515853094145
2024-12-12,2.4446679622336364e-05,2.5366646762056008e-05,2.776170913659065e-05,0.0,0.0,2.5366646762056008e-05,0.006160563264828764,0.006392394984038114,0.006995950702420844
2024-12-13,6.78832306722466e-08,7.080475333643582e-08,1.0673310578398524e-07,0.0,0.0,7.080475333643582e-08,1.710657412940614e-05,1.7842797840781827e-05,2.6896742657564282e-05
2024-12-16,3.0038844341363807e-05,3.062861242275044e-05,4.003493350548531e-05,0.0,0.0,3.062861242275044e-05,0.007569788774023679,0.00771841033053311,0.010088803243382299
2024-12-17,0.0006238982699046386,0.0005672891809557396,0.0004088259070834982,5.660908894889903e-05,0.090734486035387,0.0005672891809557396,0.15722236401596892,0.14295687360084636,0.10302412858504155
2024-12-18,0.00021675811909229283,0.00023065537765840584,0.00024767257235480607,0.0,0.0,0.00023065537765840584,0.054623046011257795,0.05812515516991827,0.06241348823341113
2024-12-19,8.70000300912293e-05,9.635261648185632e-05,0.00014103713084393342,0.0,0.0,9.635261648185632e-05,0.021924007582989784,0.024280859353427792,0.035541356972671224
2024-12-20,0.00020352880082864918,0.00017388076444291973,0.00022457447342639234,2.9648036385729456e-05,0.14566997947882643,0.00017388076444291973,0.05128925780881959,0.04381795263961577,0.05659276730345087
2024-12-23,1.5181062918938129e-05,1.6462163748838798e-05,5.8707584601128e-06,0.0,0.0,1.6462163748838798e-05,0.0038256278555724083,0.004148465264707377,0.0014794311319484255
2024-12-24,2.9712532574252873e-05,3.277302094059719e-05,3.3478784920360974e-05,0.0,0.0,3.277302094059719e-05,0.007487558208711724,0.008258801277030492,0.008436653799930966
2024-12-26,8.394239938676523e-06,7.472355757332736e-06,9.819286231866893e-06,9.218841813437875e-07,0.10982341203672148,7.472355757332736e-06,0.0021153484645464837,0.0018830336508478495,0.002474460130430457
2024-12-27,0.003579937569548358,0.003289080455074809,0.002239572538645041,0.00029085711447354896,0.0812464208500141,0.003289080455074809,0.9021442675261863,0.8288482746788519,0.5643722797385503
2024-12-30,0.0009594407137627942,0.0009173964728023084,0.0007608693592119461,4.204424096048581e-05,0.04382161431504452,0.0009173964728023084,0.24177905986822415,0.23118391114618173,0.1917390785214104
2024-12-31,0.0002360567754482498,0.00021978833156964097,0.00018471894755425387,1.6268443878608837e-05,0.06891750418431784,0.00021978833156964097,0.059486307412958954,0.05538665955554952,0.04654917478367197
